{"Interferences": 73, "Mass": 5.5139929249978845, "Batt_amps_ratio_MFD": 0.689585268, "Batt_amps_ratio_MxSpd": 0.850147367, "Distance_MxSpd": 1580.90234, "Max_Distance": 1670.56921, "Hover_Time": 52.8672523, "Max_Speed": 35.0, "Max_uc_at_MFD": 0.625818253, "Mot_amps_ratio_MFD": 0.788599551, "Mot_amps_ratio_MxSpd": 0.98686111, "Mot_power_ratio_MFD": 0.744043708, "Mot_power_ratio_MxSpd": 0.931103408, "Power_MFD": 1839.25024, "Power_MxSpd": 2749.10425, "Speed_MFD": 30.0}