{"Interferences": 2, "Mass": 2.617603718853793, "Batt_amps_ratio_MFD": 0.734695375, "Batt_amps_ratio_MxSpd": 0.803405106, "Distance_MxSpd": 1147.11743, "Max_Distance": 1149.86438, "Hover_Time": 81.254303, "Max_Speed": 24.0, "Max_uc_at_MFD": 0.921996534, "Mot_amps_ratio_MFD": 0.606016278, "Mot_amps_ratio_MxSpd": 0.653406143, "Mot_power_ratio_MFD": 0.298968017, "Mot_power_ratio_MxSpd": 0.322347015, "Power_MFD": 670.592407, "Power_MxSpd": 800.924316, "Speed_MFD": 22.0}