{"Interferences": 2, "Mass": 3.048916801825104, "Batt_amps_ratio_MFD": 0.522860289, "Batt_amps_ratio_MxSpd": 0.522860289, "Distance_MxSpd": 1615.72803, "Max_Distance": 1615.72803, "Hover_Time": 108.02655, "Max_Speed": 22.0, "Max_uc_at_MFD": 0.928159058, "Mot_amps_ratio_MFD": 0.574052036, "Mot_amps_ratio_MxSpd": 0.574052036, "Mot_power_ratio_MFD": 0.283199012, "Mot_power_ratio_MxSpd": 0.283199012, "Power_MFD": 752.011108, "Power_MxSpd": 752.011108, "Speed_MFD": 22.0}