{"Interferences": 34, "Mass": 2.8153049427124035, "Batt_amps_ratio_MFD": 0.634385467, "Batt_amps_ratio_MxSpd": 0.718067884, "Distance_MxSpd": 1443.87463, "Max_Distance": 1452.74451, "Hover_Time": 104.509315, "Max_Speed": 27.0, "Max_uc_at_MFD": 0.858223259, "Mot_amps_ratio_MFD": 0.628442466, "Mot_amps_ratio_MxSpd": 0.727210701, "Mot_power_ratio_MFD": 0.418961644, "Mot_power_ratio_MxSpd": 0.484807104, "Power_MFD": 740.772644, "Power_MxSpd": 956.122498, "Speed_MFD": 24.0}