{
  "generator_version":"UAV2_gen12",
  "name":"design_6188_cb9a390726e54fb1a689b2a6ec91b694_dw",
  "hub":{
    "node_type":"ConnectedHub4_1_2_1",
    "frontSegment":{
      "node_type":"DoubleBendSegment",
      "angle":-97.61388758982582,
      "arm1Length":202.9144139251716,
      "arm2Length":66.03363208785348,
      "mainSegment":{
        "node_type":"AngledPropArm",
        "armLength":323.7331525227051,
        "motor":{
          "motorType":"kde_direct_KDE4215XF_465"
        },
        "prop":{
          "propType":"apc_propellers_16x7"
        }
      }
    },
    "middleSegment":{
      "node_type":"AngledWingArm",
      "arm1Length":420.60803985106804,
      "arm2Length":166.31534954716193,
      "wing":{
        "wingType":"Wing_vert_hole",
        "nacaProfile":"4309",
        "span":265.95424664588614,
        "chordInner":111.52919891804953,
        "chordOuter":161.7934199861375,
        "taperOffset":true,
        "aileronBias":0.8426699990144927,
        "flapBias":0.7110789417673866,
        "load":322.95459896867254,
        "tubeOffset":76.41829130712301,
        "tubeRot":305.96795077028156
      },
      "servo":{
        "servoType":"Hitec_HS_81"
      }
    },
    "rearSegment":{
      "node_type":"PropArm",
      "armLength":487.16220076465453,
      "motor":{
        "motorType":"t_motor_P60KV340"
      },
      "prop":{
        "propType":"apc_propellers_13x8"
      },
      "flange":{
        "offset":-13.52478408972668,
        "angle":0.0
      }
    }
  },
  "fuselageWithComponents":{
    "node_type":"DualBatteryFuselageWithComponents",
    "battery":{
      "batteryType":"TattuPro25C22000mAh14S1P"
    },
    "fuselage":{
      "length":238.0,
      "vertDiameter":261.0,
      "horzDiameter":639.9,
      "floorHeight":43.5,
      "battery1X":0.0,
      "battery1Y":-53.0,
      "battery2X":0.0,
      "battery2Y":66.0,
      "rpmX":0.0,
      "rpmY":-203.3,
      "autoPilotX":0.0,
      "autoPilotY":147.0,
      "currentX":0.0,
      "currentY":-183.15,
      "voltageX":0.0,
      "voltageY":200.8,
      "gpsX":0.0,
      "gpsY":-143.0,
      "varioX":0.0,
      "varioY":179.15
    }
  }
}