{"Interferences": 13, "Mass": 8.169240549704691, "Batt_amps_ratio_MFD": 0.932746053, "Batt_amps_ratio_MxSpd": 0.932746053, "Distance_MxSpd": 6175.31396, "Max_Distance": 6175.31396, "Hover_Time": 564.022156, "Max_Speed": 10.0, "Max_uc_at_MFD": 0.996289968, "Mot_amps_ratio_MFD": 0.701880097, "Mot_amps_ratio_MxSpd": 0.701880097, "Mot_power_ratio_MFD": 0.649239063, "Mot_power_ratio_MxSpd": 0.649239063, "Power_MFD": 1949.93481, "Power_MxSpd": 1949.93481, "Speed_MFD": 10.0}