{"Interferences": 6, "Mass": 6.942478325551064, "Batt_amps_ratio_MFD": 0.35632357, "Batt_amps_ratio_MxSpd": 0.35632357, "Distance_MxSpd": 7274.2876, "Max_Distance": 7274.2876, "Hover_Time": 361.226471, "Max_Speed": 27.0, "Max_uc_at_MFD": 0.897144258, "Mot_amps_ratio_MFD": 0.994469941, "Mot_amps_ratio_MxSpd": 0.994469941, "Mot_power_ratio_MFD": 0.746010005, "Mot_power_ratio_MxSpd": 0.746010005, "Power_MFD": 1916.15881, "Power_MxSpd": 1916.15881, "Speed_MFD": 27.0}