{"Interferences": 16, "Mass": 3.4673887959481204, "Batt_amps_ratio_MFD": 1.02609038, "Batt_amps_ratio_MxSpd": 1.02609038, "Distance_MxSpd": 673.624878, "Max_Distance": 673.624878, "Hover_Time": 0.0, "Max_Speed": 18.0, "Max_uc_at_MFD": 0.997888684, "Mot_amps_ratio_MFD": 0.269492865, "Mot_amps_ratio_MxSpd": 0.269492865, "Mot_power_ratio_MFD": 0.0449407808, "Mot_power_ratio_MxSpd": 0.0449407808, "Power_MFD": 504.803619, "Power_MxSpd": 504.803619, "Speed_MFD": 18.0}