{"Interferences": 0, "Mass": 7.414597486907251, "Batt_amps_ratio_MFD": 0.378600746, "Batt_amps_ratio_MxSpd": 0.470834404, "Distance_MxSpd": 7340.16064, "Max_Distance": 7860.52344, "Hover_Time": 402.896179, "Max_Speed": 36.0, "Max_uc_at_MFD": 0.973146975, "Mot_amps_ratio_MFD": 0.891090691, "Mot_amps_ratio_MxSpd": 0.796368182, "Mot_power_ratio_MFD": 0.668318033, "Mot_power_ratio_MxSpd": 0.597276151, "Power_MFD": 2545.59302, "Power_MxSpd": 3325.35327, "Speed_MFD": 31.0}