{"Interferences": 4, "Mass": 8.615088708205304, "Batt_amps_ratio_MFD": 1.09363568, "Batt_amps_ratio_MxSpd": 1.09363568, "Distance_MxSpd": 456.459137, "Max_Distance": 456.459137, "Hover_Time": 0.0, "Max_Speed": 13.0, "Max_uc_at_MFD": 0.999483585, "Mot_amps_ratio_MFD": 0.375352889, "Mot_amps_ratio_MxSpd": 0.375352889, "Mot_power_ratio_MFD": 0.10721302, "Mot_power_ratio_MxSpd": 0.10721302, "Power_MFD": 2406.89331, "Power_MxSpd": 2406.89331, "Speed_MFD": 13.0}