{"Interferences": 16, "Mass": 6.865140153117266, "Batt_amps_ratio_MFD": 0.200565085, "Batt_amps_ratio_MxSpd": 0.200565085, "Distance_MxSpd": 4786.47607, "Max_Distance": 4786.47607, "Hover_Time": 233.509201, "Max_Speed": 25.0, "Max_uc_at_MFD": 1.0, "Mot_amps_ratio_MFD": 0.355790764, "Mot_amps_ratio_MxSpd": 0.355790764, "Mot_power_ratio_MFD": 0.16925475, "Mot_power_ratio_MxSpd": 0.16925475, "Power_MFD": 1882.93506, "Power_MxSpd": 1882.93506, "Speed_MFD": 25.0}