{"Interferences": 45, "Mass": 6.105627653860924, "Batt_amps_ratio_MFD": 0.471022695, "Batt_amps_ratio_MxSpd": 0.471022695, "Distance_MxSpd": 10598.2158, "Max_Distance": 10598.2158, "Hover_Time": 567.095032, "Max_Speed": 26.0, "Max_uc_at_MFD": 0.725296855, "Mot_amps_ratio_MFD": 0.95146364, "Mot_amps_ratio_MxSpd": 0.95146364, "Mot_power_ratio_MFD": 0.73329705, "Mot_power_ratio_MxSpd": 0.73329705, "Power_MFD": 1699.97131, "Power_MxSpd": 1699.97131, "Speed_MFD": 26.0}