{"Interferences": 6, "Mass": 6.316603802713175, "Batt_amps_ratio_MFD": 0.790414035, "Batt_amps_ratio_MxSpd": 1.12965584, "Distance_MxSpd": 3671.20654, "Max_Distance": 3935.15259, "Hover_Time": 220.411621, "Max_Speed": 36.0, "Max_uc_at_MFD": 0.681212187, "Mot_amps_ratio_MFD": 0.870813549, "Mot_amps_ratio_MxSpd": 0.893648505, "Mot_power_ratio_MFD": 0.654315889, "Mot_power_ratio_MxSpd": 0.671473742, "Power_MFD": 1760.42688, "Power_MxSpd": 3204.68433, "Speed_MFD": 27.0}