{"Interferences": 14, "Mass": 4.009421663312251, "Batt_amps_ratio_MFD": 1.5964632, "Batt_amps_ratio_MxSpd": 2.19477582, "Distance_MxSpd": 612.36322, "Max_Distance": 697.541931, "Hover_Time": 43.0060425, "Max_Speed": 35.0, "Max_uc_at_MFD": 0.918625951, "Mot_amps_ratio_MFD": 0.944901109, "Mot_amps_ratio_MxSpd": 0.942930937, "Mot_power_ratio_MFD": 0.474052072, "Mot_power_ratio_MxSpd": 0.473063678, "Power_MFD": 1445.78857, "Power_MxSpd": 2234.58301, "Speed_MFD": 29.0}