{"Interferences": 18, "Mass": 4.432272849671826, "Batt_amps_ratio_MFD": 0.323566616, "Batt_amps_ratio_MxSpd": 0.435135335, "Distance_MxSpd": 2735.70044, "Max_Distance": 2966.93164, "Hover_Time": 159.965057, "Max_Speed": 31.0, "Max_uc_at_MFD": 0.955810726, "Mot_amps_ratio_MFD": 0.660165668, "Mot_amps_ratio_MxSpd": 0.667257309, "Mot_power_ratio_MFD": 0.330317765, "Mot_power_ratio_MxSpd": 0.333866119, "Power_MFD": 1228.45361, "Power_MxSpd": 1788.77686, "Speed_MFD": 25.0}