{"Interferences": 31, "Mass": 4.505810776899848, "Batt_amps_ratio_MFD": 2.24219871, "Batt_amps_ratio_MxSpd": 2.24219871, "Distance_MxSpd": 496.655365, "Max_Distance": 496.655365, "Hover_Time": 0.0, "Max_Speed": 29.0, "Max_uc_at_MFD": 0.822389245, "Mot_amps_ratio_MFD": 0.614362061, "Mot_amps_ratio_MxSpd": 0.614362061, "Mot_power_ratio_MFD": 0.153574049, "Mot_power_ratio_MxSpd": 0.153574049, "Power_MFD": 1323.9989, "Power_MxSpd": 1323.9989, "Speed_MFD": 29.0}