{"Interferences": 6, "Mass": 3.3164899200873315, "Batt_amps_ratio_MFD": 0.53068614, "Batt_amps_ratio_MxSpd": 0.53068614, "Distance_MxSpd": 144.718307, "Max_Distance": 144.718307, "Hover_Time": 72.212059, "Max_Speed": 2.0, "Max_uc_at_MFD": 0.628369331, "Mot_amps_ratio_MFD": 0.539603531, "Mot_amps_ratio_MxSpd": 0.539603531, "Mot_power_ratio_MFD": 0.269801766, "Mot_power_ratio_MxSpd": 0.269801766, "Power_MFD": 475.597717, "Power_MxSpd": 475.597717, "Speed_MFD": 2.0}