{"Interferences": 12, "Mass": 7.847876193666229, "Batt_amps_ratio_MFD": 0.337848395, "Batt_amps_ratio_MxSpd": 0.337848395, "Distance_MxSpd": 8240.38281, "Max_Distance": 8240.38281, "Hover_Time": 291.712524, "Max_Speed": 29.0, "Max_uc_at_MFD": 0.62063092, "Mot_amps_ratio_MFD": 0.908618629, "Mot_amps_ratio_MxSpd": 0.908618629, "Mot_power_ratio_MFD": 0.857281685, "Mot_power_ratio_MxSpd": 0.857281685, "Power_MFD": 2515.32617, "Power_MxSpd": 2515.32617, "Speed_MFD": 29.0}