{"Interferences": 47, "Mass": 10.12040991559284, "Batt_amps_ratio_MFD": 2.45103407, "Batt_amps_ratio_MxSpd": 5.04583168, "Distance_MxSpd": 159.815094, "Max_Distance": 188.002289, "Hover_Time": 8.78486729, "Max_Speed": 21.0, "Max_uc_at_MFD": 0.936094642, "Mot_amps_ratio_MFD": 0.733842731, "Mot_amps_ratio_MxSpd": 0.939159513, "Mot_power_ratio_MFD": 0.362029076, "Mot_power_ratio_MxSpd": 0.539722443, "Power_MFD": 1961.45898, "Power_MxSpd": 4446.2998, "Speed_MFD": 12.0}