{"Interferences": 13, "Mass": 4.903463179206777, "Batt_amps_ratio_MFD": 1.36199999, "Batt_amps_ratio_MxSpd": 1.81527913, "Distance_MxSpd": 634.613159, "Max_Distance": 676.652039, "Hover_Time": 34.2284393, "Max_Speed": 30.0, "Max_uc_at_MFD": 0.861442029, "Mot_amps_ratio_MFD": 0.610328972, "Mot_amps_ratio_MxSpd": 0.974958062, "Mot_power_ratio_MFD": 0.401460856, "Mot_power_ratio_MxSpd": 0.641305745, "Power_MFD": 1528.97339, "Power_MxSpd": 2567.5896, "Speed_MFD": 24.0}