{"Interferences": 28, "Mass": 8.83932570379353, "Batt_amps_ratio_MFD": 0.629978716, "Batt_amps_ratio_MxSpd": 0.876561046, "Distance_MxSpd": 1007.57385, "Max_Distance": 1158.13428, "Hover_Time": 57.3211899, "Max_Speed": 23.0, "Max_uc_at_MFD": 0.997586966, "Mot_amps_ratio_MFD": 0.871403694, "Mot_amps_ratio_MxSpd": 0.827544868, "Mot_power_ratio_MFD": 0.42989248, "Mot_power_ratio_MxSpd": 0.408255488, "Power_MFD": 1702.4176, "Power_MxSpd": 2424.60596, "Speed_MFD": 19.0}