{"Interferences": 0, "Mass": 7.166702462200134, "Batt_amps_ratio_MFD": 0.273622751, "Batt_amps_ratio_MxSpd": 0.273622751, "Distance_MxSpd": 10525.4404, "Max_Distance": 10525.4404, "Hover_Time": 0.0, "Max_Speed": 30.0, "Max_uc_at_MFD": 0.850119293, "Mot_amps_ratio_MFD": 0.966845274, "Mot_amps_ratio_MxSpd": 0.966845274, "Mot_power_ratio_MFD": 0.900101781, "Mot_power_ratio_MxSpd": 0.900101781, "Power_MFD": 3030.66895, "Power_MxSpd": 3030.66895, "Speed_MFD": 30.0}