{"Interferences": 10, "Mass": 3.40356013187266, "Batt_amps_ratio_MFD": 0.920828581, "Batt_amps_ratio_MxSpd": 2.4686892, "Distance_MxSpd": 637.747314, "Max_Distance": 875.732971, "Hover_Time": 58.4784012, "Max_Speed": 41.0, "Max_uc_at_MFD": 0.668027461, "Mot_amps_ratio_MFD": 0.80066973, "Mot_amps_ratio_MxSpd": 0.948915064, "Mot_power_ratio_MFD": 0.731906354, "Mot_power_ratio_MxSpd": 0.867419958, "Power_MFD": 863.67804, "Power_MxSpd": 3873.28174, "Speed_MFD": 21.0}