{"Interferences": 86, "Mass": 5.399631256876174, "Batt_amps_ratio_MFD": 0.295613647, "Batt_amps_ratio_MxSpd": 0.313931674, "Distance_MxSpd": 3914.22754, "Max_Distance": 4026.87793, "Hover_Time": 195.496613, "Max_Speed": 32.0, "Max_uc_at_MFD": 0.932376623, "Mot_amps_ratio_MFD": 0.869185925, "Mot_amps_ratio_MxSpd": 0.874902964, "Mot_power_ratio_MFD": 0.65202713, "Mot_power_ratio_MxSpd": 0.656315804, "Power_MFD": 1605.65332, "Power_MxSpd": 1704.89294, "Speed_MFD": 31.0}