{"Interferences": 10, "Mass": 6.360469933518388, "Batt_amps_ratio_MFD": 0.525113463, "Batt_amps_ratio_MxSpd": 0.525113463, "Distance_MxSpd": 5703.91064, "Max_Distance": 5703.91064, "Hover_Time": 0.0, "Max_Speed": 26.0, "Max_uc_at_MFD": 0.968145907, "Mot_amps_ratio_MFD": 0.924609482, "Mot_amps_ratio_MxSpd": 0.924609482, "Mot_power_ratio_MFD": 0.456140667, "Mot_power_ratio_MxSpd": 0.456140667, "Power_MFD": 1686.54382, "Power_MxSpd": 1686.54382, "Speed_MFD": 26.0}