{"Interferences": 7, "Mass": 6.731993662964872, "Batt_amps_ratio_MFD": 1.81343186, "Batt_amps_ratio_MxSpd": 1.81343186, "Distance_MxSpd": 402.331085, "Max_Distance": 402.331085, "Hover_Time": 21.7433567, "Max_Speed": 19.0, "Max_uc_at_MFD": 0.85113138, "Mot_amps_ratio_MFD": 0.973024905, "Mot_amps_ratio_MxSpd": 0.973024905, "Mot_power_ratio_MFD": 0.635328054, "Mot_power_ratio_MxSpd": 0.635328054, "Power_MFD": 1833.33447, "Power_MxSpd": 1833.33447, "Speed_MFD": 19.0}