{"Interferences": 2, "Mass": 3.570942446594252, "Batt_amps_ratio_MFD": 0.857057393, "Batt_amps_ratio_MxSpd": 0.857057393, "Distance_MxSpd": 1075.30713, "Max_Distance": 1075.30713, "Hover_Time": 65.6729431, "Max_Speed": 24.0, "Max_uc_at_MFD": 0.995188534, "Mot_amps_ratio_MFD": 0.320179194, "Mot_amps_ratio_MxSpd": 0.320179194, "Mot_power_ratio_MFD": 0.160430849, "Mot_power_ratio_MxSpd": 0.160430849, "Power_MFD": 863.380005, "Power_MxSpd": 863.380005, "Speed_MFD": 24.0}