{"Interferences": 12, "Mass": 8.300789777441953, "Batt_amps_ratio_MFD": 0.534323931, "Batt_amps_ratio_MxSpd": 0.685674489, "Distance_MxSpd": 5208.30225, "Max_Distance": 5389.98877, "Hover_Time": 218.916702, "Max_Speed": 31.0, "Max_uc_at_MFD": 0.890994728, "Mot_amps_ratio_MFD": 0.92744565, "Mot_amps_ratio_MxSpd": 0.998336256, "Mot_power_ratio_MFD": 0.716805458, "Mot_power_ratio_MxSpd": 0.771595478, "Power_MFD": 2193.21582, "Power_MxSpd": 3278.10156, "Speed_MFD": 25.0}