{"Interferences": 23, "Mass": 10.740531815489607, "Batt_amps_ratio_MFD": 0.339575887, "Batt_amps_ratio_MxSpd": 0.339575887, "Distance_MxSpd": 7350.34521, "Max_Distance": 7350.34521, "Hover_Time": 267.129456, "Max_Speed": 26.0, "Max_uc_at_MFD": 0.999955833, "Mot_amps_ratio_MFD": 0.662601829, "Mot_amps_ratio_MxSpd": 0.662601829, "Mot_power_ratio_MFD": 0.344760001, "Mot_power_ratio_MxSpd": 0.344760001, "Power_MFD": 4517.20947, "Power_MxSpd": 4517.20947, "Speed_MFD": 26.0}