{"Interferences": 17, "Mass": 6.192573202043319, "Batt_amps_ratio_MFD": 0.725488484, "Batt_amps_ratio_MxSpd": 0.861902475, "Distance_MxSpd": 1603.8938, "Max_Distance": 1746.68518, "Hover_Time": 91.9195709, "Max_Speed": 36.0, "Max_uc_at_MFD": 0.621050775, "Mot_amps_ratio_MFD": 0.992016971, "Mot_amps_ratio_MxSpd": 0.77478224, "Mot_power_ratio_MFD": 0.978790045, "Mot_power_ratio_MxSpd": 0.764451802, "Power_MFD": 2520.25879, "Power_MxSpd": 2899.40527, "Speed_MFD": 33.0}