{"Interferences": 34, "Mass": 6.38827860572559, "Batt_amps_ratio_MFD": 1.21432221, "Batt_amps_ratio_MxSpd": 1.21432221, "Distance_MxSpd": 2181.95801, "Max_Distance": 2181.95801, "Hover_Time": 0.0, "Max_Speed": 23.0, "Max_uc_at_MFD": 0.843507349, "Mot_amps_ratio_MFD": 0.943723023, "Mot_amps_ratio_MxSpd": 0.943723023, "Mot_power_ratio_MFD": 0.469060034, "Mot_power_ratio_MxSpd": 0.469060034, "Power_MFD": 3306.97021, "Power_MxSpd": 3306.97021, "Speed_MFD": 23.0}