{"Interferences": 31, "Mass": 6.975334016692884, "Batt_amps_ratio_MFD": 0.35227409, "Batt_amps_ratio_MxSpd": 0.35227409, "Distance_MxSpd": 1907.60547, "Max_Distance": 1907.60547, "Hover_Time": 0.0, "Max_Speed": 7.0, "Max_uc_at_MFD": 0.861642778, "Mot_amps_ratio_MFD": 0.780753672, "Mot_amps_ratio_MxSpd": 0.780753672, "Mot_power_ratio_MFD": 0.577757716, "Mot_power_ratio_MxSpd": 0.577757716, "Power_MFD": 1510.86133, "Power_MxSpd": 1510.86133, "Speed_MFD": 7.0}