{"Interferences": 2, "Mass": 2.767507738733686, "Batt_amps_ratio_MFD": 0.266421884, "Batt_amps_ratio_MxSpd": 0.266421884, "Distance_MxSpd": 2017.85217, "Max_Distance": 2017.85217, "Hover_Time": 163.699463, "Max_Speed": 14.0, "Max_uc_at_MFD": 0.993457675, "Mot_amps_ratio_MFD": 0.161893055, "Mot_amps_ratio_MxSpd": 0.161893055, "Mot_power_ratio_MFD": 0.101830728, "Mot_power_ratio_MxSpd": 0.101830728, "Power_MFD": 439.289734, "Power_MxSpd": 439.289734, "Speed_MFD": 14.0}