{"Interferences": 11, "Mass": 3.892233659307951, "Batt_amps_ratio_MFD": 0.208405375, "Batt_amps_ratio_MxSpd": 0.234662995, "Distance_MxSpd": 3272.77856, "Max_Distance": 3316.61328, "Hover_Time": 233.502258, "Max_Speed": 20.0, "Max_uc_at_MFD": 0.745881438, "Mot_amps_ratio_MFD": 0.822574973, "Mot_amps_ratio_MxSpd": 0.946893394, "Mot_power_ratio_MFD": 0.429674447, "Mot_power_ratio_MxSpd": 0.494612545, "Power_MFD": 900.905212, "Power_MxSpd": 1105.97522, "Speed_MFD": 18.0}