{"Interferences": 14, "Mass": 6.4728594012213465, "Batt_amps_ratio_MFD": 0.63312149, "Batt_amps_ratio_MxSpd": 0.63312149, "Distance_MxSpd": 11827.1133, "Max_Distance": 11827.1133, "Hover_Time": 0.0, "Max_Speed": 13.0, "Max_uc_at_MFD": 0.735229075, "Mot_amps_ratio_MFD": 0.935612977, "Mot_amps_ratio_MxSpd": 0.935612977, "Mot_power_ratio_MFD": 0.692353606, "Mot_power_ratio_MxSpd": 0.692353606, "Power_MFD": 1252.38672, "Power_MxSpd": 1252.38672, "Speed_MFD": 13.0}