{"Interferences": 11, "Mass": 11.0887887186699, "Batt_amps_ratio_MFD": 1.5394423, "Batt_amps_ratio_MxSpd": 1.5394423, "Distance_MxSpd": 5612.42188, "Max_Distance": 5612.42188, "Hover_Time": 0.0, "Max_Speed": 15.0, "Max_uc_at_MFD": 0.433848858, "Mot_amps_ratio_MFD": 0.852382064, "Mot_amps_ratio_MxSpd": 0.852382064, "Mot_power_ratio_MFD": 0.640466809, "Mot_power_ratio_MxSpd": 0.640466809, "Power_MFD": 1996.89868, "Power_MxSpd": 1996.89868, "Speed_MFD": 15.0}