{"Interferences": 33, "Mass": 8.708121434929561, "Batt_amps_ratio_MFD": 0.138991833, "Batt_amps_ratio_MxSpd": 0.215675876, "Distance_MxSpd": 3382.854, "Max_Distance": 3867.85303, "Hover_Time": 0.0, "Max_Speed": 19.0, "Max_uc_at_MFD": 0.85362947, "Mot_amps_ratio_MFD": 0.178651944, "Mot_amps_ratio_MxSpd": 0.209662259, "Mot_power_ratio_MFD": 0.0831596032, "Mot_power_ratio_MxSpd": 0.0975944027, "Power_MFD": 394.397766, "Power_MxSpd": 811.499756, "Speed_MFD": 14.0}