{"Interferences": 75, "Mass": 6.154998377376481, "Batt_amps_ratio_MFD": 0.425042123, "Batt_amps_ratio_MxSpd": 0.447659731, "Distance_MxSpd": 2401.82422, "Max_Distance": 2439.2876, "Hover_Time": 113.27137, "Max_Speed": 28.0, "Max_uc_at_MFD": 0.401708215, "Mot_amps_ratio_MFD": 0.873856902, "Mot_amps_ratio_MxSpd": 0.949966609, "Mot_power_ratio_MFD": 0.656602621, "Mot_power_ratio_MxSpd": 0.713790298, "Power_MFD": 1269.14478, "Power_MxSpd": 1287.62, "Speed_MFD": 27.0}