{"Interferences": 84, "Mass": 27.62731778135401, "Batt_amps_ratio_MFD": 1.18117213, "Batt_amps_ratio_MxSpd": 1.18117213, "Distance_MxSpd": 2730.84668, "Max_Distance": 2730.84668, "Hover_Time": 101.305679, "Max_Speed": 28.0, "Max_uc_at_MFD": 0.409862697, "Mot_amps_ratio_MFD": 0.939587355, "Mot_amps_ratio_MxSpd": 0.939587355, "Mot_power_ratio_MFD": 0.939318717, "Mot_power_ratio_MxSpd": 0.939318717, "Power_MFD": 9948.81348, "Power_MxSpd": 9948.81348, "Speed_MFD": 28.0}