{
  "generator_version":"UAV2_gen12",
  "name":"design_44229_966491ad88dc41d2b86f19eb2b595909_dw",
  "hub":{
    "node_type":"ConnectedHub6_2_2_2",
    "frontSegment":{
      "node_type":"PropArm",
      "armLength":58.815924401893774,
      "motor":{
        "motorType":"kde_direct_KDE700XF_535_G3"
      },
      "prop":{
        "propType":"apc_propellers_17x4W"
      },
      "flange":{
        "offset":1.840617653083335,
        "angle":196.79627173004715
      }
    },
    "middleSegment":{
      "node_type":"PropArm",
      "armLength":355.5817865774692,
      "motor":{
        "motorType":"kde_direct_KDE600XF_1100_G3"
      },
      "prop":{
        "propType":"apc_propellers_9x6"
      },
      "flange":{
        "offset":-48.58629501816335,
        "angle":0.0
      }
    },
    "rearSegment":{
      "node_type":"BendSegment",
      "angle":54.69637814587534,
      "armLength":212.4024714400994,
      "mainSegment":{
        "node_type":"BranchSegment_Sym",
        "armLength":384.8623589293367,
        "angle":120.0,
        "mainSegment":{
          "node_type":"WingArm",
          "armLength":84.41339841997953,
          "wing":{
            "wingType":"Wing_horiz_hole",
            "nacaProfile":"4421",
            "span":1411.5392924121952,
            "chordInner":201.19095651809968,
            "chordOuter":191.54677458625147,
            "taperOffset":true,
            "aileronBias":0.8569220118902741,
            "flapBias":0.401672382104003,
            "load":137.63095840936558,
            "tubeOffset":17.769261853316785,
            "tubeRot":224.051173422605
          },
          "servo":{
            "servoType":"Hitec_HS_5087MH"
          }
        }
      }
    }
  },
  "fuselageWithComponents":{
    "node_type":"DualBatteryFuselageWithComponents",
    "battery":{
      "batteryType":"Tattu5C20000mAh6S1P"
    },
    "fuselage":{
      "length":189.0,
      "vertDiameter":114.0,
      "horzDiameter":462.9,
      "floorHeight":19.0,
      "battery1X":0.0,
      "battery1Y":-23.5,
      "battery2X":0.0,
      "battery2Y":36.5,
      "rpmX":0.0,
      "rpmY":-144.3,
      "autoPilotX":0.0,
      "autoPilotY":88.0,
      "currentX":0.0,
      "currentY":-124.15,
      "voltageX":0.0,
      "voltageY":141.8,
      "gpsX":0.0,
      "gpsY":-84.0,
      "varioX":0.0,
      "varioY":120.15
    }
  }
}