{"Interferences": 23, "Mass": 4.280229823503878, "Batt_amps_ratio_MFD": 1.15639234, "Batt_amps_ratio_MxSpd": 1.15639234, "Distance_MxSpd": 664.134399, "Max_Distance": 664.134399, "Hover_Time": 0.0, "Max_Speed": 20.0, "Max_uc_at_MFD": 0.999861598, "Mot_amps_ratio_MFD": 0.94465971, "Mot_amps_ratio_MxSpd": 0.94465971, "Mot_power_ratio_MFD": 0.349524081, "Mot_power_ratio_MxSpd": 0.349524081, "Power_MFD": 1125.7832, "Power_MxSpd": 1125.7832, "Speed_MFD": 20.0}