{"Interferences": 8, "Mass": 4.942478686954424, "Batt_amps_ratio_MFD": 0.866877854, "Batt_amps_ratio_MxSpd": 0.866877854, "Distance_MxSpd": 664.453491, "Max_Distance": 664.453491, "Hover_Time": 0.0, "Max_Speed": 15.0, "Max_uc_at_MFD": 0.999857783, "Mot_amps_ratio_MFD": 0.47939828, "Mot_amps_ratio_MxSpd": 0.47939828, "Mot_power_ratio_MFD": 0.177377373, "Mot_power_ratio_MxSpd": 0.177377373, "Power_MFD": 953.507446, "Power_MxSpd": 953.507446, "Speed_MFD": 15.0}