{"Interferences": 28, "Mass": 8.896599836055023, "Batt_amps_ratio_MFD": 0.41792196, "Batt_amps_ratio_MxSpd": 0.516194105, "Distance_MxSpd": 8703.70215, "Max_Distance": 9096.43555, "Hover_Time": 311.885071, "Max_Speed": 39.0, "Max_uc_at_MFD": 0.96731472, "Mot_amps_ratio_MFD": 0.821589947, "Mot_amps_ratio_MxSpd": 0.782983303, "Mot_power_ratio_MFD": 0.548894167, "Mot_power_ratio_MxSpd": 0.523101568, "Power_MFD": 2965.53491, "Power_MxSpd": 3908.0603, "Speed_MFD": 33.0}