{"Interferences": 24, "Mass": 7.9995183709211775, "Batt_amps_ratio_MFD": 1.19460607, "Batt_amps_ratio_MxSpd": 1.19460607, "Distance_MxSpd": 739.323181, "Max_Distance": 739.323181, "Hover_Time": 0.0, "Max_Speed": 23.0, "Max_uc_at_MFD": 0.589352548, "Mot_amps_ratio_MFD": 0.996933699, "Mot_amps_ratio_MxSpd": 0.996933699, "Mot_power_ratio_MFD": 0.983641207, "Mot_power_ratio_MxSpd": 0.983641207, "Power_MFD": 3242.64404, "Power_MxSpd": 3242.64404, "Speed_MFD": 23.0}