{"Interferences": 32, "Mass": 4.323473262300843, "Batt_amps_ratio_MFD": 1.23222208, "Batt_amps_ratio_MxSpd": 1.75990474, "Distance_MxSpd": 545.48407, "Max_Distance": 623.264282, "Hover_Time": 41.5910301, "Max_Speed": 25.0, "Max_uc_at_MFD": 0.609762073, "Mot_amps_ratio_MFD": 0.442203403, "Mot_amps_ratio_MxSpd": 0.995535254, "Mot_power_ratio_MFD": 0.44314602, "Mot_power_ratio_MxSpd": 0.780031145, "Power_MFD": 995.733398, "Power_MxSpd": 1609.45349, "Speed_MFD": 20.0}