{"Interferences": 12, "Mass": 7.436248337797744, "Batt_amps_ratio_MFD": 0.863896728, "Batt_amps_ratio_MxSpd": 0.863896728, "Distance_MxSpd": 622.296631, "Max_Distance": 622.296631, "Hover_Time": 46.1344757, "Max_Speed": 14.0, "Max_uc_at_MFD": 0.999915719, "Mot_amps_ratio_MFD": 0.678284228, "Mot_amps_ratio_MxSpd": 0.678284228, "Mot_power_ratio_MFD": 0.250965148, "Mot_power_ratio_MxSpd": 0.250965148, "Power_MFD": 1967.86499, "Power_MxSpd": 1967.86499, "Speed_MFD": 14.0}