{"Interferences": 16, "Mass": 3.1278443201259085, "Batt_amps_ratio_MFD": 0.684369028, "Batt_amps_ratio_MxSpd": 0.932975233, "Distance_MxSpd": 1152.44214, "Max_Distance": 1290.53186, "Hover_Time": 86.1061249, "Max_Speed": 28.0, "Max_uc_at_MFD": 0.948102236, "Mot_amps_ratio_MFD": 0.530566037, "Mot_amps_ratio_MxSpd": 0.493211031, "Mot_power_ratio_MFD": 0.323333204, "Mot_power_ratio_MxSpd": 0.30056861, "Power_MFD": 831.69696, "Power_MxSpd": 1244.47546, "Speed_MFD": 23.0}