{"Interferences": 0, "Mass": 4.822174697307823, "Batt_amps_ratio_MFD": 0.504141986, "Batt_amps_ratio_MxSpd": 0.597068012, "Distance_MxSpd": 1865.11414, "Max_Distance": 2056.56348, "Hover_Time": 105.348953, "Max_Speed": 29.0, "Max_uc_at_MFD": 0.943604052, "Mot_amps_ratio_MFD": 0.51407218, "Mot_amps_ratio_MxSpd": 0.544220626, "Mot_power_ratio_MFD": 0.25256604, "Mot_power_ratio_MxSpd": 0.272690386, "Power_MFD": 1499.7511, "Power_MxSpd": 1907.07666, "Speed_MFD": 27.0}