{"Interferences": 27, "Mass": 5.8492038032220135, "Batt_amps_ratio_MFD": 0.205969051, "Batt_amps_ratio_MxSpd": 0.205969051, "Distance_MxSpd": 3542.27979, "Max_Distance": 3542.27979, "Hover_Time": 223.480301, "Max_Speed": 19.0, "Max_uc_at_MFD": 0.998451293, "Mot_amps_ratio_MFD": 0.483863711, "Mot_amps_ratio_MxSpd": 0.483863711, "Mot_power_ratio_MFD": 0.221154183, "Mot_power_ratio_MxSpd": 0.221154183, "Power_MFD": 956.041077, "Power_MxSpd": 956.041077, "Speed_MFD": 19.0}