{"Interferences": 14, "Mass": 2.879403847172662, "Batt_amps_ratio_MFD": 0.787899256, "Batt_amps_ratio_MxSpd": 0.787899256, "Distance_MxSpd": 1072.21826, "Max_Distance": 1072.21826, "Hover_Time": 78.4877625, "Max_Speed": 22.0, "Max_uc_at_MFD": 0.979224384, "Mot_amps_ratio_MFD": 0.427524835, "Mot_amps_ratio_MxSpd": 0.427524835, "Mot_power_ratio_MFD": 0.213762417, "Mot_power_ratio_MxSpd": 0.213762417, "Power_MFD": 668.573547, "Power_MxSpd": 668.573547, "Speed_MFD": 22.0}