{"Interferences": 92, "Mass": 3.220100111182992, "Batt_amps_ratio_MFD": 0.54779613, "Batt_amps_ratio_MxSpd": 0.54779613, "Distance_MxSpd": 1051.48608, "Max_Distance": 1051.48608, "Hover_Time": 74.9468918, "Max_Speed": 15.0, "Max_uc_at_MFD": 0.999763906, "Mot_amps_ratio_MFD": 0.889039099, "Mot_amps_ratio_MxSpd": 0.889039099, "Mot_power_ratio_MFD": 0.438592643, "Mot_power_ratio_MxSpd": 0.438592643, "Power_MFD": 649.792175, "Power_MxSpd": 649.792175, "Speed_MFD": 15.0}