{"Interferences": 8, "Mass": 4.386771888506868, "Batt_amps_ratio_MFD": 3.22545075, "Batt_amps_ratio_MxSpd": 3.22545075, "Distance_MxSpd": 500.023163, "Max_Distance": 500.023163, "Hover_Time": 0.0, "Max_Speed": 42.0, "Max_uc_at_MFD": 0.905165851, "Mot_amps_ratio_MFD": 0.86169076, "Mot_amps_ratio_MxSpd": 0.86169076, "Mot_power_ratio_MFD": 0.430799186, "Mot_power_ratio_MxSpd": 0.430799186, "Power_MFD": 4625.13428, "Power_MxSpd": 4625.13428, "Speed_MFD": 42.0}