{"Interferences": 15, "Mass": 7.78642548305026, "Batt_amps_ratio_MFD": 0.893630028, "Batt_amps_ratio_MxSpd": 0.893630028, "Distance_MxSpd": 687.532837, "Max_Distance": 687.532837, "Hover_Time": 41.7134438, "Max_Speed": 16.0, "Max_uc_at_MFD": 0.9981848, "Mot_amps_ratio_MFD": 0.790763259, "Mot_amps_ratio_MxSpd": 0.790763259, "Mot_power_ratio_MFD": 0.19766961, "Mot_power_ratio_MxSpd": 0.19766961, "Power_MFD": 3370.05591, "Power_MxSpd": 3370.05591, "Speed_MFD": 16.0}