{
  "generator_version":"UAV2_gen12",
  "name":"design_7867_81b315a4904a4a57bdcb67c11478d9d9_s",
  "hub":{
    "node_type":"ConnectedHub6_2_2_2",
    "frontSegment":{
      "node_type":"PropArm",
      "armLength":473.19170046640943,
      "motor":{
        "motorType":"kde_direct_KDE4215XF_465"
      },
      "prop":{
        "propType":"apc_propellers_17x8N"
      },
      "flange":{
        "offset":45.2334502100361,
        "angle":256.6824722841206
      }
    },
    "middleSegment":{
      "node_type":"WingArm",
      "armLength":494.20459871676337,
      "wing":{
        "wingType":"Wing_horiz_hole",
        "nacaProfile":"2712",
        "span":267.0253849879012,
        "chordInner":347.5100703376009,
        "chordOuter":193.58938205530757,
        "taperOffset":false,
        "aileronBias":0.28115886340312213,
        "flapBias":0.40070138271305533,
        "load":679.050135269864,
        "tubeOffset":32.36623094813177,
        "tubeRot":250.84346557644443
      },
      "servo":{
        "servoType":"Hitec_HS_7235MH"
      }
    },
    "rearSegment":{
      "node_type":"WingArm",
      "armLength":253.61134710380105,
      "wing":{
        "wingType":"Wing_vert_hole",
        "nacaProfile":"4415",
        "span":1623.354101472378,
        "chordInner":251.9554323587242,
        "chordOuter":79.5736325517885,
        "taperOffset":false,
        "aileronBias":0.3349017528044591,
        "flapBias":0.6393279158436155,
        "load":446.7776628385284,
        "tubeOffset":16.90705927680056,
        "tubeRot":238.73248811973536
      },
      "servo":{
        "servoType":"Hitec_D89MW"
      }
    }
  },
  "fuselageWithComponents":{
    "node_type":"SingleBatteryFuselageWithComponents",
    "battery":{
      "batteryType":"TattuPlus15C16000mAh12S1P"
    },
    "fuselage":{
      "length":224.0,
      "vertDiameter":244.5,
      "horzDiameter":420.9,
      "floorHeight":40.75,
      "batteryX":0.0,
      "batteryY":6.0,
      "rpmX":0.0,
      "rpmY":-130.3,
      "autoPilotX":0.0,
      "autoPilotY":74.0,
      "currentX":0.0,
      "currentY":-110.15,
      "voltageX":0.0,
      "voltageY":127.8,
      "gpsX":0.0,
      "gpsY":-70.0,
      "varioX":0.0,
      "varioY":106.15
    }
  }
}