{"Interferences": 21, "Mass": 10.883557407483323, "Batt_amps_ratio_MFD": 1.42631602, "Batt_amps_ratio_MxSpd": 1.51419961, "Distance_MxSpd": 14835.5605, "Max_Distance": 14941.9902, "Hover_Time": 590.442261, "Max_Speed": 39.0, "Max_uc_at_MFD": 0.993590891, "Mot_amps_ratio_MFD": 0.726898789, "Mot_amps_ratio_MxSpd": 0.636711955, "Mot_power_ratio_MFD": 0.672381401, "Mot_power_ratio_MxSpd": 0.588958561, "Power_MFD": 3851.35034, "Power_MxSpd": 4032.92432, "Speed_MFD": 37.0}