{"Interferences": 14, "Mass": 6.010488808064959, "Batt_amps_ratio_MFD": 1.1815449, "Batt_amps_ratio_MxSpd": 1.2886517, "Distance_MxSpd": 10280.5127, "Max_Distance": 10724.9414, "Hover_Time": 0.0, "Max_Speed": 23.0, "Max_uc_at_MFD": 0.956370413, "Mot_amps_ratio_MFD": 0.627641141, "Mot_amps_ratio_MxSpd": 0.65376991, "Mot_power_ratio_MFD": 0.580568075, "Mot_power_ratio_MxSpd": 0.604737163, "Power_MFD": 1728.4856, "Power_MxSpd": 1943.6438, "Speed_MFD": 22.0}