{"Interferences": 15, "Mass": 9.066893164422716, "Batt_amps_ratio_MFD": 0.726607382, "Batt_amps_ratio_MxSpd": 0.726607382, "Distance_MxSpd": 4756.35107, "Max_Distance": 4756.35107, "Hover_Time": 0.0, "Max_Speed": 30.0, "Max_uc_at_MFD": 0.976049721, "Mot_amps_ratio_MFD": 0.96736598, "Mot_amps_ratio_MxSpd": 0.96736598, "Mot_power_ratio_MFD": 0.996095657, "Mot_power_ratio_MxSpd": 0.996095657, "Power_MFD": 5414.85205, "Power_MxSpd": 5414.85205, "Speed_MFD": 30.0}