{"Interferences": 6, "Mass": 4.614414913325764, "Batt_amps_ratio_MFD": 1.31076968, "Batt_amps_ratio_MxSpd": 1.31076968, "Distance_MxSpd": 644.506836, "Max_Distance": 644.506836, "Hover_Time": 36.9181328, "Max_Speed": 22.0, "Max_uc_at_MFD": 0.664563656, "Mot_amps_ratio_MFD": 0.571585238, "Mot_amps_ratio_MxSpd": 0.571585238, "Mot_power_ratio_MFD": 0.882840991, "Mot_power_ratio_MxSpd": 0.882840991, "Power_MFD": 1213.00073, "Power_MxSpd": 1213.00073, "Speed_MFD": 22.0}