{"Interferences": 5, "Mass": 6.703411479026089, "Batt_amps_ratio_MFD": 2.8510437, "Batt_amps_ratio_MxSpd": 2.8510437, "Distance_MxSpd": 350.187561, "Max_Distance": 350.187561, "Hover_Time": 15.5550451, "Max_Speed": 26.0, "Max_uc_at_MFD": 0.999098063, "Mot_amps_ratio_MFD": 0.982107162, "Mot_amps_ratio_MxSpd": 0.982107162, "Mot_power_ratio_MFD": 0.897975087, "Mot_power_ratio_MxSpd": 0.897975087, "Power_MFD": 4135.23535, "Power_MxSpd": 4135.23535, "Speed_MFD": 26.0}