{
  "generator_version":"UAV2_gen12",
  "name":"design_8513_fc01e42cf0dc4eb7a5eb97fccf9e5580_s",
  "hub":{
    "node_type":"ConnectedHub6_2_2_2",
    "frontSegment":{
      "node_type":"AngledWingArm",
      "arm1Length":236.5098287506191,
      "arm2Length":61.764626904973284,
      "wing":{
        "wingType":"Wing_horiz_hole",
        "nacaProfile":"2309",
        "span":1840.1915469707797,
        "chordInner":476.5380974194012,
        "chordOuter":118.23516589909795,
        "taperOffset":false,
        "aileronBias":0.7928194114394638,
        "flapBias":0.7254186149843841,
        "load":512.1357528138807,
        "tubeOffset":10.310434897595453,
        "tubeRot":289.07318826189953
      },
      "servo":{
        "servoType":"Hitec_HS_625MG"
      }
    },
    "middleSegment":{
      "node_type":"AngledWingArm",
      "arm1Length":125.1061830419189,
      "arm2Length":113.03865505788542,
      "wing":{
        "wingType":"Wing_vert_hole",
        "nacaProfile":"4518",
        "span":1079.779579618452,
        "chordInner":473.6736843263793,
        "chordOuter":140.62979209578782,
        "taperOffset":true,
        "aileronBias":0.22309071029665373,
        "flapBias":0.3496257552392801,
        "load":191.7621177702659,
        "tubeOffset":17.812205981305105,
        "tubeRot":270.0
      },
      "servo":{
        "servoType":"Hitec_HS_625MG"
      }
    },
    "rearSegment":{
      "node_type":"SidewaysBendSegment",
      "angle":-11.984955464968266,
      "armLength":312.3746624909906,
      "mainSegment":{
        "node_type":"PropArm",
        "armLength":54.371483085802566,
        "motor":{
          "motorType":"t_motor_AntigravityMN5008KV400"
        },
        "prop":{
          "propType":"apc_propellers_16x6E"
        },
        "flange":{
          "offset":44.32272200708721,
          "angle":0.0
        }
      }
    }
  },
  "fuselageWithComponents":{
    "node_type":"SingleBatteryFuselageWithComponents",
    "battery":{
      "batteryType":"TurnigyGraphene1300mAh4S75C"
    },
    "fuselage":{
      "length":84.0,
      "vertDiameter":52.5,
      "horzDiameter":339.9,
      "floorHeight":8.75,
      "batteryX":-4.5,
      "batteryY":6.0,
      "rpmX":-4.5,
      "rpmY":-103.3,
      "autoPilotX":-4.5,
      "autoPilotY":47.0,
      "currentX":-4.5,
      "currentY":-83.15,
      "voltageX":-4.5,
      "voltageY":100.8,
      "gpsX":-4.5,
      "gpsY":-43.0,
      "varioX":-4.5,
      "varioY":79.15
    }
  }
}