{"Interferences": 24, "Mass": 14.36734223070835, "Batt_amps_ratio_MFD": 2.99772191, "Batt_amps_ratio_MxSpd": 2.99772191, "Distance_MxSpd": 2497.89673, "Max_Distance": 2497.89673, "Hover_Time": 0.0, "Max_Speed": 13.0, "Max_uc_at_MFD": 0.999992669, "Mot_amps_ratio_MFD": 0.876187027, "Mot_amps_ratio_MxSpd": 0.876187027, "Mot_power_ratio_MFD": 0.831704378, "Mot_power_ratio_MxSpd": 0.831704378, "Power_MFD": 7206.42432, "Power_MxSpd": 7206.42432, "Speed_MFD": 13.0}