{"Interferences": 17, "Mass": 9.646688583433876, "Batt_amps_ratio_MFD": 0.428669482, "Batt_amps_ratio_MxSpd": 0.666649878, "Distance_MxSpd": 2476.8623, "Max_Distance": 2866.54419, "Hover_Time": 123.309319, "Max_Speed": 43.0, "Max_uc_at_MFD": 0.971167684, "Mot_amps_ratio_MFD": 0.620035172, "Mot_amps_ratio_MxSpd": 0.515952051, "Mot_power_ratio_MFD": 0.265653402, "Mot_power_ratio_MxSpd": 0.221059084, "Power_MFD": 3601.34839, "Power_MxSpd": 5851.5249, "Speed_MFD": 32.0}