{"Interferences": 42, "Mass": 11.27384938970796, "Batt_amps_ratio_MFD": 1.12223279, "Batt_amps_ratio_MxSpd": 1.18692386, "Distance_MxSpd": 3397.0166, "Max_Distance": 3421.75, "Hover_Time": 0.0, "Max_Speed": 21.0, "Max_uc_at_MFD": 0.98890841, "Mot_amps_ratio_MFD": 0.77557832, "Mot_amps_ratio_MxSpd": 0.505918443, "Mot_power_ratio_MFD": 0.502186954, "Mot_power_ratio_MxSpd": 0.197465584, "Power_MFD": 2998.56274, "Power_MxSpd": 3058.63843, "Speed_MFD": 20.0}