{"Interferences": 38, "Mass": 3.332929382997332, "Batt_amps_ratio_MFD": 1.16670263, "Batt_amps_ratio_MxSpd": 1.16670263, "Distance_MxSpd": 888.658264, "Max_Distance": 888.658264, "Hover_Time": 0.0, "Max_Speed": 27.0, "Max_uc_at_MFD": 0.822669029, "Mot_amps_ratio_MFD": 0.942898512, "Mot_amps_ratio_MxSpd": 0.942898512, "Mot_power_ratio_MFD": 0.473047405, "Mot_power_ratio_MxSpd": 0.473047405, "Power_MFD": 936.140991, "Power_MxSpd": 936.140991, "Speed_MFD": 27.0}