{"Interferences": 9, "Mass": 6.552239661760207, "Batt_amps_ratio_MFD": 0.474111378, "Batt_amps_ratio_MxSpd": 0.615339518, "Distance_MxSpd": 7488.54834, "Max_Distance": 8909.29883, "Hover_Time": 386.133575, "Max_Speed": 24.0, "Max_uc_at_MFD": 0.980174303, "Mot_amps_ratio_MFD": 0.993397892, "Mot_amps_ratio_MxSpd": 0.96872735, "Mot_power_ratio_MFD": 0.491239518, "Mot_power_ratio_MxSpd": 0.494199574, "Power_MFD": 1509.44153, "Power_MxSpd": 1999.86157, "Speed_MFD": 22.0}