{"Interferences": 22, "Mass": 5.960046112858891, "Batt_amps_ratio_MFD": 0.440293103, "Batt_amps_ratio_MxSpd": 0.513409793, "Distance_MxSpd": 4861.61377, "Max_Distance": 5232.87793, "Hover_Time": 185.176453, "Max_Speed": 26.0, "Max_uc_at_MFD": 0.904517591, "Mot_amps_ratio_MFD": 0.846126378, "Mot_amps_ratio_MxSpd": 0.952956498, "Mot_power_ratio_MFD": 0.846987844, "Mot_power_ratio_MxSpd": 0.953926802, "Power_MFD": 2318.92847, "Power_MxSpd": 2683.02368, "Speed_MFD": 24.0}