{"Interferences": 9, "Mass": 5.646496754772131, "Batt_amps_ratio_MFD": 1.0808804, "Batt_amps_ratio_MxSpd": 2.20890617, "Distance_MxSpd": 660.59845, "Max_Distance": 852.638245, "Hover_Time": 44.1637077, "Max_Speed": 38.0, "Max_uc_at_MFD": 0.617929518, "Mot_amps_ratio_MFD": 0.846663713, "Mot_amps_ratio_MxSpd": 0.985909522, "Mot_power_ratio_MFD": 0.552821636, "Mot_power_ratio_MxSpd": 0.643740952, "Power_MFD": 1404.85693, "Power_MxSpd": 4011.64185, "Speed_MFD": 24.0}