{"Interferences": 46, "Mass": 5.761994003563525, "Batt_amps_ratio_MFD": 1.14127147, "Batt_amps_ratio_MxSpd": 1.14127147, "Distance_MxSpd": 1043.04724, "Max_Distance": 1043.04724, "Hover_Time": 0.0, "Max_Speed": 31.0, "Max_uc_at_MFD": 0.999462008, "Mot_amps_ratio_MFD": 0.902286112, "Mot_amps_ratio_MxSpd": 0.902286112, "Mot_power_ratio_MFD": 0.534153402, "Mot_power_ratio_MxSpd": 0.534153402, "Power_MFD": 2269.55176, "Power_MxSpd": 2269.55176, "Speed_MFD": 31.0}