{"Interferences": 19, "Mass": 2.9580789728656973, "Batt_amps_ratio_MFD": 0.602131069, "Batt_amps_ratio_MxSpd": 0.602131069, "Distance_MxSpd": 1339.24329, "Max_Distance": 1339.24329, "Hover_Time": 0.0, "Max_Speed": 21.0, "Max_uc_at_MFD": 0.966235995, "Mot_amps_ratio_MFD": 0.311029911, "Mot_amps_ratio_MxSpd": 0.311029911, "Mot_power_ratio_MFD": 0.146728367, "Mot_power_ratio_MxSpd": 0.146728367, "Power_MFD": 640.523315, "Power_MxSpd": 640.523315, "Speed_MFD": 21.0}