{"Interferences": 18, "Mass": 2.3758421403051297, "Batt_amps_ratio_MFD": 0.328385949, "Batt_amps_ratio_MxSpd": 0.328385949, "Distance_MxSpd": 233.871155, "Max_Distance": 233.871155, "Hover_Time": 116.804398, "Max_Speed": 2.0, "Max_uc_at_MFD": 0.737082064, "Mot_amps_ratio_MFD": 0.479438365, "Mot_amps_ratio_MxSpd": 0.479438365, "Mot_power_ratio_MFD": 0.236522928, "Mot_power_ratio_MxSpd": 0.236522928, "Power_MFD": 320.342682, "Power_MxSpd": 320.342682, "Speed_MFD": 2.0}