{"Interferences": 32, "Mass": 6.107705566130625, "Batt_amps_ratio_MFD": 1.57877529, "Batt_amps_ratio_MxSpd": 1.57877529, "Distance_MxSpd": 583.743591, "Max_Distance": 583.743591, "Hover_Time": 27.9770718, "Max_Speed": 24.0, "Max_uc_at_MFD": 0.99999696, "Mot_amps_ratio_MFD": 0.975700557, "Mot_amps_ratio_MxSpd": 0.975700557, "Mot_power_ratio_MFD": 0.656380355, "Mot_power_ratio_MxSpd": 0.656380355, "Power_MFD": 1922.61804, "Power_MxSpd": 1922.61804, "Speed_MFD": 24.0}