{"Interferences": 8, "Mass": 4.871841883212807, "Batt_amps_ratio_MFD": 0.491993248, "Batt_amps_ratio_MxSpd": 0.491993248, "Distance_MxSpd": 1404.89734, "Max_Distance": 1404.89734, "Hover_Time": 93.1390839, "Max_Speed": 18.0, "Max_uc_at_MFD": 0.99999994, "Mot_amps_ratio_MFD": 0.181906164, "Mot_amps_ratio_MxSpd": 0.181906164, "Mot_power_ratio_MFD": 0.0841315985, "Mot_power_ratio_MxSpd": 0.0841315985, "Power_MFD": 869.165833, "Power_MxSpd": 869.165833, "Speed_MFD": 18.0}