{"Interferences": 17, "Mass": 12.583867442220509, "Batt_amps_ratio_MFD": 0.218861282, "Batt_amps_ratio_MxSpd": 0.218861282, "Distance_MxSpd": 9474.49414, "Max_Distance": 9474.49414, "Hover_Time": 0.0, "Max_Speed": 18.0, "Max_uc_at_MFD": 0.793769062, "Mot_amps_ratio_MFD": 0.981773853, "Mot_amps_ratio_MxSpd": 0.981773853, "Mot_power_ratio_MFD": 0.726512671, "Mot_power_ratio_MxSpd": 0.726512671, "Power_MFD": 2481.98682, "Power_MxSpd": 2481.98682, "Speed_MFD": 18.0}