{"Interferences": 7, "Mass": 3.768059775246184, "Batt_amps_ratio_MFD": 0.362748742, "Batt_amps_ratio_MxSpd": 0.378193855, "Distance_MxSpd": 2538.38062, "Max_Distance": 2540.60156, "Hover_Time": 156.185242, "Max_Speed": 25.0, "Max_uc_at_MFD": 0.940437138, "Mot_amps_ratio_MFD": 0.813031077, "Mot_amps_ratio_MxSpd": 0.8629179, "Mot_power_ratio_MFD": 0.401095331, "Mot_power_ratio_MxSpd": 0.425706178, "Power_MFD": 971.42511, "Power_MxSpd": 1046.3772, "Speed_MFD": 24.0}