{"Interferences": 4, "Mass": 4.340495050989332, "Batt_amps_ratio_MFD": 0.201540232, "Batt_amps_ratio_MxSpd": 0.201540232, "Distance_MxSpd": 3810.65332, "Max_Distance": 3810.65332, "Hover_Time": 0.0, "Max_Speed": 20.0, "Max_uc_at_MFD": 0.670401275, "Mot_amps_ratio_MFD": 0.730664909, "Mot_amps_ratio_MxSpd": 0.730664909, "Mot_power_ratio_MFD": 0.36657086, "Mot_power_ratio_MxSpd": 0.36657086, "Power_MFD": 792.724365, "Power_MxSpd": 792.724365, "Speed_MFD": 20.0}