{"Interferences": 14, "Mass": 4.269198470345973, "Batt_amps_ratio_MFD": 0.917512715, "Batt_amps_ratio_MxSpd": 1.79475033, "Distance_MxSpd": 920.016602, "Max_Distance": 1130.0116, "Hover_Time": 68.0309525, "Max_Speed": 43.0, "Max_uc_at_MFD": 0.765902936, "Mot_amps_ratio_MFD": 0.795535326, "Mot_amps_ratio_MxSpd": 0.934130788, "Mot_power_ratio_MFD": 0.51943773, "Mot_power_ratio_MxSpd": 0.609932482, "Power_MFD": 1454.15076, "Power_MxSpd": 4058.68872, "Speed_MFD": 27.0}