{"Interferences": 2, "Mass": 2.5466502086518124, "Batt_amps_ratio_MFD": 0.220586255, "Batt_amps_ratio_MxSpd": 0.220586255, "Distance_MxSpd": 174.081573, "Max_Distance": 174.081573, "Hover_Time": 174.090439, "Max_Speed": 1.0, "Max_uc_at_MFD": 0.655209422, "Mot_amps_ratio_MFD": 0.279017329, "Mot_amps_ratio_MxSpd": 0.279017329, "Mot_power_ratio_MFD": 0.186200947, "Mot_power_ratio_MxSpd": 0.186200947, "Power_MFD": 353.287415, "Power_MxSpd": 353.287415, "Speed_MFD": 1.0}