{"Interferences": 16, "Mass": 3.874492509805881, "Batt_amps_ratio_MFD": 0.497647792, "Batt_amps_ratio_MxSpd": 0.630095363, "Distance_MxSpd": 1462.63574, "Max_Distance": 1543.26013, "Hover_Time": 102.040489, "Max_Speed": 24.0, "Max_uc_at_MFD": 0.971468747, "Mot_amps_ratio_MFD": 0.386057705, "Mot_amps_ratio_MxSpd": 0.376662165, "Mot_power_ratio_MFD": 0.246900231, "Mot_power_ratio_MxSpd": 0.194663957, "Power_MFD": 763.636536, "Power_MxSpd": 1004.88098, "Speed_MFD": 20.0}