{"Interferences": 0, "Mass": 4.994430547930217, "Batt_amps_ratio_MFD": 0.577892125, "Batt_amps_ratio_MxSpd": 0.723325789, "Distance_MxSpd": 1698.81946, "Max_Distance": 1860.55481, "Hover_Time": 110.71331, "Max_Speed": 32.0, "Max_uc_at_MFD": 0.993934512, "Mot_amps_ratio_MFD": 0.642767251, "Mot_amps_ratio_MxSpd": 0.512220263, "Mot_power_ratio_MFD": 0.317098498, "Mot_power_ratio_MxSpd": 0.252695322, "Power_MFD": 1681.48816, "Power_MxSpd": 2180.22461, "Speed_MFD": 28.0}