{"Interferences": 2, "Mass": 3.2260566390288874, "Batt_amps_ratio_MFD": 1.23709428, "Batt_amps_ratio_MxSpd": 1.23709428, "Distance_MxSpd": 31.0404797, "Max_Distance": 31.0404797, "Hover_Time": 0.0, "Max_Speed": 1.0, "Max_uc_at_MFD": 0.978711069, "Mot_amps_ratio_MFD": 0.821408451, "Mot_amps_ratio_MxSpd": 0.821408451, "Mot_power_ratio_MFD": 0.393616349, "Mot_power_ratio_MxSpd": 0.393616349, "Power_MFD": 1178.66626, "Power_MxSpd": 1178.66626, "Speed_MFD": 1.0}