{"Interferences": 6, "Mass": 3.224757502861724, "Batt_amps_ratio_MFD": 1.06597495, "Batt_amps_ratio_MxSpd": 1.06597495, "Distance_MxSpd": 828.537354, "Max_Distance": 828.537354, "Hover_Time": 54.7215233, "Max_Speed": 23.0, "Max_uc_at_MFD": 0.937797487, "Mot_amps_ratio_MFD": 0.367542535, "Mot_amps_ratio_MxSpd": 0.367542535, "Mot_power_ratio_MFD": 0.169988424, "Mot_power_ratio_MxSpd": 0.169988424, "Power_MFD": 778.213379, "Power_MxSpd": 778.213379, "Speed_MFD": 23.0}