{"Interferences": 2, "Mass": 4.891282376276171, "Batt_amps_ratio_MFD": 1.54629683, "Batt_amps_ratio_MxSpd": 1.54629683, "Distance_MxSpd": 794.672791, "Max_Distance": 794.672791, "Hover_Time": 44.9732208, "Max_Speed": 32.0, "Max_uc_at_MFD": 0.964146078, "Mot_amps_ratio_MFD": 0.550158083, "Mot_amps_ratio_MxSpd": 0.550158083, "Mot_power_ratio_MFD": 0.157143071, "Mot_power_ratio_MxSpd": 0.157143071, "Power_MFD": 2113.63892, "Power_MxSpd": 2113.63892, "Speed_MFD": 32.0}