{"Interferences": 6, "Mass": 7.760133069311548, "Batt_amps_ratio_MFD": 0.946283102, "Batt_amps_ratio_MxSpd": 0.946283102, "Distance_MxSpd": 1501.45337, "Max_Distance": 1501.45337, "Hover_Time": 57.5253716, "Max_Speed": 37.0, "Max_uc_at_MFD": 0.999776542, "Mot_amps_ratio_MFD": 0.524185419, "Mot_amps_ratio_MxSpd": 0.524185419, "Mot_power_ratio_MFD": 0.112293333, "Mot_power_ratio_MxSpd": 0.112293333, "Power_MFD": 3673.3667, "Power_MxSpd": 3673.3667, "Speed_MFD": 37.0}