{"Interferences": 77, "Mass": 4.084019714860863, "Batt_amps_ratio_MFD": 1.06821048, "Batt_amps_ratio_MxSpd": 1.2540096, "Distance_MxSpd": 949.275024, "Max_Distance": 970.595215, "Hover_Time": 50.2010574, "Max_Speed": 31.0, "Max_uc_at_MFD": 0.599236369, "Mot_amps_ratio_MFD": 0.980788767, "Mot_amps_ratio_MxSpd": 0.981219828, "Mot_power_ratio_MFD": 0.736949563, "Mot_power_ratio_MxSpd": 0.737273514, "Power_MFD": 1078.57788, "Power_MxSpd": 1350.8186, "Speed_MFD": 27.0}