{"Interferences": 8, "Mass": 4.829267737742059, "Batt_amps_ratio_MFD": 1.82941186, "Batt_amps_ratio_MxSpd": 3.78253412, "Distance_MxSpd": 436.532745, "Max_Distance": 650.700928, "Hover_Time": 38.2159843, "Max_Speed": 43.0, "Max_uc_at_MFD": 0.808033705, "Mot_amps_ratio_MFD": 0.689641237, "Mot_amps_ratio_MxSpd": 0.80329442, "Mot_power_ratio_MFD": 0.34501487, "Mot_power_ratio_MxSpd": 0.401873499, "Power_MFD": 2231.76172, "Power_MxSpd": 5963.8916, "Speed_MFD": 31.0}