{"Interferences": 17, "Mass": 4.589151159012563, "Batt_amps_ratio_MFD": 1.4248755, "Batt_amps_ratio_MxSpd": 1.4248755, "Distance_MxSpd": 431.195557, "Max_Distance": 431.195557, "Hover_Time": 37.0338173, "Max_Speed": 16.0, "Max_uc_at_MFD": 1.0, "Mot_amps_ratio_MFD": 0.545499861, "Mot_amps_ratio_MxSpd": 0.545499861, "Mot_power_ratio_MFD": 0.336391568, "Mot_power_ratio_MxSpd": 0.336391568, "Power_MFD": 998.105591, "Power_MxSpd": 998.105591, "Speed_MFD": 16.0}