{
  "generator_version":"UAV2_gen12",
  "name":"design_830_001d72898f2445edbd2953aec280a858_dw",
  "hub":{
    "node_type":"ConnectedHub6_2_2_2",
    "frontSegment":{
      "node_type":"AngledWingArm",
      "arm1Length":245.06571246568075,
      "arm2Length":123.07956204515109,
      "wing":{
        "wingType":"Wing_vert_hole",
        "nacaProfile":"2312",
        "span":989.0562484484898,
        "chordInner":448.1559703711425,
        "chordOuter":126.95853489461057,
        "taperOffset":true,
        "aileronBias":0.5152316145696337,
        "flapBias":0.49683292766313003,
        "load":473.2786245121588,
        "tubeOffset":80.98230690062718,
        "tubeRot":270.0
      },
      "servo":{
        "servoType":"Hitec_HS_70MG"
      }
    },
    "middleSegment":{
      "node_type":"AngledWingArm",
      "arm1Length":290.9607949365183,
      "arm2Length":66.8718917305984,
      "wing":{
        "wingType":"Wing_vert_hole",
        "nacaProfile":"2509",
        "span":1366.4501567694404,
        "chordInner":277.02270846926046,
        "chordOuter":187.92008030796043,
        "taperOffset":false,
        "aileronBias":0.9587127688276575,
        "flapBias":0.5447786956388017,
        "load":124.17508849731009,
        "tubeOffset":69.4907653105544,
        "tubeRot":270.0
      },
      "servo":{
        "servoType":"Hitec_HS_53"
      }
    },
    "rearSegment":{
      "node_type":"PropArm",
      "armLength":400.1894468546329,
      "motor":{
        "motorType":"kde_direct_KDE4014XF_380"
      },
      "prop":{
        "propType":"apc_propellers_14x8"
      },
      "flange":{
        "offset":-26.825250124016332,
        "angle":0.0
      }
    }
  },
  "fuselageWithComponents":{
    "node_type":"DualBatteryFuselageWithComponents",
    "battery":{
      "batteryType":"TurnigyGraphene1000mAh6S75C"
    },
    "fuselage":{
      "length":84.0,
      "vertDiameter":52.5,
      "horzDiameter":417.9,
      "floorHeight":8.75,
      "battery1X":-4.5,
      "battery1Y":-16.0,
      "battery2X":-4.5,
      "battery2Y":29.0,
      "rpmX":-4.5,
      "rpmY":-129.3,
      "autoPilotX":-4.5,
      "autoPilotY":73.0,
      "currentX":-4.5,
      "currentY":-109.15,
      "voltageX":-4.5,
      "voltageY":126.8,
      "gpsX":-4.5,
      "gpsY":-69.0,
      "varioX":-4.5,
      "varioY":105.15
    }
  }
}