{"Interferences": 8, "Mass": 3.3648978622405914, "Batt_amps_ratio_MFD": 0.67048645, "Batt_amps_ratio_MxSpd": 0.980459154, "Distance_MxSpd": 1057.46375, "Max_Distance": 1088.16516, "Hover_Time": 76.4842453, "Max_Speed": 27.0, "Max_uc_at_MFD": 0.579691112, "Mot_amps_ratio_MFD": 0.664205611, "Mot_amps_ratio_MxSpd": 0.904793143, "Mot_power_ratio_MFD": 0.327674747, "Mot_power_ratio_MxSpd": 0.446364611, "Power_MFD": 635.848083, "Power_MxSpd": 1235.20667, "Speed_MFD": 19.0}