{"Interferences": 32, "Mass": 8.15920069640966, "Batt_amps_ratio_MFD": 1.98941565, "Batt_amps_ratio_MxSpd": 2.73904324, "Distance_MxSpd": 392.545837, "Max_Distance": 443.949463, "Hover_Time": 0.0, "Max_Speed": 28.0, "Max_uc_at_MFD": 0.895583689, "Mot_amps_ratio_MFD": 0.43928647, "Mot_amps_ratio_MxSpd": 0.568664372, "Mot_power_ratio_MFD": 0.352654874, "Mot_power_ratio_MxSpd": 0.526014566, "Power_MFD": 2992.70728, "Power_MxSpd": 4582.06738, "Speed_MFD": 23.0}