{"Interferences": 8, "Mass": 3.796513890648928, "Batt_amps_ratio_MFD": 0.502475441, "Batt_amps_ratio_MxSpd": 0.502475441, "Distance_MxSpd": 1452.01135, "Max_Distance": 1452.01135, "Hover_Time": 0.0, "Max_Speed": 19.0, "Max_uc_at_MFD": 0.939752579, "Mot_amps_ratio_MFD": 0.403851837, "Mot_amps_ratio_MxSpd": 0.403851837, "Mot_power_ratio_MFD": 0.186781466, "Mot_power_ratio_MxSpd": 0.186781466, "Power_MFD": 724.859375, "Power_MxSpd": 724.859375, "Speed_MFD": 19.0}