{"Interferences": 3, "Mass": 4.275083270158546, "Batt_amps_ratio_MFD": 1.28224909, "Batt_amps_ratio_MxSpd": 1.28224909, "Distance_MxSpd": 569.000183, "Max_Distance": 569.000183, "Hover_Time": 30.4134636, "Max_Speed": 19.0, "Max_uc_at_MFD": 0.978715122, "Mot_amps_ratio_MFD": 0.30194512, "Mot_amps_ratio_MxSpd": 0.30194512, "Mot_power_ratio_MFD": 0.112557173, "Mot_power_ratio_MxSpd": 0.112557173, "Power_MFD": 1178.73364, "Power_MxSpd": 1178.73364, "Speed_MFD": 19.0}