{
  "generator_version":"UAV2_gen12",
  "name":"design_4072_401976193c73462aad348efc56e31736_s",
  "hub":{
    "node_type":"ConnectedHub4_2_2",
    "frontSegment":{
      "node_type":"AngledWingArm",
      "arm1Length":484.6752991744885,
      "arm2Length":199.00387346666258,
      "wing":{
        "wingType":"Wing_vert_hole",
        "nacaProfile":"6421",
        "span":1647.0743671802554,
        "chordInner":187.1840853064044,
        "chordOuter":159.96737583881156,
        "taperOffset":true,
        "aileronBias":0.2166771024220884,
        "flapBias":0.9883746266201825,
        "load":766.4546468140119,
        "tubeOffset":74.20834547225438,
        "tubeRot":310.56574155221915
      },
      "servo":{
        "servoType":"Hitec_HS_85MG"
      }
    },
    "rearSegment":{
      "node_type":"PropArm",
      "armLength":393.6512313624306,
      "motor":{
        "motorType":"kde_direct_KDE600XF_1100_G3"
      },
      "prop":{
        "propType":"apc_propellers_9x6_5"
      },
      "flange":{
        "offset":10.719694611541165,
        "angle":0.0
      }
    }
  },
  "fuselageWithComponents":{
    "node_type":"SingleBatteryFuselageWithComponents",
    "battery":{
      "batteryType":"Tattu10C25000mAh6S1PHV"
    },
    "fuselage":{
      "length":207.0,
      "vertDiameter":136.5,
      "horzDiameter":383.4,
      "floorHeight":22.75,
      "batteryX":0.0,
      "batteryY":6.0,
      "rpmX":0.0,
      "rpmY":-117.8,
      "autoPilotX":0.0,
      "autoPilotY":61.5,
      "currentX":0.0,
      "currentY":-97.65,
      "voltageX":0.0,
      "voltageY":115.3,
      "gpsX":0.0,
      "gpsY":-57.5,
      "varioX":0.0,
      "varioY":93.65
    }
  }
}