{"Interferences": 27, "Mass": 9.81616147542608, "Batt_amps_ratio_MFD": 0.415044904, "Batt_amps_ratio_MxSpd": 0.415044904, "Distance_MxSpd": 4718.52539, "Max_Distance": 4718.52539, "Hover_Time": 286.455353, "Max_Speed": 17.0, "Max_uc_at_MFD": 0.995245159, "Mot_amps_ratio_MFD": 0.116309874, "Mot_amps_ratio_MxSpd": 0.116309874, "Mot_power_ratio_MFD": 0.049883116, "Mot_power_ratio_MxSpd": 0.049883116, "Power_MFD": 1972.91235, "Power_MxSpd": 1972.91235, "Speed_MFD": 17.0}