{"Interferences": 18, "Mass": 4.966377855375381, "Batt_amps_ratio_MFD": 0.233419329, "Batt_amps_ratio_MxSpd": 0.233419329, "Distance_MxSpd": 2961.19434, "Max_Distance": 2961.19434, "Hover_Time": 0.0, "Max_Speed": 18.0, "Max_uc_at_MFD": 0.901699901, "Mot_amps_ratio_MFD": 0.422825307, "Mot_amps_ratio_MxSpd": 0.422825307, "Mot_power_ratio_MFD": 0.260742277, "Mot_power_ratio_MxSpd": 0.260742277, "Power_MFD": 998.753052, "Power_MxSpd": 998.753052, "Speed_MFD": 18.0}