{"Interferences": 11, "Mass": 7.291020536789307, "Batt_amps_ratio_MFD": 0.317728549, "Batt_amps_ratio_MxSpd": 0.317728549, "Distance_MxSpd": 1812.86829, "Max_Distance": 1812.86829, "Hover_Time": 0.0, "Max_Speed": 15.0, "Max_uc_at_MFD": 0.843983531, "Mot_amps_ratio_MFD": 0.590635896, "Mot_amps_ratio_MxSpd": 0.590635896, "Mot_power_ratio_MFD": 0.359940469, "Mot_power_ratio_MxSpd": 0.359940469, "Power_MFD": 1067.6311, "Power_MxSpd": 1067.6311, "Speed_MFD": 15.0}