{"Interferences": 16, "Mass": 7.093136478593849, "Batt_amps_ratio_MFD": 2.57466841, "Batt_amps_ratio_MxSpd": 2.89037228, "Distance_MxSpd": 6775.59766, "Max_Distance": 6935.26221, "Hover_Time": 374.336304, "Max_Speed": 34.0, "Max_uc_at_MFD": 0.502666652, "Mot_amps_ratio_MFD": 0.949872077, "Mot_amps_ratio_MxSpd": 0.831244946, "Mot_power_ratio_MFD": 0.896204293, "Mot_power_ratio_MxSpd": 0.784279585, "Power_MFD": 2372.05029, "Power_MxSpd": 2781.1355, "Speed_MFD": 31.0}