{"Interferences": 15, "Mass": 6.367415347928885, "Batt_amps_ratio_MFD": 0.429343283, "Batt_amps_ratio_MxSpd": 0.632250428, "Distance_MxSpd": 2065.00464, "Max_Distance": 2235.97314, "Hover_Time": 93.235321, "Max_Speed": 34.0, "Max_uc_at_MFD": 0.654692471, "Mot_amps_ratio_MFD": 0.719313264, "Mot_amps_ratio_MxSpd": 0.943514764, "Mot_power_ratio_MFD": 0.665364802, "Mot_power_ratio_MxSpd": 0.872751176, "Power_MFD": 1545.11365, "Power_MxSpd": 2907.84155, "Speed_MFD": 25.0}