{"Interferences": 6, "Mass": 3.360677139147952, "Batt_amps_ratio_MFD": 1.06357563, "Batt_amps_ratio_MxSpd": 1.20222366, "Distance_MxSpd": 1085.98755, "Max_Distance": 1119.24341, "Hover_Time": 0.0, "Max_Speed": 34.0, "Max_uc_at_MFD": 0.866610765, "Mot_amps_ratio_MFD": 0.867548585, "Mot_amps_ratio_MxSpd": 0.996692896, "Mot_power_ratio_MFD": 0.596129835, "Mot_power_ratio_MxSpd": 0.684870422, "Power_MFD": 1494.8136, "Power_MxSpd": 1873.0166, "Speed_MFD": 31.0}