{"Interferences": 2, "Mass": 3.084800054769014, "Batt_amps_ratio_MFD": 0.470315665, "Batt_amps_ratio_MxSpd": 0.470315665, "Distance_MxSpd": 1469.65125, "Max_Distance": 1469.65125, "Hover_Time": 101.675491, "Max_Speed": 18.0, "Max_uc_at_MFD": 0.999159694, "Mot_amps_ratio_MFD": 0.207217127, "Mot_amps_ratio_MxSpd": 0.207217127, "Mot_power_ratio_MFD": 0.0958379209, "Mot_power_ratio_MxSpd": 0.0958379209, "Power_MFD": 531.167053, "Power_MxSpd": 531.167053, "Speed_MFD": 18.0}