{"Interferences": 9, "Mass": 7.417361469904382, "Batt_amps_ratio_MFD": 0.245862067, "Batt_amps_ratio_MxSpd": 0.245862067, "Distance_MxSpd": 390.46283, "Max_Distance": 390.46283, "Hover_Time": 0.0, "Max_Speed": 1.0, "Max_uc_at_MFD": 0.930433393, "Mot_amps_ratio_MFD": 0.999617338, "Mot_amps_ratio_MxSpd": 0.999617338, "Mot_power_ratio_MFD": 0.739716828, "Mot_power_ratio_MxSpd": 0.739716828, "Power_MFD": 1475.5011, "Power_MxSpd": 1475.5011, "Speed_MFD": 1.0}