{"Interferences": 23, "Mass": 5.978687150763735, "Batt_amps_ratio_MFD": 1.49330914, "Batt_amps_ratio_MxSpd": 1.49330914, "Distance_MxSpd": 617.152832, "Max_Distance": 617.152832, "Hover_Time": 37.9318886, "Max_Speed": 24.0, "Max_uc_at_MFD": 0.999620676, "Mot_amps_ratio_MFD": 0.635967076, "Mot_amps_ratio_MxSpd": 0.635967076, "Mot_power_ratio_MFD": 0.433461756, "Mot_power_ratio_MxSpd": 0.433461756, "Power_MFD": 2063.33594, "Power_MxSpd": 2063.33594, "Speed_MFD": 24.0}