{"Interferences": 2, "Mass": 3.0738299910698315, "Batt_amps_ratio_MFD": 0.4901703, "Batt_amps_ratio_MxSpd": 0.608980358, "Distance_MxSpd": 1324.18066, "Max_Distance": 1331.78198, "Hover_Time": 95.8731079, "Max_Speed": 21.0, "Max_uc_at_MFD": 0.986972213, "Mot_amps_ratio_MFD": 0.45153591, "Mot_amps_ratio_MxSpd": 0.361446679, "Mot_power_ratio_MFD": 0.222757712, "Mot_power_ratio_MxSpd": 0.178313702, "Power_MFD": 574.135864, "Power_MxSpd": 784.446777, "Speed_MFD": 17.0}