{"Interferences": 23, "Mass": 5.252261762943561, "Batt_amps_ratio_MFD": 0.683944881, "Batt_amps_ratio_MxSpd": 1.29696345, "Distance_MxSpd": 3730.56006, "Max_Distance": 4547.73486, "Hover_Time": 256.229675, "Max_Speed": 42.0, "Max_uc_at_MFD": 0.739587307, "Mot_amps_ratio_MFD": 0.77863282, "Mot_amps_ratio_MxSpd": 0.98805654, "Mot_power_ratio_MFD": 0.512167335, "Mot_power_ratio_MxSpd": 0.649921656, "Power_MFD": 1601.46521, "Power_MxSpd": 4494.31006, "Speed_MFD": 27.0}