{"Interferences": 9, "Mass": 4.255147203240779, "Batt_amps_ratio_MFD": 0.814160705, "Batt_amps_ratio_MxSpd": 0.814160705, "Distance_MxSpd": 235.825684, "Max_Distance": 235.825684, "Hover_Time": 0.0, "Max_Speed": 5.0, "Max_uc_at_MFD": 1.0, "Mot_amps_ratio_MFD": 0.731569409, "Mot_amps_ratio_MxSpd": 0.731569409, "Mot_power_ratio_MFD": 0.451134473, "Mot_power_ratio_MxSpd": 0.451134473, "Power_MFD": 809.654236, "Power_MxSpd": 809.654236, "Speed_MFD": 5.0}