{"Interferences": 9, "Mass": 5.115012466517677, "Batt_amps_ratio_MFD": 1.02096963, "Batt_amps_ratio_MxSpd": 1.02096963, "Distance_MxSpd": 300.890442, "Max_Distance": 300.890442, "Hover_Time": 0.0, "Max_Speed": 8.0, "Max_uc_at_MFD": 0.98299402, "Mot_amps_ratio_MFD": 0.746820927, "Mot_amps_ratio_MxSpd": 0.746820927, "Mot_power_ratio_MFD": 0.483566552, "Mot_power_ratio_MxSpd": 0.483566552, "Power_MFD": 931.906555, "Power_MxSpd": 931.906555, "Speed_MFD": 8.0}