{"Interferences": 51, "Mass": 11.222602958603066, "Batt_amps_ratio_MFD": 0.582032144, "Batt_amps_ratio_MxSpd": 0.618624985, "Distance_MxSpd": 1738.04822, "Max_Distance": 1781.34497, "Hover_Time": 92.106102, "Max_Speed": 28.0, "Max_uc_at_MFD": 0.981394529, "Mot_amps_ratio_MFD": 0.620313525, "Mot_amps_ratio_MxSpd": 0.833157361, "Mot_power_ratio_MFD": 0.405028254, "Mot_power_ratio_MxSpd": 0.544002771, "Power_MFD": 2751.99561, "Power_MxSpd": 3069.61523, "Speed_MFD": 27.0}