{"Interferences": 181, "Mass": 8.591628812316443, "Batt_amps_ratio_MFD": 0.357629985, "Batt_amps_ratio_MxSpd": 0.357629985, "Distance_MxSpd": 1503.22974, "Max_Distance": 1503.22974, "Hover_Time": 0.0, "Max_Speed": 14.0, "Max_uc_at_MFD": 0.999996722, "Mot_amps_ratio_MFD": 0.631672084, "Mot_amps_ratio_MxSpd": 0.631672084, "Mot_power_ratio_MFD": 0.233718678, "Mot_power_ratio_MxSpd": 0.233718678, "Power_MFD": 1292.25757, "Power_MxSpd": 1292.25757, "Speed_MFD": 14.0}