{"Interferences": 9, "Mass": 10.627550916907458, "Batt_amps_ratio_MFD": 3.693784, "Batt_amps_ratio_MxSpd": 3.693784, "Distance_MxSpd": 623.75061, "Max_Distance": 623.75061, "Hover_Time": 0.0, "Max_Speed": 4.0, "Max_uc_at_MFD": 0.988559127, "Mot_amps_ratio_MFD": 0.863112032, "Mot_amps_ratio_MxSpd": 0.863112032, "Mot_power_ratio_MFD": 0.798378646, "Mot_power_ratio_MxSpd": 0.798378646, "Power_MFD": 4966.44385, "Power_MxSpd": 4966.44385, "Speed_MFD": 4.0}