{"Interferences": 71, "Mass": 7.10697116153748, "Batt_amps_ratio_MFD": 0.460465848, "Batt_amps_ratio_MxSpd": 0.460465848, "Distance_MxSpd": 1250.9071, "Max_Distance": 1250.9071, "Hover_Time": 0.0, "Max_Speed": 5.0, "Max_uc_at_MFD": 0.701576889, "Mot_amps_ratio_MFD": 0.977769554, "Mot_amps_ratio_MxSpd": 0.977769554, "Mot_power_ratio_MFD": 0.753146827, "Mot_power_ratio_MxSpd": 0.753146827, "Power_MFD": 1768.2522, "Power_MxSpd": 1768.2522, "Speed_MFD": 5.0}