{"Interferences": 0, "Mass": 4.472746702055001, "Batt_amps_ratio_MFD": 0.320856124, "Batt_amps_ratio_MxSpd": 0.465627909, "Distance_MxSpd": 6927.41992, "Max_Distance": 7539.82812, "Hover_Time": 476.437225, "Max_Speed": 28.0, "Max_uc_at_MFD": 0.920122385, "Mot_amps_ratio_MFD": 0.347596645, "Mot_amps_ratio_MxSpd": 0.466604024, "Mot_power_ratio_MFD": 0.218638286, "Mot_power_ratio_MxSpd": 0.293493927, "Power_MFD": 996.34436, "Power_MxSpd": 1633.59839, "Speed_MFD": 21.0}