{
  "generator_version":"UAV2_gen12",
  "name":"design_3656_a81db1796e3f4597b244de68a3c0047f_dw_dl",
  "hub":{
    "node_type":"ConnectedHub6_2_2_2",
    "frontSegment":{
      "node_type":"AngledWingArm",
      "arm1Length":172.97954772474355,
      "arm2Length":149.5940511744619,
      "wing":{
        "wingType":"Wing_horiz_hole",
        "nacaProfile":"2312",
        "span":1882.7386390463298,
        "chordInner":430.3899238602815,
        "chordOuter":62.34935954031424,
        "taperOffset":true,
        "aileronBias":0.3206069519064453,
        "flapBias":0.574446736254145,
        "load":146.49170356476736,
        "tubeOffset":54.01949568362152,
        "tubeRot":242.19943242478888
      },
      "servo":{
        "servoType":"Hitec_D89MW"
      }
    },
    "middleSegment":{
      "node_type":"PropArm",
      "armLength":339.24768862019874,
      "motor":{
        "motorType":"t_motor_MN4010KV475"
      },
      "prop":{
        "propType":"apc_propellers_16x6E"
      },
      "flange":{
        "offset":-5.0474250956875935,
        "angle":344.4269554489143
      }
    },
    "rearSegment":{
      "node_type":"AngledWingArm",
      "arm1Length":52.28656732671739,
      "arm2Length":91.20030164866812,
      "wing":{
        "wingType":"Wing_horiz_hole",
        "nacaProfile":"4518",
        "span":1478.1490885797916,
        "chordInner":443.7673215152342,
        "chordOuter":168.98666301251603,
        "taperOffset":true,
        "aileronBias":0.4493878978481022,
        "flapBias":0.2439227371648151,
        "load":436.73107041104083,
        "tubeOffset":13.312506582949473,
        "tubeRot":270.0
      },
      "servo":{
        "servoType":"Hitec_D485HW"
      }
    }
  },
  "fuselageWithComponents":{
    "node_type":"DualBatteryFuselageWithComponents",
    "battery":{
      "batteryType":"Tattu30C10000mAh6S1P"
    },
    "fuselage":{
      "length":351.0,
      "vertDiameter":97.5,
      "horzDiameter":372.9,
      "floorHeight":16.25,
      "battery1X":-87.75,
      "battery1Y":6.0,
      "battery2X":88.75,
      "battery2Y":6.0,
      "rpmX":0.0,
      "rpmY":-114.3,
      "autoPilotX":0.0,
      "autoPilotY":58.0,
      "currentX":0.0,
      "currentY":-94.15,
      "voltageX":0.0,
      "voltageY":111.8,
      "gpsX":0.0,
      "gpsY":-54.0,
      "varioX":0.0,
      "varioY":90.15
    }
  }
}