{"Interferences": 10, "Mass": 2.874773954834399, "Batt_amps_ratio_MFD": 0.590650558, "Batt_amps_ratio_MxSpd": 0.590650558, "Distance_MxSpd": 1365.27417, "Max_Distance": 1365.27417, "Hover_Time": 0.0, "Max_Speed": 21.0, "Max_uc_at_MFD": 0.999880135, "Mot_amps_ratio_MFD": 0.449132472, "Mot_amps_ratio_MxSpd": 0.449132472, "Mot_power_ratio_MFD": 0.168544546, "Mot_power_ratio_MxSpd": 0.168544546, "Power_MFD": 576.345947, "Power_MxSpd": 576.345947, "Speed_MFD": 21.0}