{"Interferences": 15, "Mass": 3.758965023979336, "Batt_amps_ratio_MFD": 0.989116907, "Batt_amps_ratio_MxSpd": 0.989116907, "Distance_MxSpd": 931.740173, "Max_Distance": 931.740173, "Hover_Time": 0.0, "Max_Speed": 24.0, "Max_uc_at_MFD": 0.921284974, "Mot_amps_ratio_MFD": 0.422588021, "Mot_amps_ratio_MxSpd": 0.422588021, "Mot_power_ratio_MFD": 0.210039556, "Mot_power_ratio_MxSpd": 0.210039556, "Power_MFD": 1364.12317, "Power_MxSpd": 1364.12317, "Speed_MFD": 24.0}