{"Interferences": 32, "Mass": 6.929949655139585, "Batt_amps_ratio_MFD": 0.393567234, "Batt_amps_ratio_MxSpd": 0.393567234, "Distance_MxSpd": 2439.22754, "Max_Distance": 2439.22754, "Hover_Time": 139.612717, "Max_Speed": 25.0, "Max_uc_at_MFD": 0.999999762, "Mot_amps_ratio_MFD": 0.323715568, "Mot_amps_ratio_MxSpd": 0.323715568, "Mot_power_ratio_MFD": 0.149718449, "Mot_power_ratio_MxSpd": 0.149718449, "Power_MFD": 1482.81604, "Power_MxSpd": 1482.81604, "Speed_MFD": 25.0}