{
  "generator_version":"UAV2_gen12",
  "name":"design_7194_9b81ee6fefef43588080308b56e14db8_dw_dl",
  "hub":{
    "node_type":"ConnectedHub3_2_1",
    "angle":162.35841492795555,
    "centerSegment":{
      "node_type":"BranchSegment_Sym",
      "armLength":474.76511557972793,
      "angle":129.49066764707922,
      "mainSegment":{
        "node_type":"BranchSegment_Sym",
        "armLength":380.2120682606913,
        "angle":180.0,
        "mainSegment":{
          "node_type":"BranchSegment_Sym",
          "armLength":492.24720865972046,
          "angle":139.80747932957792,
          "mainSegment":{
            "node_type":"AngledPropArm",
            "armLength":249.47352304332622,
            "motor":{
              "motorType":"t_motor_AT4125KV540"
            },
            "prop":{
              "propType":"apc_propellers_18x5_5MR"
            }
          }
        }
      }
    },
    "mainSegment":{
      "node_type":"AngledWingArm",
      "arm1Length":164.91186470798633,
      "arm2Length":129.0102630096228,
      "wing":{
        "wingType":"Wing_horiz_hole",
        "nacaProfile":"2515",
        "span":1402.3396344444102,
        "chordInner":119.88102333438233,
        "chordOuter":103.31578818248543,
        "taperOffset":true,
        "aileronBias":0.2561532434912753,
        "flapBias":0.2527187438610093,
        "load":526.9620959714116,
        "tubeOffset":65.76644309781427,
        "tubeRot":279.4717039098614
      },
      "servo":{
        "servoType":"Hitec_HS_55"
      }
    }
  },
  "fuselageWithComponents":{
    "node_type":"DualBatteryFuselageWithComponents",
    "battery":{
      "batteryType":"TurnigyGraphene4000mAh6S75C"
    },
    "fuselage":{
      "length":291.0,
      "vertDiameter":76.5,
      "horzDiameter":362.4,
      "floorHeight":12.75,
      "battery1X":-72.75,
      "battery1Y":6.0,
      "battery2X":73.75,
      "battery2Y":6.0,
      "rpmX":0.0,
      "rpmY":-110.8,
      "autoPilotX":0.0,
      "autoPilotY":54.5,
      "currentX":0.0,
      "currentY":-90.65,
      "voltageX":0.0,
      "voltageY":108.3,
      "gpsX":0.0,
      "gpsY":-50.5,
      "varioX":0.0,
      "varioY":86.65
    }
  }
}