{"Interferences": 5, "Mass": 11.595749715357108, "Batt_amps_ratio_MFD": 0.740081906, "Batt_amps_ratio_MxSpd": 0.789760113, "Distance_MxSpd": 8508.91309, "Max_Distance": 8561.21484, "Hover_Time": 375.344971, "Max_Speed": 35.0, "Max_uc_at_MFD": 0.997828722, "Mot_amps_ratio_MFD": 0.285059333, "Mot_amps_ratio_MxSpd": 0.273329884, "Mot_power_ratio_MFD": 0.125434265, "Mot_power_ratio_MxSpd": 0.120272957, "Power_MFD": 3925.05737, "Power_MxSpd": 4329.44092, "Speed_MFD": 33.0}