{"Interferences": 25, "Mass": 8.89284513277775, "Batt_amps_ratio_MFD": 0.148877189, "Batt_amps_ratio_MxSpd": 0.148877189, "Distance_MxSpd": 9027.5752, "Max_Distance": 9027.5752, "Hover_Time": 0.0, "Max_Speed": 14.0, "Max_uc_at_MFD": 0.538869739, "Mot_amps_ratio_MFD": 0.188686505, "Mot_amps_ratio_MxSpd": 0.188686505, "Mot_power_ratio_MFD": 0.102912001, "Mot_power_ratio_MxSpd": 0.102912001, "Power_MFD": 571.247375, "Power_MxSpd": 571.247375, "Speed_MFD": 14.0}