{"Interferences": 18, "Mass": 3.409684430463076, "Batt_amps_ratio_MFD": 0.93921715, "Batt_amps_ratio_MxSpd": 0.93921715, "Distance_MxSpd": 940.357666, "Max_Distance": 940.357666, "Hover_Time": 0.0, "Max_Speed": 23.0, "Max_uc_at_MFD": 0.895126164, "Mot_amps_ratio_MFD": 0.411006778, "Mot_amps_ratio_MxSpd": 0.411006778, "Mot_power_ratio_MFD": 0.204283312, "Mot_power_ratio_MxSpd": 0.204283312, "Power_MFD": 1259.23633, "Power_MxSpd": 1259.23633, "Speed_MFD": 23.0}