{"Interferences": 39, "Mass": 5.991760731376283, "Batt_amps_ratio_MFD": 1.16167569, "Batt_amps_ratio_MxSpd": 1.38913405, "Distance_MxSpd": 331.717438, "Max_Distance": 363.612671, "Hover_Time": 32.5983124, "Max_Speed": 12.0, "Max_uc_at_MFD": 0.954451621, "Mot_amps_ratio_MFD": 0.558846354, "Mot_amps_ratio_MxSpd": 0.777391255, "Mot_power_ratio_MFD": 0.279939026, "Mot_power_ratio_MxSpd": 0.383513033, "Power_MFD": 1167.66443, "Power_MxSpd": 1894.95129, "Speed_MFD": 11.0}