{"Interferences": 7, "Mass": 19.35528818455162, "Batt_amps_ratio_MFD": 0.37324816, "Batt_amps_ratio_MxSpd": 0.37324816, "Distance_MxSpd": 4629.62744, "Max_Distance": 4629.62744, "Hover_Time": 0.0, "Max_Speed": 15.0, "Max_uc_at_MFD": 0.529130995, "Mot_amps_ratio_MFD": 0.52807045, "Mot_amps_ratio_MxSpd": 0.52807045, "Mot_power_ratio_MFD": 0.983233154, "Mot_power_ratio_MxSpd": 0.983233154, "Power_MFD": 4693.14795, "Power_MxSpd": 4693.14795, "Speed_MFD": 15.0}