{"Interferences": 60, "Mass": 6.00715409652883, "Batt_amps_ratio_MFD": 0.304880887, "Batt_amps_ratio_MxSpd": 0.304880887, "Distance_MxSpd": 2770.91821, "Max_Distance": 2770.91821, "Hover_Time": 152.746567, "Max_Speed": 22.0, "Max_uc_at_MFD": 0.999998271, "Mot_amps_ratio_MFD": 0.288333446, "Mot_amps_ratio_MxSpd": 0.288333446, "Mot_power_ratio_MFD": 0.133354217, "Mot_power_ratio_MxSpd": 0.133354217, "Power_MFD": 1167.3573, "Power_MxSpd": 1167.3573, "Speed_MFD": 22.0}