{"Interferences": 13, "Mass": 7.022371956241443, "Batt_amps_ratio_MFD": 0.358251274, "Batt_amps_ratio_MxSpd": 0.475251198, "Distance_MxSpd": 2423.9812, "Max_Distance": 3001.24536, "Hover_Time": 110.177567, "Max_Speed": 30.0, "Max_uc_at_MFD": 0.954896152, "Mot_amps_ratio_MFD": 0.845211804, "Mot_amps_ratio_MxSpd": 0.855934799, "Mot_power_ratio_MFD": 0.564675689, "Mot_power_ratio_MxSpd": 0.571839571, "Power_MFD": 2095.14893, "Power_MxSpd": 2791.99341, "Speed_MFD": 28.0}