{"Interferences": 60, "Mass": 3.798242985598669, "Batt_amps_ratio_MFD": 0.304533929, "Batt_amps_ratio_MxSpd": 0.304533929, "Distance_MxSpd": 4053.03198, "Max_Distance": 4053.03198, "Hover_Time": 317.289124, "Max_Speed": 15.0, "Max_uc_at_MFD": 0.568097711, "Mot_amps_ratio_MFD": 0.997478366, "Mot_amps_ratio_MxSpd": 0.997478366, "Mot_power_ratio_MFD": 0.781553626, "Mot_power_ratio_MxSpd": 0.781553626, "Power_MFD": 721.357544, "Power_MxSpd": 721.357544, "Speed_MFD": 15.0}