{"Interferences": 31, "Mass": 7.393376289966848, "Batt_amps_ratio_MFD": 0.728969097, "Batt_amps_ratio_MxSpd": 0.82149297, "Distance_MxSpd": 5188.60205, "Max_Distance": 5215.03564, "Hover_Time": 183.116653, "Max_Speed": 37.0, "Max_uc_at_MFD": 0.874023259, "Mot_amps_ratio_MFD": 0.545010746, "Mot_amps_ratio_MxSpd": 0.637829006, "Mot_power_ratio_MFD": 0.504134953, "Mot_power_ratio_MxSpd": 0.589991808, "Power_MFD": 2905.83325, "Power_MxSpd": 3595.6731, "Speed_MFD": 33.0}