{"Interferences": 10, "Mass": 7.3353669691973264, "Batt_amps_ratio_MFD": 0.458223462, "Batt_amps_ratio_MxSpd": 0.458223462, "Distance_MxSpd": 1173.22668, "Max_Distance": 1173.22668, "Hover_Time": 0.0, "Max_Speed": 14.0, "Max_uc_at_MFD": 0.710805535, "Mot_amps_ratio_MFD": 0.944268286, "Mot_amps_ratio_MxSpd": 0.944268286, "Mot_power_ratio_MFD": 0.703996599, "Mot_power_ratio_MxSpd": 0.703996599, "Power_MFD": 2616.32056, "Power_MxSpd": 2616.32056, "Speed_MFD": 14.0}