{"Interferences": 23, "Mass": 9.46121048467259, "Batt_amps_ratio_MFD": 1.00911641, "Batt_amps_ratio_MxSpd": 1.00911641, "Distance_MxSpd": 1331.85815, "Max_Distance": 1331.85815, "Hover_Time": 95.5748825, "Max_Speed": 14.0, "Max_uc_at_MFD": 0.875420094, "Mot_amps_ratio_MFD": 0.986370504, "Mot_amps_ratio_MxSpd": 0.986370504, "Mot_power_ratio_MFD": 0.739777863, "Mot_power_ratio_MxSpd": 0.739777863, "Power_MFD": 3998.10449, "Power_MxSpd": 3998.10449, "Speed_MFD": 14.0}