{"Interferences": 80, "Mass": 12.64748860799134, "Batt_amps_ratio_MFD": 2.54822755, "Batt_amps_ratio_MxSpd": 2.54822755, "Distance_MxSpd": 4294.75, "Max_Distance": 4294.75, "Hover_Time": 216.494797, "Max_Speed": 19.0, "Max_uc_at_MFD": 0.573719263, "Mot_amps_ratio_MFD": 0.955933332, "Mot_amps_ratio_MxSpd": 0.955933332, "Mot_power_ratio_MFD": 0.477915436, "Mot_power_ratio_MxSpd": 0.477915436, "Power_MFD": 3984.25708, "Power_MxSpd": 3984.25708, "Speed_MFD": 19.0}