{"Interferences": 22, "Mass": 3.824066491460965, "Batt_amps_ratio_MFD": 0.992388427, "Batt_amps_ratio_MxSpd": 1.24710155, "Distance_MxSpd": 892.950562, "Max_Distance": 967.363159, "Hover_Time": 45.6466179, "Max_Speed": 29.0, "Max_uc_at_MFD": 0.849035501, "Mot_amps_ratio_MFD": 0.663255095, "Mot_amps_ratio_MxSpd": 0.941212773, "Mot_power_ratio_MFD": 0.442170054, "Mot_power_ratio_MxSpd": 0.627475202, "Power_MFD": 1104.03503, "Power_MxSpd": 1648.80981, "Speed_MFD": 25.0}