{"Interferences": 47, "Mass": 5.330405184241104, "Batt_amps_ratio_MFD": 1.55412865, "Batt_amps_ratio_MxSpd": 1.55412865, "Distance_MxSpd": 494.167603, "Max_Distance": 494.167603, "Hover_Time": 21.9944668, "Max_Speed": 20.0, "Max_uc_at_MFD": 0.997792661, "Mot_amps_ratio_MFD": 0.756545544, "Mot_amps_ratio_MxSpd": 0.756545544, "Mot_power_ratio_MFD": 0.519854844, "Mot_power_ratio_MxSpd": 0.519854844, "Power_MFD": 1507.53564, "Power_MxSpd": 1507.53564, "Speed_MFD": 20.0}