{"Interferences": 7, "Mass": 3.9403733714272846, "Batt_amps_ratio_MFD": 1.52733374, "Batt_amps_ratio_MxSpd": 1.822402, "Distance_MxSpd": 400.350769, "Max_Distance": 402.269653, "Hover_Time": 35.4829559, "Max_Speed": 19.0, "Max_uc_at_MFD": 0.699158907, "Mot_amps_ratio_MFD": 0.748374999, "Mot_amps_ratio_MxSpd": 0.884300411, "Mot_power_ratio_MFD": 0.771360815, "Mot_power_ratio_MxSpd": 0.911461055, "Power_MFD": 884.626892, "Power_MxSpd": 1166.91577, "Speed_MFD": 16.0}