{"Interferences": 0, "Mass": 5.359312429023975, "Batt_amps_ratio_MFD": 0.293028712, "Batt_amps_ratio_MxSpd": 0.318154126, "Distance_MxSpd": 8448.73535, "Max_Distance": 8517.93652, "Hover_Time": 493.451935, "Max_Speed": 28.0, "Max_uc_at_MFD": 0.69183749, "Mot_amps_ratio_MFD": 0.730715811, "Mot_amps_ratio_MxSpd": 0.718456149, "Mot_power_ratio_MFD": 0.540729702, "Mot_power_ratio_MxSpd": 0.531657577, "Power_MFD": 1441.78613, "Power_MxSpd": 1666.38684, "Speed_MFD": 26.0}