{"Interferences": 36, "Mass": 11.281066803941808, "Batt_amps_ratio_MFD": 1.6027199, "Batt_amps_ratio_MxSpd": 1.6027199, "Distance_MxSpd": 3593.89062, "Max_Distance": 3593.89062, "Hover_Time": 63.6237946, "Max_Speed": 50.0, "Max_uc_at_MFD": 0.5, "Mot_amps_ratio_MFD": 0.680751085, "Mot_amps_ratio_MxSpd": 0.680751085, "Mot_power_ratio_MFD": 0.720623672, "Mot_power_ratio_MxSpd": 0.720623672, "Power_MFD": 5033.86572, "Power_MxSpd": 5033.86572, "Speed_MFD": 50.0}