{"Interferences": 0, "Mass": 5.261597902202331, "Batt_amps_ratio_MFD": 0.626772106, "Batt_amps_ratio_MxSpd": 0.626772106, "Distance_MxSpd": 1837.98853, "Max_Distance": 1837.98853, "Hover_Time": 0.0, "Max_Speed": 30.0, "Max_uc_at_MFD": 1.0, "Mot_amps_ratio_MFD": 0.599156737, "Mot_amps_ratio_MxSpd": 0.599156737, "Mot_power_ratio_MFD": 0.149773121, "Mot_power_ratio_MxSpd": 0.149773121, "Power_MFD": 1872.1062, "Power_MxSpd": 1872.1062, "Speed_MFD": 30.0}