{"Interferences": 2, "Mass": 3.34912819043868, "Batt_amps_ratio_MFD": 1.2703625, "Batt_amps_ratio_MxSpd": 1.51079845, "Distance_MxSpd": 711.676636, "Max_Distance": 725.462219, "Hover_Time": 47.2647057, "Max_Speed": 28.0, "Max_uc_at_MFD": 0.473449767, "Mot_amps_ratio_MFD": 0.806598544, "Mot_amps_ratio_MxSpd": 0.971723974, "Mot_power_ratio_MFD": 0.60606575, "Mot_power_ratio_MxSpd": 0.730138421, "Power_MFD": 881.943176, "Power_MxSpd": 1203.0658, "Speed_MFD": 24.0}