{"Interferences": 4, "Mass": 9.017846649094755, "Batt_amps_ratio_MFD": 0.893587172, "Batt_amps_ratio_MxSpd": 0.893587172, "Distance_MxSpd": 8594.57324, "Max_Distance": 8594.57324, "Hover_Time": 220.887482, "Max_Speed": 40.0, "Max_uc_at_MFD": 0.778935313, "Mot_amps_ratio_MFD": 0.92910856, "Mot_amps_ratio_MxSpd": 0.92910856, "Mot_power_ratio_MFD": 0.956253648, "Mot_power_ratio_MxSpd": 0.956253648, "Power_MFD": 3608.43774, "Power_MxSpd": 3608.43774, "Speed_MFD": 40.0}