{"Interferences": 6, "Mass": 7.448412637122008, "Batt_amps_ratio_MFD": 0.304588318, "Batt_amps_ratio_MxSpd": 0.304588318, "Distance_MxSpd": 7879.48779, "Max_Distance": 7879.48779, "Hover_Time": 431.115906, "Max_Speed": 25.0, "Max_uc_at_MFD": 0.390203744, "Mot_amps_ratio_MFD": 0.973635495, "Mot_amps_ratio_MxSpd": 0.973635495, "Mot_power_ratio_MFD": 0.731574714, "Mot_power_ratio_MxSpd": 0.731574714, "Power_MFD": 1547.14832, "Power_MxSpd": 1547.14832, "Speed_MFD": 25.0}