{"Interferences": 7, "Mass": 5.238042112147321, "Batt_amps_ratio_MFD": 1.55234861, "Batt_amps_ratio_MxSpd": 1.86455286, "Distance_MxSpd": 700.221497, "Max_Distance": 717.364624, "Hover_Time": 33.5338898, "Max_Speed": 34.0, "Max_uc_at_MFD": 0.809867382, "Mot_amps_ratio_MFD": 0.456741989, "Mot_amps_ratio_MxSpd": 0.570189834, "Mot_power_ratio_MFD": 0.152230993, "Mot_power_ratio_MxSpd": 0.190042898, "Power_MFD": 1735.0813, "Power_MxSpd": 2432.01782, "Speed_MFD": 29.0}