{"Interferences": 34, "Mass": 6.953173445210534, "Batt_amps_ratio_MFD": 0.535646617, "Batt_amps_ratio_MxSpd": 0.535646617, "Distance_MxSpd": 5591.74609, "Max_Distance": 5591.74609, "Hover_Time": 292.959839, "Max_Speed": 26.0, "Max_uc_at_MFD": 0.785899103, "Mot_amps_ratio_MFD": 0.984008014, "Mot_amps_ratio_MxSpd": 0.984008014, "Mot_power_ratio_MFD": 0.840788066, "Mot_power_ratio_MxSpd": 0.840788066, "Power_MFD": 1734.53809, "Power_MxSpd": 1734.53809, "Speed_MFD": 26.0}