{"Interferences": 12, "Mass": 8.02438698839045, "Batt_amps_ratio_MFD": 0.153844446, "Batt_amps_ratio_MxSpd": 0.153844446, "Distance_MxSpd": 8236.89062, "Max_Distance": 8236.89062, "Hover_Time": 757.783691, "Max_Speed": 11.0, "Max_uc_at_MFD": 0.722364604, "Mot_amps_ratio_MFD": 0.956951022, "Mot_amps_ratio_MxSpd": 0.956951022, "Mot_power_ratio_MFD": 0.708143771, "Mot_power_ratio_MxSpd": 0.708143771, "Power_MFD": 1581.85217, "Power_MxSpd": 1581.85217, "Speed_MFD": 11.0}