{"Interferences": 16, "Mass": 9.837411406192532, "Batt_amps_ratio_MFD": 1.75274551, "Batt_amps_ratio_MxSpd": 1.75274551, "Distance_MxSpd": 563.361084, "Max_Distance": 563.361084, "Hover_Time": 0.0, "Max_Speed": 12.0, "Max_uc_at_MFD": 0.717085361, "Mot_amps_ratio_MFD": 0.954754353, "Mot_amps_ratio_MxSpd": 0.954754353, "Mot_power_ratio_MFD": 0.716065764, "Mot_power_ratio_MxSpd": 0.716065764, "Power_MFD": 4493.1416, "Power_MxSpd": 4493.1416, "Speed_MFD": 12.0}