{"Interferences": 9, "Mass": 3.880935645624288, "Batt_amps_ratio_MFD": 0.994600773, "Batt_amps_ratio_MxSpd": 1.9088496, "Distance_MxSpd": 704.088989, "Max_Distance": 887.994446, "Hover_Time": 55.6901016, "Max_Speed": 35.0, "Max_uc_at_MFD": 0.636390507, "Mot_amps_ratio_MFD": 0.759116709, "Mot_amps_ratio_MxSpd": 0.963112116, "Mot_power_ratio_MFD": 0.561746359, "Mot_power_ratio_MxSpd": 0.71270293, "Power_MFD": 1078.76062, "Power_MxSpd": 2824.69849, "Speed_MFD": 23.0}