{"Interferences": 31, "Mass": 5.118730486579224, "Batt_amps_ratio_MFD": 2.74371338, "Batt_amps_ratio_MxSpd": 2.74371338, "Distance_MxSpd": 97.9694138, "Max_Distance": 97.9694138, "Hover_Time": 18.1870689, "Max_Speed": 7.0, "Max_uc_at_MFD": 0.736748815, "Mot_amps_ratio_MFD": 0.922487319, "Mot_amps_ratio_MxSpd": 0.922487319, "Mot_power_ratio_MFD": 0.463044286, "Mot_power_ratio_MxSpd": 0.463044286, "Power_MFD": 1843.65259, "Power_MxSpd": 1843.65259, "Speed_MFD": 7.0}