{"Interferences": 65, "Mass": 5.8142522915680495, "Batt_amps_ratio_MFD": 0.336145908, "Batt_amps_ratio_MxSpd": 0.336145908, "Distance_MxSpd": 2398.95825, "Max_Distance": 2398.95825, "Hover_Time": 0.0, "Max_Speed": 7.0, "Max_uc_at_MFD": 0.999990046, "Mot_amps_ratio_MFD": 0.843468785, "Mot_amps_ratio_MxSpd": 0.843468785, "Mot_power_ratio_MFD": 0.649698973, "Mot_power_ratio_MxSpd": 0.649698973, "Power_MFD": 1851.35828, "Power_MxSpd": 1851.35828, "Speed_MFD": 7.0}