{"Interferences": 27, "Mass": 4.629470853038362, "Batt_amps_ratio_MFD": 0.416107535, "Batt_amps_ratio_MxSpd": 0.416107535, "Distance_MxSpd": 1845.67676, "Max_Distance": 1845.67676, "Hover_Time": 0.0, "Max_Speed": 20.0, "Max_uc_at_MFD": 0.568808138, "Mot_amps_ratio_MFD": 0.860057473, "Mot_amps_ratio_MxSpd": 0.860057473, "Mot_power_ratio_MFD": 0.636442482, "Mot_power_ratio_MxSpd": 0.636442482, "Power_MFD": 1006.66638, "Power_MxSpd": 1006.66638, "Speed_MFD": 20.0}