{"Interferences": 12, "Mass": 5.046580529728114, "Batt_amps_ratio_MFD": 0.40630129, "Batt_amps_ratio_MxSpd": 0.857547224, "Distance_MxSpd": 2015.04932, "Max_Distance": 2646.31201, "Hover_Time": 151.232758, "Max_Speed": 45.0, "Max_uc_at_MFD": 0.56327045, "Mot_amps_ratio_MFD": 0.579542398, "Mot_amps_ratio_MxSpd": 0.749827445, "Mot_power_ratio_MFD": 0.571815193, "Mot_power_ratio_MxSpd": 0.739829779, "Power_MFD": 1667.6012, "Power_MxSpd": 5640.32764, "Speed_MFD": 28.0}