{"Interferences": 14, "Mass": 3.408519681762382, "Batt_amps_ratio_MFD": 1.02764571, "Batt_amps_ratio_MxSpd": 1.68601358, "Distance_MxSpd": 819.922241, "Max_Distance": 1008.90808, "Hover_Time": 0.0, "Max_Speed": 36.0, "Max_uc_at_MFD": 0.685508072, "Mot_amps_ratio_MFD": 0.524741113, "Mot_amps_ratio_MxSpd": 0.821698844, "Mot_power_ratio_MFD": 0.485385507, "Mot_power_ratio_MxSpd": 0.760071456, "Power_MFD": 1286.71924, "Power_MxSpd": 2833.67188, "Speed_MFD": 27.0}