{"Interferences": 4, "Mass": 6.273498797150627, "Batt_amps_ratio_MFD": 0.619637847, "Batt_amps_ratio_MxSpd": 0.619637847, "Distance_MxSpd": 1673.23535, "Max_Distance": 1673.23535, "Hover_Time": 0.0, "Max_Speed": 27.0, "Max_uc_at_MFD": 0.720623851, "Mot_amps_ratio_MFD": 0.860880256, "Mot_amps_ratio_MxSpd": 0.860880256, "Mot_power_ratio_MFD": 0.430682629, "Mot_power_ratio_MxSpd": 0.430682629, "Power_MFD": 2451.3501, "Power_MxSpd": 2451.3501, "Speed_MFD": 27.0}