{"Interferences": 6, "Mass": 8.492042850575668, "Batt_amps_ratio_MFD": 0.451659948, "Batt_amps_ratio_MxSpd": 0.588323772, "Distance_MxSpd": 5874.31641, "Max_Distance": 6163.9292, "Hover_Time": 277.026489, "Max_Speed": 36.0, "Max_uc_at_MFD": 0.408152282, "Mot_amps_ratio_MFD": 0.946356416, "Mot_amps_ratio_MxSpd": 0.898981512, "Mot_power_ratio_MFD": 0.892887294, "Mot_power_ratio_MxSpd": 0.848189056, "Power_MFD": 2296.43066, "Power_MxSpd": 3471.22607, "Speed_MFD": 29.0}