{"Interferences": 23, "Mass": 5.457870070783001, "Batt_amps_ratio_MFD": 0.414778143, "Batt_amps_ratio_MxSpd": 0.414778143, "Distance_MxSpd": 2036.75146, "Max_Distance": 2036.75146, "Hover_Time": 113.160805, "Max_Speed": 22.0, "Max_uc_at_MFD": 0.850588024, "Mot_amps_ratio_MFD": 0.91071111, "Mot_amps_ratio_MxSpd": 0.91071111, "Mot_power_ratio_MFD": 0.673926234, "Mot_power_ratio_MxSpd": 0.673926234, "Power_MFD": 1388.51587, "Power_MxSpd": 1388.51587, "Speed_MFD": 22.0}