{
  "generator_version":"UAV2_gen12",
  "name":"design_6214_ffcdddf6f2704b20a40b7702655be7b0_s",
  "hub":{
    "node_type":"ConnectedHub6_2_2_2",
    "frontSegment":{
      "node_type":"AngledWingArm",
      "arm1Length":323.2794022375901,
      "arm2Length":56.63670956177348,
      "wing":{
        "wingType":"Wing_vert_hole",
        "nacaProfile":"4418",
        "span":789.5913449860905,
        "chordInner":147.25381384529524,
        "chordOuter":62.1171305767846,
        "taperOffset":true,
        "aileronBias":0.2320434622221605,
        "flapBias":0.8735413222986496,
        "load":822.0170126335985,
        "tubeOffset":33.919473889359956,
        "tubeRot":270.0
      },
      "servo":{
        "servoType":"Hitec_HS_81"
      }
    },
    "middleSegment":{
      "node_type":"PropArm",
      "armLength":60.44325419917243,
      "motor":{
        "motorType":"t_motor_AT4130KV450"
      },
      "prop":{
        "propType":"apc_propellers_17x8"
      },
      "flange":{
        "offset":18.0408254249611,
        "angle":180.0
      }
    },
    "rearSegment":{
      "node_type":"AngledWingArm",
      "arm1Length":451.4706236871222,
      "arm2Length":89.90392079244215,
      "wing":{
        "wingType":"Wing_vert_hole",
        "nacaProfile":"6318",
        "span":1247.1876409617444,
        "chordInner":422.6130029801156,
        "chordOuter":101.40716073688289,
        "taperOffset":false,
        "aileronBias":0.8396112512334657,
        "flapBias":0.8272240014000402,
        "load":890.7510298599234,
        "tubeOffset":14.96636514887296,
        "tubeRot":270.0
      },
      "servo":{
        "servoType":"Hitec_D485HW"
      }
    }
  },
  "fuselageWithComponents":{
    "node_type":"SingleBatteryFuselageWithComponents",
    "battery":{
      "batteryType":"TurnigyGraphene4000mAh6S75C"
    },
    "fuselage":{
      "length":145.0,
      "vertDiameter":76.5,
      "horzDiameter":362.4,
      "floorHeight":12.75,
      "batteryX":0.0,
      "batteryY":6.0,
      "rpmX":0.0,
      "rpmY":-110.8,
      "autoPilotX":0.0,
      "autoPilotY":54.5,
      "currentX":0.0,
      "currentY":-90.65,
      "voltageX":0.0,
      "voltageY":108.3,
      "gpsX":0.0,
      "gpsY":-50.5,
      "varioX":0.0,
      "varioY":86.65
    }
  }
}