{"Interferences": 55, "Mass": 2.6251318463237747, "Batt_amps_ratio_MFD": 0.707113564, "Batt_amps_ratio_MxSpd": 0.707113564, "Distance_MxSpd": 1086.10559, "Max_Distance": 1086.10559, "Hover_Time": 75.2774353, "Max_Speed": 20.0, "Max_uc_at_MFD": 0.996713996, "Mot_amps_ratio_MFD": 0.29208988, "Mot_amps_ratio_MxSpd": 0.29208988, "Mot_power_ratio_MFD": 0.141846135, "Mot_power_ratio_MxSpd": 0.141846135, "Power_MFD": 547.632812, "Power_MxSpd": 547.632812, "Speed_MFD": 20.0}