{"Interferences": 27, "Mass": 6.7584796578621456, "Batt_amps_ratio_MFD": 0.37287879, "Batt_amps_ratio_MxSpd": 0.37287879, "Distance_MxSpd": 4891.66992, "Max_Distance": 4891.66992, "Hover_Time": 283.09314, "Max_Speed": 19.0, "Max_uc_at_MFD": 0.737407565, "Mot_amps_ratio_MFD": 0.999408245, "Mot_amps_ratio_MxSpd": 0.999408245, "Mot_power_ratio_MFD": 0.750089705, "Mot_power_ratio_MxSpd": 0.750089705, "Power_MFD": 1573.67017, "Power_MxSpd": 1573.67017, "Speed_MFD": 19.0}