{"Interferences": 17, "Mass": 6.246592222293332, "Batt_amps_ratio_MFD": 0.506010771, "Batt_amps_ratio_MxSpd": 0.650364637, "Distance_MxSpd": 7675.69434, "Max_Distance": 8727.08691, "Hover_Time": 0.0, "Max_Speed": 26.0, "Max_uc_at_MFD": 0.804687023, "Mot_amps_ratio_MFD": 0.953247607, "Mot_amps_ratio_MxSpd": 0.900101364, "Mot_power_ratio_MFD": 0.724468172, "Mot_power_ratio_MxSpd": 0.684077024, "Power_MFD": 1401.10938, "Power_MxSpd": 1878.37622, "Speed_MFD": 23.0}