{"Interferences": 2, "Mass": 3.285493073097484, "Batt_amps_ratio_MFD": 0.76482743, "Batt_amps_ratio_MxSpd": 0.76482743, "Distance_MxSpd": 853.525879, "Max_Distance": 853.525879, "Hover_Time": 59.0619202, "Max_Speed": 17.0, "Max_uc_at_MFD": 1.0, "Mot_amps_ratio_MFD": 0.402038276, "Mot_amps_ratio_MxSpd": 0.402038276, "Mot_power_ratio_MFD": 0.183755144, "Mot_power_ratio_MxSpd": 0.183755144, "Power_MFD": 590.700562, "Power_MxSpd": 590.700562, "Speed_MFD": 17.0}