{"Interferences": 13, "Mass": 4.624484652158129, "Batt_amps_ratio_MFD": 0.257208943, "Batt_amps_ratio_MxSpd": 0.257208943, "Distance_MxSpd": 3284.48926, "Max_Distance": 3284.48926, "Hover_Time": 0.0, "Max_Speed": 22.0, "Max_uc_at_MFD": 0.970352829, "Mot_amps_ratio_MFD": 0.565190017, "Mot_amps_ratio_MxSpd": 0.565190017, "Mot_power_ratio_MFD": 0.423892528, "Mot_power_ratio_MxSpd": 0.423892528, "Power_MFD": 1121.3158, "Power_MxSpd": 1121.3158, "Speed_MFD": 22.0}