{"Interferences": 0, "Mass": 8.319752423135382, "Batt_amps_ratio_MFD": 0.399838835, "Batt_amps_ratio_MxSpd": 0.474085987, "Distance_MxSpd": 1862.95325, "Max_Distance": 2016.81262, "Hover_Time": 109.516029, "Max_Speed": 23.0, "Max_uc_at_MFD": 0.975159764, "Mot_amps_ratio_MFD": 0.338107586, "Mot_amps_ratio_MxSpd": 0.334403366, "Mot_power_ratio_MFD": 0.0845178366, "Mot_power_ratio_MxSpd": 0.083591871, "Power_MFD": 1586.3429, "Power_MxSpd": 1982.44934, "Speed_MFD": 21.0}