{"Interferences": 16, "Mass": 6.147457133730165, "Batt_amps_ratio_MFD": 0.417800635, "Batt_amps_ratio_MxSpd": 0.50873071, "Distance_MxSpd": 2566.38721, "Max_Distance": 2665.38623, "Hover_Time": 0.0, "Max_Speed": 34.0, "Max_uc_at_MFD": 0.879797876, "Mot_amps_ratio_MFD": 0.950513244, "Mot_amps_ratio_MxSpd": 0.969737053, "Mot_power_ratio_MFD": 0.586149812, "Mot_power_ratio_MxSpd": 0.59800452, "Power_MFD": 1999.37732, "Power_MxSpd": 2699.01221, "Speed_MFD": 29.0}