{"Interferences": 8, "Mass": 3.9917242373426296, "Batt_amps_ratio_MFD": 1.55164027, "Batt_amps_ratio_MxSpd": 1.55164027, "Distance_MxSpd": 692.944092, "Max_Distance": 692.944092, "Hover_Time": 37.1137772, "Max_Speed": 28.0, "Max_uc_at_MFD": 1.0, "Mot_amps_ratio_MFD": 0.254144758, "Mot_amps_ratio_MxSpd": 0.254144758, "Mot_power_ratio_MFD": 0.0947384536, "Mot_power_ratio_MxSpd": 0.0947384536, "Power_MFD": 1563.39258, "Power_MxSpd": 1563.39258, "Speed_MFD": 28.0}