{"Interferences": 21, "Mass": 5.981743131783427, "Batt_amps_ratio_MFD": 0.649935484, "Batt_amps_ratio_MxSpd": 0.69083941, "Distance_MxSpd": 5169.36377, "Max_Distance": 5317.45068, "Hover_Time": 278.466888, "Max_Speed": 31.0, "Max_uc_at_MFD": 0.784293413, "Mot_amps_ratio_MFD": 0.947600722, "Mot_amps_ratio_MxSpd": 0.947777987, "Mot_power_ratio_MFD": 0.701224566, "Mot_power_ratio_MxSpd": 0.71083349, "Power_MFD": 1849.51685, "Power_MxSpd": 2260.32349, "Speed_MFD": 30.0}