{
  "generator_version":"UAV2_gen12",
  "name":"design_10189_ffc366434db746f986b4baae4e612f36_s",
  "hub":{
    "node_type":"ConnectedHub6_2_2_2",
    "frontSegment":{
      "node_type":"DoubleBendSegment",
      "angle":-90.0,
      "arm1Length":252.40410735971662,
      "arm2Length":90.55848607819611,
      "mainSegment":{
        "node_type":"DoubleBendSegment",
        "angle":-90.0,
        "arm1Length":335.6858624355928,
        "arm2Length":424.75023675653415,
        "mainSegment":{
          "node_type":"PropArm",
          "armLength":354.6702136991028,
          "motor":{
            "motorType":"t_motor_AT4130KV300"
          },
          "prop":{
            "propType":"apc_propellers_13x7"
          },
          "flange":{
            "offset":-13.893749187799727,
            "angle":0.0
          }
        }
      }
    },
    "middleSegment":{
      "node_type":"PropArm",
      "armLength":275.6432635821636,
      "motor":{
        "motorType":"t_motor_MN5208KV340"
      },
      "prop":{
        "propType":"apc_propellers_15x5_5MR"
      },
      "flange":{
        "offset":-6.733920217303471,
        "angle":0.0
      }
    },
    "rearSegment":{
      "node_type":"AngledWingArm",
      "arm1Length":146.24799487458316,
      "arm2Length":125.7149082747068,
      "wing":{
        "wingType":"Wing_vert_hole",
        "nacaProfile":"4312",
        "span":447.3983946567821,
        "chordInner":468.606990680878,
        "chordOuter":181.2383023593786,
        "taperOffset":false,
        "aileronBias":0.42738567483552814,
        "flapBias":0.9701412783539255,
        "load":529.9947011766315,
        "tubeOffset":61.49807038120962,
        "tubeRot":251.54052948550336
      },
      "servo":{
        "servoType":"Hitec_HS_5065MG"
      }
    }
  },
  "fuselageWithComponents":{
    "node_type":"SingleBatteryFuselageWithComponents",
    "battery":{
      "batteryType":"TurnigyGraphene1500mAh3S75C"
    },
    "fuselage":{
      "length":90.0,
      "vertDiameter":52.5,
      "horzDiameter":323.4,
      "floorHeight":8.75,
      "batteryX":0.0,
      "batteryY":6.0,
      "rpmX":0.0,
      "rpmY":-97.8,
      "autoPilotX":0.0,
      "autoPilotY":41.5,
      "currentX":0.0,
      "currentY":-77.65,
      "voltageX":0.0,
      "voltageY":95.3,
      "gpsX":0.0,
      "gpsY":-37.5,
      "varioX":0.0,
      "varioY":73.65
    }
  }
}