{"Interferences": 61, "Mass": 3.3335694956229407, "Batt_amps_ratio_MFD": 0.574363053, "Batt_amps_ratio_MxSpd": 0.574363053, "Distance_MxSpd": 1537.70337, "Max_Distance": 1537.70337, "Hover_Time": 73.8652573, "Max_Speed": 23.0, "Max_uc_at_MFD": 0.985815048, "Mot_amps_ratio_MFD": 0.898216784, "Mot_amps_ratio_MxSpd": 0.898216784, "Mot_power_ratio_MFD": 0.443120301, "Mot_power_ratio_MxSpd": 0.443120301, "Power_MFD": 842.519653, "Power_MxSpd": 842.519653, "Speed_MFD": 23.0}