{"Interferences": 10, "Mass": 6.707217624366463, "Batt_amps_ratio_MFD": 0.42550081, "Batt_amps_ratio_MxSpd": 0.42550081, "Distance_MxSpd": 1082.95923, "Max_Distance": 1082.95923, "Hover_Time": 0.0, "Max_Speed": 12.0, "Max_uc_at_MFD": 0.99977684, "Mot_amps_ratio_MFD": 0.866039813, "Mot_amps_ratio_MxSpd": 0.866039813, "Mot_power_ratio_MFD": 0.420570582, "Mot_power_ratio_MxSpd": 0.420570582, "Power_MFD": 1363.91077, "Power_MxSpd": 1363.91077, "Speed_MFD": 12.0}