{"Interferences": 13, "Mass": 3.2337223484800246, "Batt_amps_ratio_MFD": 0.699252486, "Batt_amps_ratio_MxSpd": 0.732595325, "Distance_MxSpd": 1153.16052, "Max_Distance": 1153.23157, "Hover_Time": 0.0, "Max_Speed": 22.0, "Max_uc_at_MFD": 0.957028627, "Mot_amps_ratio_MFD": 0.421002537, "Mot_amps_ratio_MxSpd": 0.435892761, "Mot_power_ratio_MFD": 0.210715592, "Mot_power_ratio_MxSpd": 0.218168288, "Power_MFD": 664.514648, "Power_MxSpd": 717.643066, "Speed_MFD": 21.0}