{"Interferences": 29, "Mass": 7.216832328346791, "Batt_amps_ratio_MFD": 0.345026553, "Batt_amps_ratio_MxSpd": 0.345026553, "Distance_MxSpd": 2559.80298, "Max_Distance": 2559.80298, "Hover_Time": 122.438614, "Max_Speed": 23.0, "Max_uc_at_MFD": 0.5965783, "Mot_amps_ratio_MFD": 0.94742471, "Mot_amps_ratio_MxSpd": 0.94742471, "Mot_power_ratio_MFD": 0.70109427, "Mot_power_ratio_MxSpd": 0.70109427, "Power_MFD": 1616.61414, "Power_MxSpd": 1616.61414, "Speed_MFD": 23.0}