{"Interferences": 5, "Mass": 5.848035070404479, "Batt_amps_ratio_MFD": 0.616685033, "Batt_amps_ratio_MxSpd": 0.735461771, "Distance_MxSpd": 1357.5144, "Max_Distance": 1369.90515, "Hover_Time": 81.1176147, "Max_Speed": 26.0, "Max_uc_at_MFD": 0.965833604, "Mot_amps_ratio_MFD": 0.383705944, "Mot_amps_ratio_MxSpd": 0.371173054, "Mot_power_ratio_MFD": 0.0959161967, "Mot_power_ratio_MxSpd": 0.0927833095, "Power_MFD": 1323.94006, "Power_MxSpd": 1706.74365, "Speed_MFD": 22.0}