{"Interferences": 65, "Mass": 4.197566075541765, "Batt_amps_ratio_MFD": 1.49858701, "Batt_amps_ratio_MxSpd": 1.49858701, "Distance_MxSpd": 640.603455, "Max_Distance": 640.603455, "Hover_Time": 30.3188381, "Max_Speed": 25.0, "Max_uc_at_MFD": 0.993777156, "Mot_amps_ratio_MFD": 0.586785078, "Mot_amps_ratio_MxSpd": 0.586785078, "Mot_power_ratio_MFD": 0.287352115, "Mot_power_ratio_MxSpd": 0.287352115, "Power_MFD": 1070.92615, "Power_MxSpd": 1070.92615, "Speed_MFD": 25.0}