{"Interferences": 42, "Mass": 2.8828616075944087, "Batt_amps_ratio_MFD": 0.416204512, "Batt_amps_ratio_MxSpd": 0.416204512, "Distance_MxSpd": 1199.4104, "Max_Distance": 1199.4104, "Hover_Time": 0.0, "Max_Speed": 13.0, "Max_uc_at_MFD": 0.999999702, "Mot_amps_ratio_MFD": 0.24138689, "Mot_amps_ratio_MxSpd": 0.24138689, "Mot_power_ratio_MFD": 0.111641437, "Mot_power_ratio_MxSpd": 0.111641437, "Power_MFD": 409.93927, "Power_MxSpd": 409.93927, "Speed_MFD": 13.0}