{"Interferences": 7, "Mass": 7.683724390441014, "Batt_amps_ratio_MFD": 1.04223943, "Batt_amps_ratio_MxSpd": 1.29586363, "Distance_MxSpd": 888.982422, "Max_Distance": 921.093506, "Hover_Time": 48.5656204, "Max_Speed": 30.0, "Max_uc_at_MFD": 0.783410549, "Mot_amps_ratio_MFD": 0.697192609, "Mot_amps_ratio_MxSpd": 0.969213307, "Mot_power_ratio_MFD": 0.349239856, "Mot_power_ratio_MxSpd": 0.485501289, "Power_MFD": 2211.90015, "Power_MxSpd": 3264.57104, "Speed_MFD": 25.0}