{"Interferences": 1, "Mass": 6.339988019191834, "Batt_amps_ratio_MFD": 0.922520936, "Batt_amps_ratio_MxSpd": 1.29305661, "Distance_MxSpd": 3207.28418, "Max_Distance": 3621.3811, "Hover_Time": 160.25119, "Max_Speed": 36.0, "Max_uc_at_MFD": 0.619374216, "Mot_amps_ratio_MFD": 0.628169298, "Mot_amps_ratio_MxSpd": 0.998481512, "Mot_power_ratio_MFD": 0.458863169, "Mot_power_ratio_MxSpd": 0.7075755, "Power_MFD": 1902.8009, "Power_MxSpd": 3436.27734, "Speed_MFD": 29.0}