{"Interferences": 40, "Mass": 7.86456697481664, "Batt_amps_ratio_MFD": 0.479413688, "Batt_amps_ratio_MxSpd": 0.479413688, "Distance_MxSpd": 2402.9353, "Max_Distance": 2402.9353, "Hover_Time": 377.564819, "Max_Speed": 6.0, "Max_uc_at_MFD": 0.992900133, "Mot_amps_ratio_MFD": 0.736968637, "Mot_amps_ratio_MxSpd": 0.736968637, "Mot_power_ratio_MFD": 0.477187186, "Mot_power_ratio_MxSpd": 0.477187186, "Power_MFD": 1435.32117, "Power_MxSpd": 1435.32117, "Speed_MFD": 6.0}