{"Interferences": 9, "Mass": 9.150590705639845, "Batt_amps_ratio_MFD": 1.48948228, "Batt_amps_ratio_MxSpd": 1.48948228, "Distance_MxSpd": 2010.90002, "Max_Distance": 2010.90002, "Hover_Time": 0.0, "Max_Speed": 26.0, "Max_uc_at_MFD": 0.996530354, "Mot_amps_ratio_MFD": 0.944389403, "Mot_amps_ratio_MxSpd": 0.944389403, "Mot_power_ratio_MFD": 0.630935013, "Mot_power_ratio_MxSpd": 0.630935013, "Power_MFD": 5088.38379, "Power_MxSpd": 5088.38379, "Speed_MFD": 26.0}