{"Interferences": 3, "Mass": 3.849828159379409, "Batt_amps_ratio_MFD": 1.32763314, "Batt_amps_ratio_MxSpd": 1.51251185, "Distance_MxSpd": 660.093994, "Max_Distance": 665.244019, "Hover_Time": 40.0951309, "Max_Speed": 26.0, "Max_uc_at_MFD": 0.651347578, "Mot_amps_ratio_MFD": 0.454206616, "Mot_amps_ratio_MxSpd": 0.528738678, "Mot_power_ratio_MFD": 0.214271963, "Mot_power_ratio_MxSpd": 0.249432474, "Power_MFD": 849.838684, "Power_MxSpd": 1090.77405, "Speed_MFD": 23.0}