{"Interferences": 7, "Mass": 7.143757697935896, "Batt_amps_ratio_MFD": 0.252714276, "Batt_amps_ratio_MxSpd": 0.336672306, "Distance_MxSpd": 1026.51746, "Max_Distance": 1063.65173, "Hover_Time": 170.863251, "Max_Speed": 9.0, "Max_uc_at_MFD": 0.97707963, "Mot_amps_ratio_MFD": 0.481855839, "Mot_amps_ratio_MxSpd": 0.448909074, "Mot_power_ratio_MFD": 0.160709098, "Mot_power_ratio_MxSpd": 0.269197345, "Power_MFD": 1408.62891, "Power_MxSpd": 2123.53931, "Speed_MFD": 7.0}