{"Interferences": 6, "Mass": 4.320306905024438, "Batt_amps_ratio_MFD": 0.997579515, "Batt_amps_ratio_MxSpd": 1.77542877, "Distance_MxSpd": 692.114502, "Max_Distance": 808.356628, "Hover_Time": 51.048275, "Max_Speed": 32.0, "Max_uc_at_MFD": 0.889838994, "Mot_amps_ratio_MFD": 0.553851366, "Mot_amps_ratio_MxSpd": 0.752235293, "Mot_power_ratio_MFD": 0.277436942, "Mot_power_ratio_MxSpd": 0.376812041, "Power_MFD": 879.55365, "Power_MxSpd": 2220.18262, "Speed_MFD": 21.0}