{"Interferences": 6, "Mass": 6.525471983600189, "Batt_amps_ratio_MFD": 1.42787778, "Batt_amps_ratio_MxSpd": 1.42787778, "Distance_MxSpd": 376.502808, "Max_Distance": 376.502808, "Hover_Time": 30.4654484, "Max_Speed": 14.0, "Max_uc_at_MFD": 0.999526381, "Mot_amps_ratio_MFD": 0.551529944, "Mot_amps_ratio_MxSpd": 0.551529944, "Mot_power_ratio_MFD": 0.340110123, "Mot_power_ratio_MxSpd": 0.340110123, "Power_MFD": 1838.53833, "Power_MxSpd": 1838.53833, "Speed_MFD": 14.0}