{"Interferences": 21, "Mass": 2.967307925781129, "Batt_amps_ratio_MFD": 0.984081924, "Batt_amps_ratio_MxSpd": 1.31423974, "Distance_MxSpd": 847.333984, "Max_Distance": 897.486267, "Hover_Time": 61.8449249, "Max_Speed": 29.0, "Max_uc_at_MFD": 0.740251958, "Mot_amps_ratio_MFD": 0.446228653, "Mot_amps_ratio_MxSpd": 0.631524384, "Mot_power_ratio_MFD": 0.264167368, "Mot_power_ratio_MxSpd": 0.373862416, "Power_MFD": 739.230225, "Power_MxSpd": 1276.02576, "Speed_MFD": 23.0}