{"Interferences": 40, "Mass": 6.782444783356413, "Batt_amps_ratio_MFD": 1.53471875, "Batt_amps_ratio_MxSpd": 1.53471875, "Distance_MxSpd": 600.500916, "Max_Distance": 600.500916, "Hover_Time": 83.6007767, "Max_Speed": 8.0, "Max_uc_at_MFD": 0.676618516, "Mot_amps_ratio_MFD": 0.920750439, "Mot_amps_ratio_MxSpd": 0.920750439, "Mot_power_ratio_MFD": 0.72143507, "Mot_power_ratio_MxSpd": 0.72143507, "Power_MFD": 2622.93481, "Power_MxSpd": 2622.93481, "Speed_MFD": 8.0}