{"Interferences": 9, "Mass": 5.53755095972524, "Batt_amps_ratio_MFD": 1.57166886, "Batt_amps_ratio_MxSpd": 1.79886591, "Distance_MxSpd": 405.588867, "Max_Distance": 439.787292, "Hover_Time": 26.4388962, "Max_Speed": 19.0, "Max_uc_at_MFD": 0.632356107, "Mot_amps_ratio_MFD": 0.814888179, "Mot_amps_ratio_MxSpd": 0.970536411, "Mot_power_ratio_MFD": 0.4081963, "Mot_power_ratio_MxSpd": 0.486164093, "Power_MFD": 1348.69922, "Power_MxSpd": 1635.0929, "Speed_MFD": 18.0}