{
  "generator_version":"UAV2_gen12",
  "name":"design_276_dfa6be7c933043fc80a18c9406b41f1c_dw_dl",
  "hub":{
    "node_type":"ConnectedHub4_2_2",
    "frontSegment":{
      "node_type":"AngledWingArm",
      "arm1Length":384.0422322811138,
      "arm2Length":83.136441128688,
      "wing":{
        "wingType":"Wing_vert_hole",
        "nacaProfile":"2212",
        "span":1914.6319011691369,
        "chordInner":457.77215069985294,
        "chordOuter":75.34950846578786,
        "taperOffset":false,
        "aileronBias":0.9885401875044474,
        "flapBias":0.34803227799581216,
        "load":156.94820580945756,
        "tubeOffset":59.62703554453748,
        "tubeRot":275.72480234447704
      },
      "servo":{
        "servoType":"Hitec_HS_7245MH"
      }
    },
    "rearSegment":{
      "node_type":"SidewaysBendWithTopSegment",
      "angle":128.19131172164924,
      "armLength":148.14686232087826,
      "mainSegment":{
        "node_type":"PropArm",
        "armLength":176.091290239664,
        "motor":{
          "motorType":"t_motor_U7_V2.0KV490"
        },
        "prop":{
          "propType":"apc_propellers_17x6E"
        },
        "flange":{
          "offset":49.27736302704933,
          "angle":0.0
        }
      },
      "topSegment":{
        "node_type":"AngledWingArm",
        "arm1Length":178.45554930911055,
        "arm2Length":109.20073330334912,
        "wing":{
          "wingType":"Wing_horiz_hole",
          "nacaProfile":"6212",
          "span":1965.3836252772949,
          "chordInner":125.20322065012981,
          "chordOuter":100.4651234927903,
          "taperOffset":false,
          "aileronBias":0.6006370828013702,
          "flapBias":0.12699742689314006,
          "load":480.603149024795,
          "tubeOffset":47.913894675233706,
          "tubeRot":270.0
        },
        "servo":{
          "servoType":"Hitec_D89MW"
        }
      }
    }
  },
  "fuselageWithComponents":{
    "node_type":"DualBatteryFuselageWithComponents",
    "battery":{
      "batteryType":"TurnigyGraphene6000mAh3S75C"
    },
    "fuselage":{
      "length":337.0,
      "vertDiameter":103.5,
      "horzDiameter":326.4,
      "floorHeight":17.25,
      "battery1X":-84.25,
      "battery1Y":6.0,
      "battery2X":85.25,
      "battery2Y":6.0,
      "rpmX":0.0,
      "rpmY":-98.8,
      "autoPilotX":0.0,
      "autoPilotY":42.5,
      "currentX":0.0,
      "currentY":-78.65,
      "voltageX":0.0,
      "voltageY":96.3,
      "gpsX":0.0,
      "gpsY":-38.5,
      "varioX":0.0,
      "varioY":74.65
    }
  }
}