{"Interferences": 16, "Mass": 15.486382260046916, "Batt_amps_ratio_MFD": 0.573849022, "Batt_amps_ratio_MxSpd": 0.75331229, "Distance_MxSpd": 7493.30664, "Max_Distance": 7829.2373, "Hover_Time": 285.448212, "Max_Speed": 49.0, "Max_uc_at_MFD": 0.423721641, "Mot_amps_ratio_MFD": 0.793504119, "Mot_amps_ratio_MxSpd": 0.702997506, "Mot_power_ratio_MFD": 0.925655484, "Mot_power_ratio_MxSpd": 0.82007581, "Power_MFD": 5941.55078, "Power_MxSpd": 8804.03711, "Speed_MFD": 39.0}