{"Interferences": 19, "Mass": 4.417904252387601, "Batt_amps_ratio_MFD": 1.42143464, "Batt_amps_ratio_MxSpd": 1.85771179, "Distance_MxSpd": 599.447144, "Max_Distance": 621.344055, "Hover_Time": 0.0, "Max_Speed": 29.0, "Max_uc_at_MFD": 0.4331747, "Mot_amps_ratio_MFD": 0.67506063, "Mot_amps_ratio_MxSpd": 0.885048091, "Mot_power_ratio_MFD": 0.424613148, "Mot_power_ratio_MxSpd": 0.556695282, "Power_MFD": 972.478027, "Power_MxSpd": 1597.51575, "Speed_MFD": 23.0}