{"Interferences": 128, "Mass": 5.640920245407891, "Batt_amps_ratio_MFD": 0.179189131, "Batt_amps_ratio_MxSpd": 0.179189131, "Distance_MxSpd": 3643.07812, "Max_Distance": 3643.07812, "Hover_Time": 246.215317, "Max_Speed": 17.0, "Max_uc_at_MFD": 0.99999994, "Mot_amps_ratio_MFD": 0.785729945, "Mot_amps_ratio_MxSpd": 0.785729945, "Mot_power_ratio_MFD": 0.410428345, "Mot_power_ratio_MxSpd": 0.410428345, "Power_MFD": 1044.33093, "Power_MxSpd": 1044.33093, "Speed_MFD": 17.0}