{"Interferences": 13, "Mass": 7.136524750630502, "Batt_amps_ratio_MFD": 4.18274879, "Batt_amps_ratio_MxSpd": 4.18274879, "Distance_MxSpd": 146.889053, "Max_Distance": 146.889053, "Hover_Time": 8.5796566, "Max_Speed": 16.0, "Max_uc_at_MFD": 0.997981668, "Mot_amps_ratio_MFD": 0.817385316, "Mot_amps_ratio_MxSpd": 0.817385316, "Mot_power_ratio_MFD": 0.272432536, "Mot_power_ratio_MxSpd": 0.272432536, "Power_MFD": 4451.82275, "Power_MxSpd": 4451.82275, "Speed_MFD": 16.0}