{"Interferences": 5, "Mass": 4.248747925521847, "Batt_amps_ratio_MFD": 1.38160408, "Batt_amps_ratio_MxSpd": 1.38160408, "Distance_MxSpd": 778.225891, "Max_Distance": 778.225891, "Hover_Time": 34.4287834, "Max_Speed": 28.0, "Max_uc_at_MFD": 0.999848247, "Mot_amps_ratio_MFD": 0.419002742, "Mot_amps_ratio_MxSpd": 0.419002742, "Mot_power_ratio_MFD": 0.387577534, "Mot_power_ratio_MxSpd": 0.387577534, "Power_MFD": 1679.82007, "Power_MxSpd": 1679.82007, "Speed_MFD": 28.0}