{"Interferences": 51, "Mass": 4.414739047972181, "Batt_amps_ratio_MFD": 0.226533204, "Batt_amps_ratio_MxSpd": 0.226533204, "Distance_MxSpd": 11187.7637, "Max_Distance": 11187.7637, "Hover_Time": 700.26532, "Max_Speed": 22.0, "Max_uc_at_MFD": 0.776012897, "Mot_amps_ratio_MFD": 0.948864579, "Mot_amps_ratio_MxSpd": 0.948864579, "Mot_power_ratio_MFD": 0.91091001, "Mot_power_ratio_MxSpd": 0.91091001, "Power_MFD": 964.149963, "Power_MxSpd": 964.149963, "Speed_MFD": 22.0}