{"Interferences": 14, "Mass": 5.262729803187424, "Batt_amps_ratio_MFD": 0.348338574, "Batt_amps_ratio_MxSpd": 0.397461057, "Distance_MxSpd": 2898.39697, "Max_Distance": 3086.6521, "Hover_Time": 174.354156, "Max_Speed": 30.0, "Max_uc_at_MFD": 0.958682835, "Mot_amps_ratio_MFD": 0.641258478, "Mot_amps_ratio_MxSpd": 0.973862052, "Mot_power_ratio_MFD": 0.395442754, "Mot_power_ratio_MxSpd": 0.800731003, "Power_MFD": 1717.9668, "Power_MxSpd": 1929.01685, "Speed_MFD": 28.0}