{"Interferences": 3, "Mass": 5.663921030119364, "Batt_amps_ratio_MFD": 1.68260288, "Batt_amps_ratio_MxSpd": 1.68260288, "Distance_MxSpd": 547.722778, "Max_Distance": 547.722778, "Hover_Time": 21.7307091, "Max_Speed": 24.0, "Max_uc_at_MFD": 0.999998927, "Mot_amps_ratio_MFD": 0.599436164, "Mot_amps_ratio_MxSpd": 0.599436164, "Mot_power_ratio_MFD": 0.295721829, "Mot_power_ratio_MxSpd": 0.295721829, "Power_MFD": 2660.83691, "Power_MxSpd": 2660.83691, "Speed_MFD": 24.0}