{"Interferences": 0, "Mass": 4.496653080957262, "Batt_amps_ratio_MFD": 0.222927958, "Batt_amps_ratio_MxSpd": 0.222927958, "Distance_MxSpd": 8612.64844, "Max_Distance": 8612.64844, "Hover_Time": 879.144958, "Max_Speed": 10.0, "Max_uc_at_MFD": 0.999764502, "Mot_amps_ratio_MFD": 0.568652272, "Mot_amps_ratio_MxSpd": 0.568652272, "Mot_power_ratio_MFD": 0.280535132, "Mot_power_ratio_MxSpd": 0.280535132, "Power_MFD": 635.808899, "Power_MxSpd": 635.808899, "Speed_MFD": 10.0}