{
  "generator_version":"UAV2_gen12",
  "name":"design_6518_279dff6c797f49a29d52e7ba4118c56b_dw",
  "hub":{
    "node_type":"ConnectedHub6_Sym",
    "mainSegment":{
      "node_type":"BranchWithTopSegment_Sym",
      "armLength":100.06777238294532,
      "angle":143.67731212041372,
      "mainSegment":{
        "node_type":"DoubleBendSegment",
        "angle":-90.0,
        "arm1Length":257.82156262912144,
        "arm2Length":461.4587631376659,
        "mainSegment":{
          "node_type":"AngledWingArm",
          "arm1Length":157.5843280319219,
          "arm2Length":99.85917676881695,
          "wing":{
            "wingType":"Wing_horiz_hole",
            "nacaProfile":"2515",
            "span":1614.1459253215105,
            "chordInner":103.31999152138027,
            "chordOuter":180.51161100713585,
            "taperOffset":true,
            "aileronBias":0.12845089463804957,
            "flapBias":0.6607021964391129,
            "load":556.0464528793058,
            "tubeOffset":47.175353716069054,
            "tubeRot":229.34652713564427
          },
          "servo":{
            "servoType":"Hitec_HS_65MG"
          }
        }
      },
      "topSegment":{
        "node_type":"PropArm",
        "armLength":58.42121158679839,
        "motor":{
          "motorType":"kde_direct_KDE700XF_455_G3"
        },
        "prop":{
          "propType":"apc_propellers_15x10E"
        },
        "flange":{
          "offset":-33.215748394981915,
          "angle":0.0
        }
      }
    }
  },
  "fuselageWithComponents":{
    "node_type":"DualBatteryFuselageWithComponents",
    "battery":{
      "batteryType":"Tattu25C22000mAh14S1P"
    },
    "fuselage":{
      "length":279.0,
      "vertDiameter":354.0,
      "horzDiameter":561.9,
      "floorHeight":59.0,
      "battery1X":0.0,
      "battery1Y":-40.0,
      "battery2X":0.0,
      "battery2Y":53.0,
      "rpmX":0.0,
      "rpmY":-177.3,
      "autoPilotX":0.0,
      "autoPilotY":121.0,
      "currentX":0.0,
      "currentY":-157.15,
      "voltageX":0.0,
      "voltageY":174.8,
      "gpsX":0.0,
      "gpsY":-117.0,
      "varioX":0.0,
      "varioY":153.15
    }
  }
}