{"Interferences": 13, "Mass": 4.382682080929768, "Batt_amps_ratio_MFD": 1.14170694, "Batt_amps_ratio_MxSpd": 1.14170694, "Distance_MxSpd": 302.704651, "Max_Distance": 302.704651, "Hover_Time": 33.885376, "Max_Speed": 9.0, "Max_uc_at_MFD": 0.998263001, "Mot_amps_ratio_MFD": 0.339649379, "Mot_amps_ratio_MxSpd": 0.339649379, "Mot_power_ratio_MFD": 0.116693825, "Mot_power_ratio_MxSpd": 0.116693825, "Power_MFD": 553.874451, "Power_MxSpd": 553.874451, "Speed_MFD": 9.0}