{"Interferences": 18, "Mass": 10.418328515184522, "Batt_amps_ratio_MFD": 0.756979406, "Batt_amps_ratio_MxSpd": 0.756979406, "Distance_MxSpd": 3956.77856, "Max_Distance": 3956.77856, "Hover_Time": 156.52916, "Max_Speed": 26.0, "Max_uc_at_MFD": 0.601232469, "Mot_amps_ratio_MFD": 0.934251368, "Mot_amps_ratio_MxSpd": 0.934251368, "Mot_power_ratio_MFD": 0.715353608, "Mot_power_ratio_MxSpd": 0.715353608, "Power_MFD": 5441.26172, "Power_MxSpd": 5441.26172, "Speed_MFD": 26.0}