{"Interferences": 28, "Mass": 8.703874460839678, "Batt_amps_ratio_MFD": 1.81008697, "Batt_amps_ratio_MxSpd": 1.81008697, "Distance_MxSpd": 106.07225, "Max_Distance": 106.07225, "Hover_Time": 0.0, "Max_Speed": 5.0, "Max_uc_at_MFD": 0.999792755, "Mot_amps_ratio_MFD": 0.957763553, "Mot_amps_ratio_MxSpd": 0.957763553, "Mot_power_ratio_MFD": 0.451824933, "Mot_power_ratio_MxSpd": 0.451824933, "Power_MFD": 2600.75586, "Power_MxSpd": 2600.75586, "Speed_MFD": 5.0}