{
  "generator_version":"UAV2_gen12",
  "name":"design_6587_6f3212a376584f57a38009c2c32a7284_dw_dl",
  "hub":{
    "node_type":"ConnectedHub6_Sym",
    "mainSegment":{
      "node_type":"BranchWithTopSegment_Sym",
      "armLength":417.09815180482934,
      "angle":120.0,
      "mainSegment":{
        "node_type":"PropArm",
        "armLength":157.8215159417536,
        "motor":{
          "motorType":"t_motor_AT4130KV450"
        },
        "prop":{
          "propType":"apc_propellers_14x8_5E"
        },
        "flange":{
          "offset":30.63791523696969,
          "angle":167.91681157206767
        }
      },
      "topSegment":{
        "node_type":"AngledWingArm",
        "arm1Length":219.91143705809372,
        "arm2Length":183.00320982227262,
        "wing":{
          "wingType":"Wing_vert_hole",
          "nacaProfile":"4412",
          "span":721.8771961636384,
          "chordInner":259.3675445641969,
          "chordOuter":113.72400126826406,
          "taperOffset":true,
          "aileronBias":0.5414985955128221,
          "flapBias":0.29470510463638666,
          "load":725.8224077029874,
          "tubeOffset":43.74637832323161,
          "tubeRot":258.0920922252465
        },
        "servo":{
          "servoType":"Hitec_HS_645MG"
        }
      }
    }
  },
  "fuselageWithComponents":{
    "node_type":"DualBatteryFuselageWithComponents",
    "battery":{
      "batteryType":"Tattu25C10000mAh4S1P"
    },
    "fuselage":{
      "length":339.0,
      "vertDiameter":97.5,
      "horzDiameter":344.4,
      "floorHeight":16.25,
      "battery1X":-84.75,
      "battery1Y":6.0,
      "battery2X":85.75,
      "battery2Y":6.0,
      "rpmX":0.0,
      "rpmY":-104.8,
      "autoPilotX":0.0,
      "autoPilotY":48.5,
      "currentX":0.0,
      "currentY":-84.65,
      "voltageX":0.0,
      "voltageY":102.3,
      "gpsX":0.0,
      "gpsY":-44.5,
      "varioX":0.0,
      "varioY":80.65
    }
  }
}