{"Interferences": 20, "Mass": 4.536522330463137, "Batt_amps_ratio_MFD": 0.459385872, "Batt_amps_ratio_MxSpd": 0.599000037, "Distance_MxSpd": 2179.63257, "Max_Distance": 2256.92627, "Hover_Time": 132.037445, "Max_Speed": 34.0, "Max_uc_at_MFD": 0.755649805, "Mot_amps_ratio_MFD": 0.630572796, "Mot_amps_ratio_MxSpd": 0.949086249, "Mot_power_ratio_MFD": 0.411726922, "Mot_power_ratio_MxSpd": 0.619697452, "Power_MFD": 1279.33521, "Power_MxSpd": 2200.71118, "Speed_MFD": 27.0}