{"Interferences": 11, "Mass": 8.59595177929747, "Batt_amps_ratio_MFD": 0.711971164, "Batt_amps_ratio_MxSpd": 0.800727487, "Distance_MxSpd": 7433.24072, "Max_Distance": 7550.86719, "Hover_Time": 380.952484, "Max_Speed": 31.0, "Max_uc_at_MFD": 0.999986827, "Mot_amps_ratio_MFD": 0.439327866, "Mot_amps_ratio_MxSpd": 0.396072894, "Mot_power_ratio_MFD": 0.146525115, "Mot_power_ratio_MxSpd": 0.132098675, "Power_MFD": 2262.46753, "Power_MxSpd": 2684.31128, "Speed_MFD": 28.0}