{"Interferences": 2, "Mass": 3.1544476552472207, "Batt_amps_ratio_MFD": 0.526634395, "Batt_amps_ratio_MxSpd": 0.526634395, "Distance_MxSpd": 1604.14893, "Max_Distance": 1604.14893, "Hover_Time": 103.996986, "Max_Speed": 22.0, "Max_uc_at_MFD": 0.999902964, "Mot_amps_ratio_MFD": 0.545338988, "Mot_amps_ratio_MxSpd": 0.545338988, "Mot_power_ratio_MFD": 0.269033909, "Mot_power_ratio_MxSpd": 0.269033909, "Power_MFD": 768.918335, "Power_MxSpd": 768.918335, "Speed_MFD": 22.0}