{"Interferences": 1, "Mass": 7.259673519180288, "Batt_amps_ratio_MFD": 0.566782355, "Batt_amps_ratio_MxSpd": 0.658315361, "Distance_MxSpd": 2333.22827, "Max_Distance": 2439.03149, "Hover_Time": 101.105209, "Max_Speed": 40.0, "Max_uc_at_MFD": 0.941921175, "Mot_amps_ratio_MFD": 0.584015787, "Mot_amps_ratio_MxSpd": 0.646694422, "Mot_power_ratio_MFD": 0.303870708, "Mot_power_ratio_MxSpd": 0.336483181, "Power_MFD": 4072.06958, "Power_MxSpd": 5137.06543, "Speed_MFD": 36.0}