{"Interferences": 9, "Mass": 5.674203098954807, "Batt_amps_ratio_MFD": 3.67597532, "Batt_amps_ratio_MxSpd": 3.67597532, "Distance_MxSpd": 41.7848282, "Max_Distance": 41.7848282, "Hover_Time": 0.0, "Max_Speed": 4.0, "Max_uc_at_MFD": 0.999997556, "Mot_amps_ratio_MFD": 0.666377604, "Mot_amps_ratio_MxSpd": 0.666377604, "Mot_power_ratio_MFD": 0.419013113, "Mot_power_ratio_MxSpd": 0.419013113, "Power_MFD": 3293.86255, "Power_MxSpd": 3293.86255, "Speed_MFD": 4.0}