{"Interferences": 84, "Mass": 3.861485767987823, "Batt_amps_ratio_MFD": 0.346142828, "Batt_amps_ratio_MxSpd": 0.406094432, "Distance_MxSpd": 2647.65991, "Max_Distance": 2773.42163, "Hover_Time": 140.732986, "Max_Speed": 28.0, "Max_uc_at_MFD": 0.637695909, "Mot_amps_ratio_MFD": 0.873860717, "Mot_amps_ratio_MxSpd": 0.783907056, "Mot_power_ratio_MFD": 0.64665693, "Mot_power_ratio_MxSpd": 0.580091238, "Power_MFD": 977.642761, "Power_MxSpd": 1129.42236, "Speed_MFD": 25.0}