{"Interferences": 6, "Mass": 4.573083621507405, "Batt_amps_ratio_MFD": 1.92882788, "Batt_amps_ratio_MxSpd": 1.92882788, "Distance_MxSpd": 258.810028, "Max_Distance": 258.810028, "Hover_Time": 0.0, "Max_Speed": 13.0, "Max_uc_at_MFD": 0.952578604, "Mot_amps_ratio_MFD": 0.83600527, "Mot_amps_ratio_MxSpd": 0.83600527, "Mot_power_ratio_MFD": 0.525847316, "Mot_power_ratio_MxSpd": 0.525847316, "Power_MFD": 1780.38879, "Power_MxSpd": 1780.38879, "Speed_MFD": 13.0}