{"Interferences": 1, "Mass": 4.477774294089234, "Batt_amps_ratio_MFD": 0.190376073, "Batt_amps_ratio_MxSpd": 0.190376073, "Distance_MxSpd": 3630.70825, "Max_Distance": 3630.70825, "Hover_Time": 225.216003, "Max_Speed": 18.0, "Max_uc_at_MFD": 0.987475336, "Mot_amps_ratio_MFD": 0.565909445, "Mot_amps_ratio_MxSpd": 0.565909445, "Mot_power_ratio_MFD": 0.279181987, "Mot_power_ratio_MxSpd": 0.279181987, "Power_MFD": 765.734131, "Power_MxSpd": 765.734131, "Speed_MFD": 18.0}