{"Interferences": 5, "Mass": 7.5319996506051075, "Batt_amps_ratio_MFD": 0.434638172, "Batt_amps_ratio_MxSpd": 0.583965242, "Distance_MxSpd": 7299.06445, "Max_Distance": 7951.44141, "Hover_Time": 367.818817, "Max_Speed": 37.0, "Max_uc_at_MFD": 0.995584249, "Mot_amps_ratio_MFD": 0.883646607, "Mot_amps_ratio_MxSpd": 0.766260028, "Mot_power_ratio_MFD": 0.681131184, "Mot_power_ratio_MxSpd": 0.590647399, "Power_MFD": 2303.48267, "Power_MxSpd": 3432.5835, "Speed_MFD": 30.0}