{"Interferences": 6, "Mass": 7.604697134153747, "Batt_amps_ratio_MFD": 1.58193576, "Batt_amps_ratio_MxSpd": 1.58193576, "Distance_MxSpd": 194.192459, "Max_Distance": 194.192459, "Hover_Time": 0.0, "Max_Speed": 8.0, "Max_uc_at_MFD": 0.999164283, "Mot_amps_ratio_MFD": 0.898195267, "Mot_amps_ratio_MxSpd": 0.898195267, "Mot_power_ratio_MFD": 0.531731606, "Mot_power_ratio_MxSpd": 0.531731606, "Power_MFD": 2231.49316, "Power_MxSpd": 2231.49316, "Speed_MFD": 8.0}