{"Interferences": 11, "Mass": 4.845183066312065, "Batt_amps_ratio_MFD": 0.945628881, "Batt_amps_ratio_MxSpd": 1.26640201, "Distance_MxSpd": 454.831909, "Max_Distance": 527.902649, "Hover_Time": 47.6939926, "Max_Speed": 15.0, "Max_uc_at_MFD": 0.999958277, "Mot_amps_ratio_MFD": 0.608473301, "Mot_amps_ratio_MxSpd": 0.74192673, "Mot_power_ratio_MFD": 0.414722592, "Mot_power_ratio_MxSpd": 0.422064155, "Power_MFD": 1406.9231, "Power_MxSpd": 2163.07275, "Speed_MFD": 13.0}