{
  "generator_version":"UAV2_gen12",
  "name":"design_30811_9d01ef64bc854ce3820f8aeed1a8b0fa_dw_dl",
  "hub":{
    "node_type":"ConnectedHub4_Sym_Aligned",
    "mainSegment":{
      "node_type":"DoubleBendSegment",
      "angle":-90.0,
      "arm1Length":453.60266145590475,
      "arm2Length":366.4090912293778,
      "mainSegment":{
        "node_type":"CrossSegment",
        "armLength":246.99185840344845,
        "sideSegment":{
          "node_type":"AngledWingArm",
          "arm1Length":244.98687814465896,
          "arm2Length":78.70109866246632,
          "wing":{
            "wingType":"Wing_horiz_hole",
            "nacaProfile":"2409",
            "span":467.94356941968437,
            "chordInner":398.29928286095804,
            "chordOuter":189.18207885889743,
            "taperOffset":true,
            "aileronBias":0.9953677962379699,
            "flapBias":0.5194397045933647,
            "load":339.9000072085222,
            "tubeOffset":40.48755631494329,
            "tubeRot":294.03012322448996
          },
          "servo":{
            "servoType":"Hitec_HS_7235MH"
          }
        },
        "centerSegment":{
          "node_type":"PropArm",
          "armLength":380.5412443432751,
          "motor":{
            "motorType":"t_motor_MN5212KV420"
          },
          "prop":{
            "propType":"apc_propellers_17x6E"
          },
          "flange":{
            "offset":46.95079856100429,
            "angle":0.0
          }
        }
      }
    }
  },
  "fuselageWithComponents":{
    "node_type":"DualBatteryFuselageWithComponents",
    "battery":{
      "batteryType":"TurnigyGraphene1300mAh3S75C"
    },
    "fuselage":{
      "length":149.0,
      "vertDiameter":52.5,
      "horzDiameter":326.4,
      "floorHeight":8.75,
      "battery1X":-37.25,
      "battery1Y":6.0,
      "battery2X":38.25,
      "battery2Y":6.0,
      "rpmX":0.0,
      "rpmY":-98.8,
      "autoPilotX":0.0,
      "autoPilotY":42.5,
      "currentX":0.0,
      "currentY":-78.65,
      "voltageX":0.0,
      "voltageY":96.3,
      "gpsX":0.0,
      "gpsY":-38.5,
      "varioX":0.0,
      "varioY":74.65
    }
  }
}