{"Interferences": 3, "Mass": 6.679794840269543, "Batt_amps_ratio_MFD": 0.646011949, "Batt_amps_ratio_MxSpd": 0.646011949, "Distance_MxSpd": 1545.48218, "Max_Distance": 1545.48218, "Hover_Time": 0.0, "Max_Speed": 26.0, "Max_uc_at_MFD": 0.678985596, "Mot_amps_ratio_MFD": 0.868714929, "Mot_amps_ratio_MxSpd": 0.868714929, "Mot_power_ratio_MFD": 0.434602201, "Mot_power_ratio_MxSpd": 0.434602201, "Power_MFD": 2412.07861, "Power_MxSpd": 2412.07861, "Speed_MFD": 26.0}