{"Interferences": 3, "Mass": 4.030526902671194, "Batt_amps_ratio_MFD": 0.725746274, "Batt_amps_ratio_MxSpd": 0.869347513, "Distance_MxSpd": 1192.61853, "Max_Distance": 1216.95422, "Hover_Time": 74.9939499, "Max_Speed": 27.0, "Max_uc_at_MFD": 0.861408114, "Mot_amps_ratio_MFD": 0.378807425, "Mot_amps_ratio_MxSpd": 0.418782949, "Mot_power_ratio_MFD": 0.253076613, "Mot_power_ratio_MxSpd": 0.279783785, "Power_MFD": 917.354431, "Power_MxSpd": 1261.76868, "Speed_MFD": 23.0}