{"Interferences": 10, "Mass": 8.866114800065056, "Batt_amps_ratio_MFD": 0.485875309, "Batt_amps_ratio_MxSpd": 0.485875309, "Distance_MxSpd": 2370.97876, "Max_Distance": 2370.97876, "Hover_Time": 227.172195, "Max_Speed": 12.0, "Max_uc_at_MFD": 0.787797868, "Mot_amps_ratio_MFD": 0.985328138, "Mot_amps_ratio_MxSpd": 0.985328138, "Mot_power_ratio_MFD": 0.729142845, "Mot_power_ratio_MxSpd": 0.729142845, "Power_MFD": 2325.85718, "Power_MxSpd": 2325.85718, "Speed_MFD": 12.0}