{"Interferences": 11, "Mass": 5.626974515226177, "Batt_amps_ratio_MFD": 0.522904515, "Batt_amps_ratio_MxSpd": 0.522904515, "Distance_MxSpd": 4626.46631, "Max_Distance": 4626.46631, "Hover_Time": 285.77597, "Max_Speed": 21.0, "Max_uc_at_MFD": 0.588449836, "Mot_amps_ratio_MFD": 0.938658178, "Mot_amps_ratio_MxSpd": 0.938658178, "Mot_power_ratio_MFD": 0.694607019, "Mot_power_ratio_MxSpd": 0.694607019, "Power_MFD": 1425.62024, "Power_MxSpd": 1425.62024, "Speed_MFD": 21.0}