{"Interferences": 6, "Mass": 3.150126523226532, "Batt_amps_ratio_MFD": 0.600933254, "Batt_amps_ratio_MxSpd": 0.600933254, "Distance_MxSpd": 0.0, "Max_Distance": 0.0, "Hover_Time": 63.9006119, "Max_Speed": 0.0, "Max_uc_at_MFD": 0.608872831, "Mot_amps_ratio_MFD": 0.373082489, "Mot_amps_ratio_MxSpd": 0.373082489, "Mot_power_ratio_MFD": 0.182700679, "Mot_power_ratio_MxSpd": 0.182700679, "Power_MFD": 399.100067, "Power_MxSpd": 399.100067, "Speed_MFD": 0.0}