{"Interferences": 12, "Mass": 7.191892972645409, "Batt_amps_ratio_MFD": 0.774831653, "Batt_amps_ratio_MxSpd": 0.96950078, "Distance_MxSpd": 10100.043, "Max_Distance": 10407.4219, "Hover_Time": 554.358643, "Max_Speed": 34.0, "Max_uc_at_MFD": 0.554914951, "Mot_amps_ratio_MFD": 0.816121042, "Mot_amps_ratio_MxSpd": 0.900963962, "Mot_power_ratio_MFD": 0.839031756, "Mot_power_ratio_MxSpd": 0.926256418, "Power_MFD": 2012.7323, "Power_MxSpd": 2965.33301, "Speed_MFD": 28.0}