{"Interferences": 88, "Mass": 9.712151811510884, "Batt_amps_ratio_MFD": 0.285724968, "Batt_amps_ratio_MxSpd": 0.285724968, "Distance_MxSpd": 13708.2881, "Max_Distance": 13708.2881, "Hover_Time": 543.378418, "Max_Speed": 34.0, "Max_uc_at_MFD": 0.999323308, "Mot_amps_ratio_MFD": 0.398306996, "Mot_amps_ratio_MxSpd": 0.398306996, "Mot_power_ratio_MFD": 0.175266474, "Mot_power_ratio_MxSpd": 0.175266474, "Power_MFD": 3266.74902, "Power_MxSpd": 3266.74902, "Speed_MFD": 34.0}