{"Interferences": 5, "Mass": 4.161993628239276, "Batt_amps_ratio_MFD": 0.354630738, "Batt_amps_ratio_MxSpd": 0.354630738, "Distance_MxSpd": 2273.91455, "Max_Distance": 2273.91455, "Hover_Time": 0.0, "Max_Speed": 21.0, "Max_uc_at_MFD": 0.783051014, "Mot_amps_ratio_MFD": 0.996051252, "Mot_amps_ratio_MxSpd": 0.996051252, "Mot_power_ratio_MFD": 0.655180395, "Mot_power_ratio_MxSpd": 0.655180395, "Power_MFD": 1694.7041, "Power_MxSpd": 1694.7041, "Speed_MFD": 21.0}