{"Interferences": 2, "Mass": 2.7195660526671674, "Batt_amps_ratio_MFD": 0.560485363, "Batt_amps_ratio_MxSpd": 0.794872582, "Distance_MxSpd": 1352.66968, "Max_Distance": 1438.75305, "Hover_Time": 104.611771, "Max_Speed": 28.0, "Max_uc_at_MFD": 0.727037549, "Mot_amps_ratio_MFD": 0.692551553, "Mot_amps_ratio_MxSpd": 0.993654132, "Mot_power_ratio_MFD": 0.341658771, "Mot_power_ratio_MxSpd": 0.490202695, "Power_MFD": 638.246765, "Power_MxSpd": 1227.55371, "Speed_MFD": 21.0}