{"Interferences": 9, "Mass": 9.451923621197013, "Batt_amps_ratio_MFD": 1.17431796, "Batt_amps_ratio_MxSpd": 1.17431796, "Distance_MxSpd": 13733.9297, "Max_Distance": 13733.9297, "Hover_Time": 495.623779, "Max_Speed": 28.0, "Max_uc_at_MFD": 0.831973076, "Mot_amps_ratio_MFD": 0.993436575, "Mot_amps_ratio_MxSpd": 0.993436575, "Mot_power_ratio_MFD": 0.918928862, "Mot_power_ratio_MxSpd": 0.918928862, "Power_MFD": 2695.78662, "Power_MxSpd": 2695.78662, "Speed_MFD": 28.0}