{"Interferences": 12, "Mass": 4.6324306361859975, "Batt_amps_ratio_MFD": 1.98554814, "Batt_amps_ratio_MxSpd": 1.98554814, "Distance_MxSpd": 154.717972, "Max_Distance": 154.717972, "Hover_Time": 28.3609905, "Max_Speed": 8.0, "Max_uc_at_MFD": 0.927881956, "Mot_amps_ratio_MFD": 0.901040018, "Mot_amps_ratio_MxSpd": 0.901040018, "Mot_power_ratio_MFD": 0.44784525, "Mot_power_ratio_MxSpd": 0.44784525, "Power_MFD": 2663.70386, "Power_MxSpd": 2663.70386, "Speed_MFD": 8.0}