{"Interferences": 9, "Mass": 3.8087596831560018, "Batt_amps_ratio_MFD": 0.678140044, "Batt_amps_ratio_MxSpd": 1.00371206, "Distance_MxSpd": 1071.22363, "Max_Distance": 1189.13489, "Hover_Time": 77.6134033, "Max_Speed": 28.0, "Max_uc_at_MFD": 0.993307114, "Mot_amps_ratio_MFD": 0.454702228, "Mot_amps_ratio_MxSpd": 0.396199077, "Mot_power_ratio_MFD": 0.227351114, "Mot_power_ratio_MxSpd": 0.198099539, "Power_MFD": 818.911316, "Power_MxSpd": 1368.15649, "Speed_MFD": 21.0}