{"Interferences": 63, "Mass": 3.3215794118397164, "Batt_amps_ratio_MFD": 0.759377897, "Batt_amps_ratio_MxSpd": 1.10886133, "Distance_MxSpd": 1004.27344, "Max_Distance": 1061.92188, "Hover_Time": 70.0210724, "Max_Speed": 29.0, "Max_uc_at_MFD": 0.538245201, "Mot_amps_ratio_MFD": 0.781763911, "Mot_amps_ratio_MxSpd": 0.942519903, "Mot_power_ratio_MFD": 0.694206357, "Mot_power_ratio_MxSpd": 0.836957693, "Power_MFD": 697.938721, "Power_MxSpd": 1374.35388, "Speed_MFD": 21.0}