{"Interferences": 14, "Mass": 5.1456222917934085, "Batt_amps_ratio_MFD": 0.424016774, "Batt_amps_ratio_MxSpd": 0.424016774, "Distance_MxSpd": 2535.74878, "Max_Distance": 2535.74878, "Hover_Time": 103.405411, "Max_Speed": 28.0, "Max_uc_at_MFD": 0.995718658, "Mot_amps_ratio_MFD": 0.846563816, "Mot_amps_ratio_MxSpd": 0.846563816, "Mot_power_ratio_MFD": 0.565578938, "Mot_power_ratio_MxSpd": 0.565578938, "Power_MFD": 2068.54785, "Power_MxSpd": 2068.54785, "Speed_MFD": 28.0}