{
  "generator_version":"UAV2_gen12",
  "name":"design_2695_3eab3667f48d4521b06311bb9de74c70_dw_dl",
  "hub":{
    "node_type":"ConnectedHub4_2_2",
    "frontSegment":{
      "node_type":"AngledWingArm",
      "arm1Length":150.51271039993978,
      "arm2Length":123.88580096140022,
      "wing":{
        "wingType":"Wing_horiz_hole",
        "nacaProfile":"0021",
        "span":1457.6997661320536,
        "chordInner":318.5540374154873,
        "chordOuter":94.22488686824153,
        "taperOffset":false,
        "aileronBias":0.14582106680309279,
        "flapBias":0.9110337077362002,
        "load":197.57882303536903,
        "tubeOffset":63.2131726179048,
        "tubeRot":270.0
      },
      "servo":{
        "servoType":"Hitec_HS_81"
      }
    },
    "rearSegment":{
      "node_type":"PropArm",
      "armLength":167.45695582168395,
      "motor":{
        "motorType":"kde_direct_KDE4215XF_465"
      },
      "prop":{
        "propType":"apc_propellers_19x8W"
      },
      "flange":{
        "offset":-45.307950163847735,
        "angle":0.0
      }
    }
  },
  "fuselageWithComponents":{
    "node_type":"DualBatteryFuselageWithComponents",
    "battery":{
      "batteryType":"Tattu25C9000mAh6S1P"
    },
    "fuselage":{
      "length":417.0,
      "vertDiameter":109.5,
      "horzDiameter":341.4,
      "floorHeight":18.25,
      "battery1X":-104.25,
      "battery1Y":6.0,
      "battery2X":105.25,
      "battery2Y":6.0,
      "rpmX":0.0,
      "rpmY":-103.8,
      "autoPilotX":0.0,
      "autoPilotY":47.5,
      "currentX":0.0,
      "currentY":-83.65,
      "voltageX":0.0,
      "voltageY":101.3,
      "gpsX":0.0,
      "gpsY":-43.5,
      "varioX":0.0,
      "varioY":79.65
    }
  }
}