{"Interferences": 8, "Mass": 4.14368425051162, "Batt_amps_ratio_MFD": 1.28888392, "Batt_amps_ratio_MxSpd": 1.97291338, "Distance_MxSpd": 720.153259, "Max_Distance": 804.41687, "Hover_Time": 41.6002426, "Max_Speed": 37.0, "Max_uc_at_MFD": 0.600226164, "Mot_amps_ratio_MFD": 0.557457864, "Mot_amps_ratio_MxSpd": 0.877998888, "Mot_power_ratio_MFD": 0.525961518, "Mot_power_ratio_MxSpd": 0.828391969, "Power_MFD": 1333.13477, "Power_MxSpd": 2799.50537, "Speed_MFD": 27.0}