{"Interferences": 6, "Mass": 4.623221943806388, "Batt_amps_ratio_MFD": 1.6393404, "Batt_amps_ratio_MxSpd": 1.6393404, "Distance_MxSpd": 491.905182, "Max_Distance": 491.905182, "Hover_Time": 28.2669907, "Max_Speed": 21.0, "Max_uc_at_MFD": 0.987253249, "Mot_amps_ratio_MFD": 0.522225738, "Mot_amps_ratio_MxSpd": 0.522225738, "Mot_power_ratio_MFD": 0.246359989, "Mot_power_ratio_MxSpd": 0.246359989, "Power_MFD": 1188.7478, "Power_MxSpd": 1188.7478, "Speed_MFD": 21.0}