{"Interferences": 15, "Mass": 9.702229712414317, "Batt_amps_ratio_MFD": 1.47895646, "Batt_amps_ratio_MxSpd": 1.47895646, "Distance_MxSpd": 1335.30444, "Max_Distance": 1335.30444, "Hover_Time": 0.0, "Max_Speed": 24.0, "Max_uc_at_MFD": 0.999871016, "Mot_amps_ratio_MFD": 0.826840639, "Mot_amps_ratio_MxSpd": 0.826840639, "Mot_power_ratio_MFD": 0.76976198, "Mot_power_ratio_MxSpd": 0.76976198, "Power_MFD": 6080.6792, "Power_MxSpd": 6080.6792, "Speed_MFD": 24.0}