{"Interferences": 29, "Mass": 5.968954612793424, "Batt_amps_ratio_MFD": 0.508983076, "Batt_amps_ratio_MxSpd": 0.578297913, "Distance_MxSpd": 5378.54297, "Max_Distance": 5432.00781, "Hover_Time": 275.091156, "Max_Speed": 27.0, "Max_uc_at_MFD": 0.758297384, "Mot_amps_ratio_MFD": 0.940241337, "Mot_amps_ratio_MxSpd": 0.990605712, "Mot_power_ratio_MFD": 0.695778608, "Mot_power_ratio_MxSpd": 0.73304826, "Power_MFD": 1330.63721, "Power_MxSpd": 1471.6449, "Speed_MFD": 24.0}