{"Interferences": 24, "Mass": 3.565319866418957, "Batt_amps_ratio_MFD": 0.771671891, "Batt_amps_ratio_MxSpd": 0.771671891, "Distance_MxSpd": 1144.52783, "Max_Distance": 1144.52783, "Hover_Time": 0.0, "Max_Speed": 23.0, "Max_uc_at_MFD": 0.850651801, "Mot_amps_ratio_MFD": 0.30835706, "Mot_amps_ratio_MxSpd": 0.30835706, "Mot_power_ratio_MFD": 0.102843598, "Mot_power_ratio_MxSpd": 0.102843598, "Power_MFD": 823.181641, "Power_MxSpd": 823.181641, "Speed_MFD": 23.0}