{"Interferences": 22, "Mass": 8.741338872957463, "Batt_amps_ratio_MFD": 2.54529834, "Batt_amps_ratio_MxSpd": 2.87817335, "Distance_MxSpd": 346.886688, "Max_Distance": 377.166016, "Hover_Time": 0.0, "Max_Speed": 26.0, "Max_uc_at_MFD": 0.999646485, "Mot_amps_ratio_MFD": 0.989847779, "Mot_amps_ratio_MxSpd": 0.973390698, "Mot_power_ratio_MFD": 0.661305189, "Mot_power_ratio_MxSpd": 0.650310397, "Power_MFD": 3693.84375, "Power_MxSpd": 4393.93701, "Speed_MFD": 25.0}