{"Interferences": 14, "Mass": 4.009715150294596, "Batt_amps_ratio_MFD": 0.336038321, "Batt_amps_ratio_MxSpd": 0.336038321, "Distance_MxSpd": 2628.27173, "Max_Distance": 2628.27173, "Hover_Time": 0.0, "Max_Speed": 23.0, "Max_uc_at_MFD": 0.73720479, "Mot_amps_ratio_MFD": 0.871008158, "Mot_amps_ratio_MxSpd": 0.871008158, "Mot_power_ratio_MFD": 0.327231079, "Mot_power_ratio_MxSpd": 0.327231079, "Power_MFD": 891.724854, "Power_MxSpd": 891.724854, "Speed_MFD": 23.0}