{"Interferences": 2, "Mass": 2.8254201315256573, "Batt_amps_ratio_MFD": 0.874969125, "Batt_amps_ratio_MxSpd": 0.874969125, "Distance_MxSpd": 877.745239, "Max_Distance": 877.745239, "Hover_Time": 56.0274544, "Max_Speed": 20.0, "Max_uc_at_MFD": 0.91761893, "Mot_amps_ratio_MFD": 0.968413711, "Mot_amps_ratio_MxSpd": 0.968413711, "Mot_power_ratio_MFD": 0.716626167, "Mot_power_ratio_MxSpd": 0.716626167, "Power_MFD": 1309.35999, "Power_MxSpd": 1309.35999, "Speed_MFD": 20.0}