{"Interferences": 24, "Mass": 7.744448001059828, "Batt_amps_ratio_MFD": 0.999735653, "Batt_amps_ratio_MxSpd": 1.07352185, "Distance_MxSpd": 5902.06885, "Max_Distance": 5953.57373, "Hover_Time": 255.080078, "Max_Speed": 33.0, "Max_uc_at_MFD": 0.989388764, "Mot_amps_ratio_MFD": 0.934665918, "Mot_amps_ratio_MxSpd": 0.784137905, "Mot_power_ratio_MFD": 0.61480248, "Mot_power_ratio_MxSpd": 0.515788496, "Power_MFD": 2110.6748, "Power_MxSpd": 2380.62939, "Speed_MFD": 31.0}