{"Interferences": 17, "Mass": 4.606284402210691, "Batt_amps_ratio_MFD": 1.60119057, "Batt_amps_ratio_MxSpd": 1.95243657, "Distance_MxSpd": 609.699707, "Max_Distance": 647.518188, "Hover_Time": 37.9050026, "Max_Speed": 31.0, "Max_uc_at_MFD": 0.884972274, "Mot_amps_ratio_MFD": 0.519458055, "Mot_amps_ratio_MxSpd": 0.603150129, "Mot_power_ratio_MFD": 0.254381657, "Mot_power_ratio_MxSpd": 0.295366168, "Power_MFD": 1386.81262, "Power_MxSpd": 1902.47437, "Speed_MFD": 27.0}