{"Interferences": 21, "Mass": 10.782807590142376, "Batt_amps_ratio_MFD": 0.890945733, "Batt_amps_ratio_MxSpd": 1.05154729, "Distance_MxSpd": 13146.3418, "Max_Distance": 13576.585, "Hover_Time": 439.060913, "Max_Speed": 48.0, "Max_uc_at_MFD": 0.98974216, "Mot_amps_ratio_MFD": 0.878343761, "Mot_amps_ratio_MxSpd": 0.800383925, "Mot_power_ratio_MFD": 0.904005706, "Mot_power_ratio_MxSpd": 0.823768139, "Power_MFD": 4265.88428, "Power_MxSpd": 5422.9585, "Speed_MFD": 42.0}