{"Interferences": 3, "Mass": 3.729333983509119, "Batt_amps_ratio_MFD": 0.559809566, "Batt_amps_ratio_MxSpd": 0.903624892, "Distance_MxSpd": 679.928162, "Max_Distance": 960.326538, "Hover_Time": 66.620018, "Max_Speed": 16.0, "Max_uc_at_MFD": 0.99354738, "Mot_amps_ratio_MFD": 0.655149043, "Mot_amps_ratio_MxSpd": 0.660428882, "Mot_power_ratio_MFD": 0.323206842, "Mot_power_ratio_MxSpd": 0.356509537, "Power_MFD": 667.535034, "Power_MxSpd": 1267.73181, "Speed_MFD": 14.0}