{"Interferences": 38, "Mass": 11.331831311911778, "Batt_amps_ratio_MFD": 1.55830681, "Batt_amps_ratio_MxSpd": 1.55830681, "Distance_MxSpd": 2279.39722, "Max_Distance": 2279.39722, "Hover_Time": 0.0, "Max_Speed": 37.0, "Max_uc_at_MFD": 0.99995631, "Mot_amps_ratio_MFD": 0.896042168, "Mot_amps_ratio_MxSpd": 0.896042168, "Mot_power_ratio_MFD": 0.845415771, "Mot_power_ratio_MxSpd": 0.845415771, "Power_MFD": 7938.00928, "Power_MxSpd": 7938.00928, "Speed_MFD": 37.0}