{"Interferences": 15, "Mass": 3.465830793082876, "Batt_amps_ratio_MFD": 0.879177153, "Batt_amps_ratio_MxSpd": 0.879177153, "Distance_MxSpd": 611.480835, "Max_Distance": 611.480835, "Hover_Time": 0.0, "Max_Speed": 14.0, "Max_uc_at_MFD": 0.45352006, "Mot_amps_ratio_MFD": 0.54316622, "Mot_amps_ratio_MxSpd": 0.54316622, "Mot_power_ratio_MFD": 0.531983376, "Mot_power_ratio_MxSpd": 0.531983376, "Power_MFD": 717.58313, "Power_MxSpd": 717.58313, "Speed_MFD": 14.0}