{"Interferences": 14, "Mass": 5.961894422747355, "Batt_amps_ratio_MFD": 2.22047186, "Batt_amps_ratio_MxSpd": 2.22047186, "Distance_MxSpd": 415.046936, "Max_Distance": 415.046936, "Hover_Time": 20.8294945, "Max_Speed": 24.0, "Max_uc_at_MFD": 0.5648399, "Mot_amps_ratio_MFD": 0.94114387, "Mot_amps_ratio_MxSpd": 0.94114387, "Mot_power_ratio_MFD": 0.943150043, "Mot_power_ratio_MxSpd": 0.943150043, "Power_MFD": 1954.72949, "Power_MxSpd": 1954.72949, "Speed_MFD": 24.0}