{"Interferences": 8, "Mass": 9.591325036710836, "Batt_amps_ratio_MFD": 0.929525435, "Batt_amps_ratio_MxSpd": 0.929525435, "Distance_MxSpd": 495.736847, "Max_Distance": 495.736847, "Hover_Time": 25.5592823, "Max_Speed": 12.0, "Max_uc_at_MFD": 0.664739668, "Mot_amps_ratio_MFD": 0.770696104, "Mot_amps_ratio_MxSpd": 0.770696104, "Mot_power_ratio_MFD": 0.579089165, "Mot_power_ratio_MxSpd": 0.579089165, "Power_MFD": 2144.83154, "Power_MxSpd": 2144.83154, "Speed_MFD": 12.0}