{
  "generator_version":"UAV2_gen12",
  "name":"design_3369_f4918a7d14f0463db5e5d04bc8d4fac6_dw",
  "hub":{
    "node_type":"ConnectedHub3_2_1",
    "angle":174.29652205312908,
    "centerSegment":{
      "node_type":"AngledPropArm",
      "armLength":461.43088457416286,
      "motor":{
        "motorType":"kde_direct_KDE5215XF_435"
      },
      "prop":{
        "propType":"apc_propellers_17x12"
      }
    },
    "mainSegment":{
      "node_type":"AngledWingArm",
      "arm1Length":198.34341366784207,
      "arm2Length":63.304754072630445,
      "wing":{
        "wingType":"Wing_horiz_hole",
        "nacaProfile":"6212",
        "span":980.9219312983078,
        "chordInner":128.67554816498733,
        "chordOuter":118.37264911497958,
        "taperOffset":false,
        "aileronBias":0.7489396617074331,
        "flapBias":0.3833439527911422,
        "load":365.5744375962833,
        "tubeOffset":39.66120852025817,
        "tubeRot":240.4310118751894
      },
      "servo":{
        "servoType":"Hitec_HS_5496MH"
      }
    }
  },
  "fuselageWithComponents":{
    "node_type":"DualBatteryFuselageWithComponents",
    "battery":{
      "batteryType":"TurnigyGraphene5000mAh6S75C"
    },
    "fuselage":{
      "length":145.0,
      "vertDiameter":76.5,
      "horzDiameter":471.9,
      "floorHeight":12.75,
      "battery1X":0.0,
      "battery1Y":-25.0,
      "battery2X":0.0,
      "battery2Y":38.0,
      "rpmX":0.0,
      "rpmY":-147.3,
      "autoPilotX":0.0,
      "autoPilotY":91.0,
      "currentX":0.0,
      "currentY":-127.15,
      "voltageX":0.0,
      "voltageY":144.8,
      "gpsX":0.0,
      "gpsY":-87.0,
      "varioX":0.0,
      "varioY":123.15
    }
  }
}