{"Interferences": 21, "Mass": 5.274711365949422, "Batt_amps_ratio_MFD": 0.241945863, "Batt_amps_ratio_MxSpd": 0.241945863, "Distance_MxSpd": 2063.27148, "Max_Distance": 2063.27148, "Hover_Time": 157.241486, "Max_Speed": 13.0, "Max_uc_at_MFD": 0.940941334, "Mot_amps_ratio_MFD": 0.383122653, "Mot_amps_ratio_MxSpd": 0.383122653, "Mot_power_ratio_MFD": 0.143751934, "Mot_power_ratio_MxSpd": 0.143751934, "Power_MFD": 1042.91479, "Power_MxSpd": 1042.91479, "Speed_MFD": 13.0}