{"Interferences": 9, "Mass": 7.302602575640164, "Batt_amps_ratio_MFD": 1.54692662, "Batt_amps_ratio_MxSpd": 1.54692662, "Distance_MxSpd": 719.879028, "Max_Distance": 719.879028, "Hover_Time": 26.4937916, "Max_Speed": 29.0, "Max_uc_at_MFD": 0.990504146, "Mot_amps_ratio_MFD": 0.859815478, "Mot_amps_ratio_MxSpd": 0.859815478, "Mot_power_ratio_MFD": 0.530219555, "Mot_power_ratio_MxSpd": 0.530219555, "Power_MFD": 4692.63184, "Power_MxSpd": 4692.63184, "Speed_MFD": 29.0}