{
  "generator_version":"UAV2_gen12",
  "name":"design_37273_a9cdcabe7e954792ba5f797425362aa5_dw_dl",
  "hub":{
    "node_type":"ConnectedHub6_2_2_2",
    "frontSegment":{
      "node_type":"DoubleBendSegment",
      "angle":-7.606808686259072,
      "arm1Length":391.9777137609282,
      "arm2Length":166.8123338434477,
      "mainSegment":{
        "node_type":"AngledWingArm",
        "arm1Length":67.6085327473256,
        "arm2Length":184.2429283828081,
        "wing":{
          "wingType":"Wing_vert_hole",
          "nacaProfile":"2309",
          "span":940.7252262349106,
          "chordInner":291.7365549276352,
          "chordOuter":108.12730980981976,
          "taperOffset":false,
          "aileronBias":0.3179797144306925,
          "flapBias":0.8257115550905146,
          "load":176.23005548457434,
          "tubeOffset":89.65539085702103,
          "tubeRot":257.38539199471353
        },
        "servo":{
          "servoType":"Hitec_HS_625MG"
        }
      }
    },
    "middleSegment":{
      "node_type":"PropArm",
      "armLength":383.5609714975246,
      "motor":{
        "motorType":"t_motor_MN5212KV420"
      },
      "prop":{
        "propType":"apc_propellers_15x7E"
      },
      "flange":{
        "offset":21.023689592061373,
        "angle":0.0
      }
    },
    "rearSegment":{
      "node_type":"SidewaysBendSegment",
      "angle":117.64680369490287,
      "armLength":323.6043200272518,
      "mainSegment":{
        "node_type":"PropArm",
        "armLength":411.2989840608719,
        "motor":{
          "motorType":"t_motor_MN3520KV400"
        },
        "prop":{
          "propType":"apc_propellers_15x7"
        },
        "flange":{
          "offset":-7.833074398602456,
          "angle":0.0
        }
      }
    }
  },
  "fuselageWithComponents":{
    "node_type":"DualBatteryFuselageWithComponents",
    "battery":{
      "batteryType":"Tattu5C20000mAh6S1P"
    },
    "fuselage":{
      "length":379.0,
      "vertDiameter":114.0,
      "horzDiameter":372.9,
      "floorHeight":19.0,
      "battery1X":-94.75,
      "battery1Y":6.0,
      "battery2X":95.75,
      "battery2Y":6.0,
      "rpmX":0.0,
      "rpmY":-114.3,
      "autoPilotX":0.0,
      "autoPilotY":58.0,
      "currentX":0.0,
      "currentY":-94.15,
      "voltageX":0.0,
      "voltageY":111.8,
      "gpsX":0.0,
      "gpsY":-54.0,
      "varioX":0.0,
      "varioY":90.15
    }
  }
}