{"Interferences": 75, "Mass": 7.484534937198983, "Batt_amps_ratio_MFD": 0.784959197, "Batt_amps_ratio_MxSpd": 0.784959197, "Distance_MxSpd": 7093.3623, "Max_Distance": 7093.3623, "Hover_Time": 286.035126, "Max_Speed": 29.0, "Max_uc_at_MFD": 0.606459081, "Mot_amps_ratio_MFD": 0.956007957, "Mot_amps_ratio_MxSpd": 0.956007957, "Mot_power_ratio_MFD": 0.491199583, "Mot_power_ratio_MxSpd": 0.491199583, "Power_MFD": 2540.38696, "Power_MxSpd": 2540.38696, "Speed_MFD": 29.0}