{"Interferences": 11, "Mass": 4.837590641336051, "Batt_amps_ratio_MFD": 0.322535425, "Batt_amps_ratio_MxSpd": 0.322535425, "Distance_MxSpd": 7143.40137, "Max_Distance": 7143.40137, "Hover_Time": 0.0, "Max_Speed": 12.0, "Max_uc_at_MFD": 0.961681664, "Mot_amps_ratio_MFD": 0.84308815, "Mot_amps_ratio_MxSpd": 0.84308815, "Mot_power_ratio_MFD": 0.422322303, "Mot_power_ratio_MxSpd": 0.422322303, "Power_MFD": 703.824219, "Power_MxSpd": 703.824219, "Speed_MFD": 12.0}