{
  "generator_version":"UAV2_gen12",
  "name":"design_39978_c034512826414197b859a26e116ebed4_dw",
  "hub":{
    "node_type":"ConnectedHub4_2_2",
    "frontSegment":{
      "node_type":"SidewaysBendSegment",
      "angle":121.68467964266438,
      "armLength":254.93467217158172,
      "mainSegment":{
        "node_type":"AngledWingArm",
        "arm1Length":366.8065473075534,
        "arm2Length":103.45058856309652,
        "wing":{
          "wingType":"Wing_horiz_hole",
          "nacaProfile":"4518",
          "span":1339.5442140442067,
          "chordInner":234.66174829233236,
          "chordOuter":130.7540312504634,
          "taperOffset":true,
          "aileronBias":0.1979758992763033,
          "flapBias":0.9181269174259966,
          "load":584.1378727529378,
          "tubeOffset":78.71218961909,
          "tubeRot":270.0
        },
        "servo":{
          "servoType":"Hitec_HS_53"
        }
      }
    },
    "rearSegment":{
      "node_type":"DoubleBendSegment",
      "angle":7.22941515386313,
      "arm1Length":429.6985267542981,
      "arm2Length":249.31959569213265,
      "mainSegment":{
        "node_type":"PropArm",
        "armLength":308.7085588224508,
        "motor":{
          "motorType":"t_motor_U7_V2.0KV490"
        },
        "prop":{
          "propType":"apc_propellers_18x5_5MR"
        },
        "flange":{
          "offset":24.687506365920314,
          "angle":0.0
        }
      }
    }
  },
  "fuselageWithComponents":{
    "node_type":"DualBatteryFuselageWithComponents",
    "battery":{
      "batteryType":"TurnigyGraphene1600mAh4S75CSquare"
    },
    "fuselage":{
      "length":95.0,
      "vertDiameter":52.5,
      "horzDiameter":393.9,
      "floorHeight":8.75,
      "battery1X":0.0,
      "battery1Y":-12.0,
      "battery2X":0.0,
      "battery2Y":25.0,
      "rpmX":0.0,
      "rpmY":-121.3,
      "autoPilotX":0.0,
      "autoPilotY":65.0,
      "currentX":0.0,
      "currentY":-101.15,
      "voltageX":0.0,
      "voltageY":118.8,
      "gpsX":0.0,
      "gpsY":-61.0,
      "varioX":0.0,
      "varioY":97.15
    }
  }
}