{"Interferences": 11, "Mass": 6.391134779531157, "Batt_amps_ratio_MFD": 0.571429968, "Batt_amps_ratio_MxSpd": 0.571429968, "Distance_MxSpd": 5375.9873, "Max_Distance": 5375.9873, "Hover_Time": 0.0, "Max_Speed": 16.0, "Max_uc_at_MFD": 0.949733019, "Mot_amps_ratio_MFD": 0.922735155, "Mot_amps_ratio_MxSpd": 0.922735155, "Mot_power_ratio_MFD": 0.615783095, "Mot_power_ratio_MxSpd": 0.615783095, "Power_MFD": 1787.84265, "Power_MxSpd": 1787.84265, "Speed_MFD": 16.0}