{"Interferences": 6, "Mass": 10.14654125069403, "Batt_amps_ratio_MFD": 0.41310212, "Batt_amps_ratio_MxSpd": 0.41310212, "Distance_MxSpd": 2788.65674, "Max_Distance": 2788.65674, "Hover_Time": 0.0, "Max_Speed": 10.0, "Max_uc_at_MFD": 1.0, "Mot_amps_ratio_MFD": 0.95024395, "Mot_amps_ratio_MxSpd": 0.95024395, "Mot_power_ratio_MFD": 0.915873647, "Mot_power_ratio_MxSpd": 0.915873647, "Power_MFD": 4726.53662, "Power_MxSpd": 4726.53662, "Speed_MFD": 10.0}