{"Interferences": 7, "Mass": 3.89647799202324, "Batt_amps_ratio_MFD": 0.22569406, "Batt_amps_ratio_MxSpd": 0.22569406, "Distance_MxSpd": 3913.26196, "Max_Distance": 3913.26196, "Hover_Time": 239.991714, "Max_Speed": 23.0, "Max_uc_at_MFD": 0.979553163, "Mot_amps_ratio_MFD": 0.675770283, "Mot_amps_ratio_MxSpd": 0.675770283, "Mot_power_ratio_MFD": 0.333379984, "Mot_power_ratio_MxSpd": 0.333379984, "Power_MFD": 928.438232, "Power_MxSpd": 928.438232, "Speed_MFD": 23.0}