{"Interferences": 23, "Mass": 13.007894073671466, "Batt_amps_ratio_MFD": 2.25257039, "Batt_amps_ratio_MxSpd": 2.25257039, "Distance_MxSpd": 2301.37109, "Max_Distance": 2301.37109, "Hover_Time": 0.0, "Max_Speed": 9.0, "Max_uc_at_MFD": 0.367534816, "Mot_amps_ratio_MFD": 0.99175632, "Mot_amps_ratio_MxSpd": 0.99175632, "Mot_power_ratio_MFD": 0.745190442, "Mot_power_ratio_MxSpd": 0.745190442, "Power_MFD": 2428.57422, "Power_MxSpd": 2428.57422, "Speed_MFD": 9.0}