{"Interferences": 15, "Mass": 7.059778507284083, "Batt_amps_ratio_MFD": 1.13006973, "Batt_amps_ratio_MxSpd": 1.60050583, "Distance_MxSpd": 383.878632, "Max_Distance": 475.722839, "Hover_Time": 38.3739395, "Max_Speed": 16.0, "Max_uc_at_MFD": 0.99574101, "Mot_amps_ratio_MFD": 0.497151822, "Mot_amps_ratio_MxSpd": 0.940676987, "Mot_power_ratio_MFD": 0.241804808, "Mot_power_ratio_MxSpd": 0.46406731, "Power_MFD": 1539.05994, "Power_MxSpd": 2325.63623, "Speed_MFD": 14.0}