{"Interferences": 4, "Mass": 2.748991065406624, "Batt_amps_ratio_MFD": 0.372869134, "Batt_amps_ratio_MxSpd": 0.372869134, "Distance_MxSpd": 926.86676, "Max_Distance": 926.86676, "Hover_Time": 0.0, "Max_Speed": 9.0, "Max_uc_at_MFD": 0.955014706, "Mot_amps_ratio_MFD": 0.567081034, "Mot_amps_ratio_MxSpd": 0.567081034, "Mot_power_ratio_MFD": 0.209819987, "Mot_power_ratio_MxSpd": 0.209819987, "Power_MFD": 236.93605, "Power_MxSpd": 236.93605, "Speed_MFD": 9.0}