{"Interferences": 10, "Mass": 3.557271870351764, "Batt_amps_ratio_MFD": 0.703414679, "Batt_amps_ratio_MxSpd": 0.838938713, "Distance_MxSpd": 1098.53076, "Max_Distance": 1146.40759, "Hover_Time": 81.2409058, "Max_Speed": 24.0, "Max_uc_at_MFD": 0.952814817, "Mot_amps_ratio_MFD": 0.69716078, "Mot_amps_ratio_MxSpd": 0.758017898, "Mot_power_ratio_MFD": 0.35834825, "Mot_power_ratio_MxSpd": 0.448746622, "Power_MFD": 827.062988, "Power_MxSpd": 1111.19568, "Speed_MFD": 21.0}