{"Interferences": 12, "Mass": 4.2938351317623935, "Batt_amps_ratio_MFD": 0.670406044, "Batt_amps_ratio_MxSpd": 0.729564965, "Distance_MxSpd": 1684.29138, "Max_Distance": 1718.36169, "Hover_Time": 0.0, "Max_Speed": 32.0, "Max_uc_at_MFD": 0.52093631, "Mot_amps_ratio_MFD": 0.896263301, "Mot_amps_ratio_MxSpd": 0.979232848, "Mot_power_ratio_MFD": 0.877810776, "Mot_power_ratio_MxSpd": 0.959072173, "Power_MFD": 1599.12683, "Power_MxSpd": 1868.50525, "Speed_MFD": 30.0}