{"Interferences": 37, "Mass": 9.54307815802781, "Batt_amps_ratio_MFD": 0.626675189, "Batt_amps_ratio_MxSpd": 0.626675189, "Distance_MxSpd": 2022.10022, "Max_Distance": 2022.10022, "Hover_Time": 0.0, "Max_Speed": 11.0, "Max_uc_at_MFD": 0.687451899, "Mot_amps_ratio_MFD": 0.903880835, "Mot_amps_ratio_MxSpd": 0.903880835, "Mot_power_ratio_MFD": 0.837008119, "Mot_power_ratio_MxSpd": 0.837008119, "Power_MFD": 1681.63293, "Power_MxSpd": 1681.63293, "Speed_MFD": 11.0}