{"Interferences": 23, "Mass": 9.592790910990583, "Batt_amps_ratio_MFD": 1.81093466, "Batt_amps_ratio_MxSpd": 1.81093466, "Distance_MxSpd": 148.431641, "Max_Distance": 148.431641, "Hover_Time": 0.0, "Max_Speed": 7.0, "Max_uc_at_MFD": 0.997167289, "Mot_amps_ratio_MFD": 0.344231695, "Mot_amps_ratio_MxSpd": 0.344231695, "Mot_power_ratio_MFD": 0.167167515, "Mot_power_ratio_MxSpd": 0.167167515, "Power_MFD": 1323.68689, "Power_MxSpd": 1323.68689, "Speed_MFD": 7.0}