{"Interferences": 17, "Mass": 5.420197530864861, "Batt_amps_ratio_MFD": 1.49581587, "Batt_amps_ratio_MxSpd": 2.18592882, "Distance_MxSpd": 544.574036, "Max_Distance": 616.118591, "Hover_Time": 30.940855, "Max_Speed": 31.0, "Max_uc_at_MFD": 0.779070675, "Mot_amps_ratio_MFD": 0.621443927, "Mot_amps_ratio_MxSpd": 0.892233431, "Mot_power_ratio_MFD": 0.383223772, "Mot_power_ratio_MxSpd": 0.550210595, "Power_MFD": 1448.01831, "Power_MxSpd": 2756.57031, "Speed_MFD": 24.0}