{"Interferences": 24, "Mass": 6.165323019589441, "Batt_amps_ratio_MFD": 0.380387306, "Batt_amps_ratio_MxSpd": 0.380387306, "Distance_MxSpd": 8176.9292, "Max_Distance": 8176.9292, "Hover_Time": 422.947845, "Max_Speed": 27.0, "Max_uc_at_MFD": 0.751213968, "Mot_amps_ratio_MFD": 0.890258908, "Mot_amps_ratio_MxSpd": 0.890258908, "Mot_power_ratio_MFD": 0.811916173, "Mot_power_ratio_MxSpd": 0.811916173, "Power_MFD": 1571.39331, "Power_MxSpd": 1571.39331, "Speed_MFD": 27.0}