{"Interferences": 14, "Mass": 2.721320744002516, "Batt_amps_ratio_MFD": 0.358310491, "Batt_amps_ratio_MxSpd": 0.549046278, "Distance_MxSpd": 1748.48657, "Max_Distance": 1929.0531, "Hover_Time": 143.509247, "Max_Speed": 25.0, "Max_uc_at_MFD": 0.855792761, "Mot_amps_ratio_MFD": 0.622850299, "Mot_amps_ratio_MxSpd": 0.677661002, "Mot_power_ratio_MFD": 0.276545525, "Mot_power_ratio_MxSpd": 0.300881475, "Power_MFD": 499.213593, "Power_MxSpd": 940.614502, "Speed_MFD": 18.0}