{"Interferences": 2, "Mass": 3.2400676881032893, "Batt_amps_ratio_MFD": 0.520794928, "Batt_amps_ratio_MxSpd": 0.520794928, "Distance_MxSpd": 1622.1355, "Max_Distance": 1622.1355, "Hover_Time": 113.357491, "Max_Speed": 22.0, "Max_uc_at_MFD": 0.998033881, "Mot_amps_ratio_MFD": 0.334389567, "Mot_amps_ratio_MxSpd": 0.334389567, "Mot_power_ratio_MFD": 0.202710763, "Mot_power_ratio_MxSpd": 0.202710763, "Power_MFD": 809.65918, "Power_MxSpd": 809.65918, "Speed_MFD": 22.0}