{"Interferences": 30, "Mass": 8.886570573443901, "Batt_amps_ratio_MFD": 0.368591219, "Batt_amps_ratio_MxSpd": 0.368591219, "Distance_MxSpd": 7188.45117, "Max_Distance": 7188.45117, "Hover_Time": 0.0, "Max_Speed": 23.0, "Max_uc_at_MFD": 0.850825608, "Mot_amps_ratio_MFD": 0.985688865, "Mot_amps_ratio_MxSpd": 0.985688865, "Mot_power_ratio_MFD": 0.619998276, "Mot_power_ratio_MxSpd": 0.619998276, "Power_MFD": 2465.97974, "Power_MxSpd": 2465.97974, "Speed_MFD": 23.0}