{"Interferences": 8, "Mass": 7.837468044947503, "Batt_amps_ratio_MFD": 1.24916065, "Batt_amps_ratio_MxSpd": 1.24916065, "Distance_MxSpd": 245.925125, "Max_Distance": 245.925125, "Hover_Time": 0.0, "Max_Speed": 8.0, "Max_uc_at_MFD": 0.771584332, "Mot_amps_ratio_MFD": 0.985881627, "Mot_amps_ratio_MxSpd": 0.985881627, "Mot_power_ratio_MFD": 0.643722713, "Mot_power_ratio_MxSpd": 0.643722713, "Power_MFD": 2710.84229, "Power_MxSpd": 2710.84229, "Speed_MFD": 8.0}