{"Interferences": 35, "Mass": 7.843636502588858, "Batt_amps_ratio_MFD": 0.791188478, "Batt_amps_ratio_MxSpd": 0.895157635, "Distance_MxSpd": 3860.77246, "Max_Distance": 4076.90479, "Hover_Time": 170.42572, "Max_Speed": 30.0, "Max_uc_at_MFD": 0.994416118, "Mot_amps_ratio_MFD": 0.849818766, "Mot_amps_ratio_MxSpd": 0.889221072, "Mot_power_ratio_MFD": 0.850684047, "Mot_power_ratio_MxSpd": 0.822529495, "Power_MFD": 2290.29126, "Power_MxSpd": 2843.26367, "Speed_MFD": 28.0}