{"Interferences": 10, "Mass": 3.668731854770184, "Batt_amps_ratio_MFD": 1.25842178, "Batt_amps_ratio_MxSpd": 1.25842178, "Distance_MxSpd": 152.572052, "Max_Distance": 152.572052, "Hover_Time": 0.0, "Max_Speed": 5.0, "Max_uc_at_MFD": 0.996863663, "Mot_amps_ratio_MFD": 0.868340313, "Mot_amps_ratio_MxSpd": 0.868340313, "Mot_power_ratio_MFD": 0.651392758, "Mot_power_ratio_MxSpd": 0.651392758, "Power_MFD": 1683.44153, "Power_MxSpd": 1683.44153, "Speed_MFD": 5.0}