{"Interferences": 26, "Mass": 5.930053968293134, "Batt_amps_ratio_MFD": 0.460592806, "Batt_amps_ratio_MxSpd": 0.460592806, "Distance_MxSpd": 6502.92432, "Max_Distance": 6502.92432, "Hover_Time": 292.320831, "Max_Speed": 26.0, "Max_uc_at_MFD": 0.928789079, "Mot_amps_ratio_MFD": 0.962521553, "Mot_amps_ratio_MxSpd": 0.962521553, "Mot_power_ratio_MFD": 0.934849024, "Mot_power_ratio_MxSpd": 0.934849024, "Power_MFD": 1578.2605, "Power_MxSpd": 1578.2605, "Speed_MFD": 26.0}