{"Interferences": 10, "Mass": 3.8734811954937367, "Batt_amps_ratio_MFD": 0.193244934, "Batt_amps_ratio_MxSpd": 0.193244934, "Distance_MxSpd": 3378.09644, "Max_Distance": 3378.09644, "Hover_Time": 229.415451, "Max_Speed": 17.0, "Max_uc_at_MFD": 1.0, "Mot_amps_ratio_MFD": 0.420089334, "Mot_amps_ratio_MxSpd": 0.420089334, "Mot_power_ratio_MFD": 0.155433059, "Mot_power_ratio_MxSpd": 0.155433059, "Power_MFD": 603.217529, "Power_MxSpd": 603.217529, "Speed_MFD": 17.0}