{"Interferences": 23, "Mass": 4.058217574666388, "Batt_amps_ratio_MFD": 0.813713491, "Batt_amps_ratio_MxSpd": 0.813713491, "Distance_MxSpd": 755.056885, "Max_Distance": 755.056885, "Hover_Time": 40.5491028, "Max_Speed": 16.0, "Max_uc_at_MFD": 0.99999994, "Mot_amps_ratio_MFD": 0.648878515, "Mot_amps_ratio_MxSpd": 0.648878515, "Mot_power_ratio_MFD": 0.384136081, "Mot_power_ratio_MxSpd": 0.384136081, "Power_MFD": 1014.62323, "Power_MxSpd": 1014.62323, "Speed_MFD": 16.0}