{"Interferences": 12, "Mass": 12.40829672989816, "Batt_amps_ratio_MFD": 0.663912833, "Batt_amps_ratio_MxSpd": 0.794418097, "Distance_MxSpd": 5437.94238, "Max_Distance": 5639.29443, "Hover_Time": 159.191635, "Max_Speed": 45.0, "Max_uc_at_MFD": 0.489773363, "Mot_amps_ratio_MFD": 0.869872153, "Mot_amps_ratio_MxSpd": 0.859561503, "Mot_power_ratio_MFD": 0.434889436, "Mot_power_ratio_MxSpd": 0.429734677, "Power_MFD": 4370.19775, "Power_MxSpd": 5448.9082, "Speed_MFD": 39.0}