{"Interferences": 28, "Mass": 5.55929177403066, "Batt_amps_ratio_MFD": 0.346066177, "Batt_amps_ratio_MxSpd": 0.346066177, "Distance_MxSpd": 3883.65015, "Max_Distance": 3883.65015, "Hover_Time": 0.0, "Max_Speed": 14.0, "Max_uc_at_MFD": 0.73294729, "Mot_amps_ratio_MFD": 0.903463006, "Mot_amps_ratio_MxSpd": 0.903463006, "Mot_power_ratio_MFD": 0.835703313, "Mot_power_ratio_MxSpd": 0.835703313, "Power_MFD": 1497.54187, "Power_MxSpd": 1497.54187, "Speed_MFD": 14.0}