{"Interferences": 25, "Mass": 4.358989677388212, "Batt_amps_ratio_MFD": 1.83919263, "Batt_amps_ratio_MxSpd": 2.27383256, "Distance_MxSpd": 540.40918, "Max_Distance": 542.846863, "Hover_Time": 0.0, "Max_Speed": 32.0, "Max_uc_at_MFD": 0.680957496, "Mot_amps_ratio_MFD": 0.465683311, "Mot_amps_ratio_MxSpd": 0.61333704, "Mot_power_ratio_MFD": 0.155211121, "Mot_power_ratio_MxSpd": 0.204423755, "Power_MFD": 1181.55432, "Power_MxSpd": 1788.52686, "Speed_MFD": 26.0}