{"Interferences": 9, "Mass": 3.7001053509269903, "Batt_amps_ratio_MFD": 1.06663084, "Batt_amps_ratio_MxSpd": 1.10895085, "Distance_MxSpd": 1038.8197, "Max_Distance": 1044.03503, "Hover_Time": 0.0, "Max_Speed": 30.0, "Max_uc_at_MFD": 0.962125003, "Mot_amps_ratio_MFD": 0.610851526, "Mot_amps_ratio_MxSpd": 0.645032287, "Mot_power_ratio_MFD": 0.384225607, "Mot_power_ratio_MxSpd": 0.4057253, "Power_MFD": 1524.45288, "Power_MxSpd": 1652.11206, "Speed_MFD": 29.0}