{"Interferences": 25, "Mass": 6.624484205191387, "Batt_amps_ratio_MFD": 1.62297046, "Batt_amps_ratio_MxSpd": 1.62297046, "Distance_MxSpd": 141.961929, "Max_Distance": 141.961929, "Hover_Time": 0.0, "Max_Speed": 6.0, "Max_uc_at_MFD": 0.999879897, "Mot_amps_ratio_MFD": 0.657162964, "Mot_amps_ratio_MxSpd": 0.657162964, "Mot_power_ratio_MFD": 0.324200392, "Mot_power_ratio_MxSpd": 0.324200392, "Power_MFD": 1861.08557, "Power_MxSpd": 1861.08557, "Speed_MFD": 6.0}