{"Interferences": 16, "Mass": 2.770548561068532, "Batt_amps_ratio_MFD": 0.615326941, "Batt_amps_ratio_MxSpd": 0.615326941, "Distance_MxSpd": 1310.52283, "Max_Distance": 1310.52283, "Hover_Time": 82.5496826, "Max_Speed": 21.0, "Max_uc_at_MFD": 0.9980281, "Mot_amps_ratio_MFD": 0.402747363, "Mot_amps_ratio_MxSpd": 0.402747363, "Mot_power_ratio_MFD": 0.248360887, "Mot_power_ratio_MxSpd": 0.248360887, "Power_MFD": 609.787781, "Power_MxSpd": 609.787781, "Speed_MFD": 21.0}