{"Interferences": 22, "Mass": 6.193288072202255, "Batt_amps_ratio_MFD": 2.22106338, "Batt_amps_ratio_MxSpd": 2.22106338, "Distance_MxSpd": 449.514404, "Max_Distance": 449.514404, "Hover_Time": 19.2923088, "Max_Speed": 26.0, "Max_uc_at_MFD": 0.842916429, "Mot_amps_ratio_MFD": 0.98611331, "Mot_amps_ratio_MxSpd": 0.98611331, "Mot_power_ratio_MFD": 0.739741147, "Mot_power_ratio_MxSpd": 0.739741147, "Power_MFD": 2876.07031, "Power_MxSpd": 2876.07031, "Speed_MFD": 26.0}