{"Interferences": 14, "Mass": 5.254566549169386, "Batt_amps_ratio_MFD": 0.241646856, "Batt_amps_ratio_MxSpd": 0.241646856, "Distance_MxSpd": 3496.01074, "Max_Distance": 3496.01074, "Hover_Time": 0.0, "Max_Speed": 22.0, "Max_uc_at_MFD": 0.829293072, "Mot_amps_ratio_MFD": 0.98658514, "Mot_amps_ratio_MxSpd": 0.98658514, "Mot_power_ratio_MFD": 0.730073035, "Mot_power_ratio_MxSpd": 0.730073035, "Power_MFD": 1312.00208, "Power_MxSpd": 1312.00208, "Speed_MFD": 22.0}