{"Interferences": 0, "Mass": 4.013118027224893, "Batt_amps_ratio_MFD": 0.282114208, "Batt_amps_ratio_MxSpd": 0.416190386, "Distance_MxSpd": 2767.96411, "Max_Distance": 3130.64722, "Hover_Time": 210.486893, "Max_Speed": 30.0, "Max_uc_at_MFD": 0.934195936, "Mot_amps_ratio_MFD": 0.801652431, "Mot_amps_ratio_MxSpd": 0.672985971, "Mot_power_ratio_MFD": 0.400910884, "Mot_power_ratio_MxSpd": 0.336564034, "Power_MFD": 985.07312, "Power_MxSpd": 1725.53992, "Speed_MFD": 23.0}