{"Interferences": 9, "Mass": 11.61345752628985, "Batt_amps_ratio_MFD": 1.11157644, "Batt_amps_ratio_MxSpd": 1.11157644, "Distance_MxSpd": 6218.1958, "Max_Distance": 6218.1958, "Hover_Time": 0.0, "Max_Speed": 24.0, "Max_uc_at_MFD": 0.99999994, "Mot_amps_ratio_MFD": 0.96699363, "Mot_amps_ratio_MxSpd": 0.96699363, "Mot_power_ratio_MFD": 0.97268188, "Mot_power_ratio_MxSpd": 0.97268188, "Power_MFD": 4542.5415, "Power_MxSpd": 4542.5415, "Speed_MFD": 24.0}