{"Interferences": 27, "Mass": 9.409876699795674, "Batt_amps_ratio_MFD": 1.24895072, "Batt_amps_ratio_MxSpd": 1.24895072, "Distance_MxSpd": 2213.69824, "Max_Distance": 2213.69824, "Hover_Time": 0.0, "Max_Speed": 24.0, "Max_uc_at_MFD": 0.925663292, "Mot_amps_ratio_MFD": 0.939896107, "Mot_amps_ratio_MxSpd": 0.939896107, "Mot_power_ratio_MFD": 0.629731834, "Mot_power_ratio_MxSpd": 0.629731834, "Power_MFD": 3336.94336, "Power_MxSpd": 3336.94336, "Speed_MFD": 24.0}