{"Interferences": 43, "Mass": 3.100657152795563, "Batt_amps_ratio_MFD": 0.546905875, "Batt_amps_ratio_MxSpd": 0.546905875, "Distance_MxSpd": 1334.05042, "Max_Distance": 1334.05042, "Hover_Time": 100.255089, "Max_Speed": 19.0, "Max_uc_at_MFD": 0.993466377, "Mot_amps_ratio_MFD": 0.340474248, "Mot_amps_ratio_MxSpd": 0.340474248, "Mot_power_ratio_MFD": 0.127704799, "Mot_power_ratio_MxSpd": 0.127704799, "Power_MFD": 520.509521, "Power_MxSpd": 520.509521, "Speed_MFD": 19.0}