{"Interferences": 31, "Mass": 8.613248675529558, "Batt_amps_ratio_MFD": 0.309180468, "Batt_amps_ratio_MxSpd": 0.309180468, "Distance_MxSpd": 2111.38843, "Max_Distance": 2111.38843, "Hover_Time": 123.94593, "Max_Speed": 17.0, "Max_uc_at_MFD": 0.999999166, "Mot_amps_ratio_MFD": 0.495264977, "Mot_amps_ratio_MxSpd": 0.495264977, "Mot_power_ratio_MFD": 0.305413395, "Mot_power_ratio_MxSpd": 0.305413395, "Power_MFD": 1447.52588, "Power_MxSpd": 1447.52588, "Speed_MFD": 17.0}