{"Interferences": 12, "Mass": 9.2255567909233, "Batt_amps_ratio_MFD": 1.58603406, "Batt_amps_ratio_MxSpd": 1.58603406, "Distance_MxSpd": 2106.38599, "Max_Distance": 2106.38599, "Hover_Time": 0.0, "Max_Speed": 29.0, "Max_uc_at_MFD": 0.877195537, "Mot_amps_ratio_MFD": 0.907738805, "Mot_amps_ratio_MxSpd": 0.907738805, "Mot_power_ratio_MFD": 0.87549001, "Mot_power_ratio_MxSpd": 0.87549001, "Power_MFD": 5027.48047, "Power_MxSpd": 5027.48047, "Speed_MFD": 29.0}