{"Interferences": 49, "Mass": 2.8607917088409778, "Batt_amps_ratio_MFD": 0.837653935, "Batt_amps_ratio_MxSpd": 0.9178406, "Distance_MxSpd": 1004.09595, "Max_Distance": 1054.37341, "Hover_Time": 57.6965485, "Max_Speed": 24.0, "Max_uc_at_MFD": 0.981693804, "Mot_amps_ratio_MFD": 0.698672175, "Mot_amps_ratio_MxSpd": 0.705852628, "Mot_power_ratio_MFD": 0.344678283, "Mot_power_ratio_MxSpd": 0.348220617, "Power_MFD": 751.36969, "Power_MxSpd": 862.868591, "Speed_MFD": 23.0}