{
  "generator_version":"UAV2_gen12",
  "name":"design_7748_57aedf58e4e74f66ac9ff19cd472a07e_dw",
  "hub":{
    "node_type":"ConnectedHub4_2_2",
    "frontSegment":{
      "node_type":"BranchSegment_Asym",
      "armLength":141.3307979244759,
      "angle":120.0,
      "frontSegment":{
        "node_type":"AngledWingArm",
        "arm1Length":255.31509780210476,
        "arm2Length":145.7215943885529,
        "wing":{
          "wingType":"Wing_horiz_hole",
          "nacaProfile":"2521",
          "span":1984.1376892411477,
          "chordInner":202.69203991237768,
          "chordOuter":183.56633467983286,
          "taperOffset":true,
          "aileronBias":0.8355832133454708,
          "flapBias":0.398457066859097,
          "load":361.1266071401974,
          "tubeOffset":51.79299656143672,
          "tubeRot":270.0
        },
        "servo":{
          "servoType":"Hitec_HS_55"
        }
      },
      "rearSegment":{
        "node_type":"AngledPropArm",
        "armLength":171.77943522324728,
        "motor":{
          "motorType":"t_motor_AntigravityMN6007IIKV320"
        },
        "prop":{
          "propType":"apc_propellers_14x13N"
        }
      }
    },
    "rearSegment":{
      "node_type":"AngledWingArm",
      "arm1Length":140.84633808019618,
      "arm2Length":59.6036957498892,
      "wing":{
        "wingType":"Wing_horiz_hole",
        "nacaProfile":"2712",
        "span":1093.053764271252,
        "chordInner":128.80195807577675,
        "chordOuter":184.77885892108893,
        "taperOffset":true,
        "aileronBias":0.20394921121835047,
        "flapBias":0.9193862566497012,
        "load":473.2544641367745,
        "tubeOffset":40.825802504148676,
        "tubeRot":270.0
      },
      "servo":{
        "servoType":"Hitec_HS_645MG"
      }
    }
  },
  "fuselageWithComponents":{
    "node_type":"DualBatteryFuselageWithComponents",
    "battery":{
      "batteryType":"Tattu25C19000mAh14S1P"
    },
    "fuselage":{
      "length":279.0,
      "vertDiameter":354.0,
      "horzDiameter":561.9,
      "floorHeight":59.0,
      "battery1X":0.0,
      "battery1Y":-40.0,
      "battery2X":0.0,
      "battery2Y":53.0,
      "rpmX":0.0,
      "rpmY":-177.3,
      "autoPilotX":0.0,
      "autoPilotY":121.0,
      "currentX":0.0,
      "currentY":-157.15,
      "voltageX":0.0,
      "voltageY":174.8,
      "gpsX":0.0,
      "gpsY":-117.0,
      "varioX":0.0,
      "varioY":153.15
    }
  }
}