{"Interferences": 6, "Mass": 4.320368367121799, "Batt_amps_ratio_MFD": 0.776093304, "Batt_amps_ratio_MxSpd": 1.7101711, "Distance_MxSpd": 157.177261, "Max_Distance": 197.914352, "Hover_Time": 0.0, "Max_Speed": 7.0, "Max_uc_at_MFD": 0.945550501, "Mot_amps_ratio_MFD": 0.340273768, "Mot_amps_ratio_MxSpd": 0.891910255, "Mot_power_ratio_MFD": 0.340999097, "Mot_power_ratio_MxSpd": 0.893811524, "Power_MFD": 839.471497, "Power_MxSpd": 1595.422, "Speed_MFD": 4.0}