{"Interferences": 39, "Mass": 5.256669601705645, "Batt_amps_ratio_MFD": 0.694805145, "Batt_amps_ratio_MxSpd": 0.694805145, "Distance_MxSpd": 994.811279, "Max_Distance": 994.811279, "Hover_Time": 52.4853516, "Max_Speed": 18.0, "Max_uc_at_MFD": 0.344888568, "Mot_amps_ratio_MFD": 0.867255867, "Mot_amps_ratio_MxSpd": 0.867255867, "Mot_power_ratio_MFD": 0.84940058, "Mot_power_ratio_MxSpd": 0.84940058, "Power_MFD": 1317.67053, "Power_MxSpd": 1317.67053, "Speed_MFD": 18.0}