{"Interferences": 21, "Mass": 7.9922332475826945, "Batt_amps_ratio_MFD": 1.02241707, "Batt_amps_ratio_MxSpd": 1.12133276, "Distance_MxSpd": 3492.98633, "Max_Distance": 3605.57373, "Hover_Time": 107.264549, "Max_Speed": 34.0, "Max_uc_at_MFD": 0.997012496, "Mot_amps_ratio_MFD": 0.678345323, "Mot_amps_ratio_MxSpd": 0.663073838, "Mot_power_ratio_MFD": 0.352951556, "Mot_power_ratio_MxSpd": 0.345005602, "Power_MFD": 4008.42114, "Power_MxSpd": 4631.4541, "Speed_MFD": 32.0}