{"Interferences": 9, "Mass": 4.04524276815954, "Batt_amps_ratio_MFD": 0.7805022, "Batt_amps_ratio_MxSpd": 0.7805022, "Distance_MxSpd": 1082.38013, "Max_Distance": 1082.38013, "Hover_Time": 71.6441574, "Max_Speed": 22.0, "Max_uc_at_MFD": 0.997422874, "Mot_amps_ratio_MFD": 0.383171469, "Mot_amps_ratio_MxSpd": 0.383171469, "Mot_power_ratio_MFD": 0.143791571, "Mot_power_ratio_MxSpd": 0.143791571, "Power_MFD": 853.957764, "Power_MxSpd": 853.957764, "Speed_MFD": 22.0}