{"Interferences": 5, "Mass": 6.982747646901453, "Batt_amps_ratio_MFD": 0.591172576, "Batt_amps_ratio_MxSpd": 0.591172576, "Distance_MxSpd": 3062.19507, "Max_Distance": 3062.19507, "Hover_Time": 0.0, "Max_Speed": 22.0, "Max_uc_at_MFD": 0.999370992, "Mot_amps_ratio_MFD": 0.983829439, "Mot_amps_ratio_MxSpd": 0.983829439, "Mot_power_ratio_MFD": 0.860423088, "Mot_power_ratio_MxSpd": 0.860423088, "Power_MFD": 2208.89502, "Power_MxSpd": 2208.89502, "Speed_MFD": 22.0}