{"Interferences": 25, "Mass": 6.4640578416167545, "Batt_amps_ratio_MFD": 0.278855383, "Batt_amps_ratio_MxSpd": 0.278855383, "Distance_MxSpd": 1377.05786, "Max_Distance": 1377.05786, "Hover_Time": 134.659378, "Max_Speed": 10.0, "Max_uc_at_MFD": 0.999339998, "Mot_amps_ratio_MFD": 0.464006722, "Mot_amps_ratio_MxSpd": 0.464006722, "Mot_power_ratio_MFD": 0.228909984, "Mot_power_ratio_MxSpd": 0.228909984, "Power_MFD": 990.249329, "Power_MxSpd": 990.249329, "Speed_MFD": 10.0}