{
  "generator_version":"UAV2_gen12",
  "name":"design_3736_53bc8cd271804a3cb063bb427b62c8b7_s",
  "hub":{
    "node_type":"ConnectedHub6_2_2_2",
    "frontSegment":{
      "node_type":"PropArm",
      "armLength":174.86162464273872,
      "motor":{
        "motorType":"t_motor_AT4120KV500"
      },
      "prop":{
        "propType":"apc_propellers_16x8"
      },
      "flange":{
        "offset":14.104281954797301,
        "angle":90.0
      }
    },
    "middleSegment":{
      "node_type":"AngledWingArm",
      "arm1Length":492.45691175410275,
      "arm2Length":121.16080441627032,
      "wing":{
        "wingType":"Wing_vert_hole",
        "nacaProfile":"4406",
        "span":1834.2786063281562,
        "chordInner":224.41839522315382,
        "chordOuter":185.19221861153352,
        "taperOffset":false,
        "aileronBias":0.18340269093924155,
        "flapBias":0.5908021808898869,
        "load":262.745922763198,
        "tubeOffset":84.27507352371339,
        "tubeRot":255.96931429066024
      },
      "servo":{
        "servoType":"Hitec_HS_225BB"
      }
    },
    "rearSegment":{
      "node_type":"PropArm",
      "armLength":337.7592807215615,
      "motor":{
        "motorType":"t_motor_AT4130KV450"
      },
      "prop":{
        "propType":"apc_propellers_16x6"
      },
      "flange":{
        "offset":-44.626639837643445,
        "angle":0.0
      }
    }
  },
  "fuselageWithComponents":{
    "node_type":"SingleBatteryFuselageWithComponents",
    "battery":{
      "batteryType":"Tattu25C28000mAh6S1P"
    },
    "fuselage":{
      "length":205.0,
      "vertDiameter":181.5,
      "horzDiameter":386.4,
      "floorHeight":30.25,
      "batteryX":0.0,
      "batteryY":6.0,
      "rpmX":0.0,
      "rpmY":-118.8,
      "autoPilotX":0.0,
      "autoPilotY":62.5,
      "currentX":0.0,
      "currentY":-98.65,
      "voltageX":0.0,
      "voltageY":116.3,
      "gpsX":0.0,
      "gpsY":-58.5,
      "varioX":0.0,
      "varioY":94.65
    }
  }
}