{"Interferences": 14, "Mass": 9.093963405045423, "Batt_amps_ratio_MFD": 0.199597836, "Batt_amps_ratio_MxSpd": 0.199597836, "Distance_MxSpd": 8657.4082, "Max_Distance": 8657.4082, "Hover_Time": 431.707153, "Max_Speed": 15.0, "Max_uc_at_MFD": 0.835726559, "Mot_amps_ratio_MFD": 0.933329761, "Mot_amps_ratio_MxSpd": 0.933329761, "Mot_power_ratio_MFD": 0.914114177, "Mot_power_ratio_MxSpd": 0.914114177, "Power_MFD": 1819.76758, "Power_MxSpd": 1819.76758, "Speed_MFD": 15.0}