{"Interferences": 79, "Mass": 3.4545758915363045, "Batt_amps_ratio_MFD": 0.181001231, "Batt_amps_ratio_MxSpd": 0.181001231, "Distance_MxSpd": 4667.37158, "Max_Distance": 4667.37158, "Hover_Time": 286.554871, "Max_Speed": 22.0, "Max_uc_at_MFD": 0.687624574, "Mot_amps_ratio_MFD": 0.930935144, "Mot_amps_ratio_MxSpd": 0.930935144, "Mot_power_ratio_MFD": 0.870179415, "Mot_power_ratio_MxSpd": 0.870179415, "Power_MFD": 744.91156, "Power_MxSpd": 744.91156, "Speed_MFD": 22.0}