{"Interferences": 5, "Mass": 4.374223043276025, "Batt_amps_ratio_MFD": 1.82769585, "Batt_amps_ratio_MxSpd": 3.39599109, "Distance_MxSpd": 339.223511, "Max_Distance": 441.211273, "Hover_Time": 20.8049965, "Max_Speed": 30.0, "Max_uc_at_MFD": 0.61369282, "Mot_amps_ratio_MFD": 0.543225884, "Mot_amps_ratio_MxSpd": 0.929875672, "Mot_power_ratio_MFD": 0.468495458, "Mot_power_ratio_MxSpd": 0.825891674, "Power_MFD": 1175.73682, "Power_MxSpd": 3703.57764, "Speed_MFD": 21.0}