{"Interferences": 3, "Mass": 3.1790566649638303, "Batt_amps_ratio_MFD": 1.49751139, "Batt_amps_ratio_MxSpd": 3.03189945, "Distance_MxSpd": 405.290466, "Max_Distance": 538.493408, "Hover_Time": 31.9049301, "Max_Speed": 32.0, "Max_uc_at_MFD": 0.560801089, "Mot_amps_ratio_MFD": 0.598067343, "Mot_amps_ratio_MxSpd": 0.924981952, "Mot_power_ratio_MFD": 0.619597793, "Mot_power_ratio_MxSpd": 0.958281279, "Power_MFD": 1172.87842, "Power_MxSpd": 2751.31055, "Speed_MFD": 21.0}