{"Interferences": 7, "Mass": 8.493232190957007, "Batt_amps_ratio_MFD": 2.17846131, "Batt_amps_ratio_MxSpd": 3.09327364, "Distance_MxSpd": 6703.57764, "Max_Distance": 7138.98389, "Hover_Time": 397.238678, "Max_Speed": 36.0, "Max_uc_at_MFD": 0.664355695, "Mot_amps_ratio_MFD": 0.574164748, "Mot_amps_ratio_MxSpd": 0.971886814, "Mot_power_ratio_MFD": 0.57538867, "Mot_power_ratio_MxSpd": 0.973958552, "Power_MFD": 2167.47388, "Power_MxSpd": 4159.77295, "Speed_MFD": 27.0}