{"Interferences": 28, "Mass": 6.330007548408489, "Batt_amps_ratio_MFD": 1.14127862, "Batt_amps_ratio_MxSpd": 1.14127862, "Distance_MxSpd": 538.343567, "Max_Distance": 538.343567, "Hover_Time": 0.0, "Max_Speed": 16.0, "Max_uc_at_MFD": 0.893222094, "Mot_amps_ratio_MFD": 0.771202862, "Mot_amps_ratio_MxSpd": 0.771202862, "Mot_power_ratio_MFD": 0.503550112, "Mot_power_ratio_MxSpd": 0.503550112, "Power_MFD": 1872.47644, "Power_MxSpd": 1872.47644, "Speed_MFD": 16.0}