{"Interferences": 25, "Mass": 5.671080711966708, "Batt_amps_ratio_MFD": 1.84976208, "Batt_amps_ratio_MxSpd": 1.84976208, "Distance_MxSpd": 539.745056, "Max_Distance": 539.745056, "Hover_Time": 0.0, "Max_Speed": 26.0, "Max_uc_at_MFD": 0.982674658, "Mot_amps_ratio_MFD": 0.985278308, "Mot_amps_ratio_MxSpd": 0.985278308, "Mot_power_ratio_MFD": 0.328390867, "Mot_power_ratio_MxSpd": 0.328390867, "Power_MFD": 2769.76489, "Power_MxSpd": 2769.76489, "Speed_MFD": 26.0}