{"Interferences": 7, "Mass": 3.509191841264867, "Batt_amps_ratio_MFD": 0.929995298, "Batt_amps_ratio_MxSpd": 0.973822474, "Distance_MxSpd": 946.373718, "Max_Distance": 949.68219, "Hover_Time": 66.070076, "Max_Speed": 24.0, "Max_uc_at_MFD": 0.916853607, "Mot_amps_ratio_MFD": 0.419482768, "Mot_amps_ratio_MxSpd": 0.439634502, "Mot_power_ratio_MFD": 0.210188493, "Mot_power_ratio_MxSpd": 0.220285818, "Power_MFD": 893.084473, "Power_MxSpd": 975.52063, "Speed_MFD": 23.0}