{"Interferences": 13, "Mass": 3.1159783473528773, "Batt_amps_ratio_MFD": 0.951257467, "Batt_amps_ratio_MxSpd": 1.11751056, "Distance_MxSpd": 1065.22485, "Max_Distance": 1089.92578, "Hover_Time": 59.3974724, "Max_Speed": 31.0, "Max_uc_at_MFD": 0.748617947, "Mot_amps_ratio_MFD": 0.575816393, "Mot_amps_ratio_MxSpd": 0.675680101, "Mot_power_ratio_MFD": 0.384695888, "Mot_power_ratio_MxSpd": 0.451413631, "Power_MFD": 1098.60144, "Power_MxSpd": 1470.30042, "Speed_MFD": 27.0}