{"Interferences": 2, "Mass": 4.853155883187754, "Batt_amps_ratio_MFD": 1.10881603, "Batt_amps_ratio_MxSpd": 1.86290765, "Distance_MxSpd": 824.517517, "Max_Distance": 935.051392, "Hover_Time": 48.5178261, "Max_Speed": 40.0, "Max_uc_at_MFD": 0.643483937, "Mot_amps_ratio_MFD": 0.353025526, "Mot_amps_ratio_MxSpd": 0.633698463, "Mot_power_ratio_MFD": 0.0882469192, "Mot_power_ratio_MxSpd": 0.158407629, "Power_MFD": 1294.48181, "Power_MxSpd": 3292.95459, "Speed_MFD": 27.0}