{"Interferences": 4, "Mass": 6.4111546446111225, "Batt_amps_ratio_MFD": 0.332085967, "Batt_amps_ratio_MxSpd": 0.332085967, "Distance_MxSpd": 3353.34863, "Max_Distance": 3353.34863, "Hover_Time": 0.0, "Max_Speed": 29.0, "Max_uc_at_MFD": 0.941564739, "Mot_amps_ratio_MFD": 0.498455614, "Mot_amps_ratio_MxSpd": 0.498455614, "Mot_power_ratio_MFD": 0.213562757, "Mot_power_ratio_MxSpd": 0.213562757, "Power_MFD": 2656.02515, "Power_MxSpd": 2656.02515, "Speed_MFD": 29.0}