{"Interferences": 4, "Mass": 3.4251035594701493, "Batt_amps_ratio_MFD": 0.60664624, "Batt_amps_ratio_MxSpd": 0.960841775, "Distance_MxSpd": 1198.94873, "Max_Distance": 1392.57434, "Hover_Time": 88.5944748, "Max_Speed": 30.0, "Max_uc_at_MFD": 0.964603364, "Mot_amps_ratio_MFD": 0.400921911, "Mot_amps_ratio_MxSpd": 0.467938691, "Mot_power_ratio_MFD": 0.252179861, "Mot_power_ratio_MxSpd": 0.294333428, "Power_MFD": 951.509277, "Power_MxSpd": 1599.0354, "Speed_MFD": 22.0}