{
  "generator_version":"UAV2_gen12",
  "name":"design_9188_e5d6c80d0739450f88044e4052441a71_s",
  "hub":{
    "node_type":"ConnectedHub3_2_1",
    "angle":87.13691254210808,
    "centerSegment":{
      "node_type":"PropArm",
      "armLength":375.13935063908997,
      "motor":{
        "motorType":"t_motor_MN4012KV400"
      },
      "prop":{
        "propType":"apc_propellers_16x5_5MR"
      },
      "flange":{
        "offset":37.95762440065401,
        "angle":0.0
      }
    },
    "mainSegment":{
      "node_type":"AngledWingArm",
      "arm1Length":265.40419872719895,
      "arm2Length":69.07332263802545,
      "wing":{
        "wingType":"Wing_horiz_hole",
        "nacaProfile":"4612",
        "span":452.0008683762545,
        "chordInner":203.94443100771508,
        "chordOuter":108.52144971150892,
        "taperOffset":true,
        "aileronBias":0.8562212191811559,
        "flapBias":0.47988839744095757,
        "load":991.6784605528599,
        "tubeOffset":61.93004903024526,
        "tubeRot":270.0
      },
      "servo":{
        "servoType":"Hitec_HS_5065MG"
      }
    }
  },
  "fuselageWithComponents":{
    "node_type":"SingleBatteryFuselageWithComponents",
    "battery":{
      "batteryType":"Tattu25C28000mAh6S1P"
    },
    "fuselage":{
      "length":205.0,
      "vertDiameter":181.5,
      "horzDiameter":386.4,
      "floorHeight":30.25,
      "batteryX":0.0,
      "batteryY":6.0,
      "rpmX":0.0,
      "rpmY":-118.8,
      "autoPilotX":0.0,
      "autoPilotY":62.5,
      "currentX":0.0,
      "currentY":-98.65,
      "voltageX":0.0,
      "voltageY":116.3,
      "gpsX":0.0,
      "gpsY":-58.5,
      "varioX":0.0,
      "varioY":94.65
    }
  }
}