{"Interferences": 14, "Mass": 3.521728229137121, "Batt_amps_ratio_MFD": 0.945119739, "Batt_amps_ratio_MxSpd": 1.16805482, "Distance_MxSpd": 854.754395, "Max_Distance": 934.484802, "Hover_Time": 54.4430313, "Max_Speed": 26.0, "Max_uc_at_MFD": 0.636878967, "Mot_amps_ratio_MFD": 0.681538045, "Mot_amps_ratio_MxSpd": 0.994638801, "Mot_power_ratio_MFD": 0.511441529, "Mot_power_ratio_MxSpd": 0.746399343, "Power_MFD": 846.020508, "Power_MxSpd": 1229.24646, "Speed_MFD": 23.0}