{"Interferences": 2, "Mass": 3.634794811548732, "Batt_amps_ratio_MFD": 0.50980711, "Batt_amps_ratio_MxSpd": 0.50980711, "Distance_MxSpd": 753.226074, "Max_Distance": 753.226074, "Hover_Time": 77.1929779, "Max_Speed": 10.0, "Max_uc_at_MFD": 0.999767363, "Mot_amps_ratio_MFD": 0.20005931, "Mot_amps_ratio_MxSpd": 0.20005931, "Mot_power_ratio_MFD": 0.0931243822, "Mot_power_ratio_MxSpd": 0.0931243822, "Power_MFD": 586.167542, "Power_MxSpd": 586.167542, "Speed_MFD": 10.0}