{"Interferences": 21, "Mass": 11.843163356382767, "Batt_amps_ratio_MFD": 1.23591185, "Batt_amps_ratio_MxSpd": 2.29152942, "Distance_MxSpd": 318.389984, "Max_Distance": 403.912292, "Hover_Time": 0.0, "Max_Speed": 19.0, "Max_uc_at_MFD": 0.998733342, "Mot_amps_ratio_MFD": 0.50296098, "Mot_amps_ratio_MxSpd": 0.547092259, "Mot_power_ratio_MFD": 0.263796031, "Mot_power_ratio_MxSpd": 0.22162962, "Power_MFD": 1416.28979, "Power_MxSpd": 3365.3689, "Speed_MFD": 13.0}