{"Interferences": 19, "Mass": 3.2739437554550586, "Batt_amps_ratio_MFD": 1.01703143, "Batt_amps_ratio_MxSpd": 1.28228188, "Distance_MxSpd": 748.665344, "Max_Distance": 868.40979, "Hover_Time": 52.4868851, "Max_Speed": 25.0, "Max_uc_at_MFD": 0.967644274, "Mot_amps_ratio_MFD": 0.865105689, "Mot_amps_ratio_MxSpd": 0.78644681, "Mot_power_ratio_MFD": 0.840233862, "Mot_power_ratio_MxSpd": 0.763836443, "Power_MFD": 1307.1123, "Power_MxSpd": 1800.33972, "Speed_MFD": 23.0}