{"Interferences": 2, "Mass": 10.839742058670977, "Batt_amps_ratio_MFD": 0.556870162, "Batt_amps_ratio_MxSpd": 0.556870162, "Distance_MxSpd": 7447.3374, "Max_Distance": 7447.3374, "Hover_Time": 226.757233, "Max_Speed": 36.0, "Max_uc_at_MFD": 0.997863829, "Mot_amps_ratio_MFD": 0.416952878, "Mot_amps_ratio_MxSpd": 0.416952878, "Mot_power_ratio_MFD": 0.119095333, "Mot_power_ratio_MxSpd": 0.119095333, "Power_MFD": 4282.43799, "Power_MxSpd": 4282.43799, "Speed_MFD": 36.0}