{"Interferences": 9, "Mass": 3.924980311033461, "Batt_amps_ratio_MFD": 0.765544951, "Batt_amps_ratio_MxSpd": 1.27920008, "Distance_MxSpd": 900.562805, "Max_Distance": 953.04657, "Hover_Time": 62.7368431, "Max_Speed": 30.0, "Max_uc_at_MFD": 0.593270123, "Mot_amps_ratio_MFD": 0.731422007, "Mot_amps_ratio_MxSpd": 0.899338067, "Mot_power_ratio_MFD": 0.541252315, "Mot_power_ratio_MxSpd": 0.665510178, "Power_MFD": 764.93042, "Power_MxSpd": 1827.34985, "Speed_MFD": 19.0}