{"Interferences": 7, "Mass": 3.247759780280759, "Batt_amps_ratio_MFD": 0.709073603, "Batt_amps_ratio_MxSpd": 0.737161815, "Distance_MxSpd": 1406.47546, "Max_Distance": 1408.0343, "Hover_Time": 83.4650421, "Max_Speed": 27.0, "Max_uc_at_MFD": 0.959865689, "Mot_amps_ratio_MFD": 0.691660464, "Mot_amps_ratio_MxSpd": 0.730280757, "Mot_power_ratio_MFD": 0.347002536, "Mot_power_ratio_MxSpd": 0.366378129, "Power_MFD": 966.306335, "Power_MxSpd": 1053.13513, "Speed_MFD": 26.0}