{"Interferences": 6, "Mass": 3.0288709292784874, "Batt_amps_ratio_MFD": 0.930401146, "Batt_amps_ratio_MxSpd": 0.930401146, "Distance_MxSpd": 949.267944, "Max_Distance": 949.267944, "Hover_Time": 65.259964, "Max_Speed": 23.0, "Max_uc_at_MFD": 0.982309103, "Mot_amps_ratio_MFD": 0.441584259, "Mot_amps_ratio_MxSpd": 0.441584259, "Mot_power_ratio_MFD": 0.165594101, "Mot_power_ratio_MxSpd": 0.165594101, "Power_MFD": 704.971558, "Power_MxSpd": 704.971558, "Speed_MFD": 23.0}