{"Interferences": 2, "Mass": 3.984467861311053, "Batt_amps_ratio_MFD": 2.43130851, "Batt_amps_ratio_MxSpd": 3.19119096, "Distance_MxSpd": 409.126251, "Max_Distance": 426.437042, "Hover_Time": 23.9796333, "Max_Speed": 34.0, "Max_uc_at_MFD": 0.946548581, "Mot_amps_ratio_MFD": 0.383257508, "Mot_amps_ratio_MxSpd": 0.38922444, "Mot_power_ratio_MFD": 0.14286828, "Mot_power_ratio_MxSpd": 0.145092607, "Power_MFD": 1639.62097, "Power_MxSpd": 2485.16064, "Speed_MFD": 27.0}