{"Interferences": 4, "Mass": 4.368228748293372, "Batt_amps_ratio_MFD": 0.192319155, "Batt_amps_ratio_MxSpd": 0.192319155, "Distance_MxSpd": 1397.67664, "Max_Distance": 1397.67664, "Hover_Time": 0.0, "Max_Speed": 7.0, "Max_uc_at_MFD": 0.999563336, "Mot_amps_ratio_MFD": 0.299175382, "Mot_amps_ratio_MxSpd": 0.299175382, "Mot_power_ratio_MFD": 0.138368621, "Mot_power_ratio_MxSpd": 0.138368621, "Power_MFD": 619.161743, "Power_MxSpd": 619.161743, "Speed_MFD": 7.0}