{
  "generator_version":"UAV2_gen12",
  "name":"design_39866_77aadad0474944178ebd84eef907aa6e_s",
  "hub":{
    "node_type":"ConnectedHub4_2_2",
    "frontSegment":{
      "node_type":"DoubleBendSegment",
      "angle":-90.0,
      "arm1Length":364.2110837713994,
      "arm2Length":72.9759204242622,
      "mainSegment":{
        "node_type":"PropArm",
        "armLength":348.7185248127395,
        "motor":{
          "motorType":"t_motor_MN5212KV420"
        },
        "prop":{
          "propType":"apc_propellers_17x6E"
        },
        "flange":{
          "offset":-20.86716186693013,
          "angle":0.0
        }
      }
    },
    "rearSegment":{
      "node_type":"AngledWingArm",
      "arm1Length":479.51065990956977,
      "arm2Length":116.5896283145989,
      "wing":{
        "wingType":"Wing_vert_hole",
        "nacaProfile":"2518",
        "span":1218.1944182777745,
        "chordInner":468.02156660114235,
        "chordOuter":69.62667757484412,
        "taperOffset":true,
        "aileronBias":0.8973352445533079,
        "flapBias":0.9612773919772024,
        "load":796.8031035961934,
        "tubeOffset":57.185486182397945,
        "tubeRot":272.91680015852745
      },
      "servo":{
        "servoType":"Hitec_HS_5055MG"
      }
    }
  },
  "fuselageWithComponents":{
    "node_type":"SingleBatteryFuselageWithComponents",
    "battery":{
      "batteryType":"Tattu35C6000mAh6S1P"
    },
    "fuselage":{
      "length":148.0,
      "vertDiameter":67.5,
      "horzDiameter":374.4,
      "floorHeight":11.25,
      "batteryX":0.0,
      "batteryY":6.0,
      "rpmX":0.0,
      "rpmY":-114.8,
      "autoPilotX":0.0,
      "autoPilotY":58.5,
      "currentX":0.0,
      "currentY":-94.65,
      "voltageX":0.0,
      "voltageY":112.3,
      "gpsX":0.0,
      "gpsY":-54.5,
      "varioX":0.0,
      "varioY":90.65
    }
  }
}