{"Interferences": 9, "Mass": 4.059778146093464, "Batt_amps_ratio_MFD": 1.74491906, "Batt_amps_ratio_MxSpd": 1.74491906, "Distance_MxSpd": 220.06752, "Max_Distance": 220.06752, "Hover_Time": 0.0, "Max_Speed": 10.0, "Max_uc_at_MFD": 0.944328547, "Mot_amps_ratio_MFD": 0.913956642, "Mot_amps_ratio_MxSpd": 0.913956642, "Mot_power_ratio_MFD": 0.601180375, "Mot_power_ratio_MxSpd": 0.601180375, "Power_MFD": 1969.07227, "Power_MxSpd": 1969.07227, "Speed_MFD": 10.0}