{"Interferences": 40, "Mass": 10.074986826327038, "Batt_amps_ratio_MFD": 1.26677394, "Batt_amps_ratio_MxSpd": 1.26677394, "Distance_MxSpd": 212.192551, "Max_Distance": 212.192551, "Hover_Time": 40.2085533, "Max_Speed": 7.0, "Max_uc_at_MFD": 0.996242106, "Mot_amps_ratio_MFD": 0.760943174, "Mot_amps_ratio_MxSpd": 0.760943174, "Mot_power_ratio_MFD": 0.761717975, "Mot_power_ratio_MxSpd": 0.761717975, "Power_MFD": 3606.20776, "Power_MxSpd": 3606.20776, "Speed_MFD": 7.0}