{"Interferences": 22, "Mass": 8.627848317959751, "Batt_amps_ratio_MFD": 1.30871093, "Batt_amps_ratio_MxSpd": 1.9428364, "Distance_MxSpd": 474.358002, "Max_Distance": 645.520691, "Hover_Time": 27.7139683, "Max_Speed": 24.0, "Max_uc_at_MFD": 0.457343608, "Mot_amps_ratio_MFD": 0.547893643, "Mot_amps_ratio_MxSpd": 0.962173104, "Mot_power_ratio_MFD": 0.564721763, "Mot_power_ratio_MxSpd": 0.991725564, "Power_MFD": 2574.15259, "Power_MxSpd": 4861.11914, "Speed_MFD": 22.0}