{"Interferences": 6, "Mass": 3.83301796377871, "Batt_amps_ratio_MFD": 0.171369225, "Batt_amps_ratio_MxSpd": 0.171369225, "Distance_MxSpd": 4257.47363, "Max_Distance": 4257.47363, "Hover_Time": 288.380829, "Max_Speed": 19.0, "Max_uc_at_MFD": 1.0, "Mot_amps_ratio_MFD": 0.370415211, "Mot_amps_ratio_MxSpd": 0.370415211, "Mot_power_ratio_MFD": 0.137053624, "Mot_power_ratio_MxSpd": 0.137053624, "Power_MFD": 679.859924, "Power_MxSpd": 679.859924, "Speed_MFD": 19.0}