{"Interferences": 6, "Mass": 5.982346783805732, "Batt_amps_ratio_MFD": 0.592204392, "Batt_amps_ratio_MxSpd": 1.08010042, "Distance_MxSpd": 1350.98547, "Max_Distance": 1621.06189, "Hover_Time": 86.4000626, "Max_Speed": 38.0, "Max_uc_at_MFD": 0.580772102, "Mot_amps_ratio_MFD": 0.495471299, "Mot_amps_ratio_MxSpd": 0.879022598, "Mot_power_ratio_MFD": 0.247875214, "Mot_power_ratio_MxSpd": 0.439758927, "Power_MFD": 1448.43396, "Power_MxSpd": 3962.77148, "Speed_MFD": 25.0}