{"Interferences": 65, "Mass": 4.024802125027633, "Batt_amps_ratio_MFD": 1.13159895, "Batt_amps_ratio_MxSpd": 1.26807714, "Distance_MxSpd": 1029.59033, "Max_Distance": 1085.89709, "Hover_Time": 54.8357468, "Max_Speed": 34.0, "Max_uc_at_MFD": 0.993907273, "Mot_amps_ratio_MFD": 0.635053754, "Mot_amps_ratio_MxSpd": 0.5543859, "Mot_power_ratio_MFD": 0.399448782, "Mot_power_ratio_MxSpd": 0.348708719, "Power_MFD": 1575.17102, "Power_MxSpd": 1774.32983, "Speed_MFD": 32.0}