{"Interferences": 29, "Mass": 9.93230838371967, "Batt_amps_ratio_MFD": 1.24370134, "Batt_amps_ratio_MxSpd": 1.55218768, "Distance_MxSpd": 4205.67676, "Max_Distance": 4940.09277, "Hover_Time": 187.772644, "Max_Speed": 34.0, "Max_uc_at_MFD": 0.967366338, "Mot_amps_ratio_MFD": 0.945592046, "Mot_amps_ratio_MxSpd": 0.983165026, "Mot_power_ratio_MFD": 0.315163553, "Mot_power_ratio_MxSpd": 0.572100163, "Power_MFD": 3881.54785, "Power_MxSpd": 4747.02588, "Speed_MFD": 32.0}