{"Interferences": 14, "Mass": 4.206174863282519, "Batt_amps_ratio_MFD": 1.71347415, "Batt_amps_ratio_MxSpd": 1.71347415, "Distance_MxSpd": 112.053047, "Max_Distance": 112.053047, "Hover_Time": 0.0, "Max_Speed": 5.0, "Max_uc_at_MFD": 0.999930263, "Mot_amps_ratio_MFD": 0.56304419, "Mot_amps_ratio_MxSpd": 0.56304419, "Mot_power_ratio_MFD": 0.566108048, "Mot_power_ratio_MxSpd": 0.566108048, "Power_MFD": 1402.84631, "Power_MxSpd": 1402.84631, "Speed_MFD": 5.0}