{"Interferences": 18, "Mass": 4.7847705710795445, "Batt_amps_ratio_MFD": 0.243897483, "Batt_amps_ratio_MxSpd": 0.243897483, "Distance_MxSpd": 2833.97754, "Max_Distance": 2833.97754, "Hover_Time": 0.0, "Max_Speed": 18.0, "Max_uc_at_MFD": 0.965750992, "Mot_amps_ratio_MFD": 0.566680968, "Mot_amps_ratio_MxSpd": 0.566680968, "Mot_power_ratio_MFD": 0.29204309, "Mot_power_ratio_MxSpd": 0.29204309, "Power_MFD": 933.154175, "Power_MxSpd": 933.154175, "Speed_MFD": 18.0}