{"Interferences": 6, "Mass": 7.5426430202884225, "Batt_amps_ratio_MFD": 2.07621503, "Batt_amps_ratio_MxSpd": 2.19018531, "Distance_MxSpd": 2156.53003, "Max_Distance": 2163.93774, "Hover_Time": 74.4920349, "Max_Speed": 41.0, "Max_uc_at_MFD": 0.98398906, "Mot_amps_ratio_MFD": 0.84243381, "Mot_amps_ratio_MxSpd": 0.905562937, "Mot_power_ratio_MFD": 0.770409882, "Mot_power_ratio_MxSpd": 0.796939909, "Power_MFD": 5421.30615, "Power_MxSpd": 6210.8374, "Speed_MFD": 39.0}