{"Interferences": 80, "Mass": 7.077280254546244, "Batt_amps_ratio_MFD": 0.432042688, "Batt_amps_ratio_MxSpd": 0.584904015, "Distance_MxSpd": 2823.02734, "Max_Distance": 3021.92358, "Hover_Time": 112.73761, "Max_Speed": 43.0, "Max_uc_at_MFD": 0.72200346, "Mot_amps_ratio_MFD": 0.659024715, "Mot_amps_ratio_MxSpd": 0.995254099, "Mot_power_ratio_MFD": 0.660429537, "Mot_power_ratio_MxSpd": 0.997375607, "Power_MFD": 2326.78857, "Power_MxSpd": 3968.50464, "Speed_MFD": 34.0}