{"Interferences": 4, "Mass": 3.293561587624569, "Batt_amps_ratio_MFD": 0.102515325, "Batt_amps_ratio_MxSpd": 0.102515325, "Distance_MxSpd": 4869.51562, "Max_Distance": 4869.51562, "Hover_Time": 399.274597, "Max_Speed": 13.0, "Max_uc_at_MFD": 0.99999994, "Mot_amps_ratio_MFD": 0.421753496, "Mot_amps_ratio_MxSpd": 0.421753496, "Mot_power_ratio_MFD": 0.208065063, "Mot_power_ratio_MxSpd": 0.208065063, "Power_MFD": 522.921997, "Power_MxSpd": 522.921997, "Speed_MFD": 13.0}