{"Interferences": 10, "Mass": 4.0909600863968105, "Batt_amps_ratio_MFD": 0.640880883, "Batt_amps_ratio_MxSpd": 0.640880883, "Distance_MxSpd": 119.83506, "Max_Distance": 119.83506, "Hover_Time": 0.0, "Max_Speed": 2.0, "Max_uc_at_MFD": 0.731104076, "Mot_amps_ratio_MFD": 0.960664809, "Mot_amps_ratio_MxSpd": 0.960664809, "Mot_power_ratio_MFD": 0.568713546, "Mot_power_ratio_MxSpd": 0.568713546, "Power_MFD": 1024.03357, "Power_MxSpd": 1024.03357, "Speed_MFD": 2.0}