{"Interferences": 32, "Mass": 2.291692497520898, "Batt_amps_ratio_MFD": 0.774016261, "Batt_amps_ratio_MxSpd": 0.933732152, "Distance_MxSpd": 1069.25732, "Max_Distance": 1091.44995, "Hover_Time": 0.0, "Max_Speed": 26.0, "Max_uc_at_MFD": 0.789576173, "Mot_amps_ratio_MFD": 0.628526509, "Mot_amps_ratio_MxSpd": 0.836554348, "Mot_power_ratio_MFD": 0.516788483, "Mot_power_ratio_MxSpd": 0.687833548, "Power_MFD": 603.995239, "Power_MxSpd": 901.692383, "Speed_MFD": 22.0}