{"Interferences": 39, "Mass": 4.03218933808417, "Batt_amps_ratio_MFD": 0.555142701, "Batt_amps_ratio_MxSpd": 0.555142701, "Distance_MxSpd": 830.056885, "Max_Distance": 830.056885, "Hover_Time": 0.0, "Max_Speed": 12.0, "Max_uc_at_MFD": 0.833944857, "Mot_amps_ratio_MFD": 0.783152819, "Mot_amps_ratio_MxSpd": 0.783152819, "Mot_power_ratio_MFD": 0.5795331, "Mot_power_ratio_MxSpd": 0.5795331, "Power_MFD": 531.053833, "Power_MxSpd": 531.053833, "Speed_MFD": 12.0}