{"Interferences": 13, "Mass": 4.815988073464144, "Batt_amps_ratio_MFD": 0.445529759, "Batt_amps_ratio_MxSpd": 0.445529759, "Distance_MxSpd": 5688.50879, "Max_Distance": 5688.50879, "Hover_Time": 299.384369, "Max_Speed": 22.0, "Max_uc_at_MFD": 0.891096711, "Mot_amps_ratio_MFD": 0.89842999, "Mot_amps_ratio_MxSpd": 0.89842999, "Mot_power_ratio_MFD": 0.674202085, "Mot_power_ratio_MxSpd": 0.674202085, "Power_MFD": 1379.33203, "Power_MxSpd": 1379.33203, "Speed_MFD": 22.0}