{"Interferences": 18, "Mass": 8.408065577770213, "Batt_amps_ratio_MFD": 3.21945524, "Batt_amps_ratio_MxSpd": 3.21945524, "Distance_MxSpd": 202.767212, "Max_Distance": 202.767212, "Hover_Time": 0.0, "Max_Speed": 17.0, "Max_uc_at_MFD": 0.999932885, "Mot_amps_ratio_MFD": 0.938084543, "Mot_amps_ratio_MxSpd": 0.938084543, "Mot_power_ratio_MFD": 0.571679771, "Mot_power_ratio_MxSpd": 0.571679771, "Power_MFD": 5225.70215, "Power_MxSpd": 5225.70215, "Speed_MFD": 17.0}