{"Interferences": 8, "Mass": 7.85174162373221, "Batt_amps_ratio_MFD": 0.509532511, "Batt_amps_ratio_MxSpd": 0.509532511, "Distance_MxSpd": 2034.80627, "Max_Distance": 2034.80627, "Hover_Time": 106.394173, "Max_Speed": 27.0, "Max_uc_at_MFD": 0.91638422, "Mot_amps_ratio_MFD": 0.794241071, "Mot_amps_ratio_MxSpd": 0.794241071, "Mot_power_ratio_MFD": 0.563834786, "Mot_power_ratio_MxSpd": 0.563834786, "Power_MFD": 3010.85864, "Power_MxSpd": 3010.85864, "Speed_MFD": 27.0}