{"Interferences": 13, "Mass": 6.739326327134072, "Batt_amps_ratio_MFD": 0.501526535, "Batt_amps_ratio_MxSpd": 0.501526535, "Distance_MxSpd": 3828.31201, "Max_Distance": 3828.31201, "Hover_Time": 175.928085, "Max_Speed": 20.0, "Max_uc_at_MFD": 0.839061499, "Mot_amps_ratio_MFD": 0.807823598, "Mot_amps_ratio_MxSpd": 0.807823598, "Mot_power_ratio_MFD": 0.808646083, "Mot_power_ratio_MxSpd": 0.808646083, "Power_MFD": 1791.79846, "Power_MxSpd": 1791.79846, "Speed_MFD": 20.0}