{"Interferences": 9, "Mass": 7.360467634877151, "Batt_amps_ratio_MFD": 0.78107971, "Batt_amps_ratio_MxSpd": 0.78107971, "Distance_MxSpd": 934.091553, "Max_Distance": 934.091553, "Hover_Time": 0.0, "Max_Speed": 19.0, "Max_uc_at_MFD": 0.999997795, "Mot_amps_ratio_MFD": 0.709777057, "Mot_amps_ratio_MxSpd": 0.709777057, "Mot_power_ratio_MFD": 0.177425236, "Mot_power_ratio_MxSpd": 0.177425236, "Power_MFD": 2895.97827, "Power_MxSpd": 2895.97827, "Speed_MFD": 19.0}