{"Interferences": 0, "Mass": 4.643968862952383, "Batt_amps_ratio_MFD": 0.242925256, "Batt_amps_ratio_MxSpd": 0.559447467, "Distance_MxSpd": 2814.20532, "Max_Distance": 3635.68628, "Hover_Time": 220.442764, "Max_Speed": 41.0, "Max_uc_at_MFD": 0.729793489, "Mot_amps_ratio_MFD": 0.489930838, "Mot_amps_ratio_MxSpd": 0.648051679, "Mot_power_ratio_MFD": 0.453186005, "Mot_power_ratio_MxSpd": 0.599447787, "Power_MFD": 1245.24268, "Power_MxSpd": 4423.93359, "Speed_MFD": 23.0}