{"Interferences": 21, "Mass": 4.068779799176239, "Batt_amps_ratio_MFD": 0.600871503, "Batt_amps_ratio_MxSpd": 0.600871503, "Distance_MxSpd": 1342.05066, "Max_Distance": 1342.05066, "Hover_Time": 64.2009964, "Max_Speed": 21.0, "Max_uc_at_MFD": 0.999806345, "Mot_amps_ratio_MFD": 0.490044862, "Mot_amps_ratio_MxSpd": 0.490044862, "Mot_power_ratio_MFD": 0.245196819, "Mot_power_ratio_MxSpd": 0.245196819, "Power_MFD": 826.935913, "Power_MxSpd": 826.935913, "Speed_MFD": 21.0}