{"Interferences": 37, "Mass": 11.655904196422274, "Batt_amps_ratio_MFD": 0.201920435, "Batt_amps_ratio_MxSpd": 0.201920435, "Distance_MxSpd": 14263.0439, "Max_Distance": 14263.0439, "Hover_Time": 580.841553, "Max_Speed": 25.0, "Max_uc_at_MFD": 1.0, "Mot_amps_ratio_MFD": 0.77093643, "Mot_amps_ratio_MxSpd": 0.77093643, "Mot_power_ratio_MFD": 0.788181067, "Mot_power_ratio_MxSpd": 0.788181067, "Power_MFD": 2924.68604, "Power_MxSpd": 2924.68604, "Speed_MFD": 25.0}