{"Interferences": 35, "Mass": 4.881799389508182, "Batt_amps_ratio_MFD": 0.242110297, "Batt_amps_ratio_MxSpd": 0.26989764, "Distance_MxSpd": 1849.59009, "Max_Distance": 1903.26477, "Hover_Time": 131.222183, "Max_Speed": 13.0, "Max_uc_at_MFD": 0.917881966, "Mot_amps_ratio_MFD": 0.385153949, "Mot_amps_ratio_MxSpd": 0.468043387, "Mot_power_ratio_MFD": 0.36339274, "Mot_power_ratio_MxSpd": 0.441598952, "Power_MFD": 635.381775, "Power_MxSpd": 775.539429, "Speed_MFD": 12.0}