{"Interferences": 9, "Mass": 12.280533950063562, "Batt_amps_ratio_MFD": 0.420507222, "Batt_amps_ratio_MxSpd": 0.420507222, "Distance_MxSpd": 1826.36584, "Max_Distance": 1826.36584, "Hover_Time": 0.0, "Max_Speed": 8.0, "Max_uc_at_MFD": 0.970902562, "Mot_amps_ratio_MFD": 0.863096952, "Mot_amps_ratio_MxSpd": 0.863096952, "Mot_power_ratio_MFD": 0.798364699, "Mot_power_ratio_MxSpd": 0.798364699, "Power_MFD": 4275.91016, "Power_MxSpd": 4275.91016, "Speed_MFD": 8.0}