{
  "generator_version":"UAV2_gen12",
  "name":"design_9347_17c401f4a04e4ad6987473e32cc6f365_s",
  "hub":{
    "node_type":"ConnectedHub4_2_2",
    "frontSegment":{
      "node_type":"AngledWingArm",
      "arm1Length":302.0143740355736,
      "arm2Length":125.298375293513,
      "wing":{
        "wingType":"Wing_vert_hole",
        "nacaProfile":"0012",
        "span":389.9246649133124,
        "chordInner":498.9276301522138,
        "chordOuter":165.77489497774596,
        "taperOffset":false,
        "aileronBias":0.3908842974395137,
        "flapBias":0.10828547469438243,
        "load":365.77679945248605,
        "tubeOffset":13.228092326270282,
        "tubeRot":293.97088771747644
      },
      "servo":{
        "servoType":"Hitec_HS_5065MG"
      }
    },
    "rearSegment":{
      "node_type":"DoubleBendSegment",
      "angle":-121.56107863165896,
      "arm1Length":374.6248037775348,
      "arm2Length":472.0270393943572,
      "mainSegment":{
        "node_type":"PropArm",
        "armLength":70.14901309677272,
        "motor":{
          "motorType":"t_motor_AT4120KV560"
        },
        "prop":{
          "propType":"apc_propellers_20x8W"
        },
        "flange":{
          "offset":35.92188686996562,
          "angle":0.0
        }
      }
    }
  },
  "fuselageWithComponents":{
    "node_type":"SingleBatteryFuselageWithComponents",
    "battery":{
      "batteryType":"Tattu35C6000mAh6S1P"
    },
    "fuselage":{
      "length":148.0,
      "vertDiameter":67.5,
      "horzDiameter":374.4,
      "floorHeight":11.25,
      "batteryX":0.0,
      "batteryY":6.0,
      "rpmX":0.0,
      "rpmY":-114.8,
      "autoPilotX":0.0,
      "autoPilotY":58.5,
      "currentX":0.0,
      "currentY":-94.65,
      "voltageX":0.0,
      "voltageY":112.3,
      "gpsX":0.0,
      "gpsY":-54.5,
      "varioX":0.0,
      "varioY":90.65
    }
  }
}