{"Interferences": 4, "Mass": 3.573972734194988, "Batt_amps_ratio_MFD": 0.995096564, "Batt_amps_ratio_MxSpd": 1.41494775, "Distance_MxSpd": 841.303162, "Max_Distance": 887.552063, "Hover_Time": 64.5158615, "Max_Speed": 31.0, "Max_uc_at_MFD": 0.65433532, "Mot_amps_ratio_MFD": 0.325754553, "Mot_amps_ratio_MxSpd": 0.497418702, "Mot_power_ratio_MFD": 0.319047868, "Mot_power_ratio_MxSpd": 0.475278407, "Power_MFD": 912.029358, "Power_MxSpd": 1893.58728, "Speed_MFD": 23.0}