{"Interferences": 6, "Mass": 9.637896185123612, "Batt_amps_ratio_MFD": 2.08592963, "Batt_amps_ratio_MxSpd": 2.08592963, "Distance_MxSpd": 92.0452881, "Max_Distance": 92.0452881, "Hover_Time": 0.0, "Max_Speed": 5.0, "Max_uc_at_MFD": 0.999999642, "Mot_amps_ratio_MFD": 0.873828769, "Mot_amps_ratio_MxSpd": 0.873828769, "Mot_power_ratio_MFD": 0.431088865, "Mot_power_ratio_MxSpd": 0.431088865, "Power_MFD": 2794.62866, "Power_MxSpd": 2794.62866, "Speed_MFD": 5.0}