{"Interferences": 17, "Mass": 4.329559643219376, "Batt_amps_ratio_MFD": 1.65546155, "Batt_amps_ratio_MxSpd": 1.65546155, "Distance_MxSpd": 510.310852, "Max_Distance": 510.310852, "Hover_Time": 30.0741463, "Max_Speed": 22.0, "Max_uc_at_MFD": 0.987938941, "Mot_amps_ratio_MFD": 0.644625008, "Mot_amps_ratio_MxSpd": 0.644625008, "Mot_power_ratio_MFD": 0.221474737, "Mot_power_ratio_MxSpd": 0.221474737, "Power_MFD": 877.230042, "Power_MxSpd": 877.230042, "Speed_MFD": 22.0}