{"Interferences": 8, "Mass": 3.820177505618599, "Batt_amps_ratio_MFD": 0.161494121, "Batt_amps_ratio_MxSpd": 0.21251294, "Distance_MxSpd": 3975.28735, "Max_Distance": 4042.25244, "Hover_Time": 289.824677, "Max_Speed": 22.0, "Max_uc_at_MFD": 0.99999994, "Mot_amps_ratio_MFD": 0.567121089, "Mot_amps_ratio_MxSpd": 0.493730128, "Mot_power_ratio_MFD": 0.209834799, "Mot_power_ratio_MxSpd": 0.182680145, "Power_MFD": 598.310547, "Power_MxSpd": 820.476501, "Speed_MFD": 17.0}