{"Interferences": 0, "Mass": 6.80980569377027, "Batt_amps_ratio_MFD": 0.582582653, "Batt_amps_ratio_MxSpd": 0.582582653, "Distance_MxSpd": 1581.92151, "Max_Distance": 1581.92151, "Hover_Time": 75.8088379, "Max_Speed": 24.0, "Max_uc_at_MFD": 0.99861598, "Mot_amps_ratio_MFD": 0.734386861, "Mot_amps_ratio_MxSpd": 0.734386861, "Mot_power_ratio_MFD": 0.367270976, "Mot_power_ratio_MxSpd": 0.367270976, "Power_MFD": 2325.80249, "Power_MxSpd": 2325.80249, "Speed_MFD": 24.0}