{"Interferences": 3, "Mass": 3.969715791568635, "Batt_amps_ratio_MFD": 0.612913132, "Batt_amps_ratio_MxSpd": 0.612913132, "Distance_MxSpd": 1253.03235, "Max_Distance": 1253.03235, "Hover_Time": 77.7869415, "Max_Speed": 20.0, "Max_uc_at_MFD": 0.996432006, "Mot_amps_ratio_MFD": 0.880513966, "Mot_amps_ratio_MxSpd": 0.880513966, "Mot_power_ratio_MFD": 0.434386879, "Mot_power_ratio_MxSpd": 0.434386879, "Power_MFD": 935.534851, "Power_MxSpd": 935.534851, "Speed_MFD": 20.0}