{"Interferences": 27, "Mass": 6.3245522969169885, "Batt_amps_ratio_MFD": 0.980026007, "Batt_amps_ratio_MxSpd": 1.0653801, "Distance_MxSpd": 540.6521, "Max_Distance": 548.556885, "Hover_Time": 0.0, "Max_Speed": 15.0, "Max_uc_at_MFD": 0.96552676, "Mot_amps_ratio_MFD": 0.492349684, "Mot_amps_ratio_MxSpd": 0.489819467, "Mot_power_ratio_MFD": 0.227711737, "Mot_power_ratio_MxSpd": 0.226541504, "Power_MFD": 959.789978, "Power_MxSpd": 1175.66748, "Speed_MFD": 14.0}