{"Interferences": 0, "Mass": 6.377050668899284, "Batt_amps_ratio_MFD": 0.265368611, "Batt_amps_ratio_MxSpd": 0.265368611, "Distance_MxSpd": 3472.90527, "Max_Distance": 3472.90527, "Hover_Time": 207.868256, "Max_Speed": 24.0, "Max_uc_at_MFD": 0.628448367, "Mot_amps_ratio_MFD": 0.919997931, "Mot_amps_ratio_MxSpd": 0.919997931, "Mot_power_ratio_MFD": 0.680798471, "Mot_power_ratio_MxSpd": 0.680798471, "Power_MFD": 1514.54749, "Power_MxSpd": 1514.54749, "Speed_MFD": 24.0}