{"Interferences": 18, "Mass": 11.62644371212854, "Batt_amps_ratio_MFD": 1.14476693, "Batt_amps_ratio_MxSpd": 1.14476693, "Distance_MxSpd": 7044.229, "Max_Distance": 7044.229, "Hover_Time": 219.165558, "Max_Speed": 28.0, "Max_uc_at_MFD": 0.996425152, "Mot_amps_ratio_MFD": 0.902802646, "Mot_amps_ratio_MxSpd": 0.902802646, "Mot_power_ratio_MFD": 0.463862568, "Mot_power_ratio_MxSpd": 0.463862568, "Power_MFD": 4980.71582, "Power_MxSpd": 4980.71582, "Speed_MFD": 28.0}