{"Interferences": 14, "Mass": 6.123025970456372, "Batt_amps_ratio_MFD": 0.924066067, "Batt_amps_ratio_MxSpd": 1.07047009, "Distance_MxSpd": 3443.7207, "Max_Distance": 3490.65942, "Hover_Time": 182.773895, "Max_Speed": 32.0, "Max_uc_at_MFD": 0.499786407, "Mot_amps_ratio_MFD": 0.904582977, "Mot_amps_ratio_MxSpd": 0.913301647, "Mot_power_ratio_MFD": 0.679689765, "Mot_power_ratio_MxSpd": 0.686240852, "Power_MFD": 1564.65637, "Power_MxSpd": 1988.4137, "Speed_MFD": 28.0}