{"Interferences": 15, "Mass": 7.109981952914652, "Batt_amps_ratio_MFD": 1.26932752, "Batt_amps_ratio_MxSpd": 1.26932752, "Distance_MxSpd": 423.531342, "Max_Distance": 423.531342, "Hover_Time": 0.0, "Max_Speed": 14.0, "Max_uc_at_MFD": 0.973866522, "Mot_amps_ratio_MFD": 0.981334984, "Mot_amps_ratio_MxSpd": 0.981334984, "Mot_power_ratio_MFD": 0.327295929, "Mot_power_ratio_MxSpd": 0.327295929, "Power_MFD": 2274.05005, "Power_MxSpd": 2274.05005, "Speed_MFD": 14.0}