{"Interferences": 3, "Mass": 3.059263957076256, "Batt_amps_ratio_MFD": 0.735432446, "Batt_amps_ratio_MxSpd": 0.931247115, "Distance_MxSpd": 1113.3457, "Max_Distance": 1148.71191, "Hover_Time": 77.8118286, "Max_Speed": 27.0, "Max_uc_at_MFD": 0.74169451, "Mot_amps_ratio_MFD": 0.393580079, "Mot_amps_ratio_MxSpd": 0.517890394, "Mot_power_ratio_MFD": 0.234656632, "Mot_power_ratio_MxSpd": 0.306591123, "Power_MFD": 715.712219, "Power_MxSpd": 1125.80811, "Speed_MFD": 22.0}