{"Interferences": 4, "Mass": 4.050842378408855, "Batt_amps_ratio_MFD": 1.33176827, "Batt_amps_ratio_MxSpd": 1.33176827, "Distance_MxSpd": 634.344604, "Max_Distance": 634.344604, "Hover_Time": 28.4063396, "Max_Speed": 22.0, "Max_uc_at_MFD": 0.946178734, "Mot_amps_ratio_MFD": 0.559951186, "Mot_amps_ratio_MxSpd": 0.559951186, "Mot_power_ratio_MFD": 0.29134962, "Mot_power_ratio_MxSpd": 0.29134962, "Power_MFD": 1966.29834, "Power_MxSpd": 1966.29834, "Speed_MFD": 22.0}