{"Interferences": 12, "Mass": 9.80370331350434, "Batt_amps_ratio_MFD": 0.332165331, "Batt_amps_ratio_MxSpd": 0.343778729, "Distance_MxSpd": 10052.9775, "Max_Distance": 10115.4443, "Hover_Time": 391.322968, "Max_Speed": 36.0, "Max_uc_at_MFD": 0.743810356, "Mot_amps_ratio_MFD": 0.904198825, "Mot_amps_ratio_MxSpd": 0.86096406, "Mot_power_ratio_MFD": 0.905119479, "Mot_power_ratio_MxSpd": 0.861840665, "Power_MFD": 3156.04736, "Power_MxSpd": 3189.46777, "Speed_MFD": 35.0}