{"Interferences": 13, "Mass": 6.899929680235218, "Batt_amps_ratio_MFD": 0.67844522, "Batt_amps_ratio_MxSpd": 0.704387724, "Distance_MxSpd": 4742.84229, "Max_Distance": 4754.3999, "Hover_Time": 0.0, "Max_Speed": 29.0, "Max_uc_at_MFD": 0.656951547, "Mot_amps_ratio_MFD": 0.922118247, "Mot_amps_ratio_MxSpd": 0.956822455, "Mot_power_ratio_MFD": 0.903133452, "Mot_power_ratio_MxSpd": 0.93712312, "Power_MFD": 2008.68982, "Power_MxSpd": 2139.5332, "Speed_MFD": 28.0}