{"Interferences": 26, "Mass": 6.461837936956895, "Batt_amps_ratio_MFD": 0.534529507, "Batt_amps_ratio_MxSpd": 0.534529507, "Distance_MxSpd": 2155.16626, "Max_Distance": 2155.16626, "Hover_Time": 102.734428, "Max_Speed": 30.0, "Max_uc_at_MFD": 0.999958754, "Mot_amps_ratio_MFD": 0.39231655, "Mot_amps_ratio_MxSpd": 0.39231655, "Mot_power_ratio_MFD": 0.192119718, "Mot_power_ratio_MxSpd": 0.192119718, "Power_MFD": 2092.61255, "Power_MxSpd": 2092.61255, "Speed_MFD": 30.0}