{"Interferences": 8, "Mass": 5.571328704779567, "Batt_amps_ratio_MFD": 0.245438069, "Batt_amps_ratio_MxSpd": 0.245438069, "Distance_MxSpd": 2190.36914, "Max_Distance": 2190.36914, "Hover_Time": 169.242325, "Max_Speed": 14.0, "Max_uc_at_MFD": 0.996800184, "Mot_amps_ratio_MFD": 0.670974672, "Mot_amps_ratio_MxSpd": 0.670974672, "Mot_power_ratio_MFD": 0.408899844, "Mot_power_ratio_MxSpd": 0.408899844, "Power_MFD": 934.177734, "Power_MxSpd": 934.177734, "Speed_MFD": 14.0}