{"Interferences": 10, "Mass": 3.3084817637062143, "Batt_amps_ratio_MFD": 0.360872298, "Batt_amps_ratio_MxSpd": 0.525690556, "Distance_MxSpd": 2118.35669, "Max_Distance": 2340.99438, "Hover_Time": 162.924225, "Max_Speed": 29.0, "Max_uc_at_MFD": 0.909538448, "Mot_amps_ratio_MFD": 0.97144866, "Mot_amps_ratio_MxSpd": 0.950594544, "Mot_power_ratio_MFD": 0.798746645, "Mot_power_ratio_MxSpd": 0.781599939, "Power_MFD": 925.640198, "Power_MxSpd": 1638.84753, "Speed_MFD": 22.0}