{"Interferences": 11, "Mass": 5.666265637677231, "Batt_amps_ratio_MFD": 2.23083186, "Batt_amps_ratio_MxSpd": 2.74374533, "Distance_MxSpd": 419.864044, "Max_Distance": 481.972687, "Hover_Time": 20.6588917, "Max_Speed": 30.0, "Max_uc_at_MFD": 0.919824541, "Mot_amps_ratio_MFD": 0.757272542, "Mot_amps_ratio_MxSpd": 0.83888191, "Mot_power_ratio_MFD": 0.784534335, "Mot_power_ratio_MxSpd": 0.869081676, "Power_MFD": 2748.1814, "Power_MxSpd": 3522.30762, "Speed_MFD": 28.0}