{"Interferences": 0, "Mass": 6.008453951954297, "Batt_amps_ratio_MFD": 0.764492691, "Batt_amps_ratio_MxSpd": 0.764492691, "Distance_MxSpd": 1958.94617, "Max_Distance": 1958.94617, "Hover_Time": 163.551697, "Max_Speed": 13.0, "Max_uc_at_MFD": 0.521717846, "Mot_amps_ratio_MFD": 0.990913987, "Mot_amps_ratio_MxSpd": 0.990913987, "Mot_power_ratio_MFD": 0.74570477, "Mot_power_ratio_MxSpd": 0.74570477, "Power_MFD": 1334.51355, "Power_MxSpd": 1334.51355, "Speed_MFD": 13.0}