{"Interferences": 9, "Mass": 5.043471892711283, "Batt_amps_ratio_MFD": 0.409868628, "Batt_amps_ratio_MxSpd": 0.409868628, "Distance_MxSpd": 93.6885605, "Max_Distance": 93.6885605, "Hover_Time": 93.9929886, "Max_Speed": 1.0, "Max_uc_at_MFD": 0.711869121, "Mot_amps_ratio_MFD": 0.93996644, "Mot_amps_ratio_MxSpd": 0.93996644, "Mot_power_ratio_MFD": 0.470850885, "Mot_power_ratio_MxSpd": 0.470850885, "Power_MFD": 838.035889, "Power_MxSpd": 838.035889, "Speed_MFD": 1.0}