{"Interferences": 0, "Mass": 4.8520264768664205, "Batt_amps_ratio_MFD": 0.328731984, "Batt_amps_ratio_MxSpd": 0.538333416, "Distance_MxSpd": 7489.78174, "Max_Distance": 8410.49902, "Hover_Time": 518.244995, "Max_Speed": 35.0, "Max_uc_at_MFD": 0.70470351, "Mot_amps_ratio_MFD": 0.725165308, "Mot_amps_ratio_MxSpd": 0.945558727, "Mot_power_ratio_MFD": 0.551125646, "Mot_power_ratio_MxSpd": 0.718624592, "Power_MFD": 1229.22009, "Power_MxSpd": 2972.92505, "Speed_MFD": 24.0}