{"Interferences": 2, "Mass": 8.177067604879095, "Batt_amps_ratio_MFD": 0.428143322, "Batt_amps_ratio_MxSpd": 0.428143322, "Distance_MxSpd": 6502.49512, "Max_Distance": 6502.49512, "Hover_Time": 312.279907, "Max_Speed": 29.0, "Max_uc_at_MFD": 0.999999225, "Mot_amps_ratio_MFD": 0.983180344, "Mot_amps_ratio_MxSpd": 0.983180344, "Mot_power_ratio_MFD": 0.737385273, "Mot_power_ratio_MxSpd": 0.737385273, "Power_MFD": 3441.06934, "Power_MxSpd": 3441.06934, "Speed_MFD": 29.0}