{"Interferences": 16, "Mass": 10.465087549143233, "Batt_amps_ratio_MFD": 0.688607991, "Batt_amps_ratio_MxSpd": 0.688607991, "Distance_MxSpd": 5855.29102, "Max_Distance": 5855.29102, "Hover_Time": 0.0, "Max_Speed": 14.0, "Max_uc_at_MFD": 0.999062121, "Mot_amps_ratio_MFD": 0.892745733, "Mot_amps_ratio_MxSpd": 0.892745733, "Mot_power_ratio_MFD": 0.678486764, "Mot_power_ratio_MxSpd": 0.678486764, "Power_MFD": 4545.48438, "Power_MxSpd": 4545.48438, "Speed_MFD": 14.0}