{"Interferences": 19, "Mass": 5.348440497642413, "Batt_amps_ratio_MFD": 0.762340605, "Batt_amps_ratio_MxSpd": 0.762340605, "Distance_MxSpd": 957.05249, "Max_Distance": 957.05249, "Hover_Time": 0.0, "Max_Speed": 19.0, "Max_uc_at_MFD": 0.659255326, "Mot_amps_ratio_MFD": 0.851209521, "Mot_amps_ratio_MxSpd": 0.851209521, "Mot_power_ratio_MFD": 0.584902585, "Mot_power_ratio_MxSpd": 0.584902585, "Power_MFD": 1337.40405, "Power_MxSpd": 1337.40405, "Speed_MFD": 19.0}