{"Interferences": 86, "Mass": 8.475409211333693, "Batt_amps_ratio_MFD": 0.404693395, "Batt_amps_ratio_MxSpd": 0.404693395, "Distance_MxSpd": 6642.06543, "Max_Distance": 6642.06543, "Hover_Time": 280.155579, "Max_Speed": 28.0, "Max_uc_at_MFD": 0.693340003, "Mot_amps_ratio_MFD": 0.958234608, "Mot_amps_ratio_MxSpd": 0.958234608, "Mot_power_ratio_MFD": 0.721112132, "Mot_power_ratio_MxSpd": 0.721112132, "Power_MFD": 1896.09399, "Power_MxSpd": 1896.09399, "Speed_MFD": 28.0}