{"Interferences": 36, "Mass": 7.375920557684268, "Batt_amps_ratio_MFD": 2.89227104, "Batt_amps_ratio_MxSpd": 2.89227104, "Distance_MxSpd": 146.044403, "Max_Distance": 146.044403, "Hover_Time": 0.0, "Max_Speed": 11.0, "Max_uc_at_MFD": 0.948211491, "Mot_amps_ratio_MFD": 0.921690404, "Mot_amps_ratio_MxSpd": 0.921690404, "Mot_power_ratio_MFD": 0.614304125, "Mot_power_ratio_MxSpd": 0.614304125, "Power_MFD": 2100.25146, "Power_MxSpd": 2100.25146, "Speed_MFD": 11.0}