{"Interferences": 62, "Mass": 3.697925162971112, "Batt_amps_ratio_MFD": 0.70384866, "Batt_amps_ratio_MxSpd": 0.841986597, "Distance_MxSpd": 1185.76709, "Max_Distance": 1254.81519, "Hover_Time": 75.7984238, "Max_Speed": 26.0, "Max_uc_at_MFD": 0.933460116, "Mot_amps_ratio_MFD": 0.430144817, "Mot_amps_ratio_MxSpd": 0.382158935, "Mot_power_ratio_MFD": 0.39320296, "Mot_power_ratio_MxSpd": 0.349338204, "Power_MFD": 955.566833, "Power_MxSpd": 1189.00537, "Speed_MFD": 23.0}