{"Interferences": 6, "Mass": 3.8405732528272223, "Batt_amps_ratio_MFD": 0.519011796, "Batt_amps_ratio_MxSpd": 0.744979858, "Distance_MxSpd": 1546.35046, "Max_Distance": 1627.70874, "Hover_Time": 107.302887, "Max_Speed": 30.0, "Max_uc_at_MFD": 0.555650473, "Mot_amps_ratio_MFD": 0.640073419, "Mot_amps_ratio_MxSpd": 0.962672949, "Mot_power_ratio_MFD": 0.439821869, "Mot_power_ratio_MxSpd": 0.661493838, "Power_MFD": 857.218201, "Power_MxSpd": 1674.85522, "Speed_MFD": 22.0}