{"Interferences": 28, "Mass": 6.569022404266498, "Batt_amps_ratio_MFD": 1.02006686, "Batt_amps_ratio_MxSpd": 1.11155248, "Distance_MxSpd": 518.194153, "Max_Distance": 527.024292, "Hover_Time": 0.0, "Max_Speed": 15.0, "Max_uc_at_MFD": 0.994919479, "Mot_amps_ratio_MFD": 0.523096561, "Mot_amps_ratio_MxSpd": 0.510688424, "Mot_power_ratio_MFD": 0.241932154, "Mot_power_ratio_MxSpd": 0.236193389, "Power_MFD": 1046.11023, "Power_MxSpd": 1196.9491, "Speed_MFD": 14.0}