{"Interferences": 6, "Mass": 3.314429639821217, "Batt_amps_ratio_MFD": 0.809565127, "Batt_amps_ratio_MxSpd": 1.64376652, "Distance_MxSpd": 934.43927, "Max_Distance": 1138.38892, "Hover_Time": 74.5339432, "Max_Speed": 40.0, "Max_uc_at_MFD": 0.622020662, "Mot_amps_ratio_MFD": 0.347113103, "Mot_amps_ratio_MxSpd": 0.868275344, "Mot_power_ratio_MFD": 0.301332891, "Mot_power_ratio_MxSpd": 0.669190228, "Power_MFD": 927.515198, "Power_MxSpd": 3120.11865, "Speed_MFD": 24.0}