{"Interferences": 12, "Mass": 14.203293833720853, "Batt_amps_ratio_MFD": 0.564381659, "Batt_amps_ratio_MxSpd": 0.668741643, "Distance_MxSpd": 8440.92773, "Max_Distance": 8777.03906, "Hover_Time": 325.166473, "Max_Speed": 49.0, "Max_uc_at_MFD": 0.771424532, "Mot_amps_ratio_MFD": 0.936587632, "Mot_amps_ratio_MxSpd": 0.970422745, "Mot_power_ratio_MFD": 0.468243599, "Mot_power_ratio_MxSpd": 0.485159338, "Power_MFD": 5746.78711, "Power_MxSpd": 7391.88721, "Speed_MFD": 43.0}