{"Interferences": 41, "Mass": 4.83683920054564, "Batt_amps_ratio_MFD": 0.274836451, "Batt_amps_ratio_MxSpd": 0.287868053, "Distance_MxSpd": 3735.04468, "Max_Distance": 3772.42554, "Hover_Time": 217.57222, "Max_Speed": 28.0, "Max_uc_at_MFD": 0.999986231, "Mot_amps_ratio_MFD": 0.340476006, "Mot_amps_ratio_MxSpd": 0.329863697, "Mot_power_ratio_MFD": 0.227467865, "Mot_power_ratio_MxSpd": 0.220377907, "Power_MFD": 1336.71667, "Power_MxSpd": 1418.39893, "Speed_MFD": 27.0}