{"Interferences": 56, "Mass": 7.185058229209428, "Batt_amps_ratio_MFD": 0.310180932, "Batt_amps_ratio_MxSpd": 0.425253838, "Distance_MxSpd": 3250.76416, "Max_Distance": 3342.56519, "Hover_Time": 156.734879, "Max_Speed": 36.0, "Max_uc_at_MFD": 0.608034611, "Mot_amps_ratio_MFD": 0.867668867, "Mot_amps_ratio_MxSpd": 0.993303776, "Mot_power_ratio_MFD": 0.651953042, "Mot_power_ratio_MxSpd": 0.746353209, "Power_MFD": 1652.37354, "Power_MxSpd": 2775.21606, "Speed_MFD": 27.0}