{"Interferences": 27, "Mass": 9.97018107835738, "Batt_amps_ratio_MFD": 1.08815825, "Batt_amps_ratio_MxSpd": 1.08815825, "Distance_MxSpd": 2029.1167, "Max_Distance": 2029.1167, "Hover_Time": 0.0, "Max_Speed": 23.0, "Max_uc_at_MFD": 0.980487764, "Mot_amps_ratio_MFD": 0.996288478, "Mot_amps_ratio_MxSpd": 0.996288478, "Mot_power_ratio_MFD": 0.826618731, "Mot_power_ratio_MxSpd": 0.826618731, "Power_MFD": 4758.85205, "Power_MxSpd": 4758.85205, "Speed_MFD": 23.0}