{"Interferences": 4, "Mass": 3.0410121925089757, "Batt_amps_ratio_MFD": 0.725812495, "Batt_amps_ratio_MxSpd": 0.725812495, "Distance_MxSpd": 476.156036, "Max_Distance": 476.156036, "Hover_Time": 57.5718994, "Max_Speed": 9.0, "Max_uc_at_MFD": 0.987915456, "Mot_amps_ratio_MFD": 0.283608049, "Mot_amps_ratio_MxSpd": 0.283608049, "Mot_power_ratio_MFD": 0.138884529, "Mot_power_ratio_MxSpd": 0.138884529, "Power_MFD": 578.458923, "Power_MxSpd": 578.458923, "Speed_MFD": 9.0}