{"Interferences": 8, "Mass": 3.888512052530931, "Batt_amps_ratio_MFD": 1.82495475, "Batt_amps_ratio_MxSpd": 1.96983171, "Distance_MxSpd": 623.809631, "Max_Distance": 631.248535, "Hover_Time": 0.0, "Max_Speed": 32.0, "Max_uc_at_MFD": 0.503780723, "Mot_amps_ratio_MFD": 0.805677354, "Mot_amps_ratio_MxSpd": 0.876682937, "Mot_power_ratio_MFD": 0.789089859, "Mot_power_ratio_MxSpd": 0.858633578, "Power_MFD": 1391.09692, "Power_MxSpd": 1614.17896, "Speed_MFD": 30.0}