{"Interferences": 17, "Mass": 6.534688922131515, "Batt_amps_ratio_MFD": 0.522046089, "Batt_amps_ratio_MxSpd": 0.597765803, "Distance_MxSpd": 5781.52832, "Max_Distance": 5958.09473, "Hover_Time": 313.711151, "Max_Speed": 30.0, "Max_uc_at_MFD": 0.824061096, "Mot_amps_ratio_MFD": 0.813592374, "Mot_amps_ratio_MxSpd": 0.896064878, "Mot_power_ratio_MFD": 0.602058351, "Mot_power_ratio_MxSpd": 0.663088024, "Power_MFD": 1774.91077, "Power_MxSpd": 2034.14819, "Speed_MFD": 27.0}