{"Interferences": 2, "Mass": 4.124209206064958, "Batt_amps_ratio_MFD": 0.347854465, "Batt_amps_ratio_MxSpd": 0.347854465, "Distance_MxSpd": 1655.86487, "Max_Distance": 1655.86487, "Hover_Time": 0.0, "Max_Speed": 15.0, "Max_uc_at_MFD": 0.960107088, "Mot_amps_ratio_MFD": 0.355613023, "Mot_amps_ratio_MxSpd": 0.355613023, "Mot_power_ratio_MFD": 0.101574667, "Mot_power_ratio_MxSpd": 0.101574667, "Power_MFD": 1379.64417, "Power_MxSpd": 1379.64417, "Speed_MFD": 15.0}