{"Interferences": 64, "Mass": 4.902770011064471, "Batt_amps_ratio_MFD": 1.37712109, "Batt_amps_ratio_MxSpd": 1.37712109, "Distance_MxSpd": 446.148132, "Max_Distance": 446.148132, "Hover_Time": 34.9581985, "Max_Speed": 16.0, "Max_uc_at_MFD": 0.982678592, "Mot_amps_ratio_MFD": 0.551092207, "Mot_amps_ratio_MxSpd": 0.551092207, "Mot_power_ratio_MFD": 0.26762414, "Mot_power_ratio_MxSpd": 0.26762414, "Power_MFD": 890.120972, "Power_MxSpd": 890.120972, "Speed_MFD": 16.0}