{"Interferences": 17, "Mass": 8.612183460221399, "Batt_amps_ratio_MFD": 0.305832118, "Batt_amps_ratio_MxSpd": 0.305832118, "Distance_MxSpd": 10923.6396, "Max_Distance": 10923.6396, "Hover_Time": 528.106873, "Max_Speed": 29.0, "Max_uc_at_MFD": 0.958705962, "Mot_amps_ratio_MFD": 0.692111313, "Mot_amps_ratio_MxSpd": 0.692111313, "Mot_power_ratio_MFD": 0.346055657, "Mot_power_ratio_MxSpd": 0.346055657, "Power_MFD": 2225.05591, "Power_MxSpd": 2225.05591, "Speed_MFD": 29.0}