{"Interferences": 2, "Mass": 3.2708018499525937, "Batt_amps_ratio_MFD": 0.615920722, "Batt_amps_ratio_MxSpd": 0.615920722, "Distance_MxSpd": 0.0, "Max_Distance": 0.0, "Hover_Time": 62.3456879, "Max_Speed": 0.0, "Max_uc_at_MFD": 0.669315577, "Mot_amps_ratio_MFD": 0.800940454, "Mot_amps_ratio_MxSpd": 0.800940454, "Mot_power_ratio_MFD": 0.401827753, "Mot_power_ratio_MxSpd": 0.401827753, "Power_MFD": 668.185608, "Power_MxSpd": 668.185608, "Speed_MFD": 0.0}