{"Interferences": 0, "Mass": 5.359287379243208, "Batt_amps_ratio_MFD": 0.664020061, "Batt_amps_ratio_MxSpd": 0.664020061, "Distance_MxSpd": 2602.33105, "Max_Distance": 2602.33105, "Hover_Time": 0.0, "Max_Speed": 15.0, "Max_uc_at_MFD": 0.350768298, "Mot_amps_ratio_MFD": 0.93630445, "Mot_amps_ratio_MxSpd": 0.93630445, "Mot_power_ratio_MFD": 0.96506232, "Mot_power_ratio_MxSpd": 0.96506232, "Power_MFD": 974.949219, "Power_MxSpd": 974.949219, "Speed_MFD": 15.0}