{"Interferences": 6, "Mass": 3.979805173039708, "Batt_amps_ratio_MFD": 0.586073458, "Batt_amps_ratio_MxSpd": 0.586073458, "Distance_MxSpd": 1441.45752, "Max_Distance": 1441.45752, "Hover_Time": 74.782814, "Max_Speed": 22.0, "Max_uc_at_MFD": 0.995923817, "Mot_amps_ratio_MFD": 0.462659538, "Mot_amps_ratio_MxSpd": 0.462659538, "Mot_power_ratio_MFD": 0.23137863, "Mot_power_ratio_MxSpd": 0.23137863, "Power_MFD": 849.44043, "Power_MxSpd": 849.44043, "Speed_MFD": 22.0}