{"Interferences": 24, "Mass": 5.1777956455008125, "Batt_amps_ratio_MFD": 1.85474551, "Batt_amps_ratio_MxSpd": 2.0276072, "Distance_MxSpd": 284.078674, "Max_Distance": 289.851074, "Hover_Time": 22.4447365, "Max_Speed": 15.0, "Max_uc_at_MFD": 0.964755237, "Mot_amps_ratio_MFD": 0.862300575, "Mot_amps_ratio_MxSpd": 0.958600938, "Mot_power_ratio_MFD": 0.709002733, "Mot_power_ratio_MxSpd": 0.788182974, "Power_MFD": 2469.06372, "Power_MxSpd": 2767.89478, "Speed_MFD": 14.0}