{"Interferences": 32, "Mass": 7.851734455195752, "Batt_amps_ratio_MFD": 1.12229872, "Batt_amps_ratio_MxSpd": 1.12229872, "Distance_MxSpd": 3592.62646, "Max_Distance": 3592.62646, "Hover_Time": 0.0, "Max_Speed": 35.0, "Max_uc_at_MFD": 0.981265843, "Mot_amps_ratio_MFD": 0.627963364, "Mot_amps_ratio_MxSpd": 0.627963364, "Mot_power_ratio_MFD": 0.774488151, "Mot_power_ratio_MxSpd": 0.774488151, "Power_MFD": 4104.50879, "Power_MxSpd": 4104.50879, "Speed_MFD": 35.0}