{"Interferences": 16, "Mass": 8.908036214707279, "Batt_amps_ratio_MFD": 0.681252599, "Batt_amps_ratio_MxSpd": 0.754832745, "Distance_MxSpd": 4883.73096, "Max_Distance": 4903.9082, "Hover_Time": 202.951767, "Max_Speed": 32.0, "Max_uc_at_MFD": 0.967631698, "Mot_amps_ratio_MFD": 0.778961062, "Mot_amps_ratio_MxSpd": 0.856851459, "Mot_power_ratio_MFD": 0.73130697, "Mot_power_ratio_MxSpd": 0.752024114, "Power_MFD": 2861.7915, "Power_MxSpd": 3455.84814, "Speed_MFD": 29.0}