{"Interferences": 31, "Mass": 6.467956580074505, "Batt_amps_ratio_MFD": 2.03720164, "Batt_amps_ratio_MxSpd": 2.03720164, "Distance_MxSpd": 207.343262, "Max_Distance": 207.343262, "Hover_Time": 22.5988007, "Max_Speed": 11.0, "Max_uc_at_MFD": 0.736225367, "Mot_amps_ratio_MFD": 0.862558782, "Mot_amps_ratio_MxSpd": 0.862558782, "Mot_power_ratio_MFD": 0.638293505, "Mot_power_ratio_MxSpd": 0.638293505, "Power_MFD": 1830.71326, "Power_MxSpd": 1830.71326, "Speed_MFD": 11.0}