{"Interferences": 30, "Mass": 9.221435875384806, "Batt_amps_ratio_MFD": 0.660488844, "Batt_amps_ratio_MxSpd": 0.660488844, "Distance_MxSpd": 1918.57886, "Max_Distance": 1918.57886, "Hover_Time": 0.0, "Max_Speed": 11.0, "Max_uc_at_MFD": 0.704188168, "Mot_amps_ratio_MFD": 0.790327728, "Mot_amps_ratio_MxSpd": 0.790327728, "Mot_power_ratio_MFD": 0.584842503, "Mot_power_ratio_MxSpd": 0.584842503, "Power_MFD": 2104.49658, "Power_MxSpd": 2104.49658, "Speed_MFD": 11.0}