{"Interferences": 4, "Mass": 4.134724830143587, "Batt_amps_ratio_MFD": 0.331997305, "Batt_amps_ratio_MxSpd": 0.331997305, "Distance_MxSpd": 2197.60815, "Max_Distance": 2197.60815, "Hover_Time": 0.0, "Max_Speed": 19.0, "Max_uc_at_MFD": 0.597194314, "Mot_amps_ratio_MFD": 0.71191746, "Mot_amps_ratio_MxSpd": 0.71191746, "Mot_power_ratio_MFD": 0.534238935, "Mot_power_ratio_MxSpd": 0.534238935, "Power_MFD": 851.238708, "Power_MxSpd": 851.238708, "Speed_MFD": 19.0}