{"Interferences": 81, "Mass": 10.54091322814276, "Batt_amps_ratio_MFD": 3.71720839, "Batt_amps_ratio_MxSpd": 5.54904461, "Distance_MxSpd": 83.0413208, "Max_Distance": 113.633659, "Hover_Time": 12.9400635, "Max_Speed": 12.0, "Max_uc_at_MFD": 0.999958158, "Mot_amps_ratio_MFD": 0.549400568, "Mot_amps_ratio_MxSpd": 0.797888398, "Mot_power_ratio_MFD": 0.361383498, "Mot_power_ratio_MxSpd": 0.520974219, "Power_MFD": 3705.60425, "Power_MxSpd": 6614.11035, "Speed_MFD": 11.0}