{"Interferences": 4, "Mass": 2.1390120805771264, "Batt_amps_ratio_MFD": 0.281315863, "Batt_amps_ratio_MxSpd": 0.281315863, "Distance_MxSpd": 0.0, "Max_Distance": 0.0, "Hover_Time": 136.501373, "Max_Speed": 0.0, "Max_uc_at_MFD": 0.49231872, "Mot_amps_ratio_MFD": 0.242673025, "Mot_amps_ratio_MxSpd": 0.242673025, "Mot_power_ratio_MFD": 0.161946744, "Mot_power_ratio_MxSpd": 0.161946744, "Power_MFD": 231.07045, "Power_MxSpd": 231.07045, "Speed_MFD": 0.0}