{"Interferences": 6, "Mass": 12.299324845751686, "Batt_amps_ratio_MFD": 0.280077785, "Batt_amps_ratio_MxSpd": 0.280077785, "Distance_MxSpd": 13984.6865, "Max_Distance": 13984.6865, "Hover_Time": 506.919678, "Max_Speed": 34.0, "Max_uc_at_MFD": 0.638022721, "Mot_amps_ratio_MFD": 0.513184726, "Mot_amps_ratio_MxSpd": 0.513184726, "Mot_power_ratio_MFD": 0.955516815, "Mot_power_ratio_MxSpd": 0.955516815, "Power_MFD": 3910.18872, "Power_MxSpd": 3910.18872, "Speed_MFD": 34.0}