{"Interferences": 13, "Mass": 4.182849687806889, "Batt_amps_ratio_MFD": 1.21274281, "Batt_amps_ratio_MxSpd": 1.21274281, "Distance_MxSpd": 189.982574, "Max_Distance": 189.982574, "Hover_Time": 0.0, "Max_Speed": 6.0, "Max_uc_at_MFD": 0.999995053, "Mot_amps_ratio_MFD": 0.531862795, "Mot_amps_ratio_MxSpd": 0.531862795, "Mot_power_ratio_MFD": 0.167270839, "Mot_power_ratio_MxSpd": 0.167270839, "Power_MFD": 574.327087, "Power_MxSpd": 574.327087, "Speed_MFD": 6.0}