{"Interferences": 14, "Mass": 5.151451060128521, "Batt_amps_ratio_MFD": 0.530110538, "Batt_amps_ratio_MxSpd": 0.79222995, "Distance_MxSpd": 1696.47717, "Max_Distance": 1883.38086, "Hover_Time": 108.20089, "Max_Speed": 35.0, "Max_uc_at_MFD": 0.961581528, "Mot_amps_ratio_MFD": 0.569555342, "Mot_amps_ratio_MxSpd": 0.464610606, "Mot_power_ratio_MFD": 0.380512953, "Mot_power_ratio_MxSpd": 0.310400665, "Power_MFD": 1459.13867, "Power_MxSpd": 2501.77368, "Speed_MFD": 26.0}