{"Interferences": 38, "Mass": 4.182272944031581, "Batt_amps_ratio_MFD": 1.2901386, "Batt_amps_ratio_MxSpd": 2.93292093, "Distance_MxSpd": 497.524506, "Max_Distance": 833.398804, "Hover_Time": 39.7122688, "Max_Speed": 38.0, "Max_uc_at_MFD": 0.860031664, "Mot_amps_ratio_MFD": 0.83691591, "Mot_amps_ratio_MxSpd": 0.967504263, "Mot_power_ratio_MFD": 0.61931777, "Mot_power_ratio_MxSpd": 0.912840247, "Power_MFD": 1531.36035, "Power_MxSpd": 3204.24731, "Speed_MFD": 28.0}