{"Interferences": 15, "Mass": 4.089131278112266, "Batt_amps_ratio_MFD": 1.16811836, "Batt_amps_ratio_MxSpd": 1.30147183, "Distance_MxSpd": 708.121338, "Max_Distance": 723.214355, "Hover_Time": 45.1869659, "Max_Speed": 24.0, "Max_uc_at_MFD": 0.986966252, "Mot_amps_ratio_MFD": 0.694660962, "Mot_amps_ratio_MxSpd": 0.685020387, "Mot_power_ratio_MFD": 0.456932545, "Mot_power_ratio_MxSpd": 0.450591207, "Power_MFD": 1014.42224, "Power_MxSpd": 1208.599, "Speed_MFD": 22.0}