{"Interferences": 10, "Mass": 14.434482319910003, "Batt_amps_ratio_MFD": 2.89427781, "Batt_amps_ratio_MxSpd": 2.89427781, "Distance_MxSpd": 597.0401, "Max_Distance": 597.0401, "Hover_Time": 0.0, "Max_Speed": 3.0, "Max_uc_at_MFD": 0.998649716, "Mot_amps_ratio_MFD": 0.722050548, "Mot_amps_ratio_MxSpd": 0.722050548, "Mot_power_ratio_MFD": 0.542537689, "Mot_power_ratio_MxSpd": 0.542537689, "Power_MFD": 5913.16064, "Power_MxSpd": 5913.16064, "Speed_MFD": 3.0}