{"Interferences": 21, "Mass": 6.144895871961917, "Batt_amps_ratio_MFD": 0.877759576, "Batt_amps_ratio_MxSpd": 0.877759576, "Distance_MxSpd": 3562.31616, "Max_Distance": 3562.31616, "Hover_Time": 119.073059, "Max_Speed": 38.0, "Max_uc_at_MFD": 0.790936708, "Mot_amps_ratio_MFD": 0.913526237, "Mot_amps_ratio_MxSpd": 0.913526237, "Mot_power_ratio_MFD": 0.861912012, "Mot_power_ratio_MxSpd": 0.861912012, "Power_MFD": 3025.97949, "Power_MxSpd": 3025.97949, "Speed_MFD": 38.0}