{
  "generator_version":"UAV2_gen12",
  "name":"design_7016_71a65e4255bd4bea9324b3b615030fe7_s",
  "hub":{
    "node_type":"ConnectedHub4_2_2",
    "frontSegment":{
      "node_type":"AngledWingArm",
      "arm1Length":425.79900669521635,
      "arm2Length":87.91123884621359,
      "wing":{
        "wingType":"Wing_vert_hole",
        "nacaProfile":"4418",
        "span":1966.8284723048475,
        "chordInner":248.9142996003992,
        "chordOuter":147.31877200525673,
        "taperOffset":true,
        "aileronBias":0.42899807777123755,
        "flapBias":0.4513954484931376,
        "load":467.37076525609723,
        "tubeOffset":12.732882766041707,
        "tubeRot":271.6019609658505
      },
      "servo":{
        "servoType":"Hitec_HS_65HB"
      }
    },
    "rearSegment":{
      "node_type":"PropArm",
      "armLength":238.64678379999845,
      "motor":{
        "motorType":"t_motor_AT4130KV450"
      },
      "prop":{
        "propType":"apc_propellers_18x10E"
      },
      "flange":{
        "offset":-41.793451083176436,
        "angle":0.0
      }
    }
  },
  "fuselageWithComponents":{
    "node_type":"SingleBatteryFuselageWithComponents",
    "battery":{
      "batteryType":"Tattu25C7000mAh6S1P"
    },
    "fuselage":{
      "length":138.0,
      "vertDiameter":63.0,
      "horzDiameter":383.4,
      "floorHeight":10.5,
      "batteryX":0.0,
      "batteryY":6.0,
      "rpmX":0.0,
      "rpmY":-117.8,
      "autoPilotX":0.0,
      "autoPilotY":61.5,
      "currentX":0.0,
      "currentY":-97.65,
      "voltageX":0.0,
      "voltageY":115.3,
      "gpsX":0.0,
      "gpsY":-57.5,
      "varioX":0.0,
      "varioY":93.65
    }
  }
}