{"Interferences": 8, "Mass": 4.513512513772204, "Batt_amps_ratio_MFD": 1.26943731, "Batt_amps_ratio_MxSpd": 2.80096459, "Distance_MxSpd": 575.801636, "Max_Distance": 725.990967, "Hover_Time": 43.1588097, "Max_Speed": 42.0, "Max_uc_at_MFD": 0.736296892, "Mot_amps_ratio_MFD": 0.543355346, "Mot_amps_ratio_MxSpd": 0.691998005, "Mot_power_ratio_MFD": 0.363009036, "Mot_power_ratio_MxSpd": 0.46231541, "Power_MFD": 1163.57507, "Power_MxSpd": 3871.48804, "Speed_MFD": 24.0}