{"Interferences": 2, "Mass": 3.336347953774838, "Batt_amps_ratio_MFD": 0.615203738, "Batt_amps_ratio_MxSpd": 0.615203738, "Distance_MxSpd": 1248.36694, "Max_Distance": 1248.36694, "Hover_Time": 91.1560822, "Max_Speed": 20.0, "Max_uc_at_MFD": 0.993384242, "Mot_amps_ratio_MFD": 0.326633751, "Mot_amps_ratio_MxSpd": 0.326633751, "Mot_power_ratio_MFD": 0.122513533, "Mot_power_ratio_MxSpd": 0.122513533, "Power_MFD": 630.525818, "Power_MxSpd": 630.525818, "Speed_MFD": 20.0}