{"Interferences": 75, "Mass": 7.354276437330025, "Batt_amps_ratio_MFD": 0.893595815, "Batt_amps_ratio_MxSpd": 0.893595815, "Distance_MxSpd": 1246.20105, "Max_Distance": 1246.20105, "Hover_Time": 48.7338562, "Max_Speed": 29.0, "Max_uc_at_MFD": 0.479123294, "Mot_amps_ratio_MFD": 0.971245408, "Mot_amps_ratio_MxSpd": 0.971245408, "Mot_power_ratio_MFD": 0.48557061, "Mot_power_ratio_MxSpd": 0.48557061, "Power_MFD": 2493.08691, "Power_MxSpd": 2493.08691, "Speed_MFD": 29.0}