{"Interferences": 31, "Mass": 3.450319132781774, "Batt_amps_ratio_MFD": 1.0269053, "Batt_amps_ratio_MxSpd": 1.0269053, "Distance_MxSpd": 1047.02942, "Max_Distance": 1047.02942, "Hover_Time": 49.4339828, "Max_Speed": 28.0, "Max_uc_at_MFD": 0.855056643, "Mot_amps_ratio_MFD": 0.996343255, "Mot_amps_ratio_MxSpd": 0.996343255, "Mot_power_ratio_MFD": 0.499091327, "Mot_power_ratio_MxSpd": 0.499091327, "Power_MFD": 1155.90576, "Power_MxSpd": 1155.90576, "Speed_MFD": 28.0}