{
  "generator_version":"UAV2_gen12",
  "name":"design_438_6e7bc666878b4b208510aed01861770b_s",
  "hub":{
    "node_type":"ConnectedHub6_2_2_2",
    "frontSegment":{
      "node_type":"PropArm",
      "armLength":495.0285244879192,
      "motor":{
        "motorType":"t_motor_MN5208KV340"
      },
      "prop":{
        "propType":"apc_propellers_15x10E"
      },
      "flange":{
        "offset":15.435181853485503,
        "angle":0.0
      }
    },
    "middleSegment":{
      "node_type":"AngledWingArm",
      "arm1Length":378.02901157915335,
      "arm2Length":96.79363560718971,
      "wing":{
        "wingType":"Wing_vert_hole",
        "nacaProfile":"6412",
        "span":1802.0247197390065,
        "chordInner":327.18981553923686,
        "chordOuter":55.22590186160022,
        "taperOffset":true,
        "aileronBias":0.6746075010125987,
        "flapBias":0.5855923817458937,
        "load":981.8368646798374,
        "tubeOffset":76.92201328751162,
        "tubeRot":303.4756471153997
      },
      "servo":{
        "servoType":"Hitec_HS_5070MH"
      }
    },
    "rearSegment":{
      "node_type":"PropArm",
      "armLength":154.47908216139848,
      "motor":{
        "motorType":"t_motor_MN5212KV420"
      },
      "prop":{
        "propType":"apc_propellers_17x8E"
      },
      "flange":{
        "offset":-27.965918099495635,
        "angle":0.0
      }
    }
  },
  "fuselageWithComponents":{
    "node_type":"SingleBatteryFuselageWithComponents",
    "battery":{
      "batteryType":"Tattu25C22000mAh14S1P"
    },
    "fuselage":{
      "length":279.0,
      "vertDiameter":354.0,
      "horzDiameter":422.4,
      "floorHeight":59.0,
      "batteryX":0.0,
      "batteryY":6.0,
      "rpmX":0.0,
      "rpmY":-130.8,
      "autoPilotX":0.0,
      "autoPilotY":74.5,
      "currentX":0.0,
      "currentY":-110.65,
      "voltageX":0.0,
      "voltageY":128.3,
      "gpsX":0.0,
      "gpsY":-70.5,
      "varioX":0.0,
      "varioY":106.65
    }
  }
}