{"Interferences": 63, "Mass": 5.556019602134754, "Batt_amps_ratio_MFD": 1.31313586, "Batt_amps_ratio_MxSpd": 1.31313586, "Distance_MxSpd": 2719.59668, "Max_Distance": 2719.59668, "Hover_Time": 0.0, "Max_Speed": 31.0, "Max_uc_at_MFD": 0.440478265, "Mot_amps_ratio_MFD": 0.992218256, "Mot_amps_ratio_MxSpd": 0.992218256, "Mot_power_ratio_MFD": 0.936157942, "Mot_power_ratio_MxSpd": 0.936157942, "Power_MFD": 1964.02759, "Power_MxSpd": 1964.02759, "Speed_MFD": 31.0}