{"Interferences": 12, "Mass": 6.090420559476649, "Batt_amps_ratio_MFD": 0.413344264, "Batt_amps_ratio_MxSpd": 0.413344264, "Distance_MxSpd": 2136.71753, "Max_Distance": 2136.71753, "Hover_Time": 96.5574417, "Max_Speed": 23.0, "Max_uc_at_MFD": 0.969252527, "Mot_amps_ratio_MFD": 0.970258057, "Mot_amps_ratio_MxSpd": 0.970258057, "Mot_power_ratio_MFD": 0.486773521, "Mot_power_ratio_MxSpd": 0.486773521, "Power_MFD": 1431.34668, "Power_MxSpd": 1431.34668, "Speed_MFD": 23.0}