{"Interferences": 24, "Mass": 4.026852431928148, "Batt_amps_ratio_MFD": 0.333772004, "Batt_amps_ratio_MxSpd": 0.630804956, "Distance_MxSpd": 2313.23486, "Max_Distance": 2761.16626, "Hover_Time": 173.275101, "Max_Speed": 38.0, "Max_uc_at_MFD": 0.666442573, "Mot_amps_ratio_MFD": 0.604715288, "Mot_amps_ratio_MxSpd": 0.917818308, "Mot_power_ratio_MFD": 0.453632265, "Mot_power_ratio_MxSpd": 0.688509107, "Power_MFD": 961.23761, "Power_MxSpd": 2905.13232, "Speed_MFD": 24.0}