{"Interferences": 7, "Mass": 7.051410405908735, "Batt_amps_ratio_MFD": 1.08354139, "Batt_amps_ratio_MxSpd": 1.47693062, "Distance_MxSpd": 467.99762, "Max_Distance": 496.150879, "Hover_Time": 0.0, "Max_Speed": 18.0, "Max_uc_at_MFD": 0.990524352, "Mot_amps_ratio_MFD": 0.759559333, "Mot_amps_ratio_MxSpd": 0.860978305, "Mot_power_ratio_MFD": 0.501746058, "Mot_power_ratio_MxSpd": 0.591615081, "Power_MFD": 1897.38464, "Power_MxSpd": 2851.93604, "Speed_MFD": 14.0}