{"Interferences": 29, "Mass": 2.603201265561073, "Batt_amps_ratio_MFD": 0.570328951, "Batt_amps_ratio_MxSpd": 0.662396729, "Distance_MxSpd": 1159.42603, "Max_Distance": 1211.93225, "Hover_Time": 84.0826035, "Max_Speed": 20.0, "Max_uc_at_MFD": 0.855396271, "Mot_amps_ratio_MFD": 0.752950013, "Mot_amps_ratio_MxSpd": 0.909721553, "Mot_power_ratio_MFD": 0.46920675, "Mot_power_ratio_MxSpd": 0.566900194, "Power_MFD": 481.534393, "Power_MxSpd": 613.70636, "Speed_MFD": 18.0}