{"Interferences": 7, "Mass": 8.136178281825094, "Batt_amps_ratio_MFD": 1.71873593, "Batt_amps_ratio_MxSpd": 1.71873593, "Distance_MxSpd": 5864.77539, "Max_Distance": 5864.77539, "Hover_Time": 0.0, "Max_Speed": 35.0, "Max_uc_at_MFD": 0.788708687, "Mot_amps_ratio_MFD": 0.992327034, "Mot_amps_ratio_MxSpd": 0.992327034, "Mot_power_ratio_MFD": 0.509518683, "Mot_power_ratio_MxSpd": 0.509518683, "Power_MFD": 7413.61279, "Power_MxSpd": 7413.61279, "Speed_MFD": 35.0}