{"Interferences": 15, "Mass": 5.67986452722757, "Batt_amps_ratio_MFD": 0.362869114, "Batt_amps_ratio_MxSpd": 0.442214131, "Distance_MxSpd": 2778.74414, "Max_Distance": 3068.87524, "Hover_Time": 164.134308, "Max_Speed": 32.0, "Max_uc_at_MFD": 0.979997993, "Mot_amps_ratio_MFD": 0.683612704, "Mot_amps_ratio_MxSpd": 0.701242924, "Mot_power_ratio_MFD": 0.421561152, "Mot_power_ratio_MxSpd": 0.576577485, "Power_MFD": 1864.85815, "Power_MxSpd": 2187.09375, "Speed_MFD": 29.0}