{"Interferences": 0, "Mass": 9.40501248444, "Batt_amps_ratio_MFD": 0.273895502, "Batt_amps_ratio_MxSpd": 0.482446432, "Distance_MxSpd": 7402.27246, "Max_Distance": 11356.1562, "Hover_Time": 291.959625, "Max_Speed": 31.0, "Max_uc_at_MFD": 0.992628932, "Mot_amps_ratio_MFD": 0.363256097, "Mot_amps_ratio_MxSpd": 0.958400726, "Mot_power_ratio_MFD": 0.194114983, "Mot_power_ratio_MxSpd": 0.928690314, "Power_MFD": 3144.92627, "Power_MxSpd": 5813.16846, "Speed_MFD": 27.0}