{
  "generator_version":"UAV2_gen12",
  "name":"design_7570_f36722bdbdd64e9596f2f4134af53d5e_s",
  "hub":{
    "node_type":"ConnectedHub6_2_2_2",
    "frontSegment":{
      "node_type":"PropArm",
      "armLength":119.87844693453893,
      "motor":{
        "motorType":"kde_direct_KDE5215XF_435"
      },
      "prop":{
        "propType":"apc_propellers_16x6E"
      },
      "flange":{
        "offset":-35.12709640351754,
        "angle":176.99392970105941
      }
    },
    "middleSegment":{
      "node_type":"AngledWingArm",
      "arm1Length":146.75739330242055,
      "arm2Length":64.07559387493527,
      "wing":{
        "wingType":"Wing_vert_hole",
        "nacaProfile":"4406",
        "span":639.7965071445226,
        "chordInner":462.3974324814212,
        "chordOuter":170.27906010333228,
        "taperOffset":true,
        "aileronBias":0.8892433222846071,
        "flapBias":0.5596301608667691,
        "load":994.5066633769642,
        "tubeOffset":83.83149192477875,
        "tubeRot":241.21044296927732
      },
      "servo":{
        "servoType":"Hitec_HS_82MG"
      }
    },
    "rearSegment":{
      "node_type":"PropArm",
      "armLength":149.1411095740015,
      "motor":{
        "motorType":"t_motor_MN4010KV475"
      },
      "prop":{
        "propType":"apc_propellers_18x5_5MR"
      },
      "flange":{
        "offset":36.255644436031474,
        "angle":0.0
      }
    }
  },
  "fuselageWithComponents":{
    "node_type":"SingleBatteryFuselageWithComponents",
    "battery":{
      "batteryType":"Tattu15C16000mAh4S1P"
    },
    "fuselage":{
      "length":180.0,
      "vertDiameter":111.0,
      "horzDiameter":351.9,
      "floorHeight":18.5,
      "batteryX":0.0,
      "batteryY":6.0,
      "rpmX":0.0,
      "rpmY":-107.3,
      "autoPilotX":0.0,
      "autoPilotY":51.0,
      "currentX":0.0,
      "currentY":-87.15,
      "voltageX":0.0,
      "voltageY":104.8,
      "gpsX":0.0,
      "gpsY":-47.0,
      "varioX":0.0,
      "varioY":83.15
    }
  }
}