{"Interferences": 7, "Mass": 3.972190613600036, "Batt_amps_ratio_MFD": 1.13601637, "Batt_amps_ratio_MxSpd": 1.56439853, "Distance_MxSpd": 785.4776, "Max_Distance": 811.255981, "Hover_Time": 0.0, "Max_Speed": 32.0, "Max_uc_at_MFD": 0.617078304, "Mot_amps_ratio_MFD": 0.559146225, "Mot_amps_ratio_MxSpd": 0.98738277, "Mot_power_ratio_MFD": 0.365089595, "Mot_power_ratio_MxSpd": 0.644702852, "Power_MFD": 950.650635, "Power_MxSpd": 2009.6178, "Speed_MFD": 24.0}