{"Interferences": 14, "Mass": 12.926937864803197, "Batt_amps_ratio_MFD": 4.52649546, "Batt_amps_ratio_MxSpd": 4.83773327, "Distance_MxSpd": 4881.625, "Max_Distance": 4962.77979, "Hover_Time": 0.0, "Max_Speed": 41.0, "Max_uc_at_MFD": 0.71251303, "Mot_amps_ratio_MFD": 0.895673096, "Mot_amps_ratio_MxSpd": 0.954826117, "Mot_power_ratio_MFD": 0.447788537, "Mot_power_ratio_MxSpd": 0.477361858, "Power_MFD": 5980.80225, "Power_MxSpd": 6440.56299, "Speed_MFD": 39.0}