{"Interferences": 42, "Mass": 12.297020156033293, "Batt_amps_ratio_MFD": 0.213014781, "Batt_amps_ratio_MxSpd": 0.213014781, "Distance_MxSpd": 11356.959, "Max_Distance": 11356.959, "Hover_Time": 544.177734, "Max_Speed": 21.0, "Max_uc_at_MFD": 0.999254048, "Mot_amps_ratio_MFD": 0.801008284, "Mot_amps_ratio_MxSpd": 0.801008284, "Mot_power_ratio_MFD": 0.81892556, "Mot_power_ratio_MxSpd": 0.81892556, "Power_MFD": 3105.40063, "Power_MxSpd": 3105.40063, "Speed_MFD": 21.0}