{
  "generator_version":"UAV2_gen12",
  "name":"design_3355_920f10905f614bd6b6da62c2ac6829b3_dw",
  "hub":{
    "node_type":"ConnectedHub4_2_2",
    "frontSegment":{
      "node_type":"BranchWithTopSegment_Sym",
      "armLength":258.23642794422415,
      "angle":180.0,
      "mainSegment":{
        "node_type":"AngledWingArm",
        "arm1Length":151.55707178871677,
        "arm2Length":94.97605864498182,
        "wing":{
          "wingType":"Wing_vert_hole",
          "nacaProfile":"4515",
          "span":1576.278710352186,
          "chordInner":321.86632839209284,
          "chordOuter":146.8952619763192,
          "taperOffset":true,
          "aileronBias":0.8847265042789392,
          "flapBias":0.40049729332401274,
          "load":423.67810219175055,
          "tubeOffset":30.177304874609952,
          "tubeRot":304.81902098905886
        },
        "servo":{
          "servoType":"Hitec_D485HW"
        }
      },
      "topSegment":{
        "node_type":"AngledWingArm",
        "arm1Length":210.3581954601688,
        "arm2Length":114.03727300576985,
        "wing":{
          "wingType":"Wing_vert_hole",
          "nacaProfile":"6612",
          "span":469.85025579821666,
          "chordInner":493.838673652304,
          "chordOuter":181.15804493469054,
          "taperOffset":true,
          "aileronBias":0.6072734039394542,
          "flapBias":0.7842438558516883,
          "load":601.6094451839488,
          "tubeOffset":44.868307258628946,
          "tubeRot":270.0
        },
        "servo":{
          "servoType":"Hitec_HS_65MG"
        }
      }
    },
    "rearSegment":{
      "node_type":"BranchSegment_Sym",
      "armLength":381.94968390856496,
      "angle":45.38448682095405,
      "mainSegment":{
        "node_type":"PropArm",
        "armLength":164.41565701586137,
        "motor":{
          "motorType":"t_motor_AT4130KV450"
        },
        "prop":{
          "propType":"apc_propellers_16x8E"
        },
        "flange":{
          "offset":15.95098849658197,
          "angle":0.0
        }
      }
    }
  },
  "fuselageWithComponents":{
    "node_type":"DualBatteryFuselageWithComponents",
    "battery":{
      "batteryType":"TattuPro25C22000mAh12S1P"
    },
    "fuselage":{
      "length":238.0,
      "vertDiameter":261.0,
      "horzDiameter":639.9,
      "floorHeight":43.5,
      "battery1X":0.0,
      "battery1Y":-53.0,
      "battery2X":0.0,
      "battery2Y":66.0,
      "rpmX":0.0,
      "rpmY":-203.3,
      "autoPilotX":0.0,
      "autoPilotY":147.0,
      "currentX":0.0,
      "currentY":-183.15,
      "voltageX":0.0,
      "voltageY":200.8,
      "gpsX":0.0,
      "gpsY":-143.0,
      "varioX":0.0,
      "varioY":179.15
    }
  }
}