{"Interferences": 104, "Mass": 11.56178051542142, "Batt_amps_ratio_MFD": 4.14319611, "Batt_amps_ratio_MxSpd": 4.14319611, "Distance_MxSpd": 203.900558, "Max_Distance": 203.900558, "Hover_Time": 0.0, "Max_Speed": 22.0, "Max_uc_at_MFD": 0.96014148, "Mot_amps_ratio_MFD": 0.856610656, "Mot_amps_ratio_MxSpd": 0.856610656, "Mot_power_ratio_MFD": 0.704324305, "Mot_power_ratio_MxSpd": 0.704324305, "Power_MFD": 4195.271, "Power_MxSpd": 4195.271, "Speed_MFD": 22.0}