{"Interferences": 2, "Mass": 2.227865740203923, "Batt_amps_ratio_MFD": 0.329544544, "Batt_amps_ratio_MxSpd": 0.329544544, "Distance_MxSpd": 0.0, "Max_Distance": 0.0, "Hover_Time": 116.52446, "Max_Speed": 0.0, "Max_uc_at_MFD": 0.576728582, "Mot_amps_ratio_MFD": 0.284252167, "Mot_amps_ratio_MxSpd": 0.284252167, "Mot_power_ratio_MFD": 0.18969439, "Mot_power_ratio_MxSpd": 0.18969439, "Power_MFD": 316.897095, "Power_MxSpd": 316.897095, "Speed_MFD": 0.0}