{"Interferences": 2, "Mass": 6.703709372415704, "Batt_amps_ratio_MFD": 0.720862329, "Batt_amps_ratio_MxSpd": 1.13003206, "Distance_MxSpd": 1189.3468, "Max_Distance": 1225.19922, "Hover_Time": 60.2297096, "Max_Speed": 35.0, "Max_uc_at_MFD": 0.858799458, "Mot_amps_ratio_MFD": 0.4942424, "Mot_amps_ratio_MxSpd": 0.643556595, "Mot_power_ratio_MFD": 0.2471212, "Mot_power_ratio_MxSpd": 0.214639723, "Power_MFD": 1443.97412, "Power_MxSpd": 3129.97656, "Speed_MFD": 23.0}