{"Interferences": 15, "Mass": 6.14771310255104, "Batt_amps_ratio_MFD": 0.83076632, "Batt_amps_ratio_MxSpd": 0.83076632, "Distance_MxSpd": 416.001465, "Max_Distance": 416.001465, "Hover_Time": 51.9322357, "Max_Speed": 9.0, "Max_uc_at_MFD": 0.269987643, "Mot_amps_ratio_MFD": 0.664017141, "Mot_amps_ratio_MxSpd": 0.664017141, "Mot_power_ratio_MFD": 0.655163527, "Mot_power_ratio_MxSpd": 0.655163527, "Power_MFD": 912.690613, "Power_MxSpd": 912.690613, "Speed_MFD": 9.0}