{
  "generator_version":"UAV2_gen12",
  "name":"design_7037_7278ce1053b94b42af6fb10686cb4644_s",
  "hub":{
    "node_type":"ConnectedHub6_1_2_2_1",
    "frontCenterSegment":{
      "node_type":"PropArm",
      "armLength":448.8471510933008,
      "motor":{
        "motorType":"kde_direct_KDE700XF_535_G3"
      },
      "prop":{
        "propType":"apc_propellers_17x6E"
      },
      "flange":{
        "offset":-35.82908050012401,
        "angle":0.0
      }
    },
    "frontSegment":{
      "node_type":"AngledWingArm",
      "arm1Length":286.774269407849,
      "arm2Length":94.9760594701286,
      "wing":{
        "wingType":"Wing_vert_hole",
        "nacaProfile":"0025",
        "span":1615.3616410294223,
        "chordInner":373.7173247453581,
        "chordOuter":110.58672385731546,
        "taperOffset":false,
        "aileronBias":0.49697256866135864,
        "flapBias":0.5545585797960387,
        "load":113.11430980361624,
        "tubeOffset":47.58676739463144,
        "tubeRot":270.0
      },
      "servo":{
        "servoType":"Hitec_HS_55"
      }
    },
    "rearSegment":{
      "node_type":"WingArm",
      "armLength":379.4302713632286,
      "wing":{
        "wingType":"Wing_horiz_hole",
        "nacaProfile":"4712",
        "span":1601.1091494935813,
        "chordInner":151.84181764996242,
        "chordOuter":194.79120502738064,
        "taperOffset":true,
        "aileronBias":0.561336677131982,
        "flapBias":0.6417250894518614,
        "load":193.80279861711514,
        "tubeOffset":86.15032608082453,
        "tubeRot":270.0
      },
      "servo":{
        "servoType":"Hitec_HS_40"
      }
    },
    "rearCenterSegment":{
      "node_type":"PropArm",
      "armLength":280.4171970848779,
      "motor":{
        "motorType":"t_motor_AntigravityMN5006KV450"
      },
      "prop":{
        "propType":"apc_propellers_15x6E"
      },
      "flange":{
        "offset":-33.66868434230443,
        "angle":0.0
      }
    }
  },
  "fuselageWithComponents":{
    "node_type":"SingleBatteryFuselageWithComponents",
    "battery":{
      "batteryType":"Tattu30C12000mAh6S1P"
    },
    "fuselage":{
      "length":190.0,
      "vertDiameter":106.5,
      "horzDiameter":366.9,
      "floorHeight":17.75,
      "batteryX":0.0,
      "batteryY":6.0,
      "rpmX":0.0,
      "rpmY":-112.3,
      "autoPilotX":0.0,
      "autoPilotY":56.0,
      "currentX":0.0,
      "currentY":-92.15,
      "voltageX":0.0,
      "voltageY":109.8,
      "gpsX":0.0,
      "gpsY":-52.0,
      "varioX":0.0,
      "varioY":88.15
    }
  }
}