{"Interferences": 14, "Mass": 3.6747948015729968, "Batt_amps_ratio_MFD": 0.858561099, "Batt_amps_ratio_MxSpd": 1.50072122, "Distance_MxSpd": 895.569397, "Max_Distance": 983.971924, "Hover_Time": 64.0155563, "Max_Speed": 35.0, "Max_uc_at_MFD": 0.746186018, "Mot_amps_ratio_MFD": 0.850600958, "Mot_amps_ratio_MxSpd": 0.971298695, "Mot_power_ratio_MFD": 0.419629812, "Mot_power_ratio_MxSpd": 0.479174018, "Power_MFD": 834.530579, "Power_MxSpd": 2231.41113, "Speed_MFD": 22.0}