{"Interferences": 11, "Mass": 5.472475547057626, "Batt_amps_ratio_MFD": 0.413650423, "Batt_amps_ratio_MxSpd": 0.679618061, "Distance_MxSpd": 1921.0791, "Max_Distance": 2320.80029, "Hover_Time": 141.306808, "Max_Speed": 34.0, "Max_uc_at_MFD": 0.868229806, "Mot_amps_ratio_MFD": 0.608518302, "Mot_amps_ratio_MxSpd": 0.629262447, "Mot_power_ratio_MFD": 0.456388712, "Mot_power_ratio_MxSpd": 0.471946836, "Power_MFD": 1487.35193, "Power_MxSpd": 3156.01587, "Speed_MFD": 25.0}