{"Interferences": 2, "Mass": 3.6453130022435127, "Batt_amps_ratio_MFD": 0.332512319, "Batt_amps_ratio_MxSpd": 0.332512319, "Distance_MxSpd": 2771.62671, "Max_Distance": 2771.62671, "Hover_Time": 174.104919, "Max_Speed": 24.0, "Max_uc_at_MFD": 0.884021699, "Mot_amps_ratio_MFD": 0.282574981, "Mot_amps_ratio_MxSpd": 0.282574981, "Mot_power_ratio_MFD": 0.188784882, "Mot_power_ratio_MxSpd": 0.188784882, "Power_MFD": 919.817444, "Power_MxSpd": 919.817444, "Speed_MFD": 24.0}