{"Interferences": 42, "Mass": 4.478561114506912, "Batt_amps_ratio_MFD": 0.189794093, "Batt_amps_ratio_MxSpd": 0.189794093, "Distance_MxSpd": 5058.11279, "Max_Distance": 5058.11279, "Hover_Time": 0.0, "Max_Speed": 25.0, "Max_uc_at_MFD": 0.987183452, "Mot_amps_ratio_MFD": 0.803008258, "Mot_amps_ratio_MxSpd": 0.803008258, "Mot_power_ratio_MFD": 0.602383435, "Mot_power_ratio_MxSpd": 0.602383435, "Power_MFD": 1074.47607, "Power_MxSpd": 1074.47607, "Speed_MFD": 25.0}