{"Interferences": 16, "Mass": 3.089898724738295, "Batt_amps_ratio_MFD": 1.12516797, "Batt_amps_ratio_MxSpd": 1.12516797, "Distance_MxSpd": 819.077759, "Max_Distance": 819.077759, "Hover_Time": 51.3070068, "Max_Speed": 24.0, "Max_uc_at_MFD": 0.974296093, "Mot_amps_ratio_MFD": 0.324504972, "Mot_amps_ratio_MxSpd": 0.324504972, "Mot_power_ratio_MFD": 0.153085232, "Mot_power_ratio_MxSpd": 0.153085232, "Power_MFD": 810.103516, "Power_MxSpd": 810.103516, "Speed_MFD": 24.0}