{"Interferences": 11, "Mass": 3.1007706246158167, "Batt_amps_ratio_MFD": 0.735000968, "Batt_amps_ratio_MxSpd": 1.19740605, "Distance_MxSpd": 1090.35693, "Max_Distance": 1201.6311, "Hover_Time": 78.3698959, "Max_Speed": 34.0, "Max_uc_at_MFD": 0.6534338, "Mot_amps_ratio_MFD": 0.372959673, "Mot_amps_ratio_MxSpd": 0.636633813, "Mot_power_ratio_MFD": 0.18651922, "Mot_power_ratio_MxSpd": 0.318384141, "Power_MFD": 659.12146, "Power_MxSpd": 1659.00952, "Speed_MFD": 23.0}