{"Interferences": 8, "Mass": 6.913576068771554, "Batt_amps_ratio_MFD": 1.1936214, "Batt_amps_ratio_MxSpd": 1.1936214, "Distance_MxSpd": 1158.15613, "Max_Distance": 1158.15613, "Hover_Time": 0.0, "Max_Speed": 12.0, "Max_uc_at_MFD": 0.585679352, "Mot_amps_ratio_MFD": 0.981958687, "Mot_amps_ratio_MxSpd": 0.981958687, "Mot_power_ratio_MFD": 0.90714246, "Mot_power_ratio_MxSpd": 0.90714246, "Power_MFD": 3231.93823, "Power_MxSpd": 3231.93823, "Speed_MFD": 12.0}