{"Interferences": 14, "Mass": 4.249334867789864, "Batt_amps_ratio_MFD": 1.29783547, "Batt_amps_ratio_MxSpd": 1.46695232, "Distance_MxSpd": 732.94812, "Max_Distance": 739.693176, "Hover_Time": 41.7142563, "Max_Speed": 28.0, "Max_uc_at_MFD": 0.940655529, "Mot_amps_ratio_MFD": 0.323191255, "Mot_amps_ratio_MxSpd": 0.380441368, "Mot_power_ratio_MFD": 0.200587079, "Mot_power_ratio_MxSpd": 0.236119092, "Power_MFD": 1162.98328, "Power_MxSpd": 1393.72192, "Speed_MFD": 25.0}