{
  "generator_version":"UAV2_gen12",
  "name":"design_4660_7d5b4283c6b047c081eb2c8257fd412a_dw_dl",
  "hub":{
    "node_type":"ConnectedHub6_2_2_2",
    "frontSegment":{
      "node_type":"BendSegment",
      "angle":-90.0,
      "armLength":365.0183750925202,
      "mainSegment":{
        "node_type":"AngledWingArm",
        "arm1Length":247.69771567500175,
        "arm2Length":182.24919705583534,
        "wing":{
          "wingType":"Wing_horiz_hole",
          "nacaProfile":"6712",
          "span":326.34020268970374,
          "chordInner":467.5920246683773,
          "chordOuter":119.50718701235375,
          "taperOffset":false,
          "aileronBias":0.8297589817586001,
          "flapBias":0.8783955478170582,
          "load":906.825975800752,
          "tubeOffset":28.60524959978993,
          "tubeRot":293.01845626229886
        },
        "servo":{
          "servoType":"Hitec_HS_225BB"
        }
      }
    },
    "middleSegment":{
      "node_type":"AngledPropArm",
      "armLength":69.75668939039205,
      "motor":{
        "motorType":"kde_direct_KDE700XF_455_G3"
      },
      "prop":{
        "propType":"apc_propellers_17x10N"
      }
    },
    "rearSegment":{
      "node_type":"AngledWingArm",
      "arm1Length":63.360918643258955,
      "arm2Length":128.27529682238054,
      "wing":{
        "wingType":"Wing_vert_hole",
        "nacaProfile":"4512",
        "span":531.1398967630385,
        "chordInner":392.45782013842523,
        "chordOuter":193.8200165263091,
        "taperOffset":true,
        "aileronBias":0.9911892622266152,
        "flapBias":0.24374687895403913,
        "load":967.1165561560987,
        "tubeOffset":76.40574967664718,
        "tubeRot":229.06875614291044
      },
      "servo":{
        "servoType":"Hitec_D89MW"
      }
    }
  },
  "fuselageWithComponents":{
    "node_type":"DualBatteryFuselageWithComponents",
    "battery":{
      "batteryType":"Tattu10C32000mAh6S1PHV"
    },
    "fuselage":{
      "length":433.0,
      "vertDiameter":187.5,
      "horzDiameter":377.4,
      "floorHeight":31.25,
      "battery1X":-108.25,
      "battery1Y":6.0,
      "battery2X":109.25,
      "battery2Y":6.0,
      "rpmX":0.0,
      "rpmY":-115.8,
      "autoPilotX":0.0,
      "autoPilotY":59.5,
      "currentX":0.0,
      "currentY":-95.65,
      "voltageX":0.0,
      "voltageY":113.3,
      "gpsX":0.0,
      "gpsY":-55.5,
      "varioX":0.0,
      "varioY":91.65
    }
  }
}