{"Interferences": 11, "Mass": 3.364796965285401, "Batt_amps_ratio_MFD": 0.199523374, "Batt_amps_ratio_MxSpd": 0.199523374, "Distance_MxSpd": 2117.04517, "Max_Distance": 2117.04517, "Hover_Time": 196.46759, "Max_Speed": 11.0, "Max_uc_at_MFD": 0.999000847, "Mot_amps_ratio_MFD": 0.273184925, "Mot_amps_ratio_MxSpd": 0.273184925, "Mot_power_ratio_MFD": 0.133780256, "Mot_power_ratio_MxSpd": 0.133780256, "Power_MFD": 533.994873, "Power_MxSpd": 533.994873, "Speed_MFD": 11.0}