{"Interferences": 20, "Mass": 8.287524169389377, "Batt_amps_ratio_MFD": 1.44390357, "Batt_amps_ratio_MxSpd": 1.8656857, "Distance_MxSpd": 11423.1455, "Max_Distance": 11967.5586, "Hover_Time": 525.833191, "Max_Speed": 37.0, "Max_uc_at_MFD": 0.803370714, "Mot_amps_ratio_MFD": 0.748439014, "Mot_amps_ratio_MxSpd": 0.968992412, "Mot_power_ratio_MFD": 0.561329246, "Mot_power_ratio_MxSpd": 0.726744294, "Power_MFD": 2383.22412, "Power_MxSpd": 3470.5708, "Speed_MFD": 30.0}