{"Interferences": 51, "Mass": 4.9256060409225375, "Batt_amps_ratio_MFD": 0.175674245, "Batt_amps_ratio_MxSpd": 0.175674245, "Distance_MxSpd": 4371.72754, "Max_Distance": 4371.72754, "Hover_Time": 272.387665, "Max_Speed": 20.0, "Max_uc_at_MFD": 0.999979675, "Mot_amps_ratio_MFD": 0.471520364, "Mot_amps_ratio_MxSpd": 0.471520364, "Mot_power_ratio_MFD": 0.176857486, "Mot_power_ratio_MxSpd": 0.176857486, "Power_MFD": 801.3078, "Power_MxSpd": 801.3078, "Speed_MFD": 20.0}