{"Interferences": 4, "Mass": 6.140771679499815, "Batt_amps_ratio_MFD": 0.541163146, "Batt_amps_ratio_MxSpd": 0.62127769, "Distance_MxSpd": 1421.58655, "Max_Distance": 1561.08191, "Hover_Time": 64.5872345, "Max_Speed": 23.0, "Max_uc_at_MFD": 0.638148129, "Mot_amps_ratio_MFD": 0.710730612, "Mot_amps_ratio_MxSpd": 0.888870835, "Mot_power_ratio_MFD": 0.711454272, "Mot_power_ratio_MxSpd": 0.889775872, "Power_MFD": 2033.00122, "Power_MxSpd": 2622.44287, "Speed_MFD": 22.0}