{"Interferences": 8, "Mass": 4.076220405136413, "Batt_amps_ratio_MFD": 0.791855454, "Batt_amps_ratio_MxSpd": 1.15876794, "Distance_MxSpd": 961.020691, "Max_Distance": 1066.86133, "Hover_Time": 65.8867188, "Max_Speed": 29.0, "Max_uc_at_MFD": 0.852940142, "Mot_amps_ratio_MFD": 0.313822567, "Mot_amps_ratio_MxSpd": 0.308643788, "Mot_power_ratio_MFD": 0.204907671, "Mot_power_ratio_MxSpd": 0.20152624, "Power_MFD": 997.059692, "Power_MxSpd": 1858.40259, "Speed_MFD": 22.0}