{"Interferences": 67, "Mass": 9.79221788035795, "Batt_amps_ratio_MFD": 0.275833637, "Batt_amps_ratio_MxSpd": 0.301841438, "Distance_MxSpd": 16029.6074, "Max_Distance": 16288.0781, "Hover_Time": 606.821472, "Max_Speed": 42.0, "Max_uc_at_MFD": 0.923249722, "Mot_amps_ratio_MFD": 0.586097896, "Mot_amps_ratio_MxSpd": 0.670847833, "Mot_power_ratio_MFD": 0.602551281, "Mot_power_ratio_MxSpd": 0.689680338, "Power_MFD": 3069.63721, "Power_MxSpd": 3525.09546, "Speed_MFD": 39.0}