{"Interferences": 2, "Mass": 3.3887739075388588, "Batt_amps_ratio_MFD": 0.71804899, "Batt_amps_ratio_MxSpd": 0.795015931, "Distance_MxSpd": 1062.62024, "Max_Distance": 1069.56494, "Hover_Time": 73.6226959, "Max_Speed": 22.0, "Max_uc_at_MFD": 0.99999994, "Mot_amps_ratio_MFD": 0.393885881, "Mot_amps_ratio_MxSpd": 0.39618358, "Mot_power_ratio_MFD": 0.180029005, "Mot_power_ratio_MxSpd": 0.181079194, "Power_MFD": 712.008972, "Power_MxSpd": 809.36731, "Speed_MFD": 20.0}