{
  "generator_version":"UAV2_gen12",
  "name":"design_5994_dbadfb6038584175821d43f4e6480fce_dw",
  "hub":{
    "node_type":"ConnectedHub6_2_2_2",
    "frontSegment":{
      "node_type":"AngledWingArm",
      "arm1Length":258.27651602083984,
      "arm2Length":177.38387896135393,
      "wing":{
        "wingType":"Wing_vert_hole",
        "nacaProfile":"2418",
        "span":217.48417919635517,
        "chordInner":261.6295029078919,
        "chordOuter":154.28153685410115,
        "taperOffset":false,
        "aileronBias":0.9737067650726908,
        "flapBias":0.9817886561047529,
        "load":371.2108547929588,
        "tubeOffset":72.63743040801694,
        "tubeRot":272.65699907514704
      },
      "servo":{
        "servoType":"Hitec_HS_81"
      }
    },
    "middleSegment":{
      "node_type":"DoubleBendSegment",
      "angle":-90.0,
      "arm1Length":443.1777597520012,
      "arm2Length":409.1137750639261,
      "mainSegment":{
        "node_type":"AngledPropArm",
        "armLength":81.19665554563446,
        "motor":{
          "motorType":"kde_direct_KDE5215XF_435"
        },
        "prop":{
          "propType":"apc_propellers_16x10E"
        }
      }
    },
    "rearSegment":{
      "node_type":"BranchSegment_Sym",
      "armLength":425.40372107625825,
      "angle":120.0,
      "mainSegment":{
        "node_type":"PropArm",
        "armLength":128.12295477639594,
        "motor":{
          "motorType":"kde_direct_KDE3520XF_400"
        },
        "prop":{
          "propType":"apc_propellers_17x10N"
        },
        "flange":{
          "offset":-30.319706888309504,
          "angle":0.0
        }
      }
    }
  },
  "fuselageWithComponents":{
    "node_type":"DualBatteryFuselageWithComponents",
    "battery":{
      "batteryType":"TattuPro25C22000mAh14S1P"
    },
    "fuselage":{
      "length":238.0,
      "vertDiameter":261.0,
      "horzDiameter":639.9,
      "floorHeight":43.5,
      "battery1X":0.0,
      "battery1Y":-53.0,
      "battery2X":0.0,
      "battery2Y":66.0,
      "rpmX":0.0,
      "rpmY":-203.3,
      "autoPilotX":0.0,
      "autoPilotY":147.0,
      "currentX":0.0,
      "currentY":-183.15,
      "voltageX":0.0,
      "voltageY":200.8,
      "gpsX":0.0,
      "gpsY":-143.0,
      "varioX":0.0,
      "varioY":179.15
    }
  }
}