{"Interferences": 2, "Mass": 3.195036316628684, "Batt_amps_ratio_MFD": 1.16667092, "Batt_amps_ratio_MxSpd": 2.88463259, "Distance_MxSpd": 572.412537, "Max_Distance": 757.025818, "Hover_Time": 49.7596931, "Max_Speed": 43.0, "Max_uc_at_MFD": 0.414600402, "Mot_amps_ratio_MFD": 0.331664383, "Mot_amps_ratio_MxSpd": 0.945404232, "Mot_power_ratio_MFD": 0.332371384, "Mot_power_ratio_MxSpd": 0.947419524, "Power_MFD": 768.007629, "Power_MxSpd": 3808.46875, "Speed_MFD": 23.0}