{"Interferences": 10, "Mass": 5.012357361280327, "Batt_amps_ratio_MFD": 0.213145792, "Batt_amps_ratio_MxSpd": 0.874572337, "Distance_MxSpd": 1053.77222, "Max_Distance": 1801.58374, "Hover_Time": 0.0, "Max_Speed": 24.0, "Max_uc_at_MFD": 0.6996665, "Mot_amps_ratio_MFD": 0.201815277, "Mot_amps_ratio_MxSpd": 0.508891165, "Mot_power_ratio_MFD": 0.100907639, "Mot_power_ratio_MxSpd": 0.254445583, "Power_MFD": 152.000778, "Power_MxSpd": 1446.81506, "Speed_MFD": 10.0}