{"Interferences": 36, "Mass": 4.569703692402818, "Batt_amps_ratio_MFD": 0.36843726, "Batt_amps_ratio_MxSpd": 0.381897449, "Distance_MxSpd": 3016.5166, "Max_Distance": 3022.49561, "Hover_Time": 0.0, "Max_Speed": 30.0, "Max_uc_at_MFD": 0.635674715, "Mot_amps_ratio_MFD": 0.880533814, "Mot_amps_ratio_MxSpd": 0.91795814, "Mot_power_ratio_MFD": 0.553855777, "Mot_power_ratio_MxSpd": 0.577395678, "Power_MFD": 1349.47888, "Power_MxSpd": 1443.38977, "Speed_MFD": 29.0}