{"Interferences": 3, "Mass": 5.550781232040605, "Batt_amps_ratio_MFD": 0.603042364, "Batt_amps_ratio_MxSpd": 0.746827543, "Distance_MxSpd": 1799.6123, "Max_Distance": 1910.31348, "Hover_Time": 98.5710602, "Max_Speed": 35.0, "Max_uc_at_MFD": 0.921759307, "Mot_amps_ratio_MFD": 0.734199643, "Mot_amps_ratio_MxSpd": 0.730888426, "Mot_power_ratio_MFD": 0.367177337, "Mot_power_ratio_MxSpd": 0.358439177, "Power_MFD": 2239.84351, "Power_MxSpd": 3190.97778, "Speed_MFD": 30.0}