{"Interferences": 0, "Mass": 7.308742684975726, "Batt_amps_ratio_MFD": 1.36429656, "Batt_amps_ratio_MxSpd": 1.86983418, "Distance_MxSpd": 2525.99951, "Max_Distance": 2702.052, "Hover_Time": 98.4969482, "Max_Speed": 41.0, "Max_uc_at_MFD": 0.541738689, "Mot_amps_ratio_MFD": 0.52818495, "Mot_amps_ratio_MxSpd": 0.82028234, "Mot_power_ratio_MFD": 0.393786818, "Mot_power_ratio_MxSpd": 0.611559272, "Power_MFD": 3449.64258, "Power_MxSpd": 5857.91064, "Speed_MFD": 32.0}