{"Interferences": 12, "Mass": 8.891287685870893, "Batt_amps_ratio_MFD": 1.60520709, "Batt_amps_ratio_MxSpd": 2.25027585, "Distance_MxSpd": 10494.7129, "Max_Distance": 11482.6299, "Hover_Time": 491.403564, "Max_Speed": 41.0, "Max_uc_at_MFD": 0.983332813, "Mot_amps_ratio_MFD": 0.710761726, "Mot_amps_ratio_MxSpd": 0.612802505, "Mot_power_ratio_MFD": 0.712276816, "Mot_power_ratio_MxSpd": 0.614108801, "Power_MFD": 3002.64917, "Power_MxSpd": 4630.50049, "Speed_MFD": 32.0}