{"Interferences": 26, "Mass": 6.209629194048222, "Batt_amps_ratio_MFD": 1.75343192, "Batt_amps_ratio_MxSpd": 1.75343192, "Distance_MxSpd": 87.5996399, "Max_Distance": 87.5996399, "Hover_Time": 0.0, "Max_Speed": 4.0, "Max_uc_at_MFD": 0.991248786, "Mot_amps_ratio_MFD": 0.935657799, "Mot_amps_ratio_MxSpd": 0.935657799, "Mot_power_ratio_MFD": 0.482197911, "Mot_power_ratio_MxSpd": 0.482197911, "Power_MFD": 2496.58765, "Power_MxSpd": 2496.58765, "Speed_MFD": 4.0}