{"Interferences": 2, "Mass": 2.986001055912242, "Batt_amps_ratio_MFD": 0.430458695, "Batt_amps_ratio_MxSpd": 0.430458695, "Distance_MxSpd": 1694.93616, "Max_Distance": 1694.93616, "Hover_Time": 0.0, "Max_Speed": 19.0, "Max_uc_at_MFD": 0.964943826, "Mot_amps_ratio_MFD": 0.379792094, "Mot_amps_ratio_MxSpd": 0.379792094, "Mot_power_ratio_MFD": 0.189896047, "Mot_power_ratio_MxSpd": 0.189896047, "Power_MFD": 559.982666, "Power_MxSpd": 559.982666, "Speed_MFD": 19.0}