{"Interferences": 6, "Mass": 5.554385514586581, "Batt_amps_ratio_MFD": 2.89381504, "Batt_amps_ratio_MxSpd": 2.89381504, "Distance_MxSpd": 92.8877563, "Max_Distance": 92.8877563, "Hover_Time": 15.2419415, "Max_Speed": 7.0, "Max_uc_at_MFD": 0.871975899, "Mot_amps_ratio_MFD": 0.959558964, "Mot_amps_ratio_MxSpd": 0.959558964, "Mot_power_ratio_MFD": 0.591728032, "Mot_power_ratio_MxSpd": 0.591728032, "Power_MFD": 2193.73804, "Power_MxSpd": 2193.73804, "Speed_MFD": 7.0}