{"Interferences": 57, "Mass": 9.938451937133948, "Batt_amps_ratio_MFD": 0.616169393, "Batt_amps_ratio_MxSpd": 0.616169393, "Distance_MxSpd": 4674.03906, "Max_Distance": 4674.03906, "Hover_Time": 0.0, "Max_Speed": 10.0, "Max_uc_at_MFD": 0.613807082, "Mot_amps_ratio_MFD": 0.917851269, "Mot_amps_ratio_MxSpd": 0.917851269, "Mot_power_ratio_MFD": 0.707142889, "Mot_power_ratio_MxSpd": 0.707142889, "Power_MFD": 1992.04041, "Power_MxSpd": 1992.04041, "Speed_MFD": 10.0}