{"Interferences": 37, "Mass": 3.4840215772864243, "Batt_amps_ratio_MFD": 0.639119685, "Batt_amps_ratio_MxSpd": 0.639119685, "Distance_MxSpd": 1201.65283, "Max_Distance": 1201.65283, "Hover_Time": 82.4059372, "Max_Speed": 20.0, "Max_uc_at_MFD": 1.0, "Mot_amps_ratio_MFD": 0.497919947, "Mot_amps_ratio_MxSpd": 0.497919947, "Mot_power_ratio_MFD": 0.184230387, "Mot_power_ratio_MxSpd": 0.184230387, "Power_MFD": 655.34021, "Power_MxSpd": 655.34021, "Speed_MFD": 20.0}