{"Interferences": 21, "Mass": 5.358397207795996, "Batt_amps_ratio_MFD": 0.944710791, "Batt_amps_ratio_MxSpd": 1.36116874, "Distance_MxSpd": 761.698303, "Max_Distance": 812.947205, "Hover_Time": 48.8113785, "Max_Speed": 27.0, "Max_uc_at_MFD": 0.8405478, "Mot_amps_ratio_MFD": 0.647127748, "Mot_amps_ratio_MxSpd": 0.989156961, "Mot_power_ratio_MFD": 0.321642846, "Mot_power_ratio_MxSpd": 0.491642177, "Power_MFD": 2278.33618, "Power_MxSpd": 3817.82397, "Speed_MFD": 20.0}