{"Interferences": 79, "Mass": 6.339808480501096, "Batt_amps_ratio_MFD": 0.868650615, "Batt_amps_ratio_MxSpd": 0.977250934, "Distance_MxSpd": 7072.90186, "Max_Distance": 7294.07227, "Hover_Time": 347.350983, "Max_Speed": 36.0, "Max_uc_at_MFD": 0.739033818, "Mot_amps_ratio_MFD": 0.801041961, "Mot_amps_ratio_MxSpd": 0.957768261, "Mot_power_ratio_MFD": 0.493975878, "Mot_power_ratio_MxSpd": 0.590623796, "Power_MFD": 2032.1875, "Power_MxSpd": 2501.75342, "Speed_MFD": 33.0}