{"Interferences": 19, "Mass": 4.816750446090657, "Batt_amps_ratio_MFD": 0.406002343, "Batt_amps_ratio_MxSpd": 0.406002343, "Distance_MxSpd": 662.065186, "Max_Distance": 662.065186, "Hover_Time": 107.965393, "Max_Speed": 7.0, "Max_uc_at_MFD": 0.999999642, "Mot_amps_ratio_MFD": 0.936169922, "Mot_amps_ratio_MxSpd": 0.936169922, "Mot_power_ratio_MFD": 0.346382856, "Mot_power_ratio_MxSpd": 0.346382856, "Power_MFD": 1090.74377, "Power_MxSpd": 1090.74377, "Speed_MFD": 7.0}