{"Interferences": 13, "Mass": 17.051849353751525, "Batt_amps_ratio_MFD": 1.69043422, "Batt_amps_ratio_MxSpd": 1.69043422, "Distance_MxSpd": 1533.33386, "Max_Distance": 1533.33386, "Hover_Time": 0.0, "Max_Speed": 9.0, "Max_uc_at_MFD": 0.723107994, "Mot_amps_ratio_MFD": 0.957869232, "Mot_amps_ratio_MxSpd": 0.957869232, "Mot_power_ratio_MFD": 0.970640838, "Mot_power_ratio_MxSpd": 0.970640838, "Power_MFD": 8274.37305, "Power_MxSpd": 8274.37305, "Speed_MFD": 9.0}