{"Interferences": 29, "Mass": 4.28269442721889, "Batt_amps_ratio_MFD": 0.537269413, "Batt_amps_ratio_MxSpd": 0.537269413, "Distance_MxSpd": 1715.34058, "Max_Distance": 1715.34058, "Hover_Time": 0.0, "Max_Speed": 24.0, "Max_uc_at_MFD": 0.987723112, "Mot_amps_ratio_MFD": 0.414751112, "Mot_amps_ratio_MxSpd": 0.414751112, "Mot_power_ratio_MFD": 0.257413268, "Mot_power_ratio_MxSpd": 0.257413268, "Power_MFD": 1171.38391, "Power_MxSpd": 1171.38391, "Speed_MFD": 24.0}