{"Interferences": 18, "Mass": 5.918208079392352, "Batt_amps_ratio_MFD": 0.601567984, "Batt_amps_ratio_MxSpd": 0.601567984, "Distance_MxSpd": 3829.99121, "Max_Distance": 3829.99121, "Hover_Time": 178.566086, "Max_Speed": 20.0, "Max_uc_at_MFD": 0.989429951, "Mot_amps_ratio_MFD": 0.58161062, "Mot_amps_ratio_MxSpd": 0.58161062, "Mot_power_ratio_MFD": 0.290774137, "Mot_power_ratio_MxSpd": 0.290774137, "Power_MFD": 1412.07019, "Power_MxSpd": 1412.07019, "Speed_MFD": 20.0}