{"Interferences": 33, "Mass": 4.068785802620918, "Batt_amps_ratio_MFD": 0.764445364, "Batt_amps_ratio_MxSpd": 0.764445364, "Distance_MxSpd": 50.2324982, "Max_Distance": 50.2324982, "Hover_Time": 50.1893654, "Max_Speed": 1.0, "Max_uc_at_MFD": 0.890755355, "Mot_amps_ratio_MFD": 0.261500388, "Mot_amps_ratio_MxSpd": 0.261500388, "Mot_power_ratio_MFD": 0.0653680861, "Mot_power_ratio_MxSpd": 0.0653680861, "Power_MFD": 685.911194, "Power_MxSpd": 685.911194, "Speed_MFD": 1.0}