{"Interferences": 22, "Mass": 5.108240981619688, "Batt_amps_ratio_MFD": 1.26392472, "Batt_amps_ratio_MxSpd": 2.45786285, "Distance_MxSpd": 374.9599, "Max_Distance": 577.249573, "Hover_Time": 29.0002251, "Max_Speed": 24.0, "Max_uc_at_MFD": 0.716322601, "Mot_amps_ratio_MFD": 0.62137711, "Mot_amps_ratio_MxSpd": 0.980275631, "Mot_power_ratio_MFD": 0.622701645, "Mot_power_ratio_MxSpd": 0.982365251, "Power_MFD": 1573.55603, "Power_MxSpd": 3815.31958, "Speed_MFD": 19.0}