{"Interferences": 0, "Mass": 9.171885303164348, "Batt_amps_ratio_MFD": 0.342539251, "Batt_amps_ratio_MxSpd": 0.342539251, "Distance_MxSpd": 21019.4902, "Max_Distance": 21019.4902, "Hover_Time": 835.629822, "Max_Speed": 25.0, "Max_uc_at_MFD": 0.831443131, "Mot_amps_ratio_MFD": 0.872483671, "Mot_amps_ratio_MxSpd": 0.872483671, "Mot_power_ratio_MFD": 0.828859448, "Mot_power_ratio_MxSpd": 0.828859448, "Power_MFD": 2280.85645, "Power_MxSpd": 2280.85645, "Speed_MFD": 25.0}