{
  "generator_version":"UAV2_gen12",
  "name":"design_3288_2d29d86ff9e349459b09731af650cdf2_s",
  "hub":{
    "node_type":"ConnectedHub4_2_2",
    "frontSegment":{
      "node_type":"AngledWingArm",
      "arm1Length":200.54657393117483,
      "arm2Length":145.57824669089433,
      "wing":{
        "wingType":"Wing_vert_hole",
        "nacaProfile":"2612",
        "span":773.7419944736372,
        "chordInner":271.1214873786247,
        "chordOuter":107.53199336660452,
        "taperOffset":true,
        "aileronBias":0.1046130976991749,
        "flapBias":0.49726705270028426,
        "load":469.6668737864134,
        "tubeOffset":24.2010157873153,
        "tubeRot":275.45420751395994
      },
      "servo":{
        "servoType":"Hitec_HS_225BB"
      }
    },
    "rearSegment":{
      "node_type":"DoubleBendSegment",
      "angle":-90.0,
      "arm1Length":397.2568119173171,
      "arm2Length":139.25000584111797,
      "mainSegment":{
        "node_type":"AngledPropArm",
        "armLength":375.7808165639083,
        "motor":{
          "motorType":"kde_direct_KDE4014XF_380"
        },
        "prop":{
          "propType":"apc_propellers_14x8"
        }
      }
    }
  },
  "fuselageWithComponents":{
    "node_type":"SingleBatteryFuselageWithComponents",
    "battery":{
      "batteryType":"Tattu30C16000mAh6S1P"
    },
    "fuselage":{
      "length":190.0,
      "vertDiameter":114.0,
      "horzDiameter":383.4,
      "floorHeight":19.0,
      "batteryX":0.0,
      "batteryY":6.0,
      "rpmX":0.0,
      "rpmY":-117.8,
      "autoPilotX":0.0,
      "autoPilotY":61.5,
      "currentX":0.0,
      "currentY":-97.65,
      "voltageX":0.0,
      "voltageY":115.3,
      "gpsX":0.0,
      "gpsY":-57.5,
      "varioX":0.0,
      "varioY":93.65
    }
  }
}