{"Interferences": 85, "Mass": 10.244203949811876, "Batt_amps_ratio_MFD": 0.26147148, "Batt_amps_ratio_MxSpd": 0.26147148, "Distance_MxSpd": 2202.91724, "Max_Distance": 2202.91724, "Hover_Time": 0.0, "Max_Speed": 6.0, "Max_uc_at_MFD": 0.682961524, "Mot_amps_ratio_MFD": 0.956704259, "Mot_amps_ratio_MxSpd": 0.956704259, "Mot_power_ratio_MFD": 0.718038917, "Mot_power_ratio_MxSpd": 0.718038917, "Power_MFD": 2380.69409, "Power_MxSpd": 2380.69409, "Speed_MFD": 6.0}