{"Interferences": 56, "Mass": 5.732079835414753, "Batt_amps_ratio_MFD": 0.231446296, "Batt_amps_ratio_MxSpd": 0.231446296, "Distance_MxSpd": 2986.43774, "Max_Distance": 2986.43774, "Hover_Time": 185.938461, "Max_Speed": 18.0, "Max_uc_at_MFD": 1.0, "Mot_amps_ratio_MFD": 0.219685078, "Mot_amps_ratio_MxSpd": 0.219685078, "Mot_power_ratio_MFD": 0.110076681, "Mot_power_ratio_MxSpd": 0.110076681, "Power_MFD": 893.899719, "Power_MxSpd": 893.899719, "Speed_MFD": 18.0}