{"Interferences": 18, "Mass": 6.552591889441515, "Batt_amps_ratio_MFD": 0.494653016, "Batt_amps_ratio_MxSpd": 0.494653016, "Distance_MxSpd": 1863.12427, "Max_Distance": 1863.12427, "Hover_Time": 90.5769348, "Max_Speed": 24.0, "Max_uc_at_MFD": 0.549468398, "Mot_amps_ratio_MFD": 0.835945368, "Mot_amps_ratio_MxSpd": 0.835945368, "Mot_power_ratio_MFD": 0.629084289, "Mot_power_ratio_MxSpd": 0.629084289, "Power_MFD": 1521.47766, "Power_MxSpd": 1521.47766, "Speed_MFD": 24.0}