{"Interferences": 18, "Mass": 7.035415805803264, "Batt_amps_ratio_MFD": 0.567367375, "Batt_amps_ratio_MxSpd": 0.567367375, "Distance_MxSpd": 10659.7598, "Max_Distance": 10659.7598, "Hover_Time": 472.218475, "Max_Speed": 21.0, "Max_uc_at_MFD": 0.687111199, "Mot_amps_ratio_MFD": 0.779505074, "Mot_amps_ratio_MxSpd": 0.779505074, "Mot_power_ratio_MFD": 0.801387906, "Mot_power_ratio_MxSpd": 0.801387906, "Power_MFD": 1796.7804, "Power_MxSpd": 1796.7804, "Speed_MFD": 21.0}