{
  "generator_version":"UAV2_gen12",
  "name":"design_4179_2e45e09792874901a7e1b45290bff574_dw",
  "hub":{
    "node_type":"ConnectedHub6_1_2_2_1",
    "frontCenterSegment":{
      "node_type":"AngledPropArm",
      "armLength":173.28061094939642,
      "motor":{
        "motorType":"kde_direct_KDE4014XF_380"
      },
      "prop":{
        "propType":"apc_propellers_15x7"
      }
    },
    "frontSegment":{
      "node_type":"WingArm",
      "armLength":254.5739392643139,
      "wing":{
        "wingType":"Wing_vert_hole",
        "nacaProfile":"4415",
        "span":772.4997746265612,
        "chordInner":355.8227406366807,
        "chordOuter":161.090254268698,
        "taperOffset":false,
        "aileronBias":0.546385638314534,
        "flapBias":0.23820018136580318,
        "load":689.9225589791757,
        "tubeOffset":13.454642622827029,
        "tubeRot":313.16352489454107
      },
      "servo":{
        "servoType":"Hitec_HS_45HB"
      }
    },
    "rearSegment":{
      "node_type":"WingArm",
      "armLength":100.97281914087652,
      "wing":{
        "wingType":"Wing_horiz_hole",
        "nacaProfile":"0015",
        "span":608.6039060985984,
        "chordInner":199.0554899977798,
        "chordOuter":118.61061548131369,
        "taperOffset":true,
        "aileronBias":0.46540733265423706,
        "flapBias":0.7285143298836506,
        "load":685.7921569590363,
        "tubeOffset":64.70937490817772,
        "tubeRot":270.0
      },
      "servo":{
        "servoType":"Hitec_HS_645MG"
      }
    },
    "rearCenterSegment":{
      "node_type":"AngledPropArm",
      "armLength":491.0181002143925,
      "motor":{
        "motorType":"kde_direct_KDE4215XF_465"
      },
      "prop":{
        "propType":"apc_propellers_16x7"
      }
    }
  },
  "fuselageWithComponents":{
    "node_type":"DualBatteryFuselageWithComponents",
    "battery":{
      "batteryType":"TurnigyGraphene1300mAh3S75C"
    },
    "fuselage":{
      "length":84.0,
      "vertDiameter":52.5,
      "horzDiameter":369.9,
      "floorHeight":8.75,
      "battery1X":-5.0,
      "battery1Y":-8.0,
      "battery2X":-5.0,
      "battery2Y":21.0,
      "rpmX":-5.0,
      "rpmY":-113.3,
      "autoPilotX":-5.0,
      "autoPilotY":57.0,
      "currentX":-5.0,
      "currentY":-93.15,
      "voltageX":-5.0,
      "voltageY":110.8,
      "gpsX":-5.0,
      "gpsY":-53.0,
      "varioX":-5.0,
      "varioY":89.15
    }
  }
}