{"Interferences": 54, "Mass": 11.750939914485828, "Batt_amps_ratio_MFD": 0.620697439, "Batt_amps_ratio_MxSpd": 0.695856512, "Distance_MxSpd": 1655.51367, "Max_Distance": 1732.24487, "Hover_Time": 72.4235229, "Max_Speed": 30.0, "Max_uc_at_MFD": 0.99992609, "Mot_amps_ratio_MFD": 0.705342472, "Mot_amps_ratio_MxSpd": 0.804529667, "Mot_power_ratio_MFD": 0.460547149, "Mot_power_ratio_MxSpd": 0.525310516, "Power_MFD": 2993.61646, "Power_MxSpd": 3335.55225, "Speed_MFD": 28.0}