{"Interferences": 17, "Mass": 8.677548943869498, "Batt_amps_ratio_MFD": 0.697373569, "Batt_amps_ratio_MxSpd": 0.697373569, "Distance_MxSpd": 991.1474, "Max_Distance": 991.1474, "Hover_Time": 0.0, "Max_Speed": 6.0, "Max_uc_at_MFD": 0.947026491, "Mot_amps_ratio_MFD": 0.641464472, "Mot_amps_ratio_MxSpd": 0.641464472, "Mot_power_ratio_MFD": 0.616458297, "Mot_power_ratio_MxSpd": 0.616458297, "Power_MFD": 1532.96423, "Power_MxSpd": 1532.96423, "Speed_MFD": 6.0}