{"Interferences": 18, "Mass": 8.581056423801702, "Batt_amps_ratio_MFD": 0.579329252, "Batt_amps_ratio_MxSpd": 0.640313745, "Distance_MxSpd": 10494.8555, "Max_Distance": 10605.3682, "Hover_Time": 0.0, "Max_Speed": 35.0, "Max_uc_at_MFD": 0.927179813, "Mot_amps_ratio_MFD": 0.737226248, "Mot_amps_ratio_MxSpd": 0.815436184, "Mot_power_ratio_MFD": 0.378788918, "Mot_power_ratio_MxSpd": 0.418973416, "Power_MFD": 2915.76343, "Power_MxSpd": 3424.17212, "Speed_MFD": 32.0}