{"Interferences": 30, "Mass": 2.272762188557877, "Batt_amps_ratio_MFD": 0.345508158, "Batt_amps_ratio_MxSpd": 0.345508158, "Distance_MxSpd": 222.281281, "Max_Distance": 222.281281, "Hover_Time": 110.833694, "Max_Speed": 2.0, "Max_uc_at_MFD": 0.845758915, "Mot_amps_ratio_MFD": 0.506168604, "Mot_amps_ratio_MxSpd": 0.506168604, "Mot_power_ratio_MFD": 0.312137306, "Mot_power_ratio_MxSpd": 0.312137306, "Power_MFD": 300.86969, "Power_MxSpd": 300.86969, "Speed_MFD": 2.0}