{"Interferences": 0, "Mass": 5.0293894950660265, "Batt_amps_ratio_MFD": 0.748260856, "Batt_amps_ratio_MxSpd": 1.49162924, "Distance_MxSpd": 1106.97754, "Max_Distance": 1488.25098, "Hover_Time": 82.1901855, "Max_Speed": 43.0, "Max_uc_at_MFD": 0.574949801, "Mot_amps_ratio_MFD": 0.881284058, "Mot_amps_ratio_MxSpd": 0.997530162, "Mot_power_ratio_MFD": 0.83149153, "Mot_power_ratio_MxSpd": 0.941169739, "Power_MFD": 1951.60352, "Power_MxSpd": 5101.00244, "Speed_MFD": 29.0}