{
  "generator_version":"UAV2_gen12",
  "name":"design_6519_86a44aba976d489f9a73b09d27fccc4c_dw_dl",
  "hub":{
    "node_type":"ConnectedHub3_2_1",
    "angle":60.56859343830584,
    "centerSegment":{
      "node_type":"AngledPropArm",
      "armLength":135.5138388389499,
      "motor":{
        "motorType":"t_motor_MN5212KV420"
      },
      "prop":{
        "propType":"apc_propellers_18x8W"
      }
    },
    "mainSegment":{
      "node_type":"AngledWingArm",
      "arm1Length":60.76636424746083,
      "arm2Length":114.8581079361452,
      "wing":{
        "wingType":"Wing_horiz_hole",
        "nacaProfile":"4409",
        "span":881.0238458923196,
        "chordInner":346.08171123763447,
        "chordOuter":154.63361400390724,
        "taperOffset":true,
        "aileronBias":0.4516230746390949,
        "flapBias":0.21578306541291054,
        "load":130.64865364676785,
        "tubeOffset":75.74206285718232,
        "tubeRot":268.563392643529
      },
      "servo":{
        "servoType":"Hitec_HS_5065MG"
      }
    }
  },
  "fuselageWithComponents":{
    "node_type":"DualBatteryFuselageWithComponents",
    "battery":{
      "batteryType":"Tattu30C10000mAh6S1P"
    },
    "fuselage":{
      "length":351.0,
      "vertDiameter":97.5,
      "horzDiameter":372.9,
      "floorHeight":16.25,
      "battery1X":-87.75,
      "battery1Y":6.0,
      "battery2X":88.75,
      "battery2Y":6.0,
      "rpmX":0.0,
      "rpmY":-114.3,
      "autoPilotX":0.0,
      "autoPilotY":58.0,
      "currentX":0.0,
      "currentY":-94.15,
      "voltageX":0.0,
      "voltageY":111.8,
      "gpsX":0.0,
      "gpsY":-54.0,
      "varioX":0.0,
      "varioY":90.15
    }
  }
}