{"Interferences": 2, "Mass": 3.580401543853526, "Batt_amps_ratio_MFD": 1.12906754, "Batt_amps_ratio_MxSpd": 1.12906754, "Distance_MxSpd": 918.279846, "Max_Distance": 918.279846, "Hover_Time": 0.0, "Max_Speed": 27.0, "Max_uc_at_MFD": 0.970397949, "Mot_amps_ratio_MFD": 0.495015383, "Mot_amps_ratio_MxSpd": 0.495015383, "Mot_power_ratio_MFD": 0.233523503, "Mot_power_ratio_MxSpd": 0.233523503, "Power_MFD": 1128.65234, "Power_MxSpd": 1128.65234, "Speed_MFD": 27.0}