{"Interferences": 60, "Mass": 15.376402671134343, "Batt_amps_ratio_MFD": 0.821415842, "Batt_amps_ratio_MxSpd": 0.821415842, "Distance_MxSpd": 4908.59814, "Max_Distance": 4908.59814, "Hover_Time": 349.132996, "Max_Speed": 14.0, "Max_uc_at_MFD": 0.804116011, "Mot_amps_ratio_MFD": 0.836445153, "Mot_amps_ratio_MxSpd": 0.836445153, "Mot_power_ratio_MFD": 0.794622898, "Mot_power_ratio_MxSpd": 0.794622898, "Power_MFD": 5751.14404, "Power_MxSpd": 5751.14404, "Speed_MFD": 14.0}