{"Interferences": 52, "Mass": 7.801129762405059, "Batt_amps_ratio_MFD": 1.24643445, "Batt_amps_ratio_MxSpd": 1.24643445, "Distance_MxSpd": 4621.18164, "Max_Distance": 4621.18164, "Hover_Time": 473.563568, "Max_Speed": 10.0, "Max_uc_at_MFD": 0.721039772, "Mot_amps_ratio_MFD": 0.948441744, "Mot_amps_ratio_MxSpd": 0.948441744, "Mot_power_ratio_MFD": 0.701846898, "Mot_power_ratio_MxSpd": 0.701846898, "Power_MFD": 2190.1665, "Power_MxSpd": 2190.1665, "Speed_MFD": 10.0}