{"Interferences": 27, "Mass": 7.364442549246099, "Batt_amps_ratio_MFD": 0.438814521, "Batt_amps_ratio_MxSpd": 0.60569638, "Distance_MxSpd": 7037.18896, "Max_Distance": 7613.23926, "Hover_Time": 383.888458, "Max_Speed": 37.0, "Max_uc_at_MFD": 0.972015977, "Mot_amps_ratio_MFD": 0.866571426, "Mot_amps_ratio_MxSpd": 0.812998116, "Mot_power_ratio_MFD": 0.667494178, "Mot_power_ratio_MxSpd": 0.626228273, "Power_MFD": 2166.5813, "Power_MxSpd": 3371.79053, "Speed_MFD": 29.0}