{"Interferences": 0, "Mass": 5.865177847527878, "Batt_amps_ratio_MFD": 0.307403207, "Batt_amps_ratio_MxSpd": 0.328708559, "Distance_MxSpd": 3738.26587, "Max_Distance": 3747.52124, "Hover_Time": 0.0, "Max_Speed": 32.0, "Max_uc_at_MFD": 0.879776955, "Mot_amps_ratio_MFD": 0.378804088, "Mot_amps_ratio_MxSpd": 0.407305062, "Mot_power_ratio_MFD": 0.162298203, "Mot_power_ratio_MxSpd": 0.174509406, "Power_MFD": 2032.34546, "Power_MxSpd": 2272.64258, "Speed_MFD": 30.0}