{"Interferences": 10, "Mass": 3.0404025082213413, "Batt_amps_ratio_MFD": 0.812409699, "Batt_amps_ratio_MxSpd": 0.812409699, "Distance_MxSpd": 94.5335846, "Max_Distance": 94.5335846, "Hover_Time": 47.1920547, "Max_Speed": 2.0, "Max_uc_at_MFD": 0.342218101, "Mot_amps_ratio_MFD": 0.416187346, "Mot_amps_ratio_MxSpd": 0.416187346, "Mot_power_ratio_MFD": 0.428970248, "Mot_power_ratio_MxSpd": 0.428970248, "Power_MFD": 433.93515, "Power_MxSpd": 433.93515, "Speed_MFD": 2.0}