{"Interferences": 35, "Mass": 4.8469362192932985, "Batt_amps_ratio_MFD": 0.861564636, "Batt_amps_ratio_MxSpd": 1.60687709, "Distance_MxSpd": 3011.05786, "Max_Distance": 3610.17603, "Hover_Time": 198.64743, "Max_Speed": 42.0, "Max_uc_at_MFD": 0.542914212, "Mot_amps_ratio_MFD": 0.803493679, "Mot_amps_ratio_MxSpd": 0.781598151, "Mot_power_ratio_MFD": 0.792780399, "Mot_power_ratio_MxSpd": 0.771176815, "Power_MFD": 1515.98865, "Power_MxSpd": 3902.46948, "Speed_MFD": 27.0}