{"Interferences": 30, "Mass": 5.058566089630003, "Batt_amps_ratio_MFD": 0.902142644, "Batt_amps_ratio_MxSpd": 0.902142644, "Distance_MxSpd": 297.957306, "Max_Distance": 297.957306, "Hover_Time": 0.0, "Max_Speed": 7.0, "Max_uc_at_MFD": 0.99400115, "Mot_amps_ratio_MFD": 0.589244127, "Mot_amps_ratio_MxSpd": 0.589244127, "Mot_power_ratio_MFD": 0.29069376, "Mot_power_ratio_MxSpd": 0.29069376, "Power_MFD": 897.18219, "Power_MxSpd": 897.18219, "Speed_MFD": 7.0}