{
  "generator_version":"UAV2_gen12",
  "name":"design_9141_1e6a2db397e74e09aa8b77653df16300_dw_dl",
  "hub":{
    "node_type":"ConnectedHub6_1_2_2_1",
    "frontCenterSegment":{
      "node_type":"AngledPropArm",
      "armLength":303.22976217748226,
      "motor":{
        "motorType":"kde_direct_KDE5215XF_435"
      },
      "prop":{
        "propType":"apc_propellers_16x10"
      }
    },
    "frontSegment":{
      "node_type":"WingArm",
      "armLength":311.07279410581384,
      "wing":{
        "wingType":"Wing_vert_hole",
        "nacaProfile":"2415",
        "span":1742.823672364052,
        "chordInner":280.5938138485658,
        "chordOuter":159.83120058074712,
        "taperOffset":false,
        "aileronBias":0.481788702717985,
        "flapBias":0.19942502748213403,
        "load":143.3672363259941,
        "tubeOffset":32.2710983911174,
        "tubeRot":235.16925020453172
      },
      "servo":{
        "servoType":"Hitec_HS_5070MH"
      }
    },
    "rearSegment":{
      "node_type":"AngledWingArm",
      "arm1Length":484.0317729652375,
      "arm2Length":60.65124159453664,
      "wing":{
        "wingType":"Wing_horiz_hole",
        "nacaProfile":"2418",
        "span":1842.6738957568875,
        "chordInner":278.52424761407144,
        "chordOuter":134.1909541039144,
        "taperOffset":false,
        "aileronBias":0.8465744483494294,
        "flapBias":0.19588779991045857,
        "load":172.02807281992224,
        "tubeOffset":14.300979398227982,
        "tubeRot":227.15870030323737
      },
      "servo":{
        "servoType":"Hitec_HS_65MG"
      }
    },
    "rearCenterSegment":{
      "node_type":"AngledPropArm",
      "armLength":390.378176473878,
      "motor":{
        "motorType":"kde_direct_KDE4012XF_400"
      },
      "prop":{
        "propType":"apc_propellers_15x4W"
      }
    }
  },
  "fuselageWithComponents":{
    "node_type":"DualBatteryFuselageWithComponents",
    "battery":{
      "batteryType":"Tattu30C10000mAh6S1P"
    },
    "fuselage":{
      "length":351.0,
      "vertDiameter":97.5,
      "horzDiameter":372.9,
      "floorHeight":16.25,
      "battery1X":-87.75,
      "battery1Y":6.0,
      "battery2X":88.75,
      "battery2Y":6.0,
      "rpmX":0.0,
      "rpmY":-114.3,
      "autoPilotX":0.0,
      "autoPilotY":58.0,
      "currentX":0.0,
      "currentY":-94.15,
      "voltageX":0.0,
      "voltageY":111.8,
      "gpsX":0.0,
      "gpsY":-54.0,
      "varioX":0.0,
      "varioY":90.15
    }
  }
}