{"Interferences": 37, "Mass": 3.3171874315624854, "Batt_amps_ratio_MFD": 0.26746735, "Batt_amps_ratio_MxSpd": 0.26746735, "Distance_MxSpd": 1004.98248, "Max_Distance": 1004.98248, "Hover_Time": 145.190491, "Max_Speed": 7.0, "Max_uc_at_MFD": 0.999870121, "Mot_amps_ratio_MFD": 0.586359978, "Mot_amps_ratio_MxSpd": 0.586359978, "Mot_power_ratio_MFD": 0.293179989, "Mot_power_ratio_MxSpd": 0.293179989, "Power_MFD": 437.983521, "Power_MxSpd": 437.983521, "Speed_MFD": 7.0}