{"Interferences": 13, "Mass": 5.194916764966848, "Batt_amps_ratio_MFD": 0.373979151, "Batt_amps_ratio_MxSpd": 0.529024184, "Distance_MxSpd": 2758.28613, "Max_Distance": 2977.70605, "Hover_Time": 155.805481, "Max_Speed": 38.0, "Max_uc_at_MFD": 0.600278974, "Mot_amps_ratio_MFD": 0.67731297, "Mot_amps_ratio_MxSpd": 0.965236008, "Mot_power_ratio_MFD": 0.639044762, "Mot_power_ratio_MxSpd": 0.910700142, "Power_MFD": 1534.41748, "Power_MxSpd": 2819.41772, "Speed_MFD": 29.0}