{"Interferences": 27, "Mass": 9.784895382421446, "Batt_amps_ratio_MFD": 3.38970661, "Batt_amps_ratio_MxSpd": 3.38970661, "Distance_MxSpd": 11.328414, "Max_Distance": 11.328414, "Hover_Time": 0.0, "Max_Speed": 1.0, "Max_uc_at_MFD": 0.999993682, "Mot_amps_ratio_MFD": 0.974601805, "Mot_amps_ratio_MxSpd": 0.974601805, "Mot_power_ratio_MFD": 0.488200545, "Mot_power_ratio_MxSpd": 0.488200545, "Power_MFD": 4823.38672, "Power_MxSpd": 4823.38672, "Speed_MFD": 1.0}