{"Interferences": 2, "Mass": 4.643343051261739, "Batt_amps_ratio_MFD": 0.343603134, "Batt_amps_ratio_MxSpd": 0.343603134, "Distance_MxSpd": 2570.40723, "Max_Distance": 2570.40723, "Hover_Time": 140.957733, "Max_Speed": 23.0, "Max_uc_at_MFD": 0.98167032, "Mot_amps_ratio_MFD": 0.557807386, "Mot_amps_ratio_MxSpd": 0.557807386, "Mot_power_ratio_MFD": 0.279102176, "Mot_power_ratio_MxSpd": 0.279102176, "Power_MFD": 1022.66504, "Power_MxSpd": 1022.66504, "Speed_MFD": 23.0}