{"Interferences": 11, "Mass": 4.413532022002098, "Batt_amps_ratio_MFD": 0.702139497, "Batt_amps_ratio_MxSpd": 0.702139497, "Distance_MxSpd": 601.589844, "Max_Distance": 601.589844, "Hover_Time": 0.0, "Max_Speed": 11.0, "Max_uc_at_MFD": 0.999955773, "Mot_amps_ratio_MFD": 0.898410976, "Mot_amps_ratio_MxSpd": 0.898410976, "Mot_power_ratio_MFD": 0.450034797, "Mot_power_ratio_MxSpd": 0.450034797, "Power_MFD": 744.627441, "Power_MxSpd": 744.627441, "Speed_MFD": 11.0}