{
  "generator_version":"UAV2_gen12",
  "name":"design_5367_33603ca1fc2e4a05bd09f81f7f749f61_s",
  "hub":{
    "node_type":"ConnectedHub6_2_2_2",
    "frontSegment":{
      "node_type":"AngledWingArm",
      "arm1Length":378.05296501762393,
      "arm2Length":135.77728833445042,
      "wing":{
        "wingType":"Wing_horiz_hole",
        "nacaProfile":"2315",
        "span":1886.079833355456,
        "chordInner":234.40070403567677,
        "chordOuter":141.72646925886556,
        "taperOffset":true,
        "aileronBias":0.4647003061112386,
        "flapBias":0.5021354953939033,
        "load":485.7437167068542,
        "tubeOffset":57.77496858857112,
        "tubeRot":270.0
      },
      "servo":{
        "servoType":"Hitec_HS_7245MH"
      }
    },
    "middleSegment":{
      "node_type":"AngledWingArm",
      "arm1Length":466.28170317209276,
      "arm2Length":192.96795187683065,
      "wing":{
        "wingType":"Wing_horiz_hole",
        "nacaProfile":"6406",
        "span":1494.452490782602,
        "chordInner":369.3024011693141,
        "chordOuter":115.39919216939883,
        "taperOffset":true,
        "aileronBias":0.2655032921993713,
        "flapBias":0.9813063245228892,
        "load":883.4298100723998,
        "tubeOffset":53.39169221656057,
        "tubeRot":270.0
      },
      "servo":{
        "servoType":"Hitec_HS_53"
      }
    },
    "rearSegment":{
      "node_type":"BranchSegment_Sym",
      "armLength":301.71108598669144,
      "angle":180.0,
      "mainSegment":{
        "node_type":"PropArm",
        "armLength":391.30516467080804,
        "motor":{
          "motorType":"t_motor_AntigravityMN4006KV380"
        },
        "prop":{
          "propType":"apc_propellers_15x7"
        },
        "flange":{
          "offset":39.43714560240072,
          "angle":270.0
        }
      }
    }
  },
  "fuselageWithComponents":{
    "node_type":"SingleBatteryFuselageWithComponents",
    "battery":{
      "batteryType":"TurnigyGraphene6000mAh4S75C"
    },
    "fuselage":{
      "length":168.0,
      "vertDiameter":103.5,
      "horzDiameter":336.9,
      "floorHeight":17.25,
      "batteryX":0.0,
      "batteryY":6.0,
      "rpmX":0.0,
      "rpmY":-102.3,
      "autoPilotX":0.0,
      "autoPilotY":46.0,
      "currentX":0.0,
      "currentY":-82.15,
      "voltageX":0.0,
      "voltageY":99.8,
      "gpsX":0.0,
      "gpsY":-42.0,
      "varioX":0.0,
      "varioY":78.15
    }
  }
}