{"Interferences": 63, "Mass": 5.990194521845946, "Batt_amps_ratio_MFD": 0.54571116, "Batt_amps_ratio_MxSpd": 0.54571116, "Distance_MxSpd": 70.3668976, "Max_Distance": 70.3668976, "Hover_Time": 0.0, "Max_Speed": 1.0, "Max_uc_at_MFD": 1.0, "Mot_amps_ratio_MFD": 0.50944072, "Mot_amps_ratio_MxSpd": 0.50944072, "Mot_power_ratio_MFD": 0.302614242, "Mot_power_ratio_MxSpd": 0.302614242, "Power_MFD": 2194.64185, "Power_MxSpd": 2194.64185, "Speed_MFD": 1.0}