{"Interferences": 13, "Mass": 5.335497166788602, "Batt_amps_ratio_MFD": 0.282029301, "Batt_amps_ratio_MxSpd": 0.282029301, "Distance_MxSpd": 4084.68213, "Max_Distance": 4084.68213, "Hover_Time": 183.315384, "Max_Speed": 30.0, "Max_uc_at_MFD": 0.979022264, "Mot_amps_ratio_MFD": 0.978632331, "Mot_amps_ratio_MxSpd": 0.978632331, "Mot_power_ratio_MFD": 0.734387755, "Mot_power_ratio_MxSpd": 0.734387755, "Power_MFD": 1708.39746, "Power_MxSpd": 1708.39746, "Speed_MFD": 30.0}