{"Interferences": 0, "Mass": 10.545842110882464, "Batt_amps_ratio_MFD": 0.774378777, "Batt_amps_ratio_MxSpd": 0.774378777, "Distance_MxSpd": 11901.1523, "Max_Distance": 11901.1523, "Hover_Time": 462.761078, "Max_Speed": 32.0, "Max_uc_at_MFD": 0.870349109, "Mot_amps_ratio_MFD": 0.941964507, "Mot_amps_ratio_MxSpd": 0.941964507, "Mot_power_ratio_MFD": 0.894866288, "Mot_power_ratio_MxSpd": 0.894866288, "Power_MFD": 3246.32983, "Power_MxSpd": 3246.32983, "Speed_MFD": 32.0}