{
  "generator_version":"UAV2_gen12",
  "name":"design_7814_08353ad913b340afa03a8290e23626bf_s",
  "hub":{
    "node_type":"ConnectedHub4_2_2",
    "frontSegment":{
      "node_type":"AngledWingArm",
      "arm1Length":87.781871166927,
      "arm2Length":98.96378931162295,
      "wing":{
        "wingType":"Wing_horiz_hole",
        "nacaProfile":"0021",
        "span":505.1290889071496,
        "chordInner":254.32561962431154,
        "chordOuter":66.26253023849075,
        "taperOffset":false,
        "aileronBias":0.2047372251075541,
        "flapBias":0.11047331877137546,
        "load":186.26639350039557,
        "tubeOffset":18.28476927681013,
        "tubeRot":270.0
      },
      "servo":{
        "servoType":"Hitec_HS_70MG"
      }
    },
    "rearSegment":{
      "node_type":"PropArm",
      "armLength":96.61718205787952,
      "motor":{
        "motorType":"kde_direct_KDE600XF_530_G3"
      },
      "prop":{
        "propType":"apc_propellers_17x4W"
      },
      "flange":{
        "offset":6.750244989519096,
        "angle":247.7331276231556
      }
    }
  },
  "fuselageWithComponents":{
    "node_type":"SingleBatteryFuselageWithComponents",
    "battery":{
      "batteryType":"Tattu5C20000mAh6S1P"
    },
    "fuselage":{
      "length":189.0,
      "vertDiameter":114.0,
      "horzDiameter":372.9,
      "floorHeight":19.0,
      "batteryX":0.0,
      "batteryY":6.0,
      "rpmX":0.0,
      "rpmY":-114.3,
      "autoPilotX":0.0,
      "autoPilotY":58.0,
      "currentX":0.0,
      "currentY":-94.15,
      "voltageX":0.0,
      "voltageY":111.8,
      "gpsX":0.0,
      "gpsY":-54.0,
      "varioX":0.0,
      "varioY":90.15
    }
  }
}