{
  "generator_version":"UAV2_gen12",
  "name":"design_7174_6cf1fe8784c240aeb507c7436f7ba792_dw",
  "hub":{
    "node_type":"ConnectedHub6_2_2_2",
    "frontSegment":{
      "node_type":"AngledPropArm",
      "armLength":473.1293405096401,
      "motor":{
        "motorType":"t_motor_AT4125KV540"
      },
      "prop":{
        "propType":"apc_propellers_17x4W"
      }
    },
    "middleSegment":{
      "node_type":"AngledWingArm",
      "arm1Length":112.91674614228197,
      "arm2Length":146.7924247956334,
      "wing":{
        "wingType":"Wing_horiz_hole",
        "nacaProfile":"2418",
        "span":1747.5393360145695,
        "chordInner":188.70054125476884,
        "chordOuter":56.577341247400945,
        "taperOffset":true,
        "aileronBias":0.7085070217750552,
        "flapBias":0.7973546181638739,
        "load":916.7625511125823,
        "tubeOffset":89.70540617905776,
        "tubeRot":270.0
      },
      "servo":{
        "servoType":"Hitec_D485HW"
      }
    },
    "rearSegment":{
      "node_type":"WingArm",
      "armLength":349.9166985906851,
      "wing":{
        "wingType":"Wing_horiz_hole",
        "nacaProfile":"4212",
        "span":1332.716272970845,
        "chordInner":406.9818092777935,
        "chordOuter":179.69121351095274,
        "taperOffset":false,
        "aileronBias":0.2246578658431574,
        "flapBias":0.3439191400579584,
        "load":590.7180114611954,
        "tubeOffset":25.786799765993393,
        "tubeRot":270.0
      },
      "servo":{
        "servoType":"Hitec_HS_85MG"
      }
    }
  },
  "fuselageWithComponents":{
    "node_type":"DualBatteryFuselageWithComponents",
    "battery":{
      "batteryType":"Tattu25C30000mAh6S1P"
    },
    "fuselage":{
      "length":217.0,
      "vertDiameter":180.0,
      "horzDiameter":483.9,
      "floorHeight":30.0,
      "battery1X":0.0,
      "battery1Y":-27.0,
      "battery2X":0.0,
      "battery2Y":40.0,
      "rpmX":0.0,
      "rpmY":-151.3,
      "autoPilotX":0.0,
      "autoPilotY":95.0,
      "currentX":0.0,
      "currentY":-131.15,
      "voltageX":0.0,
      "voltageY":148.8,
      "gpsX":0.0,
      "gpsY":-91.0,
      "varioX":0.0,
      "varioY":127.15
    }
  }
}