{"Interferences": 11, "Mass": 3.606286390519135, "Batt_amps_ratio_MFD": 0.267247647, "Batt_amps_ratio_MxSpd": 0.267247647, "Distance_MxSpd": 3017.42578, "Max_Distance": 3017.42578, "Hover_Time": 167.438126, "Max_Speed": 21.0, "Max_uc_at_MFD": 0.535701931, "Mot_amps_ratio_MFD": 0.623355389, "Mot_amps_ratio_MxSpd": 0.623355389, "Mot_power_ratio_MFD": 0.999446452, "Mot_power_ratio_MxSpd": 0.999446452, "Power_MFD": 1048.7113, "Power_MxSpd": 1048.7113, "Speed_MFD": 21.0}