{"Interferences": 90, "Mass": 5.658436874780376, "Batt_amps_ratio_MFD": 0.723232567, "Batt_amps_ratio_MxSpd": 0.94572562, "Distance_MxSpd": 1380.52722, "Max_Distance": 1486.65869, "Hover_Time": 77.4362869, "Max_Speed": 34.0, "Max_uc_at_MFD": 0.800872982, "Mot_amps_ratio_MFD": 0.642481685, "Mot_amps_ratio_MxSpd": 0.988529027, "Mot_power_ratio_MFD": 0.396197051, "Mot_power_ratio_MxSpd": 0.609592915, "Power_MFD": 1687.3761, "Power_MxSpd": 2615.573, "Speed_MFD": 28.0}