{"Interferences": 12, "Mass": 4.491024910348131, "Batt_amps_ratio_MFD": 0.395031452, "Batt_amps_ratio_MxSpd": 0.494718611, "Distance_MxSpd": 2561.45605, "Max_Distance": 2721.80859, "Hover_Time": 165.746094, "Max_Speed": 33.0, "Max_uc_at_MFD": 0.688832581, "Mot_amps_ratio_MFD": 0.928560495, "Mot_amps_ratio_MxSpd": 0.955667436, "Mot_power_ratio_MFD": 0.696812749, "Mot_power_ratio_MxSpd": 0.717154384, "Power_MFD": 1599.47156, "Power_MxSpd": 2187.08081, "Speed_MFD": 28.0}