{"Interferences": 6, "Mass": 9.25450706673698, "Batt_amps_ratio_MFD": 0.436587363, "Batt_amps_ratio_MxSpd": 0.548938692, "Distance_MxSpd": 2028.64185, "Max_Distance": 2110.91772, "Hover_Time": 117.664413, "Max_Speed": 29.0, "Max_uc_at_MFD": 1.0, "Mot_amps_ratio_MFD": 0.903124154, "Mot_amps_ratio_MxSpd": 0.84132427, "Mot_power_ratio_MFD": 0.620575309, "Mot_power_ratio_MxSpd": 0.57810998, "Power_MFD": 2634.19556, "Power_MxSpd": 3466.08203, "Speed_MFD": 24.0}