{"Interferences": 3, "Mass": 4.655676845158437, "Batt_amps_ratio_MFD": 2.46222377, "Batt_amps_ratio_MxSpd": 2.91003537, "Distance_MxSpd": 435.458649, "Max_Distance": 436.678436, "Hover_Time": 23.0708275, "Max_Speed": 33.0, "Max_uc_at_MFD": 0.616589785, "Mot_amps_ratio_MFD": 0.592147648, "Mot_amps_ratio_MxSpd": 0.786668301, "Mot_power_ratio_MFD": 0.19736138, "Mot_power_ratio_MxSpd": 0.262194663, "Power_MFD": 1493.09705, "Power_MxSpd": 2216.69849, "Speed_MFD": 28.0}