{"Interferences": 12, "Mass": 6.335783521298647, "Batt_amps_ratio_MFD": 0.66536355, "Batt_amps_ratio_MxSpd": 1.15331411, "Distance_MxSpd": 3795.67017, "Max_Distance": 4674.73779, "Hover_Time": 250.421448, "Max_Speed": 38.0, "Max_uc_at_MFD": 0.758436859, "Mot_amps_ratio_MFD": 0.527653873, "Mot_amps_ratio_MxSpd": 0.654166341, "Mot_power_ratio_MFD": 0.488079846, "Mot_power_ratio_MxSpd": 0.60510385, "Power_MFD": 1930.33618, "Power_MxSpd": 4647.72559, "Speed_MFD": 27.0}