{"Interferences": 0, "Mass": 4.523878090410295, "Batt_amps_ratio_MFD": 0.393594265, "Batt_amps_ratio_MxSpd": 0.668079674, "Distance_MxSpd": 2069.21436, "Max_Distance": 2439.05981, "Hover_Time": 145.202454, "Max_Speed": 36.0, "Max_uc_at_MFD": 0.740093052, "Mot_amps_ratio_MFD": 0.766191483, "Mot_amps_ratio_MxSpd": 0.972315729, "Mot_power_ratio_MFD": 0.744163513, "Mot_power_ratio_MxSpd": 0.944361687, "Power_MFD": 1267.52161, "Power_MxSpd": 2964.30688, "Speed_MFD": 25.0}