{"Interferences": 7, "Mass": 5.236351429532034, "Batt_amps_ratio_MFD": 1.07949555, "Batt_amps_ratio_MxSpd": 1.07949555, "Distance_MxSpd": 889.304321, "Max_Distance": 889.304321, "Hover_Time": 0.0, "Max_Speed": 25.0, "Max_uc_at_MFD": 0.935873926, "Mot_amps_ratio_MFD": 0.301880151, "Mot_amps_ratio_MxSpd": 0.301880151, "Mot_power_ratio_MFD": 0.0862268135, "Mot_power_ratio_MxSpd": 0.0862268135, "Power_MFD": 1354.74426, "Power_MxSpd": 1354.74426, "Speed_MFD": 25.0}