{"Interferences": 2, "Mass": 4.071748803011364, "Batt_amps_ratio_MFD": 0.890292525, "Batt_amps_ratio_MxSpd": 1.629035, "Distance_MxSpd": 872.172791, "Max_Distance": 1121.4292, "Hover_Time": 64.7831039, "Max_Speed": 37.0, "Max_uc_at_MFD": 0.920698702, "Mot_amps_ratio_MFD": 0.570614994, "Mot_amps_ratio_MxSpd": 0.465722471, "Mot_power_ratio_MFD": 0.527818859, "Mot_power_ratio_MxSpd": 0.430793285, "Power_MFD": 1487.96777, "Power_MxSpd": 3094.71069, "Speed_MFD": 26.0}