{"Interferences": 17, "Mass": 2.8672826369052418, "Batt_amps_ratio_MFD": 0.560267866, "Batt_amps_ratio_MxSpd": 0.737627208, "Distance_MxSpd": 1301.47034, "Max_Distance": 1302.23425, "Hover_Time": 78.371666, "Max_Speed": 25.0, "Max_uc_at_MFD": 0.682116866, "Mot_amps_ratio_MFD": 0.650919676, "Mot_amps_ratio_MxSpd": 0.687164605, "Mot_power_ratio_MFD": 0.802800953, "Mot_power_ratio_MxSpd": 0.847503006, "Power_MFD": 620.052368, "Power_MxSpd": 987.231079, "Speed_MFD": 19.0}