{"Interferences": 2, "Mass": 3.4776109777423048, "Batt_amps_ratio_MFD": 0.903873742, "Batt_amps_ratio_MxSpd": 1.01959813, "Distance_MxSpd": 903.885498, "Max_Distance": 934.643799, "Hover_Time": 71.6894379, "Max_Speed": 24.0, "Max_uc_at_MFD": 0.968580544, "Mot_amps_ratio_MFD": 0.488015026, "Mot_amps_ratio_MxSpd": 0.463826954, "Mot_power_ratio_MFD": 0.240754083, "Mot_power_ratio_MxSpd": 0.228821307, "Power_MFD": 890.817383, "Power_MxSpd": 1058.30481, "Speed_MFD": 22.0}