{"Interferences": 15, "Mass": 6.879308171974764, "Batt_amps_ratio_MFD": 0.756298959, "Batt_amps_ratio_MxSpd": 0.858757854, "Distance_MxSpd": 3641.13965, "Max_Distance": 3699.21729, "Hover_Time": 159.457489, "Max_Speed": 38.0, "Max_uc_at_MFD": 0.870355964, "Mot_amps_ratio_MFD": 0.406865984, "Mot_amps_ratio_MxSpd": 0.484356672, "Mot_power_ratio_MFD": 0.174321279, "Mot_power_ratio_MxSpd": 0.207522079, "Power_MFD": 2378.4541, "Power_MxSpd": 3015.12402, "Speed_MFD": 34.0}