{"Interferences": 5, "Mass": 7.558143612618642, "Batt_amps_ratio_MFD": 1.27942955, "Batt_amps_ratio_MxSpd": 1.27942955, "Distance_MxSpd": 1800.80249, "Max_Distance": 1800.80249, "Hover_Time": 0.0, "Max_Speed": 28.0, "Max_uc_at_MFD": 0.954509258, "Mot_amps_ratio_MFD": 0.843905687, "Mot_amps_ratio_MxSpd": 0.843905687, "Mot_power_ratio_MFD": 0.796225011, "Mot_power_ratio_MxSpd": 0.796225011, "Power_MFD": 3746.00928, "Power_MxSpd": 3746.00928, "Speed_MFD": 28.0}