{"Interferences": 0, "Mass": 3.987335295919516, "Batt_amps_ratio_MFD": 0.162688509, "Batt_amps_ratio_MxSpd": 0.162688509, "Distance_MxSpd": 2596.3728, "Max_Distance": 2596.3728, "Hover_Time": 246.013199, "Max_Speed": 11.0, "Max_uc_at_MFD": 0.999999821, "Mot_amps_ratio_MFD": 0.364945829, "Mot_amps_ratio_MxSpd": 0.364945829, "Mot_power_ratio_MFD": 0.135029957, "Mot_power_ratio_MxSpd": 0.135029957, "Power_MFD": 529.231934, "Power_MxSpd": 529.231934, "Speed_MFD": 11.0}