{
  "generator_version":"UAV2_gen12",
  "name":"design_13894_60d36511549046fd9cc785985ef19625_s",
  "hub":{
    "node_type":"ConnectedHub6_2_2_2",
    "frontSegment":{
      "node_type":"PropArm",
      "armLength":429.7366382406226,
      "motor":{
        "motorType":"t_motor_AT4120KV500"
      },
      "prop":{
        "propType":"apc_propellers_16x4E"
      },
      "flange":{
        "offset":24.357406178517337,
        "angle":270.0
      }
    },
    "middleSegment":{
      "node_type":"PropArm",
      "armLength":403.02768491815976,
      "motor":{
        "motorType":"t_motor_U5KV400"
      },
      "prop":{
        "propType":"apc_propellers_18x6W"
      },
      "flange":{
        "offset":-25.13563646479604,
        "angle":348.14886397338944
      }
    },
    "rearSegment":{
      "node_type":"WingArm",
      "armLength":54.03810008851485,
      "wing":{
        "wingType":"Wing_horiz_hole",
        "nacaProfile":"2409",
        "span":1288.499255368192,
        "chordInner":286.47460283977387,
        "chordOuter":98.67346895064398,
        "taperOffset":false,
        "aileronBias":0.7647554691638419,
        "flapBias":0.908909214659573,
        "load":357.5783077310232,
        "tubeOffset":63.720535542773824,
        "tubeRot":275.50856474682087
      },
      "servo":{
        "servoType":"Hitec_D485HW"
      }
    }
  },
  "fuselageWithComponents":{
    "node_type":"SingleBatteryFuselageWithComponents",
    "battery":{
      "batteryType":"TurnigyGraphene3000mAh3S75C"
    },
    "fuselage":{
      "length":137.0,
      "vertDiameter":67.5,
      "horzDiameter":324.9,
      "floorHeight":11.25,
      "batteryX":0.0,
      "batteryY":6.0,
      "rpmX":0.0,
      "rpmY":-98.3,
      "autoPilotX":0.0,
      "autoPilotY":42.0,
      "currentX":0.0,
      "currentY":-78.15,
      "voltageX":0.0,
      "voltageY":95.8,
      "gpsX":0.0,
      "gpsY":-38.0,
      "varioX":0.0,
      "varioY":74.15
    }
  }
}