{"Interferences": 7, "Mass": 3.8848467757600496, "Batt_amps_ratio_MFD": 0.198655561, "Batt_amps_ratio_MxSpd": 0.198655561, "Distance_MxSpd": 1739.69446, "Max_Distance": 1739.69446, "Hover_Time": 0.0, "Max_Speed": 9.0, "Max_uc_at_MFD": 0.971211791, "Mot_amps_ratio_MFD": 0.53612107, "Mot_amps_ratio_MxSpd": 0.53612107, "Mot_power_ratio_MFD": 0.210033312, "Mot_power_ratio_MxSpd": 0.210033312, "Power_MFD": 397.320648, "Power_MxSpd": 397.320648, "Speed_MFD": 9.0}