{"Interferences": 18, "Mass": 2.748709820568532, "Batt_amps_ratio_MFD": 0.365008682, "Batt_amps_ratio_MxSpd": 0.40131712, "Distance_MxSpd": 2296.43823, "Max_Distance": 2314.46558, "Hover_Time": 147.479568, "Max_Speed": 24.0, "Max_uc_at_MFD": 0.995644867, "Mot_amps_ratio_MFD": 0.809853792, "Mot_amps_ratio_MxSpd": 0.776292443, "Mot_power_ratio_MFD": 0.479433447, "Mot_power_ratio_MxSpd": 0.459565133, "Power_MFD": 728.425903, "Power_MxSpd": 845.594177, "Speed_MFD": 22.0}