{
  "generator_version":"UAV2_gen12",
  "name":"design_2088_20dc18b057c44c86bc4e2304dd57e6a1_dw_dl",
  "hub":{
    "node_type":"ConnectedHub4_2_2",
    "frontSegment":{
      "node_type":"DoubleBendSegment",
      "angle":-90.0,
      "arm1Length":367.9502988809403,
      "arm2Length":450.33861859848156,
      "mainSegment":{
        "node_type":"AngledWingArm",
        "arm1Length":385.7384958929682,
        "arm2Length":162.86946167212074,
        "wing":{
          "wingType":"Wing_horiz_hole",
          "nacaProfile":"2312",
          "span":852.336547160243,
          "chordInner":229.88945841684466,
          "chordOuter":53.08950450045255,
          "taperOffset":true,
          "aileronBias":0.45923568973594253,
          "flapBias":0.10452897427538706,
          "load":598.0907616124625,
          "tubeOffset":22.519041334409096,
          "tubeRot":270.0
        },
        "servo":{
          "servoType":"Hitec_HS_5070MH"
        }
      }
    },
    "rearSegment":{
      "node_type":"AngledPropArm",
      "armLength":438.99063415435097,
      "motor":{
        "motorType":"kde_direct_KDE700XF_535_G3"
      },
      "prop":{
        "propType":"apc_propellers_18x10E"
      }
    }
  },
  "fuselageWithComponents":{
    "node_type":"DualBatteryFuselageWithComponents",
    "battery":{
      "batteryType":"TattuPlus25C22000mAh12S1PAGRI"
    },
    "fuselage":{
      "length":471.0,
      "vertDiameter":258.0,
      "horzDiameter":459.9,
      "floorHeight":43.0,
      "battery1X":-117.75,
      "battery1Y":6.0,
      "battery2X":118.75,
      "battery2Y":6.0,
      "rpmX":0.0,
      "rpmY":-143.3,
      "autoPilotX":0.0,
      "autoPilotY":87.0,
      "currentX":0.0,
      "currentY":-123.15,
      "voltageX":0.0,
      "voltageY":140.8,
      "gpsX":0.0,
      "gpsY":-83.0,
      "varioX":0.0,
      "varioY":119.15
    }
  }
}