{"Interferences": 16, "Mass": 5.146183941782985, "Batt_amps_ratio_MFD": 0.386025697, "Batt_amps_ratio_MxSpd": 0.422298402, "Distance_MxSpd": 11821.0254, "Max_Distance": 11937.0293, "Hover_Time": 699.557983, "Max_Speed": 26.0, "Max_uc_at_MFD": 0.986900151, "Mot_amps_ratio_MFD": 0.710298777, "Mot_amps_ratio_MxSpd": 0.673449934, "Mot_power_ratio_MFD": 0.350414068, "Mot_power_ratio_MxSpd": 0.332235307, "Power_MFD": 1197.66797, "Power_MxSpd": 1333.33606, "Speed_MFD": 24.0}