{"Interferences": 43, "Mass": 5.277042314787424, "Batt_amps_ratio_MFD": 0.440987945, "Batt_amps_ratio_MxSpd": 0.440987945, "Distance_MxSpd": 1654.46692, "Max_Distance": 1654.46692, "Hover_Time": 90.4329987, "Max_Speed": 19.0, "Max_uc_at_MFD": 0.999999881, "Mot_amps_ratio_MFD": 0.540878952, "Mot_amps_ratio_MxSpd": 0.540878952, "Mot_power_ratio_MFD": 0.224795416, "Mot_power_ratio_MxSpd": 0.224795416, "Power_MFD": 938.77478, "Power_MxSpd": 938.77478, "Speed_MFD": 19.0}