{"Interferences": 2, "Mass": 3.394117356177455, "Batt_amps_ratio_MFD": 0.231155455, "Batt_amps_ratio_MxSpd": 0.231155455, "Distance_MxSpd": 2990.19556, "Max_Distance": 2990.19556, "Hover_Time": 0.0, "Max_Speed": 18.0, "Max_uc_at_MFD": 0.99755621, "Mot_amps_ratio_MFD": 0.66602695, "Mot_amps_ratio_MxSpd": 0.66602695, "Mot_power_ratio_MFD": 0.43125245, "Mot_power_ratio_MxSpd": 0.43125245, "Power_MFD": 706.656677, "Power_MxSpd": 706.656677, "Speed_MFD": 18.0}