{"Interferences": 24, "Mass": 15.242284595981722, "Batt_amps_ratio_MFD": 0.722573936, "Batt_amps_ratio_MxSpd": 0.722573936, "Distance_MxSpd": 7572.92725, "Max_Distance": 7572.92725, "Hover_Time": 397.310211, "Max_Speed": 19.0, "Max_uc_at_MFD": 0.54060334, "Mot_amps_ratio_MFD": 0.879932344, "Mot_amps_ratio_MxSpd": 0.879932344, "Mot_power_ratio_MFD": 0.904634476, "Mot_power_ratio_MxSpd": 0.904634476, "Power_MFD": 3242.25586, "Power_MxSpd": 3242.25586, "Speed_MFD": 19.0}