{"Interferences": 10, "Mass": 4.53111342285094, "Batt_amps_ratio_MFD": 0.39724201, "Batt_amps_ratio_MxSpd": 0.39724201, "Distance_MxSpd": 1836.6637, "Max_Distance": 1836.6637, "Hover_Time": 109.445358, "Max_Speed": 19.0, "Max_uc_at_MFD": 0.997109413, "Mot_amps_ratio_MFD": 0.274014384, "Mot_amps_ratio_MxSpd": 0.274014384, "Mot_power_ratio_MFD": 0.122168429, "Mot_power_ratio_MxSpd": 0.122168429, "Power_MFD": 816.14502, "Power_MxSpd": 816.14502, "Speed_MFD": 19.0}