{"Interferences": 40, "Mass": 7.424766442998603, "Batt_amps_ratio_MFD": 0.698261559, "Batt_amps_ratio_MxSpd": 0.698261559, "Distance_MxSpd": 329.962311, "Max_Distance": 329.962311, "Hover_Time": 0.0, "Max_Speed": 2.0, "Max_uc_at_MFD": 0.542857468, "Mot_amps_ratio_MFD": 0.979388475, "Mot_amps_ratio_MxSpd": 0.979388475, "Mot_power_ratio_MFD": 0.503212571, "Mot_power_ratio_MxSpd": 0.503212571, "Power_MFD": 2242.24121, "Power_MxSpd": 2242.24121, "Speed_MFD": 2.0}