{"Interferences": 21, "Mass": 4.951954238733654, "Batt_amps_ratio_MFD": 0.185208976, "Batt_amps_ratio_MxSpd": 0.185208976, "Distance_MxSpd": 3110.00049, "Max_Distance": 3110.00049, "Hover_Time": 236.384811, "Max_Speed": 15.0, "Max_uc_at_MFD": 0.465216368, "Mot_amps_ratio_MFD": 0.719063759, "Mot_amps_ratio_MxSpd": 0.719063759, "Mot_power_ratio_MFD": 0.759650648, "Mot_power_ratio_MxSpd": 0.759650648, "Power_MFD": 802.291138, "Power_MxSpd": 802.291138, "Speed_MFD": 15.0}