{"Interferences": 43, "Mass": 5.323715781693912, "Batt_amps_ratio_MFD": 0.225653231, "Batt_amps_ratio_MxSpd": 0.225653231, "Distance_MxSpd": 3233.27954, "Max_Distance": 3233.27954, "Hover_Time": 187.458923, "Max_Speed": 19.0, "Max_uc_at_MFD": 0.974402249, "Mot_amps_ratio_MFD": 0.29912287, "Mot_amps_ratio_MxSpd": 0.29912287, "Mot_power_ratio_MFD": 0.18445909, "Mot_power_ratio_MxSpd": 0.18445909, "Power_MFD": 1050.41638, "Power_MxSpd": 1050.41638, "Speed_MFD": 19.0}