{"Interferences": 5, "Mass": 11.493095602851996, "Batt_amps_ratio_MFD": 0.637544572, "Batt_amps_ratio_MxSpd": 0.637544572, "Distance_MxSpd": 3764.44263, "Max_Distance": 3764.44263, "Hover_Time": 209.285202, "Max_Speed": 25.0, "Max_uc_at_MFD": 0.843340874, "Mot_amps_ratio_MFD": 0.737678111, "Mot_amps_ratio_MxSpd": 0.737678111, "Mot_power_ratio_MFD": 0.704735637, "Mot_power_ratio_MxSpd": 0.704735637, "Power_MFD": 5122.03467, "Power_MxSpd": 5122.03467, "Speed_MFD": 25.0}