{"Interferences": 24, "Mass": 10.29525501356117, "Batt_amps_ratio_MFD": 0.487073928, "Batt_amps_ratio_MxSpd": 0.688679636, "Distance_MxSpd": 7527.44775, "Max_Distance": 8041.48975, "Hover_Time": 285.566071, "Max_Speed": 45.0, "Max_uc_at_MFD": 0.538745046, "Mot_amps_ratio_MFD": 0.756979108, "Mot_amps_ratio_MxSpd": 0.9499892, "Mot_power_ratio_MFD": 0.378448963, "Mot_power_ratio_MxSpd": 0.474943668, "Power_MFD": 3534.2395, "Power_MxSpd": 6404.43604, "Speed_MFD": 34.0}