{"Interferences": 24, "Mass": 6.1237656310187045, "Batt_amps_ratio_MFD": 0.443302721, "Batt_amps_ratio_MxSpd": 0.443302721, "Distance_MxSpd": 4764.23877, "Max_Distance": 4764.23877, "Hover_Time": 0.0, "Max_Speed": 22.0, "Max_uc_at_MFD": 0.457604051, "Mot_amps_ratio_MFD": 0.91170609, "Mot_amps_ratio_MxSpd": 0.91170609, "Mot_power_ratio_MFD": 0.685041904, "Mot_power_ratio_MxSpd": 0.685041904, "Power_MFD": 1170.88391, "Power_MxSpd": 1170.88391, "Speed_MFD": 22.0}