{"Interferences": 21, "Mass": 8.500186151531393, "Batt_amps_ratio_MFD": 1.67840242, "Batt_amps_ratio_MxSpd": 2.81351161, "Distance_MxSpd": 354.859039, "Max_Distance": 388.941284, "Hover_Time": 0.0, "Max_Speed": 26.0, "Max_uc_at_MFD": 0.993469119, "Mot_amps_ratio_MFD": 0.789025962, "Mot_amps_ratio_MxSpd": 0.970287323, "Mot_power_ratio_MFD": 0.389252812, "Mot_power_ratio_MxSpd": 0.648237109, "Power_MFD": 1957.39612, "Power_MxSpd": 4186.70166, "Speed_MFD": 17.0}