{"Interferences": 12, "Mass": 12.739448004353552, "Batt_amps_ratio_MFD": 0.448669046, "Batt_amps_ratio_MxSpd": 0.448669046, "Distance_MxSpd": 7189.26367, "Max_Distance": 7189.26367, "Hover_Time": 272.443146, "Max_Speed": 28.0, "Max_uc_at_MFD": 0.519923866, "Mot_amps_ratio_MFD": 0.966211438, "Mot_amps_ratio_MxSpd": 0.966211438, "Mot_power_ratio_MFD": 0.946318805, "Mot_power_ratio_MxSpd": 0.946318805, "Power_MFD": 3110.62476, "Power_MxSpd": 3110.62476, "Speed_MFD": 28.0}