{"Interferences": 20, "Mass": 3.085537767302947, "Batt_amps_ratio_MFD": 0.767915487, "Batt_amps_ratio_MxSpd": 0.767915487, "Distance_MxSpd": 50.0055008, "Max_Distance": 50.0055008, "Hover_Time": 49.9829712, "Max_Speed": 1.0, "Max_uc_at_MFD": 0.527088642, "Mot_amps_ratio_MFD": 0.44716996, "Mot_amps_ratio_MxSpd": 0.44716996, "Mot_power_ratio_MFD": 0.291975677, "Mot_power_ratio_MxSpd": 0.291975677, "Power_MFD": 552.83252, "Power_MxSpd": 552.83252, "Speed_MFD": 1.0}