{"Interferences": 32, "Mass": 8.014287613074611, "Batt_amps_ratio_MFD": 0.894998729, "Batt_amps_ratio_MxSpd": 0.894998729, "Distance_MxSpd": 257.430542, "Max_Distance": 257.430542, "Hover_Time": 38.6355171, "Max_Speed": 6.0, "Max_uc_at_MFD": 0.987420619, "Mot_amps_ratio_MFD": 0.973290324, "Mot_amps_ratio_MxSpd": 0.973290324, "Mot_power_ratio_MFD": 0.600195706, "Mot_power_ratio_MxSpd": 0.600195706, "Power_MFD": 2391.93433, "Power_MxSpd": 2391.93433, "Speed_MFD": 6.0}