{"Interferences": 2, "Mass": 3.221392886435607, "Batt_amps_ratio_MFD": 0.915973127, "Batt_amps_ratio_MxSpd": 0.915973127, "Distance_MxSpd": 880.375183, "Max_Distance": 880.375183, "Hover_Time": 64.1493149, "Max_Speed": 21.0, "Max_uc_at_MFD": 0.999879301, "Mot_amps_ratio_MFD": 0.314671576, "Mot_amps_ratio_MxSpd": 0.314671576, "Mot_power_ratio_MFD": 0.11642848, "Mot_power_ratio_MxSpd": 0.11642848, "Power_MFD": 729.3573, "Power_MxSpd": 729.3573, "Speed_MFD": 21.0}