{"Interferences": 65, "Mass": 4.0153793028648845, "Batt_amps_ratio_MFD": 1.54184055, "Batt_amps_ratio_MxSpd": 1.66653466, "Distance_MxSpd": 783.422058, "Max_Distance": 796.969543, "Hover_Time": 43.1909714, "Max_Speed": 34.0, "Max_uc_at_MFD": 0.930577993, "Mot_amps_ratio_MFD": 0.685165644, "Mot_amps_ratio_MxSpd": 0.686318219, "Mot_power_ratio_MFD": 0.335529625, "Mot_power_ratio_MxSpd": 0.336094081, "Power_MFD": 1431.61694, "Power_MxSpd": 1632.46179, "Speed_MFD": 32.0}