{"Interferences": 7, "Mass": 3.311050485157108, "Batt_amps_ratio_MFD": 0.696484268, "Batt_amps_ratio_MxSpd": 0.790272057, "Distance_MxSpd": 1360.54407, "Max_Distance": 1378.35132, "Hover_Time": 91.0351181, "Max_Speed": 28.0, "Max_uc_at_MFD": 0.857210457, "Mot_amps_ratio_MFD": 0.425098479, "Mot_amps_ratio_MxSpd": 0.509879172, "Mot_power_ratio_MFD": 0.20817323, "Mot_power_ratio_MxSpd": 0.249690831, "Power_MFD": 912.687988, "Power_MxSpd": 1176.07764, "Speed_MFD": 25.0}