{"Interferences": 15, "Mass": 5.695031511309268, "Batt_amps_ratio_MFD": 0.392144799, "Batt_amps_ratio_MxSpd": 0.392144799, "Distance_MxSpd": 1468.84521, "Max_Distance": 1468.84521, "Hover_Time": 222.49353, "Max_Speed": 7.0, "Max_uc_at_MFD": 0.997237921, "Mot_amps_ratio_MFD": 0.941429973, "Mot_amps_ratio_MxSpd": 0.941429973, "Mot_power_ratio_MFD": 0.708465934, "Mot_power_ratio_MxSpd": 0.708465934, "Power_MFD": 1240.57642, "Power_MxSpd": 1240.57642, "Speed_MFD": 7.0}