{"Interferences": 2, "Mass": 4.12693191982901, "Batt_amps_ratio_MFD": 0.434881389, "Batt_amps_ratio_MxSpd": 0.434881389, "Distance_MxSpd": 1942.59863, "Max_Distance": 1942.59863, "Hover_Time": 129.585693, "Max_Speed": 22.0, "Max_uc_at_MFD": 0.947083414, "Mot_amps_ratio_MFD": 0.210779309, "Mot_amps_ratio_MxSpd": 0.210779309, "Mot_power_ratio_MFD": 0.129980579, "Mot_power_ratio_MxSpd": 0.129980579, "Power_MFD": 957.413208, "Power_MxSpd": 957.413208, "Speed_MFD": 22.0}