{"Interferences": 19, "Mass": 8.409478838526521, "Batt_amps_ratio_MFD": 3.92499304, "Batt_amps_ratio_MxSpd": 3.92499304, "Distance_MxSpd": 39.1338272, "Max_Distance": 39.1338272, "Hover_Time": 16.3915501, "Max_Speed": 4.0, "Max_uc_at_MFD": 0.6828596, "Mot_amps_ratio_MFD": 0.955296695, "Mot_amps_ratio_MxSpd": 0.955296695, "Mot_power_ratio_MFD": 0.706919551, "Mot_power_ratio_MxSpd": 0.706919551, "Power_MFD": 4106.85498, "Power_MxSpd": 4106.85498, "Speed_MFD": 4.0}