{"Interferences": 17, "Mass": 2.890910060329262, "Batt_amps_ratio_MFD": 0.530952215, "Batt_amps_ratio_MxSpd": 0.530952215, "Distance_MxSpd": 1229.48926, "Max_Distance": 1229.48926, "Hover_Time": 87.056839, "Max_Speed": 17.0, "Max_uc_at_MFD": 0.990329146, "Mot_amps_ratio_MFD": 0.296407819, "Mot_amps_ratio_MxSpd": 0.296407819, "Mot_power_ratio_MFD": 0.182784811, "Mot_power_ratio_MxSpd": 0.182784811, "Power_MFD": 494.747498, "Power_MxSpd": 494.747498, "Speed_MFD": 17.0}