{"Interferences": 22, "Mass": 18.5712323297305, "Batt_amps_ratio_MFD": 0.836130619, "Batt_amps_ratio_MxSpd": 0.836130619, "Distance_MxSpd": 6751.09863, "Max_Distance": 6751.09863, "Hover_Time": 141.177353, "Max_Speed": 49.0, "Max_uc_at_MFD": 0.51942277, "Mot_amps_ratio_MFD": 0.911551178, "Mot_amps_ratio_MxSpd": 0.911551178, "Mot_power_ratio_MFD": 0.911290526, "Mot_power_ratio_MxSpd": 0.911290526, "Power_MFD": 10803.6719, "Power_MxSpd": 10803.6719, "Speed_MFD": 49.0}