{"Interferences": 7, "Mass": 7.555270745902362, "Batt_amps_ratio_MFD": 0.712531745, "Batt_amps_ratio_MxSpd": 1.13279355, "Distance_MxSpd": 3966.12451, "Max_Distance": 4365.2793, "Hover_Time": 219.424896, "Max_Speed": 39.0, "Max_uc_at_MFD": 0.737994254, "Mot_amps_ratio_MFD": 0.846716583, "Mot_amps_ratio_MxSpd": 0.992671907, "Mot_power_ratio_MFD": 0.626570284, "Mot_power_ratio_MxSpd": 0.734577239, "Power_MFD": 2066.87207, "Power_MxSpd": 4263.13672, "Speed_MFD": 27.0}