{"Interferences": 5, "Mass": 6.918000108548232, "Batt_amps_ratio_MFD": 0.227142602, "Batt_amps_ratio_MxSpd": 0.227142602, "Distance_MxSpd": 3550.19263, "Max_Distance": 3550.19263, "Hover_Time": 0.0, "Max_Speed": 21.0, "Max_uc_at_MFD": 1.0, "Mot_amps_ratio_MFD": 0.578487217, "Mot_amps_ratio_MxSpd": 0.578487217, "Mot_power_ratio_MFD": 0.53855294, "Mot_power_ratio_MxSpd": 0.53855294, "Power_MFD": 2007.38293, "Power_MxSpd": 2007.38293, "Speed_MFD": 21.0}