{"Interferences": 26, "Mass": 6.262024624729248, "Batt_amps_ratio_MFD": 1.74011147, "Batt_amps_ratio_MxSpd": 1.74011147, "Distance_MxSpd": 242.743073, "Max_Distance": 242.743073, "Hover_Time": 21.8025246, "Max_Speed": 11.0, "Max_uc_at_MFD": 0.999611259, "Mot_amps_ratio_MFD": 0.801800489, "Mot_amps_ratio_MxSpd": 0.801800489, "Mot_power_ratio_MFD": 0.3955549, "Mot_power_ratio_MxSpd": 0.3955549, "Power_MFD": 1687.28296, "Power_MxSpd": 1687.28296, "Speed_MFD": 11.0}