{"Interferences": 51, "Mass": 6.499134833084742, "Batt_amps_ratio_MFD": 0.345674038, "Batt_amps_ratio_MxSpd": 0.562862277, "Distance_MxSpd": 6481.15918, "Max_Distance": 7220.67529, "Hover_Time": 364.268616, "Max_Speed": 38.0, "Max_uc_at_MFD": 0.560994148, "Mot_amps_ratio_MFD": 0.896721005, "Mot_amps_ratio_MxSpd": 0.923299193, "Mot_power_ratio_MFD": 0.884764731, "Mot_power_ratio_MxSpd": 0.91098851, "Power_MFD": 1675.40125, "Power_MxSpd": 3437.45776, "Speed_MFD": 26.0}