{"Interferences": 0, "Mass": 8.380550499969145, "Batt_amps_ratio_MFD": 0.282945335, "Batt_amps_ratio_MxSpd": 0.282945335, "Distance_MxSpd": 29518.0684, "Max_Distance": 29518.0684, "Hover_Time": 1156.69397, "Max_Speed": 29.0, "Max_uc_at_MFD": 0.991457641, "Mot_amps_ratio_MFD": 0.646232307, "Mot_amps_ratio_MxSpd": 0.646232307, "Mot_power_ratio_MFD": 0.678543925, "Mot_power_ratio_MxSpd": 0.678543925, "Power_MFD": 2351.21387, "Power_MxSpd": 2351.21387, "Speed_MFD": 29.0}