{"Interferences": 20, "Mass": 6.864658494694259, "Batt_amps_ratio_MFD": 0.333968163, "Batt_amps_ratio_MxSpd": 0.333968163, "Distance_MxSpd": 1149.81018, "Max_Distance": 1149.81018, "Hover_Time": 128.410812, "Max_Speed": 10.0, "Max_uc_at_MFD": 0.961267352, "Mot_amps_ratio_MFD": 0.452163428, "Mot_amps_ratio_MxSpd": 0.452163428, "Mot_power_ratio_MFD": 0.169597104, "Mot_power_ratio_MxSpd": 0.169597104, "Power_MFD": 928.634216, "Power_MxSpd": 928.634216, "Speed_MFD": 10.0}