{"Interferences": 4, "Mass": 2.269771469108286, "Batt_amps_ratio_MFD": 0.346266359, "Batt_amps_ratio_MxSpd": 0.346266359, "Distance_MxSpd": 0.0, "Max_Distance": 0.0, "Hover_Time": 110.897293, "Max_Speed": 0.0, "Max_uc_at_MFD": 0.546986699, "Mot_amps_ratio_MFD": 0.454872757, "Mot_amps_ratio_MxSpd": 0.454872757, "Mot_power_ratio_MFD": 0.224403903, "Mot_power_ratio_MxSpd": 0.224403903, "Power_MFD": 295.793793, "Power_MxSpd": 295.793793, "Speed_MFD": 0.0}