{"Interferences": 17, "Mass": 5.66584656709346, "Batt_amps_ratio_MFD": 0.576397896, "Batt_amps_ratio_MxSpd": 0.690378904, "Distance_MxSpd": 1501.78406, "Max_Distance": 1598.89551, "Hover_Time": 93.4032135, "Max_Speed": 27.0, "Max_uc_at_MFD": 0.568089604, "Mot_amps_ratio_MFD": 0.821797907, "Mot_amps_ratio_MxSpd": 0.866283536, "Mot_power_ratio_MFD": 0.608130455, "Mot_power_ratio_MxSpd": 0.641049802, "Power_MFD": 1499.83704, "Power_MxSpd": 1802.84082, "Speed_MFD": 24.0}