{"Interferences": 16, "Mass": 3.657616503190501, "Batt_amps_ratio_MFD": 0.871724367, "Batt_amps_ratio_MxSpd": 0.871724367, "Distance_MxSpd": 572.658081, "Max_Distance": 572.658081, "Hover_Time": 54.8936882, "Max_Speed": 13.0, "Max_uc_at_MFD": 0.988232791, "Mot_amps_ratio_MFD": 0.39394179, "Mot_amps_ratio_MxSpd": 0.39394179, "Mot_power_ratio_MFD": 0.206230268, "Mot_power_ratio_MxSpd": 0.206230268, "Power_MFD": 1214.24622, "Power_MxSpd": 1214.24622, "Speed_MFD": 13.0}