{
  "generator_version":"UAV2_gen12",
  "name":"design_8785_fc13fa5c6a72411e9d65c701c1c3dd4a_s",
  "hub":{
    "node_type":"ConnectedHub6_2_2_2",
    "frontSegment":{
      "node_type":"PropArm",
      "armLength":270.85195675055024,
      "motor":{
        "motorType":"kde_direct_KDE4014XF_380"
      },
      "prop":{
        "propType":"apc_propellers_15x6"
      },
      "flange":{
        "offset":45.09056754787095,
        "angle":0.0
      }
    },
    "middleSegment":{
      "node_type":"AngledWingArm",
      "arm1Length":324.05646499667057,
      "arm2Length":154.33149900827976,
      "wing":{
        "wingType":"Wing_vert_hole",
        "nacaProfile":"4612",
        "span":1208.0759659650676,
        "chordInner":116.29999401195859,
        "chordOuter":91.27839756942271,
        "taperOffset":true,
        "aileronBias":0.9508809454525035,
        "flapBias":0.34708450215269054,
        "load":738.0673460827257,
        "tubeOffset":43.7198974303649,
        "tubeRot":240.03583174951265
      },
      "servo":{
        "servoType":"Hitec_HS_5496MH"
      }
    },
    "rearSegment":{
      "node_type":"PropArm",
      "armLength":486.5340694638885,
      "motor":{
        "motorType":"kde_direct_KDE600XF_1100_G3"
      },
      "prop":{
        "propType":"apc_propellers_9x3"
      },
      "flange":{
        "offset":-27.287528536726825,
        "angle":36.80199298287401
      }
    }
  },
  "fuselageWithComponents":{
    "node_type":"SingleBatteryFuselageWithComponents",
    "battery":{
      "batteryType":"Tattu25C9000mAh6S1P"
    },
    "fuselage":{
      "length":208.0,
      "vertDiameter":109.5,
      "horzDiameter":341.4,
      "floorHeight":18.25,
      "batteryX":0.0,
      "batteryY":6.0,
      "rpmX":0.0,
      "rpmY":-103.8,
      "autoPilotX":0.0,
      "autoPilotY":47.5,
      "currentX":0.0,
      "currentY":-83.65,
      "voltageX":0.0,
      "voltageY":101.3,
      "gpsX":0.0,
      "gpsY":-43.5,
      "varioX":0.0,
      "varioY":79.65
    }
  }
}