{"Interferences": 68, "Mass": 5.493041895614658, "Batt_amps_ratio_MFD": 2.76226544, "Batt_amps_ratio_MxSpd": 2.76226544, "Distance_MxSpd": 542.163696, "Max_Distance": 542.163696, "Hover_Time": 21.754446, "Max_Speed": 39.0, "Max_uc_at_MFD": 0.519063354, "Mot_amps_ratio_MFD": 0.845634043, "Mot_amps_ratio_MxSpd": 0.845634043, "Mot_power_ratio_MFD": 0.422771692, "Mot_power_ratio_MxSpd": 0.422771692, "Power_MFD": 2445.74902, "Power_MxSpd": 2445.74902, "Speed_MFD": 39.0}