{"Interferences": 17, "Mass": 5.589169232179294, "Batt_amps_ratio_MFD": 0.396542788, "Batt_amps_ratio_MxSpd": 0.396542788, "Distance_MxSpd": 2517.76123, "Max_Distance": 2517.76123, "Hover_Time": 137.901489, "Max_Speed": 26.0, "Max_uc_at_MFD": 0.575060725, "Mot_amps_ratio_MFD": 0.860273123, "Mot_amps_ratio_MxSpd": 0.860273123, "Mot_power_ratio_MFD": 0.636602104, "Mot_power_ratio_MxSpd": 0.636602104, "Power_MFD": 1375.94263, "Power_MxSpd": 1375.94263, "Speed_MFD": 26.0}