{"Interferences": 12, "Mass": 5.089111017304169, "Batt_amps_ratio_MFD": 1.07102525, "Batt_amps_ratio_MxSpd": 1.91265595, "Distance_MxSpd": 461.766296, "Max_Distance": 537.80249, "Hover_Time": 28.423317, "Max_Speed": 23.0, "Max_uc_at_MFD": 0.716295898, "Mot_amps_ratio_MFD": 0.58523047, "Mot_amps_ratio_MxSpd": 0.571463406, "Mot_power_ratio_MFD": 0.43307054, "Mot_power_ratio_MxSpd": 0.471956491, "Power_MFD": 1186.46191, "Power_MxSpd": 2166.65479, "Speed_MFD": 15.0}