{"Interferences": 57, "Mass": 5.143989732503014, "Batt_amps_ratio_MFD": 0.387372106, "Batt_amps_ratio_MxSpd": 0.387372106, "Distance_MxSpd": 8029.48926, "Max_Distance": 8029.48926, "Hover_Time": 439.847748, "Max_Speed": 27.0, "Max_uc_at_MFD": 0.999637306, "Mot_amps_ratio_MFD": 0.637146533, "Mot_amps_ratio_MxSpd": 0.637146533, "Mot_power_ratio_MFD": 0.412552387, "Mot_power_ratio_MxSpd": 0.412552387, "Power_MFD": 1314.79236, "Power_MxSpd": 1314.79236, "Speed_MFD": 27.0}