{"Interferences": 1, "Mass": 8.988059219704866, "Batt_amps_ratio_MFD": 2.225034, "Batt_amps_ratio_MxSpd": 2.55096912, "Distance_MxSpd": 8354.47168, "Max_Distance": 8542.79102, "Hover_Time": 319.624786, "Max_Speed": 37.0, "Max_uc_at_MFD": 0.708487093, "Mot_amps_ratio_MFD": 0.855209589, "Mot_amps_ratio_MxSpd": 0.981443167, "Mot_power_ratio_MFD": 0.427845687, "Mot_power_ratio_MxSpd": 0.49099806, "Power_MFD": 3130.50757, "Power_MxSpd": 3934.49438, "Speed_MFD": 33.0}