{"Interferences": 3, "Mass": 3.166266197699743, "Batt_amps_ratio_MFD": 0.2237335, "Batt_amps_ratio_MxSpd": 0.2237335, "Distance_MxSpd": 2231.22607, "Max_Distance": 2231.22607, "Hover_Time": 199.623291, "Max_Speed": 13.0, "Max_uc_at_MFD": 0.99385041, "Mot_amps_ratio_MFD": 0.392584682, "Mot_amps_ratio_MxSpd": 0.392584682, "Mot_power_ratio_MFD": 0.183481678, "Mot_power_ratio_MxSpd": 0.183481678, "Power_MFD": 389.702179, "Power_MxSpd": 389.702179, "Speed_MFD": 13.0}