{"Interferences": 17, "Mass": 6.07476331342979, "Batt_amps_ratio_MFD": 0.653810859, "Batt_amps_ratio_MxSpd": 0.724811614, "Distance_MxSpd": 3859.91943, "Max_Distance": 4027.3772, "Hover_Time": 199.197144, "Max_Speed": 34.0, "Max_uc_at_MFD": 0.850615144, "Mot_amps_ratio_MFD": 0.901404083, "Mot_amps_ratio_MxSpd": 0.898087561, "Mot_power_ratio_MFD": 0.667039037, "Mot_power_ratio_MxSpd": 0.664584816, "Power_MFD": 2303.84692, "Power_MxSpd": 2557.07178, "Speed_MFD": 32.0}