{"Interferences": 39, "Mass": 9.147478559579216, "Batt_amps_ratio_MFD": 0.421147525, "Batt_amps_ratio_MxSpd": 0.421147525, "Distance_MxSpd": 9026.76562, "Max_Distance": 9026.76562, "Hover_Time": 373.409241, "Max_Speed": 33.0, "Max_uc_at_MFD": 0.488020062, "Mot_amps_ratio_MFD": 0.828430712, "Mot_amps_ratio_MxSpd": 0.828430712, "Mot_power_ratio_MFD": 0.817385018, "Mot_power_ratio_MxSpd": 0.817385018, "Power_MFD": 2932.09473, "Power_MxSpd": 2932.09473, "Speed_MFD": 33.0}