{"Interferences": 0, "Mass": 4.4971489884234845, "Batt_amps_ratio_MFD": 0.311654389, "Batt_amps_ratio_MxSpd": 0.412243336, "Distance_MxSpd": 2235.57275, "Max_Distance": 2341.05469, "Hover_Time": 161.806732, "Max_Speed": 24.0, "Max_uc_at_MFD": 0.987833202, "Mot_amps_ratio_MFD": 0.465661108, "Mot_amps_ratio_MxSpd": 0.468300879, "Mot_power_ratio_MFD": 0.174622908, "Mot_power_ratio_MxSpd": 0.175612837, "Power_MFD": 973.032104, "Power_MxSpd": 1319.82458, "Speed_MFD": 19.0}