{"Interferences": 7, "Mass": 5.016530718754151, "Batt_amps_ratio_MFD": 1.1837194, "Batt_amps_ratio_MxSpd": 1.31428266, "Distance_MxSpd": 701.218994, "Max_Distance": 746.122742, "Hover_Time": 45.1505623, "Max_Speed": 24.0, "Max_uc_at_MFD": 0.86687392, "Mot_amps_ratio_MFD": 0.621687472, "Mot_amps_ratio_MxSpd": 0.816837609, "Mot_power_ratio_MFD": 0.427188098, "Mot_power_ratio_MxSpd": 0.561284125, "Power_MFD": 1101.61707, "Power_MxSpd": 1253.20044, "Speed_MFD": 23.0}