{"Interferences": 22, "Mass": 3.8225774596093056, "Batt_amps_ratio_MFD": 0.865460515, "Batt_amps_ratio_MxSpd": 0.865460515, "Distance_MxSpd": 266.216644, "Max_Distance": 266.216644, "Hover_Time": 0.0, "Max_Speed": 6.0, "Max_uc_at_MFD": 0.999999821, "Mot_amps_ratio_MFD": 0.795383573, "Mot_amps_ratio_MxSpd": 0.795383573, "Mot_power_ratio_MFD": 0.530255735, "Mot_power_ratio_MxSpd": 0.530255735, "Power_MFD": 1124.70227, "Power_MxSpd": 1124.70227, "Speed_MFD": 6.0}