{"Interferences": 17, "Mass": 3.0214960809418, "Batt_amps_ratio_MFD": 0.748808026, "Batt_amps_ratio_MxSpd": 1.00766981, "Distance_MxSpd": 1067.01624, "Max_Distance": 1128.19299, "Hover_Time": 0.0, "Max_Speed": 28.0, "Max_uc_at_MFD": 0.681737363, "Mot_amps_ratio_MFD": 0.675194561, "Mot_amps_ratio_MxSpd": 0.973158777, "Mot_power_ratio_MFD": 0.506502867, "Mot_power_ratio_MxSpd": 0.730023205, "Power_MFD": 725.147095, "Power_MxSpd": 1258.30481, "Speed_MFD": 22.0}