{"Interferences": 2, "Mass": 5.150222209112039, "Batt_amps_ratio_MFD": 0.670028269, "Batt_amps_ratio_MxSpd": 0.670028269, "Distance_MxSpd": 859.665283, "Max_Distance": 859.665283, "Hover_Time": 0.0, "Max_Speed": 5.0, "Max_uc_at_MFD": 0.963083267, "Mot_amps_ratio_MFD": 0.986665249, "Mot_amps_ratio_MxSpd": 0.986665249, "Mot_power_ratio_MFD": 0.644234359, "Mot_power_ratio_MxSpd": 0.644234359, "Power_MFD": 1935.94861, "Power_MxSpd": 1935.94861, "Speed_MFD": 5.0}