{"Interferences": 40, "Mass": 9.838630671493918, "Batt_amps_ratio_MFD": 4.07290125, "Batt_amps_ratio_MxSpd": 4.07290125, "Distance_MxSpd": 245.132385, "Max_Distance": 245.132385, "Hover_Time": 0.0, "Max_Speed": 26.0, "Max_uc_at_MFD": 0.983015001, "Mot_amps_ratio_MFD": 0.97176522, "Mot_amps_ratio_MxSpd": 0.97176522, "Mot_power_ratio_MFD": 0.527763247, "Mot_power_ratio_MxSpd": 0.527763247, "Power_MFD": 4474.15527, "Power_MxSpd": 4474.15527, "Speed_MFD": 26.0}