{"Interferences": 13, "Mass": 4.036321530031464, "Batt_amps_ratio_MFD": 0.614152908, "Batt_amps_ratio_MxSpd": 0.675772607, "Distance_MxSpd": 1306.94849, "Max_Distance": 1375.55322, "Hover_Time": 73.3892136, "Max_Speed": 23.0, "Max_uc_at_MFD": 0.941098213, "Mot_amps_ratio_MFD": 0.529052198, "Mot_amps_ratio_MxSpd": 0.583774269, "Mot_power_ratio_MFD": 0.26467514, "Mot_power_ratio_MxSpd": 0.292051584, "Power_MFD": 874.914612, "Power_MxSpd": 987.642517, "Speed_MFD": 22.0}