{"Interferences": 72, "Mass": 7.622522001833605, "Batt_amps_ratio_MFD": 0.507760286, "Batt_amps_ratio_MxSpd": 0.507760286, "Distance_MxSpd": 907.514893, "Max_Distance": 907.514893, "Hover_Time": 218.301971, "Max_Speed": 4.0, "Max_uc_at_MFD": 0.658605814, "Mot_amps_ratio_MFD": 0.853370309, "Mot_amps_ratio_MxSpd": 0.853370309, "Mot_power_ratio_MFD": 0.657325804, "Mot_power_ratio_MxSpd": 0.657325804, "Power_MFD": 1901.83875, "Power_MxSpd": 1901.83875, "Speed_MFD": 4.0}