{"Interferences": 2, "Mass": 3.845838172360601, "Batt_amps_ratio_MFD": 1.1243031, "Batt_amps_ratio_MxSpd": 1.1706717, "Distance_MxSpd": 1016.85211, "Max_Distance": 1024.63477, "Hover_Time": 64.4385605, "Max_Speed": 31.0, "Max_uc_at_MFD": 0.967386723, "Mot_amps_ratio_MFD": 0.526970088, "Mot_amps_ratio_MxSpd": 0.551387787, "Mot_power_ratio_MFD": 0.17575565, "Mot_power_ratio_MxSpd": 0.183899477, "Power_MFD": 1537.30457, "Power_MxSpd": 1659.63611, "Speed_MFD": 30.0}