{"Interferences": 16, "Mass": 3.4087318288018404, "Batt_amps_ratio_MFD": 0.228528887, "Batt_amps_ratio_MxSpd": 0.228528887, "Distance_MxSpd": 3528.65674, "Max_Distance": 3528.65674, "Hover_Time": 239.503571, "Max_Speed": 21.0, "Max_uc_at_MFD": 0.998784065, "Mot_amps_ratio_MFD": 0.510809422, "Mot_amps_ratio_MxSpd": 0.510809422, "Mot_power_ratio_MFD": 0.188999474, "Mot_power_ratio_MxSpd": 0.188999474, "Power_MFD": 702.921936, "Power_MxSpd": 702.921936, "Speed_MFD": 21.0}