{"Interferences": 11, "Mass": 8.307813745534382, "Batt_amps_ratio_MFD": 0.436301738, "Batt_amps_ratio_MxSpd": 0.436301738, "Distance_MxSpd": 968.137329, "Max_Distance": 968.137329, "Hover_Time": 0.0, "Max_Speed": 11.0, "Max_uc_at_MFD": 0.994257927, "Mot_amps_ratio_MFD": 0.727429509, "Mot_amps_ratio_MxSpd": 0.727429509, "Mot_power_ratio_MFD": 0.448581547, "Mot_power_ratio_MxSpd": 0.448581547, "Power_MFD": 2411.72974, "Power_MxSpd": 2411.72974, "Speed_MFD": 11.0}