{
  "generator_version":"UAV2_gen12",
  "name":"design_153_1ba6983ae2254cc28df3e9f88f375be4_s",
  "hub":{
    "node_type":"ConnectedHub6_2_2_2",
    "frontSegment":{
      "node_type":"PropArm",
      "armLength":71.66179405957712,
      "motor":{
        "motorType":"kde_direct_KDE700XF_455_G3"
      },
      "prop":{
        "propType":"apc_propellers_16x12E"
      },
      "flange":{
        "offset":10.652439992060728,
        "angle":232.62824202482787
      }
    },
    "middleSegment":{
      "node_type":"PropArm",
      "armLength":143.6576424125003,
      "motor":{
        "motorType":"t_motor_U7_V2.0KV420"
      },
      "prop":{
        "propType":"apc_propellers_17x10WE"
      },
      "flange":{
        "offset":37.55952171694899,
        "angle":202.82568993395054
      }
    },
    "rearSegment":{
      "node_type":"AngledWingArm",
      "arm1Length":222.82981225831026,
      "arm2Length":69.86130094886323,
      "wing":{
        "wingType":"Wing_horiz_hole",
        "nacaProfile":"4412",
        "span":1093.7903499770855,
        "chordInner":424.9675516996364,
        "chordOuter":72.51965090419941,
        "taperOffset":false,
        "aileronBias":0.601141079285438,
        "flapBias":0.33191200130358245,
        "load":768.2768812844799,
        "tubeOffset":65.15700011899928,
        "tubeRot":228.0472969535131
      },
      "servo":{
        "servoType":"Hitec_D954SW"
      }
    }
  },
  "fuselageWithComponents":{
    "node_type":"SingleBatteryFuselageWithComponents",
    "battery":{
      "batteryType":"Tattu30C12000mAh6S1P"
    },
    "fuselage":{
      "length":190.0,
      "vertDiameter":106.5,
      "horzDiameter":366.9,
      "floorHeight":17.75,
      "batteryX":0.0,
      "batteryY":6.0,
      "rpmX":0.0,
      "rpmY":-112.3,
      "autoPilotX":0.0,
      "autoPilotY":56.0,
      "currentX":0.0,
      "currentY":-92.15,
      "voltageX":0.0,
      "voltageY":109.8,
      "gpsX":0.0,
      "gpsY":-52.0,
      "varioX":0.0,
      "varioY":88.15
    }
  }
}