{"Interferences": 33, "Mass": 6.686968138338816, "Batt_amps_ratio_MFD": 0.398284227, "Batt_amps_ratio_MxSpd": 0.675001383, "Distance_MxSpd": 2417.77295, "Max_Distance": 3133.44067, "Hover_Time": 0.0, "Max_Speed": 17.0, "Max_uc_at_MFD": 0.503920555, "Mot_amps_ratio_MFD": 0.898089707, "Mot_amps_ratio_MxSpd": 0.913268089, "Mot_power_ratio_MFD": 0.67585057, "Mot_power_ratio_MxSpd": 0.391288698, "Power_MFD": 1491.00696, "Power_MxSpd": 3583.84229, "Speed_MFD": 13.0}