{"Interferences": 37, "Mass": 4.692942686549789, "Batt_amps_ratio_MFD": 0.560794592, "Batt_amps_ratio_MxSpd": 0.653478742, "Distance_MxSpd": 646.38678, "Max_Distance": 684.742676, "Hover_Time": 32.4534149, "Max_Speed": 11.0, "Max_uc_at_MFD": 0.899563909, "Mot_amps_ratio_MFD": 0.460458368, "Mot_amps_ratio_MxSpd": 0.69182092, "Mot_power_ratio_MFD": 0.230229184, "Mot_power_ratio_MxSpd": 0.34591046, "Power_MFD": 508.364716, "Power_MxSpd": 649.455872, "Speed_MFD": 10.0}