{"Interferences": 0, "Mass": 2.867669124391833, "Batt_amps_ratio_MFD": 0.109552629, "Batt_amps_ratio_MxSpd": 0.109552629, "Distance_MxSpd": 2103.09863, "Max_Distance": 2103.09863, "Hover_Time": 353.831848, "Max_Speed": 6.0, "Max_uc_at_MFD": 0.999999225, "Mot_amps_ratio_MFD": 0.467183411, "Mot_amps_ratio_MxSpd": 0.467183411, "Mot_power_ratio_MFD": 0.230477154, "Mot_power_ratio_MxSpd": 0.230477154, "Power_MFD": 332.108154, "Power_MxSpd": 332.108154, "Speed_MFD": 6.0}