{"Interferences": 1, "Mass": 6.887492715553848, "Batt_amps_ratio_MFD": 0.355974227, "Batt_amps_ratio_MxSpd": 0.355974227, "Distance_MxSpd": 4391.97119, "Max_Distance": 4391.97119, "Hover_Time": 255.305084, "Max_Speed": 19.0, "Max_uc_at_MFD": 0.997343898, "Mot_amps_ratio_MFD": 0.275309116, "Mot_amps_ratio_MxSpd": 0.275309116, "Mot_power_ratio_MFD": 0.256303906, "Mot_power_ratio_MxSpd": 0.256303906, "Power_MFD": 1486.90845, "Power_MxSpd": 1486.90845, "Speed_MFD": 19.0}