{"Interferences": 16, "Mass": 4.2200821876423324, "Batt_amps_ratio_MFD": 0.410905272, "Batt_amps_ratio_MxSpd": 0.669129491, "Distance_MxSpd": 3935.17676, "Max_Distance": 4205.34863, "Hover_Time": 252.225616, "Max_Speed": 32.0, "Max_uc_at_MFD": 0.577254891, "Mot_amps_ratio_MFD": 0.966514707, "Mot_amps_ratio_MxSpd": 0.974100292, "Mot_power_ratio_MFD": 0.715220869, "Mot_power_ratio_MxSpd": 0.720834255, "Power_MFD": 936.755859, "Power_MxSpd": 2006.46423, "Speed_MFD": 21.0}