{"Interferences": 2, "Mass": 4.17024753549807, "Batt_amps_ratio_MFD": 1.53356564, "Batt_amps_ratio_MxSpd": 2.2204597, "Distance_MxSpd": 674.454956, "Max_Distance": 776.230225, "Hover_Time": 42.2763977, "Max_Speed": 39.0, "Max_uc_at_MFD": 0.929526806, "Mot_amps_ratio_MFD": 0.419531196, "Mot_amps_ratio_MxSpd": 0.430868834, "Mot_power_ratio_MFD": 0.208520204, "Mot_power_ratio_MxSpd": 0.214155376, "Power_MFD": 2304.58008, "Power_MxSpd": 3759.08032, "Speed_MFD": 31.0}