{"Interferences": 24, "Mass": 6.566650295058134, "Batt_amps_ratio_MFD": 0.771009505, "Batt_amps_ratio_MxSpd": 0.771009505, "Distance_MxSpd": 498.04834, "Max_Distance": 498.04834, "Hover_Time": 0.0, "Max_Speed": 10.0, "Max_uc_at_MFD": 0.955190361, "Mot_amps_ratio_MFD": 0.674212515, "Mot_amps_ratio_MxSpd": 0.674212515, "Mot_power_ratio_MFD": 0.332611531, "Mot_power_ratio_MxSpd": 0.332611531, "Power_MFD": 675.667053, "Power_MxSpd": 675.667053, "Speed_MFD": 10.0}