{"Interferences": 2, "Mass": 3.2717596680051724, "Batt_amps_ratio_MFD": 1.15494919, "Batt_amps_ratio_MxSpd": 1.48428237, "Distance_MxSpd": 620.906128, "Max_Distance": 664.964355, "Hover_Time": 52.0735931, "Max_Speed": 24.0, "Max_uc_at_MFD": 0.910337508, "Mot_amps_ratio_MFD": 0.826074123, "Mot_amps_ratio_MxSpd": 0.820782483, "Mot_power_ratio_MFD": 0.366776913, "Mot_power_ratio_MxSpd": 0.364427418, "Power_MFD": 791.134338, "Power_MxSpd": 1147.60522, "Speed_MFD": 20.0}