{"Interferences": 17, "Mass": 3.739998955105461, "Batt_amps_ratio_MFD": 0.903475344, "Batt_amps_ratio_MxSpd": 1.69000626, "Distance_MxSpd": 817.985107, "Max_Distance": 1020.06104, "Hover_Time": 55.1490211, "Max_Speed": 36.0, "Max_uc_at_MFD": 0.940084219, "Mot_amps_ratio_MFD": 0.727149427, "Mot_amps_ratio_MxSpd": 0.799758792, "Mot_power_ratio_MFD": 0.364807189, "Mot_power_ratio_MxSpd": 0.534309089, "Power_MFD": 990.834351, "Power_MxSpd": 2288.23975, "Speed_MFD": 24.0}