{"Interferences": 49, "Mass": 4.278982481746753, "Batt_amps_ratio_MFD": 0.558268785, "Batt_amps_ratio_MxSpd": 0.558268785, "Distance_MxSpd": 1444.46558, "Max_Distance": 1444.46558, "Hover_Time": 78.1010208, "Max_Speed": 21.0, "Max_uc_at_MFD": 0.999821961, "Mot_amps_ratio_MFD": 0.22573179, "Mot_amps_ratio_MxSpd": 0.22573179, "Mot_power_ratio_MFD": 0.0841468573, "Mot_power_ratio_MxSpd": 0.0841468573, "Power_MFD": 1275.16187, "Power_MxSpd": 1275.16187, "Speed_MFD": 21.0}