{
  "generator_version":"UAV2_gen12",
  "name":"design_42521_6285a83754844d808d52f5f894ddc57f_dw",
  "hub":{
    "node_type":"ConnectedHub6_2_2_2",
    "frontSegment":{
      "node_type":"AngledWingArm",
      "arm1Length":62.42759547614582,
      "arm2Length":61.35202754807763,
      "wing":{
        "wingType":"Wing_vert_hole",
        "nacaProfile":"4406",
        "span":712.8077927660053,
        "chordInner":322.04938299996536,
        "chordOuter":124.69139736515076,
        "taperOffset":true,
        "aileronBias":0.8803102104317567,
        "flapBias":0.721667500746396,
        "load":998.1659010587257,
        "tubeOffset":46.19483946866517,
        "tubeRot":270.0
      },
      "servo":{
        "servoType":"Hitec_HS_225BB"
      }
    },
    "middleSegment":{
      "node_type":"PropArm",
      "armLength":60.931270007746676,
      "motor":{
        "motorType":"t_motor_AT4130KV300"
      },
      "prop":{
        "propType":"apc_propellers_14x11"
      },
      "flange":{
        "offset":8.044811724271938,
        "angle":0.0
      }
    },
    "rearSegment":{
      "node_type":"SidewaysBendSegment",
      "angle":-111.79137733153374,
      "armLength":388.6772080171817,
      "mainSegment":{
        "node_type":"PropArm",
        "armLength":475.9665123210659,
        "motor":{
          "motorType":"kde_direct_KDE700XF_535_G3"
        },
        "prop":{
          "propType":"apc_propellers_18x8"
        },
        "flange":{
          "offset":-38.05791655772799,
          "angle":270.0
        }
      }
    }
  },
  "fuselageWithComponents":{
    "node_type":"DualBatteryFuselageWithComponents",
    "battery":{
      "batteryType":"Tattu25C9000mAh6S1P"
    },
    "fuselage":{
      "length":208.0,
      "vertDiameter":109.5,
      "horzDiameter":399.9,
      "floorHeight":18.25,
      "battery1X":0.0,
      "battery1Y":-13.0,
      "battery2X":0.0,
      "battery2Y":26.0,
      "rpmX":0.0,
      "rpmY":-123.3,
      "autoPilotX":0.0,
      "autoPilotY":67.0,
      "currentX":0.0,
      "currentY":-103.15,
      "voltageX":0.0,
      "voltageY":120.8,
      "gpsX":0.0,
      "gpsY":-63.0,
      "varioX":0.0,
      "varioY":99.15
    }
  }
}