{"Interferences": 20, "Mass": 7.677854364884295, "Batt_amps_ratio_MFD": 0.265313923, "Batt_amps_ratio_MxSpd": 0.265313923, "Distance_MxSpd": 5789.36865, "Max_Distance": 5789.36865, "Hover_Time": 0.0, "Max_Speed": 16.0, "Max_uc_at_MFD": 0.938376904, "Mot_amps_ratio_MFD": 0.833451569, "Mot_amps_ratio_MxSpd": 0.833451569, "Mot_power_ratio_MFD": 0.770942688, "Mot_power_ratio_MxSpd": 0.770942688, "Power_MFD": 1510.39539, "Power_MxSpd": 1510.39539, "Speed_MFD": 16.0}