{"Interferences": 54, "Mass": 4.469865948546836, "Batt_amps_ratio_MFD": 0.397060513, "Batt_amps_ratio_MxSpd": 0.397060513, "Distance_MxSpd": 96.710701, "Max_Distance": 96.710701, "Hover_Time": 0.0, "Max_Speed": 1.0, "Max_uc_at_MFD": 0.99999994, "Mot_amps_ratio_MFD": 0.575490773, "Mot_amps_ratio_MxSpd": 0.575490773, "Mot_power_ratio_MFD": 0.212931588, "Mot_power_ratio_MxSpd": 0.212931588, "Power_MFD": 922.180908, "Power_MxSpd": 922.180908, "Speed_MFD": 1.0}