{"Interferences": 1, "Mass": 10.227323008772482, "Batt_amps_ratio_MFD": 0.746407807, "Batt_amps_ratio_MxSpd": 0.746407807, "Distance_MxSpd": 4887.40869, "Max_Distance": 4887.40869, "Hover_Time": 249.744888, "Max_Speed": 19.0, "Max_uc_at_MFD": 0.999999762, "Mot_amps_ratio_MFD": 0.328751951, "Mot_amps_ratio_MxSpd": 0.328751951, "Mot_power_ratio_MFD": 0.0939022675, "Mot_power_ratio_MxSpd": 0.0939022675, "Power_MFD": 2502.61792, "Power_MxSpd": 2502.61792, "Speed_MFD": 19.0}