{"Interferences": 2, "Mass": 3.7065208373867984, "Batt_amps_ratio_MFD": 0.6767869, "Batt_amps_ratio_MxSpd": 0.979812384, "Distance_MxSpd": 1097.35291, "Max_Distance": 1191.51245, "Hover_Time": 77.2104797, "Max_Speed": 28.0, "Max_uc_at_MFD": 0.932971954, "Mot_amps_ratio_MFD": 0.345893264, "Mot_amps_ratio_MxSpd": 0.304906875, "Mot_power_ratio_MFD": 0.213300854, "Mot_power_ratio_MxSpd": 0.188025907, "Power_MFD": 845.518311, "Power_MxSpd": 1431.17188, "Speed_MFD": 21.0}