{"Interferences": 7, "Mass": 5.380279811520673, "Batt_amps_ratio_MFD": 0.335171014, "Batt_amps_ratio_MxSpd": 0.335171014, "Distance_MxSpd": 7160.52344, "Max_Distance": 7160.52344, "Hover_Time": 305.419128, "Max_Speed": 25.0, "Max_uc_at_MFD": 0.79131192, "Mot_amps_ratio_MFD": 0.979743302, "Mot_amps_ratio_MxSpd": 0.979743302, "Mot_power_ratio_MFD": 0.870012045, "Mot_power_ratio_MxSpd": 0.870012045, "Power_MFD": 1592.24536, "Power_MxSpd": 1592.24536, "Speed_MFD": 25.0}