{"Interferences": 84, "Mass": 2.819590781208079, "Batt_amps_ratio_MFD": 0.679236293, "Batt_amps_ratio_MxSpd": 0.679236293, "Distance_MxSpd": 1074.14746, "Max_Distance": 1074.14746, "Hover_Time": 75.2637711, "Max_Speed": 19.0, "Max_uc_at_MFD": 0.997832537, "Mot_amps_ratio_MFD": 0.378427237, "Mot_amps_ratio_MxSpd": 0.378427237, "Mot_power_ratio_MFD": 0.233363464, "Mot_power_ratio_MxSpd": 0.233363464, "Power_MFD": 522.886719, "Power_MxSpd": 522.886719, "Speed_MFD": 19.0}