{"Interferences": 17, "Mass": 8.842251764136586, "Batt_amps_ratio_MFD": 0.615952313, "Batt_amps_ratio_MxSpd": 0.946788311, "Distance_MxSpd": 1946.79211, "Max_Distance": 2306.67212, "Hover_Time": 105.305267, "Max_Speed": 48.0, "Max_uc_at_MFD": 0.800974429, "Mot_amps_ratio_MFD": 0.863164842, "Mot_amps_ratio_MxSpd": 0.943413913, "Mot_power_ratio_MFD": 0.431536138, "Mot_power_ratio_MxSpd": 0.471656382, "Power_MFD": 4297.03613, "Power_MxSpd": 7698.17285, "Speed_MFD": 37.0}