{"Interferences": 12, "Mass": 3.4454794887910425, "Batt_amps_ratio_MFD": 0.525102079, "Batt_amps_ratio_MxSpd": 0.525102079, "Distance_MxSpd": 1974.47314, "Max_Distance": 1974.47314, "Hover_Time": 0.0, "Max_Speed": 27.0, "Max_uc_at_MFD": 0.961473644, "Mot_amps_ratio_MFD": 0.452247798, "Mot_amps_ratio_MxSpd": 0.452247798, "Mot_power_ratio_MFD": 0.302141219, "Mot_power_ratio_MxSpd": 0.302141219, "Power_MFD": 1073.67651, "Power_MxSpd": 1073.67651, "Speed_MFD": 27.0}