{"Interferences": 8, "Mass": 6.134133685185012, "Batt_amps_ratio_MFD": 0.716552854, "Batt_amps_ratio_MxSpd": 1.13612664, "Distance_MxSpd": 6590.81494, "Max_Distance": 7502.58691, "Hover_Time": 405.471619, "Max_Speed": 39.0, "Max_uc_at_MFD": 0.90612185, "Mot_amps_ratio_MFD": 0.87183398, "Mot_amps_ratio_MxSpd": 0.929238379, "Mot_power_ratio_MFD": 0.449640661, "Mot_power_ratio_MxSpd": 0.606738031, "Power_MFD": 1786.19617, "Power_MxSpd": 3713.02979, "Speed_MFD": 28.0}