{"Interferences": 0, "Mass": 4.62047138232643, "Batt_amps_ratio_MFD": 0.431124151, "Batt_amps_ratio_MxSpd": 0.431124151, "Distance_MxSpd": 712.555786, "Max_Distance": 712.555786, "Hover_Time": 0.0, "Max_Speed": 8.0, "Max_uc_at_MFD": 1.0, "Mot_amps_ratio_MFD": 0.355172992, "Mot_amps_ratio_MxSpd": 0.355172992, "Mot_power_ratio_MFD": 0.16426751, "Mot_power_ratio_MxSpd": 0.16426751, "Power_MFD": 1016.23676, "Power_MxSpd": 1016.23676, "Speed_MFD": 8.0}