{"Interferences": 10, "Mass": 9.607705128456384, "Batt_amps_ratio_MFD": 2.98682046, "Batt_amps_ratio_MxSpd": 2.98682046, "Distance_MxSpd": 6942.5, "Max_Distance": 6942.5, "Hover_Time": 0.0, "Max_Speed": 36.0, "Max_uc_at_MFD": 0.721206963, "Mot_amps_ratio_MFD": 0.914365292, "Mot_amps_ratio_MxSpd": 0.914365292, "Mot_power_ratio_MFD": 0.845787883, "Mot_power_ratio_MxSpd": 0.845787883, "Power_MFD": 3745.45215, "Power_MxSpd": 3745.45215, "Speed_MFD": 36.0}