{"Interferences": 8, "Mass": 8.425042701799608, "Batt_amps_ratio_MFD": 1.32427251, "Batt_amps_ratio_MxSpd": 1.41640139, "Distance_MxSpd": 2846.65063, "Max_Distance": 2870.70801, "Hover_Time": 132.504028, "Max_Speed": 35.0, "Max_uc_at_MFD": 0.767743468, "Mot_amps_ratio_MFD": 0.754928529, "Mot_amps_ratio_MxSpd": 0.82107836, "Mot_power_ratio_MFD": 0.562834859, "Mot_power_ratio_MxSpd": 0.612152696, "Power_MFD": 4140.08594, "Power_MxSpd": 4644.01514, "Speed_MFD": 33.0}