{"Interferences": 13, "Mass": 2.9036461819333272, "Batt_amps_ratio_MFD": 0.672322154, "Batt_amps_ratio_MxSpd": 0.672322154, "Distance_MxSpd": 1199.42505, "Max_Distance": 1199.42505, "Hover_Time": 74.3155441, "Max_Speed": 21.0, "Max_uc_at_MFD": 0.999530792, "Mot_amps_ratio_MFD": 0.349928379, "Mot_amps_ratio_MxSpd": 0.349928379, "Mot_power_ratio_MFD": 0.129473493, "Mot_power_ratio_MxSpd": 0.129473493, "Power_MFD": 574.356689, "Power_MxSpd": 574.356689, "Speed_MFD": 21.0}