{"Interferences": 0, "Mass": 4.116552787169503, "Batt_amps_ratio_MFD": 0.385976225, "Batt_amps_ratio_MxSpd": 0.810569644, "Distance_MxSpd": 3857.60449, "Max_Distance": 4903.33691, "Hover_Time": 311.789001, "Max_Speed": 38.0, "Max_uc_at_MFD": 0.693686545, "Mot_amps_ratio_MFD": 0.789022505, "Mot_amps_ratio_MxSpd": 0.981173694, "Mot_power_ratio_MFD": 0.58387661, "Mot_power_ratio_MxSpd": 0.726068556, "Power_MFD": 1077.48169, "Power_MxSpd": 3683.21167, "Speed_MFD": 23.0}