{"Interferences": 15, "Mass": 4.02516631006696, "Batt_amps_ratio_MFD": 0.982828736, "Batt_amps_ratio_MxSpd": 0.982828736, "Distance_MxSpd": 781.417969, "Max_Distance": 781.417969, "Hover_Time": 39.653389, "Max_Speed": 20.0, "Max_uc_at_MFD": 0.809459865, "Mot_amps_ratio_MFD": 0.926692903, "Mot_amps_ratio_MxSpd": 0.926692903, "Mot_power_ratio_MFD": 0.548602223, "Mot_power_ratio_MxSpd": 0.548602223, "Power_MFD": 966.695129, "Power_MxSpd": 966.695129, "Speed_MFD": 20.0}