{"Interferences": 63, "Mass": 3.6967886156552936, "Batt_amps_ratio_MFD": 0.923870921, "Batt_amps_ratio_MxSpd": 1.13759434, "Distance_MxSpd": 911.396973, "Max_Distance": 955.977722, "Hover_Time": 56.885006, "Max_Speed": 27.0, "Max_uc_at_MFD": 0.993824244, "Mot_amps_ratio_MFD": 0.517569363, "Mot_amps_ratio_MxSpd": 0.508632958, "Mot_power_ratio_MFD": 0.319167793, "Mot_power_ratio_MxSpd": 0.313656986, "Power_MFD": 885.382812, "Power_MxSpd": 1163.80725, "Speed_MFD": 23.0}