{
  "generator_version":"UAV2_gen12",
  "name":"design_7182_9a2421c2a9294a79a21371fee2cdc760_dw_dl",
  "hub":{
    "node_type":"ConnectedHub4_2_2",
    "frontSegment":{
      "node_type":"PropArm",
      "armLength":312.9614687762032,
      "motor":{
        "motorType":"kde_direct_KDE3520XF_400"
      },
      "prop":{
        "propType":"apc_propellers_15x8E"
      },
      "flange":{
        "offset":-11.910662858550111,
        "angle":94.37803791294816
      }
    },
    "rearSegment":{
      "node_type":"WingArm",
      "armLength":478.946388880111,
      "wing":{
        "wingType":"Wing_horiz_hole",
        "nacaProfile":"4418",
        "span":1915.9210165682746,
        "chordInner":346.05864512184075,
        "chordOuter":72.02926780105255,
        "taperOffset":true,
        "aileronBias":0.11847707691509274,
        "flapBias":0.7955714268200085,
        "load":836.4084214505554,
        "tubeOffset":81.43113417245509,
        "tubeRot":314.7856474435637
      },
      "servo":{
        "servoType":"Hitec_HS_81"
      }
    }
  },
  "fuselageWithComponents":{
    "node_type":"DualBatteryFuselageWithComponents",
    "battery":{
      "batteryType":"TurnigyGraphene6000mAh3S75C"
    },
    "fuselage":{
      "length":337.0,
      "vertDiameter":103.5,
      "horzDiameter":326.4,
      "floorHeight":17.25,
      "battery1X":-84.25,
      "battery1Y":6.0,
      "battery2X":85.25,
      "battery2Y":6.0,
      "rpmX":0.0,
      "rpmY":-98.8,
      "autoPilotX":0.0,
      "autoPilotY":42.5,
      "currentX":0.0,
      "currentY":-78.65,
      "voltageX":0.0,
      "voltageY":96.3,
      "gpsX":0.0,
      "gpsY":-38.5,
      "varioX":0.0,
      "varioY":74.65
    }
  }
}