{
  "generator_version":"UAV2_gen12",
  "name":"design_9880_d9ad61005f634ad08f725cd22ea28a98_s",
  "hub":{
    "node_type":"ConnectedHub4_2_2",
    "frontSegment":{
      "node_type":"PropArm",
      "armLength":361.2559051303482,
      "motor":{
        "motorType":"t_motor_AT4120KV250"
      },
      "prop":{
        "propType":"apc_propellers_13x14"
      },
      "flange":{
        "offset":23.723496582837825,
        "angle":0.0
      }
    },
    "rearSegment":{
      "node_type":"AngledWingArm",
      "arm1Length":142.89655573647957,
      "arm2Length":129.04412771738285,
      "wing":{
        "wingType":"Wing_horiz_hole",
        "nacaProfile":"4521",
        "span":987.5061707942368,
        "chordInner":445.23484307151466,
        "chordOuter":111.02004454637569,
        "taperOffset":false,
        "aileronBias":0.24967412576437756,
        "flapBias":0.26087262905191344,
        "load":678.0933456386974,
        "tubeOffset":20.26008243237282,
        "tubeRot":318.31004974544396
      },
      "servo":{
        "servoType":"Hitec_HS_65HB"
      }
    }
  },
  "fuselageWithComponents":{
    "node_type":"SingleBatteryFuselageWithComponents",
    "battery":{
      "batteryType":"TurnigyGraphene4000mAh4S75C"
    },
    "fuselage":{
      "length":145.0,
      "vertDiameter":76.5,
      "horzDiameter":339.9,
      "floorHeight":12.75,
      "batteryX":0.0,
      "batteryY":6.0,
      "rpmX":0.0,
      "rpmY":-103.3,
      "autoPilotX":0.0,
      "autoPilotY":47.0,
      "currentX":0.0,
      "currentY":-83.15,
      "voltageX":0.0,
      "voltageY":100.8,
      "gpsX":0.0,
      "gpsY":-43.0,
      "varioX":0.0,
      "varioY":79.15
    }
  }
}