{"Interferences": 13, "Mass": 4.575168357996431, "Batt_amps_ratio_MFD": 0.612950265, "Batt_amps_ratio_MxSpd": 0.612950265, "Distance_MxSpd": 1378.25208, "Max_Distance": 1378.25208, "Hover_Time": 67.4222794, "Max_Speed": 22.0, "Max_uc_at_MFD": 0.959064543, "Mot_amps_ratio_MFD": 0.565468729, "Mot_amps_ratio_MxSpd": 0.565468729, "Mot_power_ratio_MFD": 0.362678289, "Mot_power_ratio_MxSpd": 0.362678289, "Power_MFD": 972.927551, "Power_MxSpd": 972.927551, "Speed_MFD": 22.0}