{"Interferences": 9, "Mass": 6.764812085109344, "Batt_amps_ratio_MFD": 1.16334581, "Batt_amps_ratio_MxSpd": 1.99159992, "Distance_MxSpd": 732.677307, "Max_Distance": 825.206055, "Hover_Time": 40.3488998, "Max_Speed": 38.0, "Max_uc_at_MFD": 1.0, "Mot_amps_ratio_MFD": 0.194564939, "Mot_amps_ratio_MxSpd": 0.239990592, "Mot_power_ratio_MFD": 0.0834452361, "Mot_power_ratio_MxSpd": 0.102927446, "Power_MFD": 2056.82324, "Power_MxSpd": 3715.30957, "Speed_MFD": 25.0}