{"Interferences": 47, "Mass": 8.346762779848099, "Batt_amps_ratio_MFD": 2.27940464, "Batt_amps_ratio_MxSpd": 2.27940464, "Distance_MxSpd": 404.316071, "Max_Distance": 404.316071, "Hover_Time": 18.3094616, "Max_Speed": 24.0, "Max_uc_at_MFD": 0.996771336, "Mot_amps_ratio_MFD": 0.767389238, "Mot_amps_ratio_MxSpd": 0.767389238, "Mot_power_ratio_MFD": 0.283934027, "Mot_power_ratio_MxSpd": 0.283934027, "Power_MFD": 2370.49829, "Power_MxSpd": 2370.49829, "Speed_MFD": 24.0}