{"Interferences": 7, "Mass": 3.909059532248631, "Batt_amps_ratio_MFD": 0.554050565, "Batt_amps_ratio_MxSpd": 0.687621117, "Distance_MxSpd": 781.825867, "Max_Distance": 831.693115, "Hover_Time": 0.0, "Max_Speed": 14.0, "Max_uc_at_MFD": 0.984092057, "Mot_amps_ratio_MFD": 0.499558657, "Mot_amps_ratio_MxSpd": 0.502661049, "Mot_power_ratio_MFD": 0.250033647, "Mot_power_ratio_MxSpd": 0.229153439, "Power_MFD": 871.334106, "Power_MxSpd": 1152.66589, "Speed_MFD": 12.0}