{"Interferences": 41, "Mass": 3.660131173588512, "Batt_amps_ratio_MFD": 1.0422585, "Batt_amps_ratio_MxSpd": 1.0422585, "Distance_MxSpd": 663.175171, "Max_Distance": 663.175171, "Hover_Time": 45.953537, "Max_Speed": 18.0, "Max_uc_at_MFD": 0.994839013, "Mot_amps_ratio_MFD": 0.383583874, "Mot_amps_ratio_MxSpd": 0.383583874, "Mot_power_ratio_MFD": 0.0960730016, "Mot_power_ratio_MxSpd": 0.0960730016, "Power_MFD": 562.780762, "Power_MxSpd": 562.780762, "Speed_MFD": 18.0}