{
  "generator_version":"UAV2_gen12",
  "name":"design_2336_30db3382a8f34fb38f52e50a48816626_s",
  "hub":{
    "node_type":"ConnectedHub6_2_2_2",
    "frontSegment":{
      "node_type":"BranchSegment_Sym",
      "armLength":225.91036612204553,
      "angle":120.0,
      "mainSegment":{
        "node_type":"PropArm",
        "armLength":389.456641308123,
        "motor":{
          "motorType":"t_motor_MN3515KV400"
        },
        "prop":{
          "propType":"apc_propellers_16x6"
        },
        "flange":{
          "offset":4.7327754703360725,
          "angle":0.0
        }
      }
    },
    "middleSegment":{
      "node_type":"PropArm",
      "armLength":323.96380267785037,
      "motor":{
        "motorType":"t_motor_MN3520KV400"
      },
      "prop":{
        "propType":"apc_propellers_16x5_5MR"
      },
      "flange":{
        "offset":-33.46742674992803,
        "angle":0.0
      }
    },
    "rearSegment":{
      "node_type":"AngledWingArm",
      "arm1Length":319.27413477096434,
      "arm2Length":67.68056440305259,
      "wing":{
        "wingType":"Wing_horiz_hole",
        "nacaProfile":"4315",
        "span":1205.6830449938248,
        "chordInner":130.1243998460066,
        "chordOuter":130.53481631309418,
        "taperOffset":true,
        "aileronBias":0.2810950211791161,
        "flapBias":0.709283744805465,
        "load":537.9174474728941,
        "tubeOffset":23.29327460885598,
        "tubeRot":260.3054399108747
      },
      "servo":{
        "servoType":"Hitec_HS_625MG"
      }
    }
  },
  "fuselageWithComponents":{
    "node_type":"SingleBatteryFuselageWithComponents",
    "battery":{
      "batteryType":"Tattu15C17000mAh6S1PHV"
    },
    "fuselage":{
      "length":195.0,
      "vertDiameter":117.0,
      "horzDiameter":382.65,
      "floorHeight":19.5,
      "batteryX":0.0,
      "batteryY":6.0,
      "rpmX":0.0,
      "rpmY":-117.55,
      "autoPilotX":0.0,
      "autoPilotY":61.25,
      "currentX":0.0,
      "currentY":-97.4,
      "voltageX":0.0,
      "voltageY":115.05,
      "gpsX":0.0,
      "gpsY":-57.25,
      "varioX":0.0,
      "varioY":93.4
    }
  }
}