{"Interferences": 2, "Mass": 4.555579803654752, "Batt_amps_ratio_MFD": 1.16819572, "Batt_amps_ratio_MxSpd": 1.30705619, "Distance_MxSpd": 822.611877, "Max_Distance": 854.651306, "Hover_Time": 0.0, "Max_Speed": 28.0, "Max_uc_at_MFD": 0.922190607, "Mot_amps_ratio_MFD": 0.670247793, "Mot_amps_ratio_MxSpd": 0.722971678, "Mot_power_ratio_MFD": 0.421585888, "Mot_power_ratio_MxSpd": 0.454749197, "Power_MFD": 1638.86108, "Power_MxSpd": 1910.15735, "Speed_MFD": 26.0}