{"Interferences": 0, "Mass": 4.292997015510166, "Batt_amps_ratio_MFD": 0.319515079, "Batt_amps_ratio_MxSpd": 0.387901068, "Distance_MxSpd": 7721.55664, "Max_Distance": 8292.56641, "Hover_Time": 520.958679, "Max_Speed": 26.0, "Max_uc_at_MFD": 0.958254337, "Mot_amps_ratio_MFD": 0.785114765, "Mot_amps_ratio_MxSpd": 0.679003835, "Mot_power_ratio_MFD": 0.38732329, "Mot_power_ratio_MxSpd": 0.334975213, "Power_MFD": 1064.92627, "Power_MxSpd": 1300.10571, "Speed_MFD": 23.0}