{"Interferences": 0, "Mass": 3.9366259848580585, "Batt_amps_ratio_MFD": 0.493598193, "Batt_amps_ratio_MxSpd": 0.493598193, "Distance_MxSpd": 1944.90186, "Max_Distance": 1944.90186, "Hover_Time": 99.9430084, "Max_Speed": 25.0, "Max_uc_at_MFD": 0.748639703, "Mot_amps_ratio_MFD": 0.423951715, "Mot_amps_ratio_MxSpd": 0.423951715, "Mot_power_ratio_MFD": 0.31607604, "Mot_power_ratio_MxSpd": 0.31607604, "Power_MFD": 1662.51611, "Power_MxSpd": 1662.51611, "Speed_MFD": 25.0}