{"Interferences": 20, "Mass": 6.155909571296696, "Batt_amps_ratio_MFD": 0.197328612, "Batt_amps_ratio_MxSpd": 0.197328612, "Distance_MxSpd": 5351.47949, "Max_Distance": 5351.47949, "Hover_Time": 0.0, "Max_Speed": 11.0, "Max_uc_at_MFD": 0.787849069, "Mot_amps_ratio_MFD": 0.989739418, "Mot_amps_ratio_MxSpd": 0.989739418, "Mot_power_ratio_MFD": 0.732407153, "Mot_power_ratio_MxSpd": 0.732407153, "Power_MFD": 869.31189, "Power_MxSpd": 869.31189, "Speed_MFD": 11.0}