{"Interferences": 12, "Mass": 7.114721364771148, "Batt_amps_ratio_MFD": 0.651333094, "Batt_amps_ratio_MxSpd": 0.753488004, "Distance_MxSpd": 4586.66895, "Max_Distance": 4863.87061, "Hover_Time": 252.741791, "Max_Speed": 36.0, "Max_uc_at_MFD": 0.706501722, "Mot_amps_ratio_MFD": 0.898155332, "Mot_amps_ratio_MxSpd": 0.7522645, "Mot_power_ratio_MFD": 0.899069786, "Mot_power_ratio_MxSpd": 0.753030479, "Power_MFD": 2604.46729, "Power_MxSpd": 3040.53418, "Speed_MFD": 33.0}