{"Interferences": 24, "Mass": 6.848891708949971, "Batt_amps_ratio_MFD": 0.476326764, "Batt_amps_ratio_MxSpd": 0.568673968, "Distance_MxSpd": 7697.9082, "Max_Distance": 8222.92676, "Hover_Time": 413.371063, "Max_Speed": 38.0, "Max_uc_at_MFD": 0.999887705, "Mot_amps_ratio_MFD": 0.847143173, "Mot_amps_ratio_MxSpd": 0.767184854, "Mot_power_ratio_MFD": 0.65252924, "Mot_power_ratio_MxSpd": 0.590939701, "Power_MFD": 2666.98438, "Power_MxSpd": 3260.74463, "Speed_MFD": 34.0}