{"Interferences": 8, "Mass": 5.24675921590911, "Batt_amps_ratio_MFD": 0.417912275, "Batt_amps_ratio_MxSpd": 0.417912275, "Distance_MxSpd": 2113.36206, "Max_Distance": 2113.36206, "Hover_Time": 0.0, "Max_Speed": 23.0, "Max_uc_at_MFD": 0.428268522, "Mot_amps_ratio_MFD": 0.863919377, "Mot_amps_ratio_MxSpd": 0.863919377, "Mot_power_ratio_MFD": 0.639300346, "Mot_power_ratio_MxSpd": 0.639300346, "Power_MFD": 1063.22205, "Power_MxSpd": 1063.22205, "Speed_MFD": 23.0}