{"Interferences": 10, "Mass": 14.452894009310398, "Batt_amps_ratio_MFD": 0.58319664, "Batt_amps_ratio_MxSpd": 0.58319664, "Distance_MxSpd": 5925.95996, "Max_Distance": 5925.95996, "Hover_Time": 0.0, "Max_Speed": 30.0, "Max_uc_at_MFD": 0.948644817, "Mot_amps_ratio_MFD": 0.811785281, "Mot_amps_ratio_MxSpd": 0.811785281, "Mot_power_ratio_MFD": 0.750901401, "Mot_power_ratio_MxSpd": 0.750901401, "Power_MFD": 5301.95752, "Power_MxSpd": 5301.95752, "Speed_MFD": 30.0}