{"Interferences": 57, "Mass": 4.934168633625204, "Batt_amps_ratio_MFD": 2.2175808, "Batt_amps_ratio_MxSpd": 3.17387247, "Distance_MxSpd": 483.951416, "Max_Distance": 536.801208, "Hover_Time": 25.9730263, "Max_Speed": 40.0, "Max_uc_at_MFD": 0.537590683, "Mot_amps_ratio_MFD": 0.847759247, "Mot_amps_ratio_MxSpd": 0.808950782, "Mot_power_ratio_MFD": 0.799860835, "Mot_power_ratio_MxSpd": 0.763245046, "Power_MFD": 1666.10596, "Power_MxSpd": 2885.73633, "Speed_MFD": 31.0}