{"Interferences": 26, "Mass": 8.036115682698517, "Batt_amps_ratio_MFD": 0.678500891, "Batt_amps_ratio_MxSpd": 0.678500891, "Distance_MxSpd": 792.335022, "Max_Distance": 792.335022, "Hover_Time": 63.9949036, "Max_Speed": 14.0, "Max_uc_at_MFD": 0.790459096, "Mot_amps_ratio_MFD": 0.888887823, "Mot_amps_ratio_MxSpd": 0.888887823, "Mot_power_ratio_MFD": 0.610792875, "Mot_power_ratio_MxSpd": 0.610792875, "Power_MFD": 2272.53003, "Power_MxSpd": 2272.53003, "Speed_MFD": 14.0}