{"Interferences": 11, "Mass": 3.935386341972584, "Batt_amps_ratio_MFD": 0.241506904, "Batt_amps_ratio_MxSpd": 0.355279058, "Distance_MxSpd": 3674.85767, "Max_Distance": 3975.04175, "Hover_Time": 211.12262, "Max_Speed": 34.0, "Max_uc_at_MFD": 0.710465431, "Mot_amps_ratio_MFD": 0.444176048, "Mot_amps_ratio_MxSpd": 0.670456707, "Mot_power_ratio_MFD": 0.435031235, "Mot_power_ratio_MxSpd": 0.656653166, "Power_MFD": 1001.26874, "Power_MxSpd": 2026.02405, "Speed_MFD": 25.0}