{"Interferences": 4, "Mass": 9.600875606474911, "Batt_amps_ratio_MFD": 0.652502358, "Batt_amps_ratio_MxSpd": 0.982388854, "Distance_MxSpd": 16417.125, "Max_Distance": 18537.8633, "Hover_Time": 0.0, "Max_Speed": 28.0, "Max_uc_at_MFD": 0.666188598, "Mot_amps_ratio_MFD": 0.591929615, "Mot_amps_ratio_MxSpd": 0.944844007, "Mot_power_ratio_MFD": 0.579742849, "Mot_power_ratio_MxSpd": 0.925391376, "Power_MFD": 938.200928, "Power_MxSpd": 1830.7168, "Speed_MFD": 21.0}