{"Interferences": 37, "Mass": 4.811966062314634, "Batt_amps_ratio_MFD": 0.736688912, "Batt_amps_ratio_MxSpd": 0.736688912, "Distance_MxSpd": 1146.75269, "Max_Distance": 1146.75269, "Hover_Time": 63.6181946, "Max_Speed": 22.0, "Max_uc_at_MFD": 0.997373283, "Mot_amps_ratio_MFD": 0.213911235, "Mot_amps_ratio_MxSpd": 0.213911235, "Mot_power_ratio_MFD": 0.0742004588, "Mot_power_ratio_MxSpd": 0.0742004588, "Power_MFD": 1122.646, "Power_MxSpd": 1122.646, "Speed_MFD": 22.0}