{"Interferences": 77, "Mass": 4.619218390123471, "Batt_amps_ratio_MFD": 0.187084764, "Batt_amps_ratio_MxSpd": 0.247743234, "Distance_MxSpd": 4804.97461, "Max_Distance": 4926.10938, "Hover_Time": 261.018005, "Max_Speed": 31.0, "Max_uc_at_MFD": 0.728010774, "Mot_amps_ratio_MFD": 0.481094331, "Mot_amps_ratio_MxSpd": 0.72673142, "Mot_power_ratio_MFD": 0.356009811, "Mot_power_ratio_MxSpd": 0.537781239, "Power_MFD": 1037.05054, "Power_MxSpd": 1783.89917, "Speed_MFD": 24.0}