{"Interferences": 12, "Mass": 6.769502623791, "Batt_amps_ratio_MFD": 0.327821851, "Batt_amps_ratio_MxSpd": 0.327821851, "Distance_MxSpd": 1991.32544, "Max_Distance": 1991.32544, "Hover_Time": 0.0, "Max_Speed": 17.0, "Max_uc_at_MFD": 0.48695147, "Mot_amps_ratio_MFD": 0.89960736, "Mot_amps_ratio_MxSpd": 0.89960736, "Mot_power_ratio_MFD": 0.675951123, "Mot_power_ratio_MxSpd": 0.675951123, "Power_MFD": 1466.62769, "Power_MxSpd": 1466.62769, "Speed_MFD": 17.0}