{"Interferences": 67, "Mass": 9.990846849413648, "Batt_amps_ratio_MFD": 0.732668161, "Batt_amps_ratio_MxSpd": 0.732668161, "Distance_MxSpd": 681.345276, "Max_Distance": 681.345276, "Hover_Time": 55.0093193, "Max_Speed": 13.0, "Max_uc_at_MFD": 0.661993086, "Mot_amps_ratio_MFD": 0.939159095, "Mot_amps_ratio_MxSpd": 0.939159095, "Mot_power_ratio_MFD": 0.940115333, "Mot_power_ratio_MxSpd": 0.940115333, "Power_MFD": 3390.48877, "Power_MxSpd": 3390.48877, "Speed_MFD": 13.0}