{"Interferences": 32, "Mass": 7.390051769946788, "Batt_amps_ratio_MFD": 0.689049959, "Batt_amps_ratio_MxSpd": 0.689049959, "Distance_MxSpd": 835.933533, "Max_Distance": 835.933533, "Hover_Time": 0.0, "Max_Speed": 5.0, "Max_uc_at_MFD": 0.631562233, "Mot_amps_ratio_MFD": 0.804003, "Mot_amps_ratio_MxSpd": 0.804003, "Mot_power_ratio_MFD": 0.604115486, "Mot_power_ratio_MxSpd": 0.604115486, "Power_MFD": 1239.46533, "Power_MxSpd": 1239.46533, "Speed_MFD": 5.0}