{"Interferences": 7, "Mass": 5.370678711195984, "Batt_amps_ratio_MFD": 0.257714033, "Batt_amps_ratio_MxSpd": 0.257714033, "Distance_MxSpd": 2384.0376, "Max_Distance": 2384.0376, "Hover_Time": 168.435059, "Max_Speed": 16.0, "Max_uc_at_MFD": 0.997969031, "Mot_amps_ratio_MFD": 0.302524805, "Mot_amps_ratio_MxSpd": 0.302524805, "Mot_power_ratio_MFD": 0.18655695, "Mot_power_ratio_MxSpd": 0.18655695, "Power_MFD": 861.031006, "Power_MxSpd": 861.031006, "Speed_MFD": 16.0}