{"Interferences": 21, "Mass": 11.451424244357096, "Batt_amps_ratio_MFD": 1.0094254, "Batt_amps_ratio_MxSpd": 1.0094254, "Distance_MxSpd": 8274.01367, "Max_Distance": 8274.01367, "Hover_Time": 334.499939, "Max_Speed": 29.0, "Max_uc_at_MFD": 0.724182248, "Mot_amps_ratio_MFD": 0.920776069, "Mot_amps_ratio_MxSpd": 0.920776069, "Mot_power_ratio_MFD": 0.848579884, "Mot_power_ratio_MxSpd": 0.848579884, "Power_MFD": 3436.2439, "Power_MxSpd": 3436.2439, "Speed_MFD": 29.0}