{"Interferences": 12, "Mass": 6.959199307605555, "Batt_amps_ratio_MFD": 0.548856199, "Batt_amps_ratio_MxSpd": 0.548856199, "Distance_MxSpd": 3358.25659, "Max_Distance": 3358.25659, "Hover_Time": 191.358429, "Max_Speed": 16.0, "Max_uc_at_MFD": 0.983678818, "Mot_amps_ratio_MFD": 0.879355013, "Mot_amps_ratio_MxSpd": 0.879355013, "Mot_power_ratio_MFD": 0.659516215, "Mot_power_ratio_MxSpd": 0.659516215, "Power_MFD": 1825.84705, "Power_MxSpd": 1825.84705, "Speed_MFD": 16.0}