{"Interferences": 36, "Mass": 11.186597942917878, "Batt_amps_ratio_MFD": 1.35436916, "Batt_amps_ratio_MxSpd": 1.35436916, "Distance_MxSpd": 1616.10291, "Max_Distance": 1616.10291, "Hover_Time": 0.0, "Max_Speed": 19.0, "Max_uc_at_MFD": 0.515669465, "Mot_amps_ratio_MFD": 0.872998357, "Mot_amps_ratio_MxSpd": 0.872998357, "Mot_power_ratio_MFD": 0.861358404, "Mot_power_ratio_MxSpd": 0.861358404, "Power_MFD": 2654.79663, "Power_MxSpd": 2654.79663, "Speed_MFD": 19.0}