{"Interferences": 19, "Mass": 9.135886667602366, "Batt_amps_ratio_MFD": 1.67709351, "Batt_amps_ratio_MxSpd": 1.67709351, "Distance_MxSpd": 549.522156, "Max_Distance": 549.522156, "Hover_Time": 0.0, "Max_Speed": 8.0, "Max_uc_at_MFD": 0.875846148, "Mot_amps_ratio_MFD": 0.834028661, "Mot_amps_ratio_MxSpd": 0.834028661, "Mot_power_ratio_MFD": 0.447940201, "Mot_power_ratio_MxSpd": 0.447940201, "Power_MFD": 3887.86011, "Power_MxSpd": 3887.86011, "Speed_MFD": 8.0}