{
  "generator_version":"UAV2_gen12",
  "name":"design_7155_30df8458d955480ca44cfe31059089e8_dw_dl",
  "hub":{
    "node_type":"ConnectedHub6_Sym",
    "mainSegment":{
      "node_type":"BranchWithTopSegment_Sym",
      "armLength":293.3444117839538,
      "angle":157.34675417831522,
      "mainSegment":{
        "node_type":"PropArm",
        "armLength":443.1732393974274,
        "motor":{
          "motorType":"t_motor_AntigravityMN6007KV320"
        },
        "prop":{
          "propType":"apc_propellers_14x12E"
        },
        "flange":{
          "offset":34.06009438884482,
          "angle":0.0
        }
      },
      "topSegment":{
        "node_type":"AngledWingArm",
        "arm1Length":480.92850688733563,
        "arm2Length":92.68033246672604,
        "wing":{
          "wingType":"Wing_vert_hole",
          "nacaProfile":"0015",
          "span":1040.4287552322296,
          "chordInner":161.46168796329005,
          "chordOuter":138.49397722999387,
          "taperOffset":false,
          "aileronBias":0.12753449113847992,
          "flapBias":0.6197913853493744,
          "load":649.6044769535469,
          "tubeOffset":23.083410856379718,
          "tubeRot":270.0
        },
        "servo":{
          "servoType":"Hitec_HS_5087MH"
        }
      }
    }
  },
  "fuselageWithComponents":{
    "node_type":"DualBatteryFuselageWithComponents",
    "battery":{
      "batteryType":"TurnigyGraphene1400mAh4S75C"
    },
    "fuselage":{
      "length":181.0,
      "vertDiameter":52.5,
      "horzDiameter":333.9,
      "floorHeight":8.75,
      "battery1X":-45.25,
      "battery1Y":6.0,
      "battery2X":46.25,
      "battery2Y":6.0,
      "rpmX":0.0,
      "rpmY":-101.3,
      "autoPilotX":0.0,
      "autoPilotY":45.0,
      "currentX":0.0,
      "currentY":-81.15,
      "voltageX":0.0,
      "voltageY":98.8,
      "gpsX":0.0,
      "gpsY":-41.0,
      "varioX":0.0,
      "varioY":77.15
    }
  }
}