{"Interferences": 3, "Mass": 2.997179412154485, "Batt_amps_ratio_MFD": 0.944903851, "Batt_amps_ratio_MxSpd": 0.944903851, "Distance_MxSpd": 203.195282, "Max_Distance": 203.195282, "Hover_Time": 41.6040611, "Max_Speed": 5.0, "Max_uc_at_MFD": 1.0, "Mot_amps_ratio_MFD": 0.468245029, "Mot_amps_ratio_MxSpd": 0.468245029, "Mot_power_ratio_MFD": 0.29452613, "Mot_power_ratio_MxSpd": 0.29452613, "Power_MFD": 532.176208, "Power_MxSpd": 532.176208, "Speed_MFD": 5.0}