{"Interferences": 28, "Mass": 6.867867503437068, "Batt_amps_ratio_MFD": 0.586306453, "Batt_amps_ratio_MxSpd": 0.586306453, "Distance_MxSpd": 2526.22632, "Max_Distance": 2526.22632, "Hover_Time": 104.448303, "Max_Speed": 18.0, "Max_uc_at_MFD": 1.0, "Mot_amps_ratio_MFD": 0.57557565, "Mot_amps_ratio_MxSpd": 0.57557565, "Mot_power_ratio_MFD": 0.532407463, "Mot_power_ratio_MxSpd": 0.532407463, "Power_MFD": 2022.651, "Power_MxSpd": 2022.651, "Speed_MFD": 18.0}