{"Interferences": 45, "Mass": 10.529068964784978, "Batt_amps_ratio_MFD": 0.475211948, "Batt_amps_ratio_MxSpd": 0.475211948, "Distance_MxSpd": 1939.34509, "Max_Distance": 1939.34509, "Hover_Time": 0.0, "Max_Speed": 8.0, "Max_uc_at_MFD": 0.994858742, "Mot_amps_ratio_MFD": 0.587531209, "Mot_amps_ratio_MxSpd": 0.587531209, "Mot_power_ratio_MFD": 0.362310916, "Mot_power_ratio_MxSpd": 0.362310916, "Power_MFD": 3635.51465, "Power_MxSpd": 3635.51465, "Speed_MFD": 8.0}