{"Interferences": 2, "Mass": 2.41893955153317, "Batt_amps_ratio_MFD": 0.242641971, "Batt_amps_ratio_MxSpd": 0.242641971, "Distance_MxSpd": 2532.12573, "Max_Distance": 2532.12573, "Hover_Time": 193.49852, "Max_Speed": 16.0, "Max_uc_at_MFD": 0.999936521, "Mot_amps_ratio_MFD": 0.216293857, "Mot_amps_ratio_MxSpd": 0.216293857, "Mot_power_ratio_MFD": 0.147421345, "Mot_power_ratio_MxSpd": 0.147421345, "Power_MFD": 411.223175, "Power_MxSpd": 411.223175, "Speed_MFD": 16.0}