{"Interferences": 2, "Mass": 4.654630107898545, "Batt_amps_ratio_MFD": 1.33896422, "Batt_amps_ratio_MxSpd": 1.84429824, "Distance_MxSpd": 832.837097, "Max_Distance": 917.724304, "Hover_Time": 48.5828438, "Max_Speed": 40.0, "Max_uc_at_MFD": 0.897356391, "Mot_amps_ratio_MFD": 0.556077719, "Mot_amps_ratio_MxSpd": 0.620404482, "Mot_power_ratio_MFD": 0.276388139, "Mot_power_ratio_MxSpd": 0.308360547, "Power_MFD": 2548.81445, "Power_MxSpd": 4026.42456, "Speed_MFD": 32.0}