{"Interferences": 6, "Mass": 5.797434598384291, "Batt_amps_ratio_MFD": 0.644278109, "Batt_amps_ratio_MxSpd": 0.907653987, "Distance_MxSpd": 1631.83643, "Max_Distance": 1788.04773, "Hover_Time": 0.0, "Max_Speed": 18.0, "Max_uc_at_MFD": 0.894866705, "Mot_amps_ratio_MFD": 0.678565145, "Mot_amps_ratio_MxSpd": 0.840396225, "Mot_power_ratio_MFD": 0.50590235, "Mot_power_ratio_MxSpd": 0.626555085, "Power_MFD": 2156.4856, "Power_MxSpd": 3390.08618, "Speed_MFD": 14.0}