{"Interferences": 3, "Mass": 6.332294174623549, "Batt_amps_ratio_MFD": 0.61326623, "Batt_amps_ratio_MxSpd": 0.774647117, "Distance_MxSpd": 1734.98352, "Max_Distance": 1815.85083, "Hover_Time": 65.1712341, "Max_Speed": 35.0, "Max_uc_at_MFD": 0.733589828, "Mot_amps_ratio_MFD": 0.668149412, "Mot_amps_ratio_MxSpd": 0.859248698, "Mot_power_ratio_MFD": 0.333980918, "Mot_power_ratio_MxSpd": 0.424854755, "Power_MFD": 1787.48474, "Power_MxSpd": 2710.82812, "Speed_MFD": 29.0}