{"Interferences": 11, "Mass": 8.064760881977968, "Batt_amps_ratio_MFD": 0.245246544, "Batt_amps_ratio_MxSpd": 0.245246544, "Distance_MxSpd": 5636.77686, "Max_Distance": 5636.77686, "Hover_Time": 475.230164, "Max_Speed": 12.0, "Max_uc_at_MFD": 0.695613503, "Mot_amps_ratio_MFD": 0.925091028, "Mot_amps_ratio_MxSpd": 0.925091028, "Mot_power_ratio_MFD": 0.456378251, "Mot_power_ratio_MxSpd": 0.456378251, "Power_MFD": 1245.04285, "Power_MxSpd": 1245.04285, "Speed_MFD": 12.0}