{"Interferences": 17, "Mass": 5.855718363056589, "Batt_amps_ratio_MFD": 0.283674181, "Batt_amps_ratio_MxSpd": 0.346895903, "Distance_MxSpd": 3431.57715, "Max_Distance": 3519.53076, "Hover_Time": 191.136398, "Max_Speed": 31.0, "Max_uc_at_MFD": 0.873380721, "Mot_amps_ratio_MFD": 0.945672512, "Mot_amps_ratio_MxSpd": 0.99999696, "Mot_power_ratio_MFD": 0.466531754, "Mot_power_ratio_MxSpd": 0.49333185, "Power_MFD": 1459.50916, "Power_MxSpd": 2081.43701, "Speed_MFD": 26.0}