{"Interferences": 11, "Mass": 9.0995658464795, "Batt_amps_ratio_MFD": 0.173973113, "Batt_amps_ratio_MxSpd": 0.181003898, "Distance_MxSpd": 18457.0605, "Max_Distance": 18540.7969, "Hover_Time": 764.807861, "Max_Speed": 29.0, "Max_uc_at_MFD": 0.965815127, "Mot_amps_ratio_MFD": 0.771784127, "Mot_amps_ratio_MxSpd": 0.76625222, "Mot_power_ratio_MFD": 0.571120262, "Mot_power_ratio_MxSpd": 0.567026675, "Power_MFD": 2176.0979, "Power_MxSpd": 2266.35645, "Speed_MFD": 28.0}