{"Interferences": 7, "Mass": 4.690123359579014, "Batt_amps_ratio_MFD": 0.430062324, "Batt_amps_ratio_MxSpd": 0.563818872, "Distance_MxSpd": 1702.67444, "Max_Distance": 1785.78772, "Hover_Time": 118.10527, "Max_Speed": 25.0, "Max_uc_at_MFD": 0.849586189, "Mot_amps_ratio_MFD": 0.554670274, "Mot_amps_ratio_MxSpd": 0.703154922, "Mot_power_ratio_MFD": 0.208045274, "Mot_power_ratio_MxSpd": 0.263738781, "Power_MFD": 841.542053, "Power_MxSpd": 1301.57886, "Speed_MFD": 20.0}