{"Interferences": 10, "Mass": 4.327315801718345, "Batt_amps_ratio_MFD": 0.858424902, "Batt_amps_ratio_MxSpd": 0.925342679, "Distance_MxSpd": 3983.82153, "Max_Distance": 4025.97803, "Hover_Time": 0.0, "Max_Speed": 32.0, "Max_uc_at_MFD": 0.52897644, "Mot_amps_ratio_MFD": 0.894313812, "Mot_amps_ratio_MxSpd": 0.978263795, "Mot_power_ratio_MFD": 0.87590152, "Mot_power_ratio_MxSpd": 0.958123028, "Power_MFD": 1563.08252, "Power_MxSpd": 1801.125, "Speed_MFD": 30.0}