{"Interferences": 12, "Mass": 5.189149364411895, "Batt_amps_ratio_MFD": 0.305923998, "Batt_amps_ratio_MxSpd": 0.305923998, "Distance_MxSpd": 6186.41064, "Max_Distance": 6186.41064, "Hover_Time": 290.118561, "Max_Speed": 23.0, "Max_uc_at_MFD": 0.985372365, "Mot_amps_ratio_MFD": 0.765655518, "Mot_amps_ratio_MxSpd": 0.765655518, "Mot_power_ratio_MFD": 0.566585064, "Mot_power_ratio_MxSpd": 0.566585064, "Power_MFD": 1247.86157, "Power_MxSpd": 1247.86157, "Speed_MFD": 23.0}