{"Interferences": 6, "Mass": 4.360512732208277, "Batt_amps_ratio_MFD": 2.58294368, "Batt_amps_ratio_MxSpd": 2.58294368, "Distance_MxSpd": 356.802216, "Max_Distance": 356.802216, "Hover_Time": 14.2777452, "Max_Speed": 24.0, "Max_uc_at_MFD": 0.795482993, "Mot_amps_ratio_MFD": 0.896516204, "Mot_amps_ratio_MxSpd": 0.896516204, "Mot_power_ratio_MFD": 0.814698994, "Mot_power_ratio_MxSpd": 0.814698994, "Power_MFD": 3109.37402, "Power_MxSpd": 3109.37402, "Speed_MFD": 24.0}