{"Interferences": 50, "Mass": 3.253702179945761, "Batt_amps_ratio_MFD": 0.627938569, "Batt_amps_ratio_MxSpd": 0.806614876, "Distance_MxSpd": 1237.7655, "Max_Distance": 1284.20203, "Hover_Time": 84.0733337, "Max_Speed": 26.0, "Max_uc_at_MFD": 0.933377445, "Mot_amps_ratio_MFD": 0.562678277, "Mot_amps_ratio_MxSpd": 0.54662478, "Mot_power_ratio_MFD": 0.27758795, "Mot_power_ratio_MxSpd": 0.269668221, "Power_MFD": 719.601868, "Power_MxSpd": 1069.77759, "Speed_MFD": 21.0}