{"Interferences": 5, "Mass": 7.508036149494176, "Batt_amps_ratio_MFD": 0.606648147, "Batt_amps_ratio_MxSpd": 0.804087937, "Distance_MxSpd": 1671.45898, "Max_Distance": 1709.06311, "Hover_Time": 68.5078354, "Max_Speed": 35.0, "Max_uc_at_MFD": 0.691342592, "Mot_amps_ratio_MFD": 0.6440171, "Mot_amps_ratio_MxSpd": 0.966890037, "Mot_power_ratio_MFD": 0.480145156, "Mot_power_ratio_MxSpd": 0.72086221, "Power_MFD": 3617.11816, "Power_MxSpd": 5621.98975, "Speed_MFD": 27.0}