{
  "generator_version":"UAV2_gen12",
  "name":"design_8624_19ced8d8923f43f79bc21baab040915a_s",
  "hub":{
    "node_type":"ConnectedHub4_1_2_1",
    "frontSegment":{
      "node_type":"BendSegment",
      "angle":-110.05920735448697,
      "armLength":155.06673953652248,
      "mainSegment":{
        "node_type":"PropArm",
        "armLength":70.97712480319771,
        "motor":{
          "motorType":"t_motor_MN4012KV480"
        },
        "prop":{
          "propType":"apc_propellers_17x8"
        },
        "flange":{
          "offset":33.09186373625647,
          "angle":0.0
        }
      }
    },
    "middleSegment":{
      "node_type":"WingArm",
      "armLength":384.9374555832719,
      "wing":{
        "wingType":"Wing_vert_hole",
        "nacaProfile":"6315",
        "span":1658.9678754213962,
        "chordInner":453.63195203749007,
        "chordOuter":80.2394515903796,
        "taperOffset":true,
        "aileronBias":0.1967182218521382,
        "flapBias":0.6403835332961608,
        "load":331.5006315787681,
        "tubeOffset":37.44995054728978,
        "tubeRot":263.708387346202
      },
      "servo":{
        "servoType":"Hitec_HS_81"
      }
    },
    "rearSegment":{
      "node_type":"PropArm",
      "armLength":238.86795592041062,
      "motor":{
        "motorType":"kde_direct_KDE700XF_535_G3"
      },
      "prop":{
        "propType":"apc_propellers_17x8"
      },
      "flange":{
        "offset":-16.977052624910648,
        "angle":231.88072773334184
      }
    }
  },
  "fuselageWithComponents":{
    "node_type":"SingleBatteryFuselageWithComponents",
    "battery":{
      "batteryType":"TurnigyGraphene6000mAh4S75C"
    },
    "fuselage":{
      "length":168.0,
      "vertDiameter":103.5,
      "horzDiameter":336.9,
      "floorHeight":17.25,
      "batteryX":0.0,
      "batteryY":6.0,
      "rpmX":0.0,
      "rpmY":-102.3,
      "autoPilotX":0.0,
      "autoPilotY":46.0,
      "currentX":0.0,
      "currentY":-82.15,
      "voltageX":0.0,
      "voltageY":99.8,
      "gpsX":0.0,
      "gpsY":-42.0,
      "varioX":0.0,
      "varioY":78.15
    }
  }
}