{"Interferences": 73, "Mass": 9.865927763898313, "Batt_amps_ratio_MFD": 0.793797791, "Batt_amps_ratio_MxSpd": 0.854257107, "Distance_MxSpd": 14496.8066, "Max_Distance": 14512.5117, "Hover_Time": 543.256775, "Max_Speed": 43.0, "Max_uc_at_MFD": 0.691930294, "Mot_amps_ratio_MFD": 0.967066586, "Mot_amps_ratio_MxSpd": 0.968398988, "Mot_power_ratio_MFD": 0.496881545, "Mot_power_ratio_MxSpd": 0.497566134, "Power_MFD": 3426.073, "Power_MxSpd": 3822.09473, "Speed_MFD": 40.0}