{
  "generator_version":"UAV2_gen12",
  "name":"design_3914_39377a4d750749ed8d6250c2b28c1fb3_dw_dl",
  "hub":{
    "node_type":"ConnectedHub4_Sym",
    "mainSegment":{
      "node_type":"SidewaysBendWithTopSegment",
      "angle":-90.0,
      "armLength":286.32455838350904,
      "mainSegment":{
        "node_type":"AngledWingArm",
        "arm1Length":79.25060332628051,
        "arm2Length":182.9885878519272,
        "wing":{
          "wingType":"Wing_horiz_hole",
          "nacaProfile":"0025",
          "span":414.87466209681656,
          "chordInner":388.52495885478135,
          "chordOuter":107.5064818542254,
          "taperOffset":false,
          "aileronBias":0.7722236550869691,
          "flapBias":0.35313953594842595,
          "load":200.1857267936379,
          "tubeOffset":29.656755590480106,
          "tubeRot":265.7911252366289
        },
        "servo":{
          "servoType":"Hitec_HS_55"
        }
      },
      "topSegment":{
        "node_type":"BendSegment",
        "angle":-90.0,
        "armLength":418.5472009108057,
        "mainSegment":{
          "node_type":"PropArm",
          "armLength":472.5664304197976,
          "motor":{
            "motorType":"t_motor_MN5212KV420"
          },
          "prop":{
            "propType":"apc_propellers_20x10E"
          },
          "flange":{
            "offset":-41.43115425316708,
            "angle":0.0
          }
        }
      }
    }
  },
  "fuselageWithComponents":{
    "node_type":"DualBatteryFuselageWithComponents",
    "battery":{
      "batteryType":"Tattu25C22000mAh14S1P"
    },
    "fuselage":{
      "length":559.0,
      "vertDiameter":354.0,
      "horzDiameter":422.4,
      "floorHeight":59.0,
      "battery1X":-139.75,
      "battery1Y":6.0,
      "battery2X":140.75,
      "battery2Y":6.0,
      "rpmX":0.0,
      "rpmY":-130.8,
      "autoPilotX":0.0,
      "autoPilotY":74.5,
      "currentX":0.0,
      "currentY":-110.65,
      "voltageX":0.0,
      "voltageY":128.3,
      "gpsX":0.0,
      "gpsY":-70.5,
      "varioX":0.0,
      "varioY":106.65
    }
  }
}