{"Interferences": 8, "Mass": 4.805776419056557, "Batt_amps_ratio_MFD": 1.59842789, "Batt_amps_ratio_MxSpd": 1.76627016, "Distance_MxSpd": 695.703308, "Max_Distance": 720.70813, "Hover_Time": 34.7749214, "Max_Speed": 32.0, "Max_uc_at_MFD": 0.76576364, "Mot_amps_ratio_MFD": 0.790281892, "Mot_amps_ratio_MxSpd": 0.749918759, "Mot_power_ratio_MFD": 0.592711449, "Mot_power_ratio_MxSpd": 0.562439084, "Power_MFD": 1996.78455, "Power_MxSpd": 2398.18042, "Speed_MFD": 30.0}