{"Interferences": 12, "Mass": 5.386841455066847, "Batt_amps_ratio_MFD": 0.523632109, "Batt_amps_ratio_MxSpd": 1.36865664, "Distance_MxSpd": 3619.31543, "Max_Distance": 5280.04297, "Hover_Time": 320.829224, "Max_Speed": 43.0, "Max_uc_at_MFD": 0.562437534, "Mot_amps_ratio_MFD": 0.556999564, "Mot_amps_ratio_MxSpd": 0.982166946, "Mot_power_ratio_MFD": 0.557566702, "Mot_power_ratio_MxSpd": 0.983166933, "Power_MFD": 1259.08325, "Power_MxSpd": 6157.30029, "Speed_MFD": 24.0}