{"Interferences": 19, "Mass": 3.202549080215207, "Batt_amps_ratio_MFD": 0.64244163, "Batt_amps_ratio_MxSpd": 0.64244163, "Distance_MxSpd": 1255.2113, "Max_Distance": 1255.2113, "Hover_Time": 0.0, "Max_Speed": 21.0, "Max_uc_at_MFD": 0.978017628, "Mot_amps_ratio_MFD": 0.330818266, "Mot_amps_ratio_MxSpd": 0.330818266, "Mot_power_ratio_MFD": 0.156063527, "Mot_power_ratio_MxSpd": 0.156063527, "Power_MFD": 700.39679, "Power_MxSpd": 700.39679, "Speed_MFD": 21.0}