{
  "generator_version":"UAV2_gen12",
  "name":"design_6371_5149212486ab4201aa1445417ffb90bd_dw",
  "hub":{
    "node_type":"ConnectedHub3_2_1",
    "angle":125.47616042911535,
    "centerSegment":{
      "node_type":"PropArm",
      "armLength":429.35889710978665,
      "motor":{
        "motorType":"t_motor_AT3530KV580"
      },
      "prop":{
        "propType":"apc_propellers_18x8E"
      },
      "flange":{
        "offset":28.49438112905851,
        "angle":0.0
      }
    },
    "mainSegment":{
      "node_type":"AngledWingArm",
      "arm1Length":492.0494723743173,
      "arm2Length":113.5337859633464,
      "wing":{
        "wingType":"Wing_vert_hole",
        "nacaProfile":"4509",
        "span":1404.3675447240466,
        "chordInner":463.7372668025614,
        "chordOuter":185.51407758923068,
        "taperOffset":true,
        "aileronBias":0.9191125828584241,
        "flapBias":0.46391666287477407,
        "load":361.51668920058603,
        "tubeOffset":40.569580762060184,
        "tubeRot":270.0
      },
      "servo":{
        "servoType":"Hitec_D89MW"
      }
    }
  },
  "fuselageWithComponents":{
    "node_type":"DualBatteryFuselageWithComponents",
    "battery":{
      "batteryType":"Tattu10C32000mAh6S1PHV"
    },
    "fuselage":{
      "length":216.0,
      "vertDiameter":187.5,
      "horzDiameter":471.9,
      "floorHeight":31.25,
      "battery1X":0.0,
      "battery1Y":-25.0,
      "battery2X":0.0,
      "battery2Y":38.0,
      "rpmX":0.0,
      "rpmY":-147.3,
      "autoPilotX":0.0,
      "autoPilotY":91.0,
      "currentX":0.0,
      "currentY":-127.15,
      "voltageX":0.0,
      "voltageY":144.8,
      "gpsX":0.0,
      "gpsY":-87.0,
      "varioX":0.0,
      "varioY":123.15
    }
  }
}