{"Interferences": 15, "Mass": 5.777342514156871, "Batt_amps_ratio_MFD": 0.912028432, "Batt_amps_ratio_MxSpd": 1.76333714, "Distance_MxSpd": 479.091583, "Max_Distance": 842.078979, "Hover_Time": 36.1729813, "Max_Speed": 22.0, "Max_uc_at_MFD": 0.973200202, "Mot_amps_ratio_MFD": 0.90171957, "Mot_amps_ratio_MxSpd": 0.90892607, "Mot_power_ratio_MFD": 0.444848329, "Mot_power_ratio_MxSpd": 0.448403507, "Power_MFD": 1174.73303, "Power_MxSpd": 2493.47729, "Speed_MFD": 20.0}