{"Interferences": 31, "Mass": 3.555260444072425, "Batt_amps_ratio_MFD": 0.951387823, "Batt_amps_ratio_MxSpd": 1.38922334, "Distance_MxSpd": 967.447083, "Max_Distance": 1130.13843, "Hover_Time": 73.0428925, "Max_Speed": 35.0, "Max_uc_at_MFD": 0.987336576, "Mot_amps_ratio_MFD": 0.82689625, "Mot_amps_ratio_MxSpd": 0.658263147, "Mot_power_ratio_MFD": 0.413448125, "Mot_power_ratio_MxSpd": 0.329131573, "Power_MFD": 1255.22961, "Power_MxSpd": 2046.83337, "Speed_MFD": 28.0}