{"Interferences": 25, "Mass": 3.389849450433593, "Batt_amps_ratio_MFD": 0.808891416, "Batt_amps_ratio_MxSpd": 0.808891416, "Distance_MxSpd": 664.613281, "Max_Distance": 664.613281, "Hover_Time": 53.5892067, "Max_Speed": 14.0, "Max_uc_at_MFD": 0.993865848, "Mot_amps_ratio_MFD": 0.343835026, "Mot_amps_ratio_MxSpd": 0.343835026, "Mot_power_ratio_MFD": 0.0848126337, "Mot_power_ratio_MxSpd": 0.0848126337, "Power_MFD": 427.306274, "Power_MxSpd": 427.306274, "Speed_MFD": 14.0}