{"Interferences": 95, "Mass": 8.469606423466164, "Batt_amps_ratio_MFD": 0.57980901, "Batt_amps_ratio_MxSpd": 0.57980901, "Distance_MxSpd": 66.2287064, "Max_Distance": 66.2287064, "Hover_Time": 0.0, "Max_Speed": 1.0, "Max_uc_at_MFD": 1.0, "Mot_amps_ratio_MFD": 0.798853457, "Mot_amps_ratio_MxSpd": 0.798853457, "Mot_power_ratio_MFD": 0.533111215, "Mot_power_ratio_MxSpd": 0.533111215, "Power_MFD": 3401.35303, "Power_MxSpd": 3401.35303, "Speed_MFD": 1.0}