{"Interferences": 14, "Mass": 6.479085118379075, "Batt_amps_ratio_MFD": 0.277346134, "Batt_amps_ratio_MxSpd": 0.277346134, "Distance_MxSpd": 6922.75781, "Max_Distance": 6922.75781, "Hover_Time": 399.211853, "Max_Speed": 20.0, "Max_uc_at_MFD": 0.608541548, "Mot_amps_ratio_MFD": 0.883684635, "Mot_amps_ratio_MxSpd": 0.883684635, "Mot_power_ratio_MFD": 0.784711957, "Mot_power_ratio_MxSpd": 0.784711957, "Power_MFD": 1131.40222, "Power_MxSpd": 1131.40222, "Speed_MFD": 20.0}