{"Interferences": 20, "Mass": 2.954605538099361, "Batt_amps_ratio_MFD": 0.541175127, "Batt_amps_ratio_MxSpd": 0.541175127, "Distance_MxSpd": 1277.22058, "Max_Distance": 1277.22058, "Hover_Time": 0.0, "Max_Speed": 18.0, "Max_uc_at_MFD": 0.899033129, "Mot_amps_ratio_MFD": 0.549358249, "Mot_amps_ratio_MxSpd": 0.549358249, "Mot_power_ratio_MFD": 0.20605284, "Mot_power_ratio_MxSpd": 0.20605284, "Power_MFD": 499.149963, "Power_MxSpd": 499.149963, "Speed_MFD": 18.0}