{"Interferences": 77, "Mass": 3.437917727774535, "Batt_amps_ratio_MFD": 0.530700505, "Batt_amps_ratio_MxSpd": 0.530700505, "Distance_MxSpd": 1302.42957, "Max_Distance": 1302.42957, "Hover_Time": 86.9603958, "Max_Speed": 18.0, "Max_uc_at_MFD": 0.996202767, "Mot_amps_ratio_MFD": 0.2898148, "Mot_amps_ratio_MxSpd": 0.2898148, "Mot_power_ratio_MFD": 0.108741775, "Mot_power_ratio_MxSpd": 0.108741775, "Power_MFD": 517.397705, "Power_MxSpd": 517.397705, "Speed_MFD": 18.0}