{"Interferences": 3, "Mass": 3.343067189778571, "Batt_amps_ratio_MFD": 0.90175879, "Batt_amps_ratio_MxSpd": 1.27336848, "Distance_MxSpd": 723.749695, "Max_Distance": 809.085571, "Hover_Time": 56.4614182, "Max_Speed": 24.0, "Max_uc_at_MFD": 0.935173154, "Mot_amps_ratio_MFD": 0.354564667, "Mot_amps_ratio_MxSpd": 0.99867481, "Mot_power_ratio_MFD": 0.225048512, "Mot_power_ratio_MxSpd": 0.501030087, "Power_MFD": 638.350647, "Power_MxSpd": 1186.28503, "Speed_MFD": 19.0}