{"Interferences": 27, "Mass": 10.893700749028122, "Batt_amps_ratio_MFD": 3.40161395, "Batt_amps_ratio_MxSpd": 3.40161395, "Distance_MxSpd": 2201.30786, "Max_Distance": 2201.30786, "Hover_Time": 0.0, "Max_Speed": 13.0, "Max_uc_at_MFD": 0.646035612, "Mot_amps_ratio_MFD": 0.969986022, "Mot_amps_ratio_MxSpd": 0.969986022, "Mot_power_ratio_MFD": 0.7231704, "Mot_power_ratio_MxSpd": 0.7231704, "Power_MFD": 6263.2373, "Power_MxSpd": 6263.2373, "Speed_MFD": 13.0}