{"Interferences": 2, "Mass": 4.41021665383897, "Batt_amps_ratio_MFD": 1.16638196, "Batt_amps_ratio_MxSpd": 1.16638196, "Distance_MxSpd": 724.291016, "Max_Distance": 724.291016, "Hover_Time": 42.9566841, "Max_Speed": 22.0, "Max_uc_at_MFD": 0.992036879, "Mot_amps_ratio_MFD": 0.383691519, "Mot_amps_ratio_MxSpd": 0.383691519, "Mot_power_ratio_MFD": 0.248440266, "Mot_power_ratio_MxSpd": 0.248440266, "Power_MFD": 1071.44287, "Power_MxSpd": 1071.44287, "Speed_MFD": 22.0}