{"Interferences": 5, "Mass": 4.196327764203154, "Batt_amps_ratio_MFD": 0.832409918, "Batt_amps_ratio_MxSpd": 0.832409918, "Distance_MxSpd": 92.2622375, "Max_Distance": 92.2622375, "Hover_Time": 47.2236404, "Max_Speed": 2.0, "Max_uc_at_MFD": 1.0, "Mot_amps_ratio_MFD": 0.48899284, "Mot_amps_ratio_MxSpd": 0.48899284, "Mot_power_ratio_MFD": 0.183993921, "Mot_power_ratio_MxSpd": 0.183993921, "Power_MFD": 926.750061, "Power_MxSpd": 926.750061, "Speed_MFD": 2.0}