{"Interferences": 42, "Mass": 4.94186780980871, "Batt_amps_ratio_MFD": 0.748821139, "Batt_amps_ratio_MxSpd": 0.748821139, "Distance_MxSpd": 564.08667, "Max_Distance": 564.08667, "Hover_Time": 51.3679085, "Max_Speed": 11.0, "Max_uc_at_MFD": 0.999999881, "Mot_amps_ratio_MFD": 0.257008106, "Mot_amps_ratio_MxSpd": 0.257008106, "Mot_power_ratio_MFD": 0.118866242, "Mot_power_ratio_MxSpd": 0.118866242, "Power_MFD": 776.002197, "Power_MxSpd": 776.002197, "Speed_MFD": 11.0}