{"Interferences": 18, "Mass": 7.234923222664255, "Batt_amps_ratio_MFD": 2.72072935, "Batt_amps_ratio_MxSpd": 2.72072935, "Distance_MxSpd": 268.163391, "Max_Distance": 268.163391, "Hover_Time": 0.0, "Max_Speed": 19.0, "Max_uc_at_MFD": 0.852285147, "Mot_amps_ratio_MFD": 0.951337397, "Mot_amps_ratio_MxSpd": 0.951337397, "Mot_power_ratio_MFD": 0.953365326, "Mot_power_ratio_MxSpd": 0.953365326, "Power_MFD": 2396.2124, "Power_MxSpd": 2396.2124, "Speed_MFD": 19.0}