{"Interferences": 14, "Mass": 6.652185967530042, "Batt_amps_ratio_MFD": 0.343406588, "Batt_amps_ratio_MxSpd": 0.343406588, "Distance_MxSpd": 1341.84961, "Max_Distance": 1341.84961, "Hover_Time": 0.0, "Max_Speed": 12.0, "Max_uc_at_MFD": 0.771268308, "Mot_amps_ratio_MFD": 0.843899667, "Mot_amps_ratio_MxSpd": 0.843899667, "Mot_power_ratio_MFD": 0.780607164, "Mot_power_ratio_MxSpd": 0.780607164, "Power_MFD": 1610.39111, "Power_MxSpd": 1610.39111, "Speed_MFD": 12.0}