{
  "generator_version":"UAV2_gen12",
  "name":"design_7767_ed171dd9cc4d41fe80f76b5a6f5b2611_dw",
  "hub":{
    "node_type":"ConnectedHub6_2_2_2",
    "frontSegment":{
      "node_type":"DoubleBendSegment",
      "angle":-90.0,
      "arm1Length":290.3107812206298,
      "arm2Length":365.34741085138813,
      "mainSegment":{
        "node_type":"AngledWingArm",
        "arm1Length":294.07605601676244,
        "arm2Length":96.282585536184,
        "wing":{
          "wingType":"Wing_vert_hole",
          "nacaProfile":"6315",
          "span":823.1018198187146,
          "chordInner":362.59791517567504,
          "chordOuter":120.00677959140356,
          "taperOffset":true,
          "aileronBias":0.7598465957817554,
          "flapBias":0.9065833426346083,
          "load":817.0670419854869,
          "tubeOffset":66.81720121723845,
          "tubeRot":270.0
        },
        "servo":{
          "servoType":"Hitec_HS_625MG"
        }
      }
    },
    "middleSegment":{
      "node_type":"AngledPropArm",
      "armLength":328.76729702258837,
      "motor":{
        "motorType":"t_motor_MN5208KV340"
      },
      "prop":{
        "propType":"apc_propellers_15_5x12W"
      }
    },
    "rearSegment":{
      "node_type":"WingArm",
      "armLength":269.07310034263713,
      "wing":{
        "wingType":"Wing_vert_hole",
        "nacaProfile":"4515",
        "span":1359.5037040523293,
        "chordInner":305.6588692006401,
        "chordOuter":73.91474951062017,
        "taperOffset":true,
        "aileronBias":0.715100721818004,
        "flapBias":0.308501722727884,
        "load":383.9710661805963,
        "tubeOffset":80.09472949645692,
        "tubeRot":276.9601075134507
      },
      "servo":{
        "servoType":"Hitec_HS_625MG"
      }
    }
  },
  "fuselageWithComponents":{
    "node_type":"DualBatteryFuselageWithComponents",
    "battery":{
      "batteryType":"TurnigyGraphene1500mAh3S75C"
    },
    "fuselage":{
      "length":90.0,
      "vertDiameter":52.5,
      "horzDiameter":363.9,
      "floorHeight":8.75,
      "battery1X":0.0,
      "battery1Y":-7.0,
      "battery2X":0.0,
      "battery2Y":20.0,
      "rpmX":0.0,
      "rpmY":-111.3,
      "autoPilotX":0.0,
      "autoPilotY":55.0,
      "currentX":0.0,
      "currentY":-91.15,
      "voltageX":0.0,
      "voltageY":108.8,
      "gpsX":0.0,
      "gpsY":-51.0,
      "varioX":0.0,
      "varioY":87.15
    }
  }
}