{
  "generator_version":"UAV2_gen12",
  "name":"design_4144_d5b565c5d7a24d74a72d2e0d301e8b0f_s",
  "hub":{
    "node_type":"ConnectedHub6_2_2_2",
    "frontSegment":{
      "node_type":"AngledWingArm",
      "arm1Length":273.4277212295664,
      "arm2Length":194.36133753799672,
      "wing":{
        "wingType":"Wing_horiz_hole",
        "nacaProfile":"2418",
        "span":617.6041906791909,
        "chordInner":472.45097287701736,
        "chordOuter":145.3599168505947,
        "taperOffset":false,
        "aileronBias":0.36937100984111226,
        "flapBias":0.45559480084645365,
        "load":732.8698823674222,
        "tubeOffset":43.17432801172668,
        "tubeRot":296.3921044304257
      },
      "servo":{
        "servoType":"Hitec_HS_40"
      }
    },
    "middleSegment":{
      "node_type":"BranchSegment_Sym",
      "armLength":353.71524679941655,
      "angle":114.18634833759195,
      "mainSegment":{
        "node_type":"AngledPropArm",
        "armLength":179.9271742930268,
        "motor":{
          "motorType":"t_motor_U7_V2.0KV490"
        },
        "prop":{
          "propType":"apc_propellers_15x8"
        }
      }
    },
    "rearSegment":{
      "node_type":"AngledWingArm",
      "arm1Length":287.522858801325,
      "arm2Length":96.546986820728,
      "wing":{
        "wingType":"Wing_vert_hole",
        "nacaProfile":"4309",
        "span":882.4441100770938,
        "chordInner":463.2618900241688,
        "chordOuter":156.31129257319014,
        "taperOffset":false,
        "aileronBias":0.9290890003935223,
        "flapBias":0.681461183749029,
        "load":140.8693421994833,
        "tubeOffset":78.73982140187037,
        "tubeRot":236.23240579792343
      },
      "servo":{
        "servoType":"Hitec_HS_225BB"
      }
    }
  },
  "fuselageWithComponents":{
    "node_type":"SingleBatteryFuselageWithComponents",
    "battery":{
      "batteryType":"Tattu25C11000mAh6S1PHV"
    },
    "fuselage":{
      "length":176.0,
      "vertDiameter":97.5,
      "horzDiameter":369.9,
      "floorHeight":16.25,
      "batteryX":0.0,
      "batteryY":6.0,
      "rpmX":0.0,
      "rpmY":-113.3,
      "autoPilotX":0.0,
      "autoPilotY":57.0,
      "currentX":0.0,
      "currentY":-93.15,
      "voltageX":0.0,
      "voltageY":110.8,
      "gpsX":0.0,
      "gpsY":-53.0,
      "varioX":0.0,
      "varioY":89.15
    }
  }
}