{"Interferences": 0, "Mass": 4.118674262466781, "Batt_amps_ratio_MFD": 0.165212169, "Batt_amps_ratio_MxSpd": 0.191930771, "Distance_MxSpd": 5001.80371, "Max_Distance": 5113.4248, "Hover_Time": 317.276764, "Max_Speed": 25.0, "Max_uc_at_MFD": 0.978867292, "Mot_amps_ratio_MFD": 0.318988502, "Mot_amps_ratio_MxSpd": 0.348387599, "Mot_power_ratio_MFD": 0.200643763, "Mot_power_ratio_MxSpd": 0.219135806, "Power_MFD": 964.422852, "Power_MxSpd": 1189.33459, "Speed_MFD": 22.0}