{"Interferences": 17, "Mass": 4.078728480018201, "Batt_amps_ratio_MFD": 1.80956864, "Batt_amps_ratio_MxSpd": 1.80956864, "Distance_MxSpd": 297.087372, "Max_Distance": 297.087372, "Hover_Time": 0.0, "Max_Speed": 14.0, "Max_uc_at_MFD": 0.781547904, "Mot_amps_ratio_MFD": 0.901761234, "Mot_amps_ratio_MxSpd": 0.901761234, "Mot_power_ratio_MFD": 0.676701963, "Mot_power_ratio_MxSpd": 0.676701963, "Power_MFD": 1680.49231, "Power_MxSpd": 1680.49231, "Speed_MFD": 14.0}