{"Interferences": 19, "Mass": 5.953887752815109, "Batt_amps_ratio_MFD": 1.90829229, "Batt_amps_ratio_MxSpd": 2.3198216, "Distance_MxSpd": 99.3179855, "Max_Distance": 100.613518, "Hover_Time": 0.0, "Max_Speed": 6.0, "Max_uc_at_MFD": 0.837871969, "Mot_amps_ratio_MFD": 0.739825487, "Mot_amps_ratio_MxSpd": 0.769360244, "Mot_power_ratio_MFD": 0.349012673, "Mot_power_ratio_MxSpd": 0.362945676, "Power_MFD": 1710.73499, "Power_MxSpd": 2274.75708, "Speed_MFD": 5.0}