{"Interferences": 60, "Mass": 6.502598745507699, "Batt_amps_ratio_MFD": 0.619055867, "Batt_amps_ratio_MxSpd": 0.786451638, "Distance_MxSpd": 3348.13062, "Max_Distance": 3721.79663, "Hover_Time": 150.34671, "Max_Speed": 32.0, "Max_uc_at_MFD": 0.752092421, "Mot_amps_ratio_MFD": 0.912935972, "Mot_amps_ratio_MxSpd": 0.890818655, "Mot_power_ratio_MFD": 0.913865507, "Mot_power_ratio_MxSpd": 0.891725659, "Power_MFD": 1780.69373, "Power_MxSpd": 2402.59229, "Speed_MFD": 28.0}