{"Interferences": 16, "Mass": 6.216638817027542, "Batt_amps_ratio_MFD": 0.905411005, "Batt_amps_ratio_MxSpd": 0.905411005, "Distance_MxSpd": 1145.11523, "Max_Distance": 1145.11523, "Hover_Time": 0.0, "Max_Speed": 9.0, "Max_uc_at_MFD": 0.999995887, "Mot_amps_ratio_MFD": 0.958606243, "Mot_amps_ratio_MxSpd": 0.958606243, "Mot_power_ratio_MFD": 0.500730753, "Mot_power_ratio_MxSpd": 0.500730753, "Power_MFD": 2982.61572, "Power_MxSpd": 2982.61572, "Speed_MFD": 9.0}