{"Interferences": 0, "Mass": 7.823956176238924, "Batt_amps_ratio_MFD": 0.548751473, "Batt_amps_ratio_MxSpd": 0.548751473, "Distance_MxSpd": 5878.0708, "Max_Distance": 5878.0708, "Hover_Time": 279.005188, "Max_Speed": 28.0, "Max_uc_at_MFD": 0.998932123, "Mot_amps_ratio_MFD": 0.138045862, "Mot_amps_ratio_MxSpd": 0.138045862, "Mot_power_ratio_MFD": 0.0592052676, "Mot_power_ratio_MxSpd": 0.0592052676, "Power_MFD": 2335.39575, "Power_MxSpd": 2335.39575, "Speed_MFD": 28.0}