{"Interferences": 88, "Mass": 5.288913750432772, "Batt_amps_ratio_MFD": 0.222092703, "Batt_amps_ratio_MxSpd": 0.222092703, "Distance_MxSpd": 2939.31323, "Max_Distance": 2939.31323, "Hover_Time": 187.876282, "Max_Speed": 17.0, "Max_uc_at_MFD": 0.990683854, "Mot_amps_ratio_MFD": 0.2768538, "Mot_amps_ratio_MxSpd": 0.2768538, "Mot_power_ratio_MFD": 0.128044873, "Mot_power_ratio_MxSpd": 0.128044873, "Power_MFD": 833.123413, "Power_MxSpd": 833.123413, "Speed_MFD": 17.0}