{"Interferences": 0, "Mass": 8.079873327348636, "Batt_amps_ratio_MFD": 0.476932675, "Batt_amps_ratio_MxSpd": 0.476932675, "Distance_MxSpd": 241.543533, "Max_Distance": 241.543533, "Hover_Time": 240.800629, "Max_Speed": 1.0, "Max_uc_at_MFD": 1.0, "Mot_amps_ratio_MFD": 0.918337822, "Mot_amps_ratio_MxSpd": 0.918337822, "Mot_power_ratio_MFD": 0.490736783, "Mot_power_ratio_MxSpd": 0.490736783, "Power_MFD": 6004.31641, "Power_MxSpd": 6004.31641, "Speed_MFD": 1.0}