{"Interferences": 2, "Mass": 3.2815159696168066, "Batt_amps_ratio_MFD": 0.767839253, "Batt_amps_ratio_MxSpd": 0.919430673, "Distance_MxSpd": 1044.12439, "Max_Distance": 1050.21985, "Hover_Time": 68.8920746, "Max_Speed": 25.0, "Max_uc_at_MFD": 0.971148074, "Mot_amps_ratio_MFD": 0.31605801, "Mot_amps_ratio_MxSpd": 0.285570711, "Mot_power_ratio_MFD": 0.19490245, "Mot_power_ratio_MxSpd": 0.176101938, "Power_MFD": 735.890015, "Power_MxSpd": 985.163818, "Speed_MFD": 21.0}