{"Interferences": 0, "Mass": 4.583843910227578, "Batt_amps_ratio_MFD": 0.250299901, "Batt_amps_ratio_MxSpd": 0.250299901, "Distance_MxSpd": 3988.81519, "Max_Distance": 3988.81519, "Hover_Time": 227.545639, "Max_Speed": 26.0, "Max_uc_at_MFD": 0.800736248, "Mot_amps_ratio_MFD": 0.94042176, "Mot_amps_ratio_MxSpd": 0.94042176, "Mot_power_ratio_MFD": 0.913384616, "Mot_power_ratio_MxSpd": 0.913384616, "Power_MFD": 1683.9801, "Power_MxSpd": 1683.9801, "Speed_MFD": 26.0}