{"Interferences": 2, "Mass": 6.099202550225932, "Batt_amps_ratio_MFD": 0.826607049, "Batt_amps_ratio_MxSpd": 1.05689001, "Distance_MxSpd": 3451.63647, "Max_Distance": 4064.80933, "Hover_Time": 131.576965, "Max_Speed": 38.0, "Max_uc_at_MFD": 0.712200284, "Mot_amps_ratio_MFD": 0.816255748, "Mot_amps_ratio_MxSpd": 0.969912708, "Mot_power_ratio_MFD": 0.349723876, "Mot_power_ratio_MxSpd": 0.41555804, "Power_MFD": 3661.93481, "Power_MxSpd": 5244.73828, "Speed_MFD": 35.0}