{"Interferences": 72, "Mass": 11.968547890488002, "Batt_amps_ratio_MFD": 0.884651005, "Batt_amps_ratio_MxSpd": 0.884651005, "Distance_MxSpd": 8138.80225, "Max_Distance": 8138.80225, "Hover_Time": 329.64679, "Max_Speed": 25.0, "Max_uc_at_MFD": 0.865271986, "Mot_amps_ratio_MFD": 0.931427181, "Mot_amps_ratio_MxSpd": 0.931427181, "Mot_power_ratio_MFD": 0.884855866, "Mot_power_ratio_MxSpd": 0.884855866, "Power_MFD": 5148.94727, "Power_MxSpd": 5148.94727, "Speed_MFD": 25.0}