{"Interferences": 21, "Mass": 6.495924893718765, "Batt_amps_ratio_MFD": 0.398447752, "Batt_amps_ratio_MxSpd": 0.398447752, "Distance_MxSpd": 8384.53711, "Max_Distance": 8384.53711, "Hover_Time": 0.0, "Max_Speed": 29.0, "Max_uc_at_MFD": 0.986985683, "Mot_amps_ratio_MFD": 0.965509117, "Mot_amps_ratio_MxSpd": 0.965509117, "Mot_power_ratio_MFD": 0.917233706, "Mot_power_ratio_MxSpd": 0.917233706, "Power_MFD": 2096.37573, "Power_MxSpd": 2096.37573, "Speed_MFD": 29.0}