{"Interferences": 3, "Mass": 5.187493154776747, "Batt_amps_ratio_MFD": 0.730308115, "Batt_amps_ratio_MxSpd": 0.730308115, "Distance_MxSpd": 999.030396, "Max_Distance": 999.030396, "Hover_Time": 0.0, "Max_Speed": 19.0, "Max_uc_at_MFD": 0.925033927, "Mot_amps_ratio_MFD": 0.998645544, "Mot_amps_ratio_MxSpd": 0.998645544, "Mot_power_ratio_MFD": 0.500244617, "Mot_power_ratio_MxSpd": 0.500244617, "Power_MFD": 1407.32629, "Power_MxSpd": 1407.32629, "Speed_MFD": 19.0}