{"Interferences": 59, "Mass": 4.272183298168464, "Batt_amps_ratio_MFD": 1.14546645, "Batt_amps_ratio_MxSpd": 1.56960332, "Distance_MxSpd": 807.337769, "Max_Distance": 838.086487, "Hover_Time": 48.0334663, "Max_Speed": 33.0, "Max_uc_at_MFD": 0.817875981, "Mot_amps_ratio_MFD": 0.823948801, "Mot_amps_ratio_MxSpd": 0.993149459, "Mot_power_ratio_MFD": 0.309551239, "Mot_power_ratio_MxSpd": 0.373118609, "Power_MFD": 978.664001, "Power_MxSpd": 1683.9436, "Speed_MFD": 25.0}