{"Interferences": 7, "Mass": 3.967444244352501, "Batt_amps_ratio_MFD": 0.210881308, "Batt_amps_ratio_MxSpd": 0.328878075, "Distance_MxSpd": 3969.86035, "Max_Distance": 4370.23096, "Hover_Time": 262.399445, "Max_Speed": 34.0, "Max_uc_at_MFD": 0.578263164, "Mot_amps_ratio_MFD": 0.641278982, "Mot_amps_ratio_MxSpd": 0.968281269, "Mot_power_ratio_MFD": 0.474546462, "Mot_power_ratio_MxSpd": 0.716528118, "Power_MFD": 965.302856, "Power_MxSpd": 2128.92798, "Speed_MFD": 24.0}