{"Interferences": 9, "Mass": 3.714277845039581, "Batt_amps_ratio_MFD": 0.74919492, "Batt_amps_ratio_MxSpd": 0.74919492, "Distance_MxSpd": 1076.35535, "Max_Distance": 1076.35535, "Hover_Time": 55.1412086, "Max_Speed": 21.0, "Max_uc_at_MFD": 0.999866843, "Mot_amps_ratio_MFD": 0.682009578, "Mot_amps_ratio_MxSpd": 0.682009578, "Mot_power_ratio_MFD": 0.252343535, "Mot_power_ratio_MxSpd": 0.252343535, "Power_MFD": 790.468201, "Power_MxSpd": 790.468201, "Speed_MFD": 21.0}