{"Interferences": 6, "Mass": 5.309164559786869, "Batt_amps_ratio_MFD": 0.270865947, "Batt_amps_ratio_MxSpd": 0.270865947, "Distance_MxSpd": 3260.65356, "Max_Distance": 3260.65356, "Hover_Time": 174.941452, "Max_Speed": 23.0, "Max_uc_at_MFD": 0.969155192, "Mot_amps_ratio_MFD": 0.885531306, "Mot_amps_ratio_MxSpd": 0.885531306, "Mot_power_ratio_MFD": 0.745518625, "Mot_power_ratio_MxSpd": 0.745518625, "Power_MFD": 1252.69312, "Power_MxSpd": 1252.69312, "Speed_MFD": 23.0}