{"Interferences": 10, "Mass": 5.443728485040921, "Batt_amps_ratio_MFD": 0.318769366, "Batt_amps_ratio_MxSpd": 0.318769366, "Distance_MxSpd": 2047.87561, "Max_Distance": 2047.87561, "Hover_Time": 114.549118, "Max_Speed": 17.0, "Max_uc_at_MFD": 0.658109426, "Mot_amps_ratio_MFD": 0.793136537, "Mot_amps_ratio_MxSpd": 0.793136537, "Mot_power_ratio_MFD": 0.595187545, "Mot_power_ratio_MxSpd": 0.595187545, "Power_MFD": 1252.31116, "Power_MxSpd": 1252.31116, "Speed_MFD": 17.0}