{"Interferences": 2, "Mass": 6.438931743928639, "Batt_amps_ratio_MFD": 1.21880376, "Batt_amps_ratio_MxSpd": 1.21880376, "Distance_MxSpd": 724.644958, "Max_Distance": 724.644958, "Hover_Time": 40.3621788, "Max_Speed": 23.0, "Max_uc_at_MFD": 0.99999994, "Mot_amps_ratio_MFD": 0.165644333, "Mot_amps_ratio_MxSpd": 0.165644333, "Mot_power_ratio_MFD": 0.0354850665, "Mot_power_ratio_MxSpd": 0.0354850665, "Power_MFD": 1356.95105, "Power_MxSpd": 1356.95105, "Speed_MFD": 23.0}