{"Interferences": 69, "Mass": 3.408168608372311, "Batt_amps_ratio_MFD": 0.663447499, "Batt_amps_ratio_MxSpd": 0.693739533, "Distance_MxSpd": 1273.10034, "Max_Distance": 1273.34875, "Hover_Time": 83.8798141, "Max_Speed": 23.0, "Max_uc_at_MFD": 0.999292791, "Mot_amps_ratio_MFD": 0.272419602, "Mot_amps_ratio_MxSpd": 0.261584222, "Mot_power_ratio_MFD": 0.136348486, "Mot_power_ratio_MxSpd": 0.130925283, "Power_MFD": 697.670105, "Power_MxSpd": 745.55426, "Speed_MFD": 22.0}