{"Interferences": 8, "Mass": 2.7379664355908, "Batt_amps_ratio_MFD": 0.362009853, "Batt_amps_ratio_MxSpd": 0.362009853, "Distance_MxSpd": 212.148911, "Max_Distance": 212.148911, "Hover_Time": 105.949982, "Max_Speed": 2.0, "Max_uc_at_MFD": 0.589786589, "Mot_amps_ratio_MFD": 0.468090653, "Mot_amps_ratio_MxSpd": 0.468090653, "Mot_power_ratio_MFD": 0.351142138, "Mot_power_ratio_MxSpd": 0.351142138, "Power_MFD": 413.051819, "Power_MxSpd": 413.051819, "Speed_MFD": 2.0}