{"Interferences": 1, "Mass": 7.978603541222099, "Batt_amps_ratio_MFD": 1.57373834, "Batt_amps_ratio_MxSpd": 2.2018621, "Distance_MxSpd": 2092.77417, "Max_Distance": 2342.44775, "Hover_Time": 92.6656036, "Max_Speed": 40.0, "Max_uc_at_MFD": 0.568109274, "Mot_amps_ratio_MFD": 0.611721337, "Mot_amps_ratio_MxSpd": 0.959203243, "Mot_power_ratio_MFD": 0.456067115, "Mot_power_ratio_MxSpd": 0.715131342, "Power_MFD": 4144.84912, "Power_MxSpd": 7128.95117, "Speed_MFD": 32.0}