{
  "generator_version":"UAV2_gen12",
  "name":"design_2857_c4804f4d039c496d96a75453d78b8d19_dw",
  "hub":{
    "node_type":"ConnectedHub4_2_2",
    "frontSegment":{
      "node_type":"AngledPropArm",
      "armLength":326.0070497143464,
      "motor":{
        "motorType":"t_motor_AntigravityMN4006KV380"
      },
      "prop":{
        "propType":"apc_propellers_17x6E"
      }
    },
    "rearSegment":{
      "node_type":"AngledWingArm",
      "arm1Length":384.6355763848185,
      "arm2Length":117.71697496531316,
      "wing":{
        "wingType":"Wing_vert_hole",
        "nacaProfile":"6312",
        "span":559.3412872320548,
        "chordInner":467.87079696838816,
        "chordOuter":57.03935051729429,
        "taperOffset":false,
        "aileronBias":0.8579312115108383,
        "flapBias":0.9331216977367631,
        "load":594.4972337627395,
        "tubeOffset":47.380082863463315,
        "tubeRot":242.61441580950464
      },
      "servo":{
        "servoType":"Hitec_HS_7245MH"
      }
    }
  },
  "fuselageWithComponents":{
    "node_type":"DualBatteryFuselageWithComponents",
    "battery":{
      "batteryType":"TattuPlus15C16000mAh12S1Pcompact"
    },
    "fuselage":{
      "length":217.5,
      "vertDiameter":225.0,
      "horzDiameter":528.9,
      "floorHeight":37.5,
      "battery1X":0.0,
      "battery1Y":-34.5,
      "battery2X":0.0,
      "battery2Y":47.5,
      "rpmX":0.0,
      "rpmY":-166.3,
      "autoPilotX":0.0,
      "autoPilotY":110.0,
      "currentX":0.0,
      "currentY":-146.15,
      "voltageX":0.0,
      "voltageY":163.8,
      "gpsX":0.0,
      "gpsY":-106.0,
      "varioX":0.0,
      "varioY":142.15
    }
  }
}