{
  "generator_version":"UAV2_gen12",
  "name":"design_3736_bd702cc8d8414694a1fb32f034d0edb6_dw_dl",
  "hub":{
    "node_type":"ConnectedHub6_2_2_2",
    "frontSegment":{
      "node_type":"AngledPropArm",
      "armLength":277.9455613651103,
      "motor":{
        "motorType":"t_motor_MN5212KV340"
      },
      "prop":{
        "propType":"apc_propellers_15x10"
      }
    },
    "middleSegment":{
      "node_type":"AngledWingArm",
      "arm1Length":247.72066536441116,
      "arm2Length":141.6278868571723,
      "wing":{
        "wingType":"Wing_horiz_hole",
        "nacaProfile":"0021",
        "span":1819.5109528042153,
        "chordInner":440.2677265275694,
        "chordOuter":100.30012640258987,
        "taperOffset":false,
        "aileronBias":0.12353219783742224,
        "flapBias":0.17683781650576247,
        "load":433.5812858804823,
        "tubeOffset":37.450472391401,
        "tubeRot":311.4333668770653
      },
      "servo":{
        "servoType":"Hitec_HS_645MG"
      }
    },
    "rearSegment":{
      "node_type":"WingArm",
      "armLength":155.79362113541305,
      "wing":{
        "wingType":"Wing_horiz_hole",
        "nacaProfile":"2518",
        "span":1813.750660677575,
        "chordInner":355.3616289212408,
        "chordOuter":137.7087996409467,
        "taperOffset":false,
        "aileronBias":0.34098418562355753,
        "flapBias":0.6674801907480776,
        "load":911.1527299460618,
        "tubeOffset":85.5553087083062,
        "tubeRot":223.94552342878765
      },
      "servo":{
        "servoType":"Hitec_HS_65HB"
      }
    }
  },
  "fuselageWithComponents":{
    "node_type":"DualBatteryFuselageWithComponents",
    "battery":{
      "batteryType":"TurnigyGraphene2200mAh4S75C"
    },
    "fuselage":{
      "length":213.0,
      "vertDiameter":52.5,
      "horzDiameter":347.4,
      "floorHeight":8.75,
      "battery1X":-53.25,
      "battery1Y":6.0,
      "battery2X":54.25,
      "battery2Y":6.0,
      "rpmX":0.0,
      "rpmY":-105.8,
      "autoPilotX":0.0,
      "autoPilotY":49.5,
      "currentX":0.0,
      "currentY":-85.65,
      "voltageX":0.0,
      "voltageY":103.3,
      "gpsX":0.0,
      "gpsY":-45.5,
      "varioX":0.0,
      "varioY":81.65
    }
  }
}