{"Interferences": 0, "Mass": 4.070168897463431, "Batt_amps_ratio_MFD": 0.199445784, "Batt_amps_ratio_MxSpd": 0.199445784, "Distance_MxSpd": 4043.2041, "Max_Distance": 4043.2041, "Hover_Time": 265.921387, "Max_Speed": 21.0, "Max_uc_at_MFD": 0.997142375, "Mot_amps_ratio_MFD": 0.428704679, "Mot_amps_ratio_MxSpd": 0.428704679, "Mot_power_ratio_MFD": 0.160798207, "Mot_power_ratio_MxSpd": 0.160798207, "Power_MFD": 769.385071, "Power_MxSpd": 769.385071, "Speed_MFD": 21.0}