{"Interferences": 22, "Mass": 3.221485203218628, "Batt_amps_ratio_MFD": 1.36297429, "Batt_amps_ratio_MxSpd": 1.36297429, "Distance_MxSpd": 84.5210342, "Max_Distance": 84.5210342, "Hover_Time": 28.6055107, "Max_Speed": 3.0, "Max_uc_at_MFD": 0.889259338, "Mot_amps_ratio_MFD": 0.558917344, "Mot_amps_ratio_MxSpd": 0.558917344, "Mot_power_ratio_MFD": 0.868557572, "Mot_power_ratio_MxSpd": 0.868557572, "Power_MFD": 1134.99158, "Power_MxSpd": 1134.99158, "Speed_MFD": 3.0}