{
  "generator_version":"UAV2_gen12",
  "name":"design_3098_5d70dee2d935438685fe5122ea56716a_dw_dl",
  "hub":{
    "node_type":"ConnectedHub4_2_2",
    "frontSegment":{
      "node_type":"BendSegment",
      "angle":-116.71133498750514,
      "armLength":236.75784701285016,
      "mainSegment":{
        "node_type":"PropArm",
        "armLength":323.1328680010527,
        "motor":{
          "motorType":"kde_direct_KDE4014XF_380"
        },
        "prop":{
          "propType":"apc_propellers_15x7E"
        },
        "flange":{
          "offset":32.73861705446957,
          "angle":0.0
        }
      }
    },
    "rearSegment":{
      "node_type":"AngledWingArm",
      "arm1Length":390.4354980843982,
      "arm2Length":154.89623423123322,
      "wing":{
        "wingType":"Wing_vert_hole",
        "nacaProfile":"6512",
        "span":1284.1063463241253,
        "chordInner":132.716286830029,
        "chordOuter":158.67640513122302,
        "taperOffset":false,
        "aileronBias":0.6922446627843277,
        "flapBias":0.13325688401579172,
        "load":169.67883210069968,
        "tubeOffset":80.82572579883376,
        "tubeRot":270.0
      },
      "servo":{
        "servoType":"Hitec_HS_5496MH"
      }
    }
  },
  "fuselageWithComponents":{
    "node_type":"DualBatteryFuselageWithComponents",
    "battery":{
      "batteryType":"TurnigyGraphene1000mAh3S75C"
    },
    "fuselage":{
      "length":149.0,
      "vertDiameter":52.5,
      "horzDiameter":321.9,
      "floorHeight":8.75,
      "battery1X":-37.25,
      "battery1Y":6.0,
      "battery2X":38.25,
      "battery2Y":6.0,
      "rpmX":0.0,
      "rpmY":-97.3,
      "autoPilotX":0.0,
      "autoPilotY":41.0,
      "currentX":0.0,
      "currentY":-77.15,
      "voltageX":0.0,
      "voltageY":94.8,
      "gpsX":0.0,
      "gpsY":-37.0,
      "varioX":0.0,
      "varioY":73.15
    }
  }
}