{"Interferences": 58, "Mass": 11.273046108824673, "Batt_amps_ratio_MFD": 0.881529748, "Batt_amps_ratio_MxSpd": 1.63172853, "Distance_MxSpd": 4471.33203, "Max_Distance": 5662.8833, "Hover_Time": 248.440872, "Max_Speed": 38.0, "Max_uc_at_MFD": 0.996587455, "Mot_amps_ratio_MFD": 0.867025614, "Mot_amps_ratio_MxSpd": 0.889113188, "Mot_power_ratio_MFD": 0.427732617, "Mot_power_ratio_MxSpd": 0.43862918, "Power_MFD": 2546.09741, "Power_MxSpd": 5453.81836, "Speed_MFD": 26.0}