{"Interferences": 22, "Mass": 5.795514946381743, "Batt_amps_ratio_MFD": 0.533801675, "Batt_amps_ratio_MxSpd": 0.533801675, "Distance_MxSpd": 6294.47266, "Max_Distance": 6294.47266, "Hover_Time": 0.0, "Max_Speed": 35.0, "Max_uc_at_MFD": 0.694242358, "Mot_amps_ratio_MFD": 0.97129333, "Mot_amps_ratio_MxSpd": 0.97129333, "Mot_power_ratio_MFD": 0.951296091, "Mot_power_ratio_MxSpd": 0.951296091, "Power_MFD": 2839.97998, "Power_MxSpd": 2839.97998, "Speed_MFD": 35.0}