{"Interferences": 3, "Mass": 2.8787573436463347, "Batt_amps_ratio_MFD": 0.299589276, "Batt_amps_ratio_MxSpd": 0.299589276, "Distance_MxSpd": 640.877441, "Max_Distance": 640.877441, "Hover_Time": 128.78334, "Max_Speed": 5.0, "Max_uc_at_MFD": 0.785131991, "Mot_amps_ratio_MFD": 0.178600773, "Mot_amps_ratio_MxSpd": 0.178600773, "Mot_power_ratio_MFD": 0.112339891, "Mot_power_ratio_MxSpd": 0.112339891, "Power_MFD": 354.427917, "Power_MxSpd": 354.427917, "Speed_MFD": 5.0}