{"Interferences": 33, "Mass": 5.324162436638524, "Batt_amps_ratio_MFD": 0.869233251, "Batt_amps_ratio_MxSpd": 0.869233251, "Distance_MxSpd": 1192.77539, "Max_Distance": 1192.77539, "Hover_Time": 68.1926041, "Max_Speed": 27.0, "Max_uc_at_MFD": 0.393377632, "Mot_amps_ratio_MFD": 0.952272415, "Mot_amps_ratio_MxSpd": 0.952272415, "Mot_power_ratio_MFD": 0.981520772, "Mot_power_ratio_MxSpd": 0.981520772, "Power_MFD": 1496.40088, "Power_MxSpd": 1496.40088, "Speed_MFD": 27.0}