{
  "generator_version":"UAV2_gen12",
  "name":"design_7751_a34844eb05ab45b18f8350263b15acc5_s",
  "hub":{
    "node_type":"ConnectedHub4_Sym",
    "mainSegment":{
      "node_type":"BranchWithTopSegment_Asym",
      "armLength":317.1990480535423,
      "angle":120.0,
      "leftSegment":{
        "node_type":"PropArm",
        "armLength":322.3235464170318,
        "motor":{
          "motorType":"kde_direct_KDE5215XF_435"
        },
        "prop":{
          "propType":"apc_propellers_17x10N"
        },
        "flange":{
          "offset":43.59324827667456,
          "angle":180.0
        }
      },
      "rightSegment":{
        "node_type":"AngledWingArm",
        "arm1Length":249.4218807194792,
        "arm2Length":62.85390921915067,
        "wing":{
          "wingType":"Wing_vert_hole",
          "nacaProfile":"0015",
          "span":1311.9465805825755,
          "chordInner":458.0682502914734,
          "chordOuter":69.86233785578877,
          "taperOffset":true,
          "aileronBias":0.13994489844369934,
          "flapBias":0.18540098529484106,
          "load":610.4136720402546,
          "tubeOffset":88.84535771929565,
          "tubeRot":313.7008260955279
        },
        "servo":{
          "servoType":"Hitec_HS_5087MH"
        }
      },
      "topSegment":{
        "node_type":"WingArm",
        "armLength":195.33887190690402,
        "wing":{
          "wingType":"Wing_vert_hole",
          "nacaProfile":"4506",
          "span":1115.8193550833957,
          "chordInner":272.5222492304682,
          "chordOuter":95.40520333254565,
          "taperOffset":false,
          "aileronBias":0.8300942313294798,
          "flapBias":0.35996009252079453,
          "load":669.9901137202546,
          "tubeOffset":27.308839728259677,
          "tubeRot":267.2414736746488
        },
        "servo":{
          "servoType":"Hitec_HS_225BB"
        }
      }
    }
  },
  "fuselageWithComponents":{
    "node_type":"SingleBatteryFuselageWithComponents",
    "battery":{
      "batteryType":"TurnigyGraphene3000mAh6S75C"
    },
    "fuselage":{
      "length":137.0,
      "vertDiameter":67.5,
      "horzDiameter":356.4,
      "floorHeight":11.25,
      "batteryX":0.0,
      "batteryY":6.0,
      "rpmX":0.0,
      "rpmY":-108.8,
      "autoPilotX":0.0,
      "autoPilotY":52.5,
      "currentX":0.0,
      "currentY":-88.65,
      "voltageX":0.0,
      "voltageY":106.3,
      "gpsX":0.0,
      "gpsY":-48.5,
      "varioX":0.0,
      "varioY":84.65
    }
  }
}