{"Interferences": 12, "Mass": 5.11228666119078, "Batt_amps_ratio_MFD": 0.391482264, "Batt_amps_ratio_MxSpd": 0.391482264, "Distance_MxSpd": 2157.95215, "Max_Distance": 2157.95215, "Hover_Time": 0.0, "Max_Speed": 22.0, "Max_uc_at_MFD": 0.90935272, "Mot_amps_ratio_MFD": 0.436315149, "Mot_amps_ratio_MxSpd": 0.436315149, "Mot_power_ratio_MFD": 0.152553201, "Mot_power_ratio_MxSpd": 0.152553201, "Power_MFD": 1195.87366, "Power_MxSpd": 1195.87366, "Speed_MFD": 22.0}