{"Interferences": 42, "Mass": 4.458302224908521, "Batt_amps_ratio_MFD": 0.468755394, "Batt_amps_ratio_MxSpd": 0.468755394, "Distance_MxSpd": 1474.54309, "Max_Distance": 1474.54309, "Hover_Time": 0.0, "Max_Speed": 18.0, "Max_uc_at_MFD": 0.278708011, "Mot_amps_ratio_MFD": 0.690419853, "Mot_amps_ratio_MxSpd": 0.690419853, "Mot_power_ratio_MFD": 0.651411116, "Mot_power_ratio_MxSpd": 0.651411116, "Power_MFD": 727.061584, "Power_MxSpd": 727.061584, "Speed_MFD": 18.0}