{"Interferences": 7, "Mass": 5.12894499268741, "Batt_amps_ratio_MFD": 1.23603594, "Batt_amps_ratio_MxSpd": 1.23603594, "Distance_MxSpd": 403.871735, "Max_Distance": 403.871735, "Hover_Time": 38.237812, "Max_Speed": 13.0, "Max_uc_at_MFD": 0.989022553, "Mot_amps_ratio_MFD": 0.672341228, "Mot_amps_ratio_MxSpd": 0.672341228, "Mot_power_ratio_MFD": 0.40973267, "Mot_power_ratio_MxSpd": 0.40973267, "Power_MFD": 1408.99426, "Power_MxSpd": 1408.99426, "Speed_MFD": 13.0}