{"Interferences": 2, "Mass": 2.2666169416933224, "Batt_amps_ratio_MFD": 0.181081295, "Batt_amps_ratio_MxSpd": 0.181081295, "Distance_MxSpd": 0.0, "Max_Distance": 0.0, "Hover_Time": 212.059448, "Max_Speed": 0.0, "Max_uc_at_MFD": 0.761454999, "Mot_amps_ratio_MFD": 0.4442316, "Mot_amps_ratio_MxSpd": 0.4442316, "Mot_power_ratio_MFD": 0.222162709, "Mot_power_ratio_MxSpd": 0.222162709, "Power_MFD": 336.781189, "Power_MxSpd": 336.781189, "Speed_MFD": 0.0}