{"Interferences": 17, "Mass": 6.924471943991353, "Batt_amps_ratio_MFD": 0.588685513, "Batt_amps_ratio_MxSpd": 0.588685513, "Distance_MxSpd": 5283.63574, "Max_Distance": 5283.63574, "Hover_Time": 274.076202, "Max_Speed": 27.0, "Max_uc_at_MFD": 0.696597219, "Mot_amps_ratio_MFD": 0.780369282, "Mot_amps_ratio_MxSpd": 0.780369282, "Mot_power_ratio_MFD": 0.577473283, "Mot_power_ratio_MxSpd": 0.577473283, "Power_MFD": 1641.28674, "Power_MxSpd": 1641.28674, "Speed_MFD": 27.0}