{
  "generator_version":"UAV2_gen12",
  "name":"design_2623_fccd35110a084911952b947a8515a850_s",
  "hub":{
    "node_type":"ConnectedHub4_2_2",
    "frontSegment":{
      "node_type":"BendSegment",
      "angle":-90.0,
      "armLength":316.44583695559936,
      "mainSegment":{
        "node_type":"BranchSegment_Sym",
        "armLength":488.9875785327649,
        "angle":180.0,
        "mainSegment":{
          "node_type":"WingArm",
          "armLength":71.26081138626766,
          "wing":{
            "wingType":"Wing_horiz_hole",
            "nacaProfile":"6518",
            "span":1655.4409376696742,
            "chordInner":254.70328293811897,
            "chordOuter":113.9863644473007,
            "taperOffset":true,
            "aileronBias":0.3872517872985757,
            "flapBias":0.21573397941158612,
            "load":963.9990338437865,
            "tubeOffset":38.593812786257324,
            "tubeRot":226.95673568004037
          },
          "servo":{
            "servoType":"Hitec_HS_85BB"
          }
        }
      }
    },
    "rearSegment":{
      "node_type":"PropArm",
      "armLength":378.28144316304866,
      "motor":{
        "motorType":"kde_direct_KDE4012XF_400"
      },
      "prop":{
        "propType":"apc_propellers_17x10N"
      },
      "flange":{
        "offset":32.357575387899715,
        "angle":253.95365397469695
      }
    }
  },
  "fuselageWithComponents":{
    "node_type":"SingleBatteryFuselageWithComponents",
    "battery":{
      "batteryType":"Tattu25C22000mAh4S1P"
    },
    "fuselage":{
      "length":195.0,
      "vertDiameter":136.5,
      "horzDiameter":350.4,
      "floorHeight":22.75,
      "batteryX":0.0,
      "batteryY":6.0,
      "rpmX":0.0,
      "rpmY":-106.8,
      "autoPilotX":0.0,
      "autoPilotY":50.5,
      "currentX":0.0,
      "currentY":-86.65,
      "voltageX":0.0,
      "voltageY":104.3,
      "gpsX":0.0,
      "gpsY":-46.5,
      "varioX":0.0,
      "varioY":82.65
    }
  }
}