{"Interferences": 20, "Mass": 3.6493229622778514, "Batt_amps_ratio_MFD": 0.136264145, "Batt_amps_ratio_MxSpd": 0.136264145, "Distance_MxSpd": 6481.52881, "Max_Distance": 6481.52881, "Hover_Time": 376.275818, "Max_Speed": 23.0, "Max_uc_at_MFD": 0.899088264, "Mot_amps_ratio_MFD": 0.488661081, "Mot_amps_ratio_MxSpd": 0.488661081, "Mot_power_ratio_MFD": 0.366495818, "Mot_power_ratio_MxSpd": 0.366495818, "Power_MFD": 917.841309, "Power_MxSpd": 917.841309, "Speed_MFD": 23.0}