{"Interferences": 17, "Mass": 3.670691038115436, "Batt_amps_ratio_MFD": 0.628535748, "Batt_amps_ratio_MxSpd": 0.628535748, "Distance_MxSpd": 733.132507, "Max_Distance": 733.132507, "Hover_Time": 63.08004, "Max_Speed": 12.0, "Max_uc_at_MFD": 0.99830997, "Mot_amps_ratio_MFD": 0.686483026, "Mot_amps_ratio_MxSpd": 0.686483026, "Mot_power_ratio_MFD": 0.338664949, "Mot_power_ratio_MxSpd": 0.338664949, "Power_MFD": 639.594727, "Power_MxSpd": 639.594727, "Speed_MFD": 12.0}