{"Interferences": 4, "Mass": 4.837475979852767, "Batt_amps_ratio_MFD": 0.829407513, "Batt_amps_ratio_MxSpd": 0.829407513, "Distance_MxSpd": 833.365967, "Max_Distance": 833.365967, "Hover_Time": 53.5855179, "Max_Speed": 18.0, "Max_uc_at_MFD": 0.991701007, "Mot_amps_ratio_MFD": 0.557496667, "Mot_amps_ratio_MxSpd": 0.557496667, "Mot_power_ratio_MFD": 0.372456729, "Mot_power_ratio_MxSpd": 0.372456729, "Power_MFD": 1110.11597, "Power_MxSpd": 1110.11597, "Speed_MFD": 18.0}