{"Interferences": 2, "Mass": 4.017568896715625, "Batt_amps_ratio_MFD": 2.18834686, "Batt_amps_ratio_MxSpd": 2.18834686, "Distance_MxSpd": 87.7374573, "Max_Distance": 87.7374573, "Hover_Time": 0.0, "Max_Speed": 5.0, "Max_uc_at_MFD": 0.463044912, "Mot_amps_ratio_MFD": 0.985631883, "Mot_amps_ratio_MxSpd": 0.985631883, "Mot_power_ratio_MFD": 0.740588605, "Mot_power_ratio_MxSpd": 0.740588605, "Power_MFD": 1565.479, "Power_MxSpd": 1565.479, "Speed_MFD": 5.0}