{
  "generator_version":"UAV2_gen12",
  "name":"design_8644_0181adcfce63412f8e0a92f39321e455_dw_dl",
  "hub":{
    "node_type":"ConnectedHub6_2_2_2",
    "frontSegment":{
      "node_type":"AngledWingArm",
      "arm1Length":82.36334862223222,
      "arm2Length":145.75804730695472,
      "wing":{
        "wingType":"Wing_horiz_hole",
        "nacaProfile":"6712",
        "span":1650.854273677924,
        "chordInner":253.04391777820894,
        "chordOuter":169.40245523882294,
        "taperOffset":false,
        "aileronBias":0.5437258055849072,
        "flapBias":0.3926779700799985,
        "load":301.19978097935285,
        "tubeOffset":62.59843764623339,
        "tubeRot":246.02452731242028
      },
      "servo":{
        "servoType":"Hitec_HS_85MG"
      }
    },
    "middleSegment":{
      "node_type":"PropArm",
      "armLength":289.7631351526268,
      "motor":{
        "motorType":"t_motor_AT4130KV450"
      },
      "prop":{
        "propType":"apc_propellers_16x5_5MR"
      },
      "flange":{
        "offset":-20.418840428103035,
        "angle":115.72823087526243
      }
    },
    "rearSegment":{
      "node_type":"BranchSegment_Asym",
      "armLength":108.00359297991466,
      "angle":120.0,
      "frontSegment":{
        "node_type":"PropArm",
        "armLength":191.6384508113255,
        "motor":{
          "motorType":"t_motor_U7_V2.0KV420"
        },
        "prop":{
          "propType":"apc_propellers_16x12E"
        },
        "flange":{
          "offset":-40.70171948532345,
          "angle":0.0
        }
      },
      "rearSegment":{
        "node_type":"PropArm",
        "armLength":76.26617453461768,
        "motor":{
          "motorType":"kde_direct_KDE4014XF_380"
        },
        "prop":{
          "propType":"apc_propellers_17x10WE"
        },
        "flange":{
          "offset":-49.73294330372846,
          "angle":0.0
        }
      }
    }
  },
  "fuselageWithComponents":{
    "node_type":"DualBatteryFuselageWithComponents",
    "battery":{
      "batteryType":"Tattu10C40000mAh6S1PHV"
    },
    "fuselage":{
      "length":517.0,
      "vertDiameter":184.5,
      "horzDiameter":378.9,
      "floorHeight":30.75,
      "battery1X":-129.25,
      "battery1Y":6.0,
      "battery2X":130.25,
      "battery2Y":6.0,
      "rpmX":0.0,
      "rpmY":-116.3,
      "autoPilotX":0.0,
      "autoPilotY":60.0,
      "currentX":0.0,
      "currentY":-96.15,
      "voltageX":0.0,
      "voltageY":113.8,
      "gpsX":0.0,
      "gpsY":-56.0,
      "varioX":0.0,
      "varioY":92.15
    }
  }
}