{"Interferences": 14, "Mass": 7.269165359803792, "Batt_amps_ratio_MFD": 0.803944468, "Batt_amps_ratio_MxSpd": 0.803944468, "Distance_MxSpd": 1910.57971, "Max_Distance": 1910.57971, "Hover_Time": 251.107834, "Max_Speed": 8.0, "Max_uc_at_MFD": 0.727432966, "Mot_amps_ratio_MFD": 0.718887568, "Mot_amps_ratio_MxSpd": 0.718887568, "Mot_power_ratio_MFD": 0.717090368, "Mot_power_ratio_MxSpd": 0.717090368, "Power_MFD": 2273.51343, "Power_MxSpd": 2273.51343, "Speed_MFD": 8.0}