{"Interferences": 4, "Mass": 3.742411830995845, "Batt_amps_ratio_MFD": 0.217807069, "Batt_amps_ratio_MxSpd": 0.217807069, "Distance_MxSpd": 2115.63379, "Max_Distance": 2115.63379, "Hover_Time": 165.149536, "Max_Speed": 12.0, "Max_uc_at_MFD": 1.0, "Mot_amps_ratio_MFD": 0.337158382, "Mot_amps_ratio_MxSpd": 0.337158382, "Mot_power_ratio_MFD": 0.126461089, "Mot_power_ratio_MxSpd": 0.126461089, "Power_MFD": 511.983765, "Power_MxSpd": 511.983765, "Speed_MFD": 12.0}