{"Interferences": 29, "Mass": 2.8842960283858416, "Batt_amps_ratio_MFD": 0.634687841, "Batt_amps_ratio_MxSpd": 0.634687841, "Distance_MxSpd": 1391.55017, "Max_Distance": 1391.55017, "Hover_Time": 86.1444092, "Max_Speed": 23.0, "Max_uc_at_MFD": 0.993014991, "Mot_amps_ratio_MFD": 0.421381682, "Mot_amps_ratio_MxSpd": 0.421381682, "Mot_power_ratio_MFD": 0.259852022, "Mot_power_ratio_MxSpd": 0.259852022, "Power_MFD": 766.157043, "Power_MxSpd": 766.157043, "Speed_MFD": 23.0}