{"Interferences": 8, "Mass": 5.170037012906863, "Batt_amps_ratio_MFD": 0.475396454, "Batt_amps_ratio_MxSpd": 0.475396454, "Distance_MxSpd": 2342.46606, "Max_Distance": 2342.46606, "Hover_Time": 0.0, "Max_Speed": 29.0, "Max_uc_at_MFD": 0.694767654, "Mot_amps_ratio_MFD": 0.998944461, "Mot_amps_ratio_MxSpd": 0.998944461, "Mot_power_ratio_MFD": 0.657083452, "Mot_power_ratio_MxSpd": 0.657083452, "Power_MFD": 1690.15771, "Power_MxSpd": 1690.15771, "Speed_MFD": 29.0}