{"Interferences": 15, "Mass": 5.937305789085138, "Batt_amps_ratio_MFD": 0.199989915, "Batt_amps_ratio_MxSpd": 0.199989915, "Distance_MxSpd": 2880.14526, "Max_Distance": 2880.14526, "Hover_Time": 196.370605, "Max_Speed": 15.0, "Max_uc_at_MFD": 0.775692523, "Mot_amps_ratio_MFD": 0.917236388, "Mot_amps_ratio_MxSpd": 0.917236388, "Mot_power_ratio_MFD": 0.678754926, "Mot_power_ratio_MxSpd": 0.678754926, "Power_MFD": 1330.65173, "Power_MxSpd": 1330.65173, "Speed_MFD": 15.0}