{"Interferences": 21, "Mass": 3.0885913105222667, "Batt_amps_ratio_MFD": 0.792752147, "Batt_amps_ratio_MxSpd": 0.792752147, "Distance_MxSpd": 920.338135, "Max_Distance": 920.338135, "Hover_Time": 0.0, "Max_Speed": 19.0, "Max_uc_at_MFD": 0.96056056, "Mot_amps_ratio_MFD": 0.633016348, "Mot_amps_ratio_MxSpd": 0.633016348, "Mot_power_ratio_MFD": 0.234216064, "Mot_power_ratio_MxSpd": 0.234216064, "Power_MFD": 550.316772, "Power_MxSpd": 550.316772, "Speed_MFD": 19.0}