{"Interferences": 53, "Mass": 4.683804698374668, "Batt_amps_ratio_MFD": 0.40873909, "Batt_amps_ratio_MxSpd": 0.612327516, "Distance_MxSpd": 2257.61523, "Max_Distance": 2442.63403, "Hover_Time": 135.590775, "Max_Speed": 36.0, "Max_uc_at_MFD": 0.661035657, "Mot_amps_ratio_MFD": 0.660045326, "Mot_amps_ratio_MxSpd": 0.90273428, "Mot_power_ratio_MFD": 0.430970758, "Mot_power_ratio_MxSpd": 0.589432359, "Power_MFD": 1290.67578, "Power_MxSpd": 2468.72754, "Speed_MFD": 26.0}