{"Interferences": 9, "Mass": 3.973822277998502, "Batt_amps_ratio_MFD": 0.904011667, "Batt_amps_ratio_MxSpd": 0.904011667, "Distance_MxSpd": 594.682617, "Max_Distance": 594.682617, "Hover_Time": 47.8907928, "Max_Speed": 14.0, "Max_uc_at_MFD": 0.999977589, "Mot_amps_ratio_MFD": 0.259774745, "Mot_amps_ratio_MxSpd": 0.259774745, "Mot_power_ratio_MFD": 0.0650635883, "Mot_power_ratio_MxSpd": 0.0650635883, "Power_MFD": 483.513977, "Power_MxSpd": 483.513977, "Speed_MFD": 14.0}