{"Interferences": 0, "Mass": 7.605787960696493, "Batt_amps_ratio_MFD": 0.986795664, "Batt_amps_ratio_MxSpd": 1.38039207, "Distance_MxSpd": 6259.09131, "Max_Distance": 6420.78223, "Hover_Time": 0.0, "Max_Speed": 30.0, "Max_uc_at_MFD": 0.709673524, "Mot_amps_ratio_MFD": 0.817583621, "Mot_amps_ratio_MxSpd": 0.984234214, "Mot_power_ratio_MFD": 0.626021445, "Mot_power_ratio_MxSpd": 0.753625333, "Power_MFD": 3223.69678, "Power_MxSpd": 5330.80127, "Speed_MFD": 22.0}