{"Interferences": 8, "Mass": 9.042368532489002, "Batt_amps_ratio_MFD": 0.935030758, "Batt_amps_ratio_MxSpd": 0.935030758, "Distance_MxSpd": 287.477173, "Max_Distance": 287.477173, "Hover_Time": 0.0, "Max_Speed": 7.0, "Max_uc_at_MFD": 0.795076966, "Mot_amps_ratio_MFD": 0.781190455, "Mot_amps_ratio_MxSpd": 0.781190455, "Mot_power_ratio_MFD": 0.737053216, "Mot_power_ratio_MxSpd": 0.737053216, "Power_MFD": 3663.96558, "Power_MxSpd": 3663.96558, "Speed_MFD": 7.0}