{
  "generator_version":"UAV2_gen12",
  "name":"design_7271_ee02c3714d87451ba6f8cbcf62db9d5e_dw_dl",
  "hub":{
    "node_type":"ConnectedHub6_1_2_2_1",
    "frontCenterSegment":{
      "node_type":"AngledPropArm",
      "armLength":480.8121501268422,
      "motor":{
        "motorType":"t_motor_AntigravityMN4006KV380"
      },
      "prop":{
        "propType":"apc_propellers_15x8E"
      }
    },
    "frontSegment":{
      "node_type":"WingArm",
      "armLength":51.59090328214346,
      "wing":{
        "wingType":"Wing_horiz_hole",
        "nacaProfile":"6212",
        "span":357.95303388596403,
        "chordInner":446.51195072731696,
        "chordOuter":136.3334656278061,
        "taperOffset":false,
        "aileronBias":0.605896226857006,
        "flapBias":0.5397932521582327,
        "load":103.17215910144492,
        "tubeOffset":33.559812598929355,
        "tubeRot":274.55940589611146
      },
      "servo":{
        "servoType":"Hitec_HS_53"
      }
    },
    "rearSegment":{
      "node_type":"AngledWingArm",
      "arm1Length":468.22296894897534,
      "arm2Length":62.068778266081885,
      "wing":{
        "wingType":"Wing_horiz_hole",
        "nacaProfile":"6518",
        "span":562.3004700849106,
        "chordInner":388.93787518206324,
        "chordOuter":100.81307093705527,
        "taperOffset":false,
        "aileronBias":0.4320106528981905,
        "flapBias":0.2854850527002408,
        "load":124.80582238248235,
        "tubeOffset":52.848864637969804,
        "tubeRot":229.7378545793529
      },
      "servo":{
        "servoType":"Hitec_HS_7235MH"
      }
    },
    "rearCenterSegment":{
      "node_type":"PropArm",
      "armLength":204.24275614648656,
      "motor":{
        "motorType":"kde_direct_KDE700XF_535_G3"
      },
      "prop":{
        "propType":"apc_propellers_18x6W"
      },
      "flange":{
        "offset":25.47701956533558,
        "angle":0.0
      }
    }
  },
  "fuselageWithComponents":{
    "node_type":"DualBatteryFuselageWithComponents",
    "battery":{
      "batteryType":"TurnigyGraphene1000mAh6S75C"
    },
    "fuselage":{
      "length":151.0,
      "vertDiameter":52.5,
      "horzDiameter":350.4,
      "floorHeight":8.75,
      "battery1X":-37.75,
      "battery1Y":6.0,
      "battery2X":38.75,
      "battery2Y":6.0,
      "rpmX":0.0,
      "rpmY":-106.8,
      "autoPilotX":0.0,
      "autoPilotY":50.5,
      "currentX":0.0,
      "currentY":-86.65,
      "voltageX":0.0,
      "voltageY":104.3,
      "gpsX":0.0,
      "gpsY":-46.5,
      "varioX":0.0,
      "varioY":82.65
    }
  }
}