{"Interferences": 3, "Mass": 6.663538788917411, "Batt_amps_ratio_MFD": 0.644640744, "Batt_amps_ratio_MxSpd": 0.837380409, "Distance_MxSpd": 3576.86914, "Max_Distance": 4467.60498, "Hover_Time": 151.195709, "Max_Speed": 26.0, "Max_uc_at_MFD": 0.944710255, "Mot_amps_ratio_MFD": 0.574138522, "Mot_amps_ratio_MxSpd": 0.626258492, "Mot_power_ratio_MFD": 0.574723065, "Mot_power_ratio_MxSpd": 0.626896083, "Power_MFD": 1548.16455, "Power_MxSpd": 1972.61731, "Speed_MFD": 25.0}