{"Interferences": 35, "Mass": 6.99476655236952, "Batt_amps_ratio_MFD": 0.349661708, "Batt_amps_ratio_MxSpd": 0.349661708, "Distance_MxSpd": 3184.79248, "Max_Distance": 3184.79248, "Hover_Time": 0.0, "Max_Speed": 29.0, "Max_uc_at_MFD": 0.613985896, "Mot_amps_ratio_MFD": 0.81918788, "Mot_amps_ratio_MxSpd": 0.81918788, "Mot_power_ratio_MFD": 0.409824699, "Mot_power_ratio_MxSpd": 0.409824699, "Power_MFD": 1866.94727, "Power_MxSpd": 1866.94727, "Speed_MFD": 29.0}