{"Interferences": 2, "Mass": 4.144305442807939, "Batt_amps_ratio_MFD": 0.712728679, "Batt_amps_ratio_MxSpd": 0.889586806, "Distance_MxSpd": 1424.48157, "Max_Distance": 1562.44592, "Hover_Time": 98.771225, "Max_Speed": 33.0, "Max_uc_at_MFD": 0.999999225, "Mot_amps_ratio_MFD": 0.835531235, "Mot_amps_ratio_MxSpd": 0.733733237, "Mot_power_ratio_MFD": 0.418000966, "Mot_power_ratio_MxSpd": 0.367073298, "Power_MFD": 1612.05054, "Power_MxSpd": 2046.09705, "Speed_MFD": 29.0}