{"Interferences": 2, "Mass": 3.1568400757368487, "Batt_amps_ratio_MFD": 0.285532147, "Batt_amps_ratio_MxSpd": 0.285532147, "Distance_MxSpd": 0.0, "Max_Distance": 0.0, "Hover_Time": 134.485733, "Max_Speed": 0.0, "Max_uc_at_MFD": 0.73672241, "Mot_amps_ratio_MFD": 0.349983007, "Mot_amps_ratio_MxSpd": 0.349983007, "Mot_power_ratio_MFD": 0.233559564, "Mot_power_ratio_MxSpd": 0.233559564, "Power_MFD": 497.904266, "Power_MxSpd": 497.904266, "Speed_MFD": 0.0}