{"Interferences": 18, "Mass": 5.567843279890712, "Batt_amps_ratio_MFD": 1.90879822, "Batt_amps_ratio_MxSpd": 1.90879822, "Distance_MxSpd": 281.643188, "Max_Distance": 281.643188, "Hover_Time": 0.0, "Max_Speed": 14.0, "Max_uc_at_MFD": 1.0, "Mot_amps_ratio_MFD": 0.597933173, "Mot_amps_ratio_MxSpd": 0.597933173, "Mot_power_ratio_MFD": 0.149567515, "Mot_power_ratio_MxSpd": 0.149567515, "Power_MFD": 1452.68445, "Power_MxSpd": 1452.68445, "Speed_MFD": 14.0}