{"Interferences": 18, "Mass": 5.365718800135434, "Batt_amps_ratio_MFD": 0.554470122, "Batt_amps_ratio_MxSpd": 0.824347854, "Distance_MxSpd": 3493.6709, "Max_Distance": 4303.72314, "Hover_Time": 179.236343, "Max_Speed": 35.0, "Max_uc_at_MFD": 0.78390801, "Mot_amps_ratio_MFD": 0.535712898, "Mot_amps_ratio_MxSpd": 0.777194202, "Mot_power_ratio_MFD": 0.536854863, "Mot_power_ratio_MxSpd": 0.778850913, "Power_MFD": 1704.43677, "Power_MxSpd": 3176.85571, "Speed_MFD": 29.0}