{"Interferences": 43, "Mass": 3.6430943286291537, "Batt_amps_ratio_MFD": 0.638725579, "Batt_amps_ratio_MxSpd": 0.638725579, "Distance_MxSpd": 1142.27466, "Max_Distance": 1142.27466, "Hover_Time": 79.3544159, "Max_Speed": 19.0, "Max_uc_at_MFD": 0.999187171, "Mot_amps_ratio_MFD": 0.519564092, "Mot_amps_ratio_MxSpd": 0.519564092, "Mot_power_ratio_MFD": 0.192238718, "Mot_power_ratio_MxSpd": 0.192238718, "Power_MFD": 639.987488, "Power_MxSpd": 639.987488, "Speed_MFD": 19.0}