{"Interferences": 31, "Mass": 6.460704662239444, "Batt_amps_ratio_MFD": 0.844262481, "Batt_amps_ratio_MxSpd": 0.844262481, "Distance_MxSpd": 2046.75684, "Max_Distance": 2046.75684, "Hover_Time": 0.0, "Max_Speed": 21.0, "Max_uc_at_MFD": 0.464901119, "Mot_amps_ratio_MFD": 0.78026855, "Mot_amps_ratio_MxSpd": 0.78026855, "Mot_power_ratio_MFD": 0.764204204, "Mot_power_ratio_MxSpd": 0.764204204, "Power_MFD": 1530.98376, "Power_MxSpd": 1530.98376, "Speed_MFD": 21.0}