{"Interferences": 6, "Mass": 2.835410195052936, "Batt_amps_ratio_MFD": 0.389184207, "Batt_amps_ratio_MxSpd": 0.389184207, "Distance_MxSpd": 98.6679306, "Max_Distance": 98.6679306, "Hover_Time": 98.6714172, "Max_Speed": 1.0, "Max_uc_at_MFD": 0.584643245, "Mot_amps_ratio_MFD": 0.370161444, "Mot_amps_ratio_MxSpd": 0.370161444, "Mot_power_ratio_MFD": 0.228266224, "Mot_power_ratio_MxSpd": 0.228266224, "Power_MFD": 405.306702, "Power_MxSpd": 405.306702, "Speed_MFD": 1.0}