{"Interferences": 3, "Mass": 4.333533332770971, "Batt_amps_ratio_MFD": 0.705877542, "Batt_amps_ratio_MxSpd": 0.705877542, "Distance_MxSpd": 979.206604, "Max_Distance": 979.206604, "Hover_Time": 56.8177147, "Max_Speed": 18.0, "Max_uc_at_MFD": 0.999999881, "Mot_amps_ratio_MFD": 0.569312155, "Mot_amps_ratio_MxSpd": 0.569312155, "Mot_power_ratio_MFD": 0.280860662, "Mot_power_ratio_MxSpd": 0.280860662, "Power_MFD": 848.064148, "Power_MxSpd": 848.064148, "Speed_MFD": 18.0}