{"Interferences": 6, "Mass": 4.563914940319717, "Batt_amps_ratio_MFD": 0.70348531, "Batt_amps_ratio_MxSpd": 0.986695945, "Distance_MxSpd": 1089.69739, "Max_Distance": 1255.46338, "Hover_Time": 67.0022583, "Max_Speed": 28.0, "Max_uc_at_MFD": 0.976820707, "Mot_amps_ratio_MFD": 0.441010326, "Mot_amps_ratio_MxSpd": 0.75737524, "Mot_power_ratio_MFD": 0.214165643, "Mot_power_ratio_MxSpd": 0.370891094, "Power_MFD": 1028.29846, "Power_MxSpd": 1736.31287, "Speed_MFD": 23.0}