{"Interferences": 4, "Mass": 4.636003836348684, "Batt_amps_ratio_MFD": 0.870235443, "Batt_amps_ratio_MxSpd": 0.870235443, "Distance_MxSpd": 441.259888, "Max_Distance": 441.259888, "Hover_Time": 45.5149536, "Max_Speed": 10.0, "Max_uc_at_MFD": 0.891186893, "Mot_amps_ratio_MFD": 0.633575857, "Mot_amps_ratio_MxSpd": 0.633575857, "Mot_power_ratio_MFD": 0.234423071, "Mot_power_ratio_MxSpd": 0.234423071, "Power_MFD": 777.376221, "Power_MxSpd": 777.376221, "Speed_MFD": 10.0}