{"Interferences": 38, "Mass": 6.522851422311751, "Batt_amps_ratio_MFD": 2.06464767, "Batt_amps_ratio_MxSpd": 2.06464767, "Distance_MxSpd": 204.58696, "Max_Distance": 204.58696, "Hover_Time": 0.0, "Max_Speed": 11.0, "Max_uc_at_MFD": 0.755011618, "Mot_amps_ratio_MFD": 0.842333019, "Mot_amps_ratio_MxSpd": 0.842333019, "Mot_power_ratio_MFD": 0.779157996, "Mot_power_ratio_MxSpd": 0.779157996, "Power_MFD": 2152.82715, "Power_MxSpd": 2152.82715, "Speed_MFD": 11.0}