{"Interferences": 8, "Mass": 5.8132083438651545, "Batt_amps_ratio_MFD": 0.509258568, "Batt_amps_ratio_MxSpd": 0.509258568, "Distance_MxSpd": 4976.64697, "Max_Distance": 4976.64697, "Hover_Time": 0.0, "Max_Speed": 22.0, "Max_uc_at_MFD": 0.998968601, "Mot_amps_ratio_MFD": 0.763539314, "Mot_amps_ratio_MxSpd": 0.763539314, "Mot_power_ratio_MFD": 0.57459569, "Mot_power_ratio_MxSpd": 0.57459569, "Power_MFD": 1343.59338, "Power_MxSpd": 1343.59338, "Speed_MFD": 22.0}