{"Interferences": 51, "Mass": 6.208946347138239, "Batt_amps_ratio_MFD": 0.347143799, "Batt_amps_ratio_MxSpd": 0.347143799, "Distance_MxSpd": 8572.81641, "Max_Distance": 8572.81641, "Hover_Time": 456.461121, "Max_Speed": 31.0, "Max_uc_at_MFD": 0.677625895, "Mot_amps_ratio_MFD": 0.959359586, "Mot_amps_ratio_MxSpd": 0.959359586, "Mot_power_ratio_MFD": 0.719519675, "Mot_power_ratio_MxSpd": 0.719519675, "Power_MFD": 2199.57642, "Power_MxSpd": 2199.57642, "Speed_MFD": 31.0}