{"Interferences": 0, "Mass": 6.319140913152518, "Batt_amps_ratio_MFD": 0.431566179, "Batt_amps_ratio_MxSpd": 0.65859884, "Distance_MxSpd": 9620.42383, "Max_Distance": 10232.498, "Hover_Time": 511.662598, "Max_Speed": 33.0, "Max_uc_at_MFD": 0.717185438, "Mot_amps_ratio_MFD": 0.545185447, "Mot_amps_ratio_MxSpd": 0.941226184, "Mot_power_ratio_MFD": 0.561113715, "Mot_power_ratio_MxSpd": 0.968725324, "Power_MFD": 1700.25586, "Power_MxSpd": 3329.13354, "Speed_MFD": 23.0}