{"Interferences": 6, "Mass": 8.14840262978183, "Batt_amps_ratio_MFD": 0.339798033, "Batt_amps_ratio_MxSpd": 0.358101398, "Distance_MxSpd": 13189.5605, "Max_Distance": 13221.9717, "Hover_Time": 440.692535, "Max_Speed": 41.0, "Max_uc_at_MFD": 0.884230316, "Mot_amps_ratio_MFD": 0.869028509, "Mot_amps_ratio_MxSpd": 0.958514333, "Mot_power_ratio_MFD": 0.724882662, "Mot_power_ratio_MxSpd": 0.787644804, "Power_MFD": 4143.93555, "Power_MxSpd": 4563.40576, "Speed_MFD": 39.0}