{
  "generator_version":"UAV2_gen12",
  "name":"design_3900_63e375af20e7455085870740585d3129_dw_dl",
  "hub":{
    "node_type":"ConnectedHub3_2_1",
    "angle":180.0,
    "centerSegment":{
      "node_type":"AngledPropArm",
      "armLength":70.55712276215877,
      "motor":{
        "motorType":"t_motor_MN4014KV400"
      },
      "prop":{
        "propType":"apc_propellers_15x6"
      }
    },
    "mainSegment":{
      "node_type":"BranchWithTopSegment_Sym",
      "armLength":452.3826320252433,
      "angle":124.2275888274447,
      "mainSegment":{
        "node_type":"AngledWingArm",
        "arm1Length":497.445287509346,
        "arm2Length":62.87612002766376,
        "wing":{
          "wingType":"Wing_horiz_hole",
          "nacaProfile":"6512",
          "span":1266.644489263639,
          "chordInner":364.19299282209425,
          "chordOuter":197.68870088452115,
          "taperOffset":false,
          "aileronBias":0.4652596447318589,
          "flapBias":0.6956857868509566,
          "load":569.379466299325,
          "tubeOffset":76.2424250105769,
          "tubeRot":287.8151365402842
        },
        "servo":{
          "servoType":"Hitec_HS_85MG"
        }
      },
      "topSegment":{
        "node_type":"AngledWingArm",
        "arm1Length":265.24069384890294,
        "arm2Length":116.69079984766815,
        "wing":{
          "wingType":"Wing_vert_hole",
          "nacaProfile":"6518",
          "span":392.1746526929313,
          "chordInner":408.30189039275064,
          "chordOuter":82.6361014633085,
          "taperOffset":true,
          "aileronBias":0.7270690437932062,
          "flapBias":0.4146345047880784,
          "load":456.3555527061898,
          "tubeOffset":87.46404074858104,
          "tubeRot":270.0
        },
        "servo":{
          "servoType":"Hitec_D89MW"
        }
      }
    }
  },
  "fuselageWithComponents":{
    "node_type":"DualBatteryFuselageWithComponents",
    "battery":{
      "batteryType":"Tattu25C23000mAh6S1PHV"
    },
    "fuselage":{
      "length":421.0,
      "vertDiameter":139.5,
      "horzDiameter":384.9,
      "floorHeight":23.25,
      "battery1X":-105.25,
      "battery1Y":6.0,
      "battery2X":106.25,
      "battery2Y":6.0,
      "rpmX":0.0,
      "rpmY":-118.3,
      "autoPilotX":0.0,
      "autoPilotY":62.0,
      "currentX":0.0,
      "currentY":-98.15,
      "voltageX":0.0,
      "voltageY":115.8,
      "gpsX":0.0,
      "gpsY":-58.0,
      "varioX":0.0,
      "varioY":94.15
    }
  }
}