{"Interferences": 3, "Mass": 3.35646991801651, "Batt_amps_ratio_MFD": 1.03158498, "Batt_amps_ratio_MxSpd": 1.25607371, "Distance_MxSpd": 764.286377, "Max_Distance": 781.709656, "Hover_Time": 53.2113571, "Max_Speed": 25.0, "Max_uc_at_MFD": 0.621344924, "Mot_amps_ratio_MFD": 0.535467327, "Mot_amps_ratio_MxSpd": 0.790022135, "Mot_power_ratio_MFD": 0.268641233, "Mot_power_ratio_MxSpd": 0.396350086, "Power_MFD": 659.398193, "Power_MxSpd": 964.515808, "Speed_MFD": 21.0}