{"Interferences": 9, "Mass": 6.113980305334152, "Batt_amps_ratio_MFD": 1.39325821, "Batt_amps_ratio_MxSpd": 3.29545093, "Distance_MxSpd": 501.054352, "Max_Distance": 661.471069, "Hover_Time": 37.2292366, "Max_Speed": 43.0, "Max_uc_at_MFD": 0.767506719, "Mot_amps_ratio_MFD": 0.543007672, "Mot_amps_ratio_MxSpd": 0.55474627, "Mot_power_ratio_MFD": 0.180983141, "Mot_power_ratio_MxSpd": 0.18489559, "Power_MFD": 1652.78577, "Power_MxSpd": 5670.7832, "Speed_MFD": 24.0}