{"Interferences": 5, "Mass": 4.894345686844594, "Batt_amps_ratio_MFD": 0.708046913, "Batt_amps_ratio_MxSpd": 0.906850815, "Distance_MxSpd": 1016.26416, "Max_Distance": 1030.44019, "Hover_Time": 63.0272675, "Max_Speed": 24.0, "Max_uc_at_MFD": 0.974060476, "Mot_amps_ratio_MFD": 0.375682682, "Mot_amps_ratio_MxSpd": 0.436397076, "Mot_power_ratio_MFD": 0.243254527, "Mot_power_ratio_MxSpd": 0.282567114, "Power_MFD": 923.702881, "Power_MxSpd": 1254.59973, "Speed_MFD": 19.0}