{"Interferences": 43, "Mass": 4.53918950986003, "Batt_amps_ratio_MFD": 0.642357826, "Batt_amps_ratio_MxSpd": 0.74006629, "Distance_MxSpd": 1504.7301, "Max_Distance": 1614.05359, "Hover_Time": 74.5499802, "Max_Speed": 29.0, "Max_uc_at_MFD": 0.999740839, "Mot_amps_ratio_MFD": 0.965446591, "Mot_amps_ratio_MxSpd": 0.917041004, "Mot_power_ratio_MFD": 0.483614475, "Mot_power_ratio_MxSpd": 0.459367007, "Power_MFD": 1297.81311, "Power_MxSpd": 1565.17786, "Speed_MFD": 27.0}