{"Interferences": 43, "Mass": 8.096858945105014, "Batt_amps_ratio_MFD": 0.276084453, "Batt_amps_ratio_MxSpd": 0.301842809, "Distance_MxSpd": 12594.6348, "Max_Distance": 12935.1719, "Hover_Time": 572.943604, "Max_Speed": 33.0, "Max_uc_at_MFD": 0.968603611, "Mot_amps_ratio_MFD": 0.76113975, "Mot_amps_ratio_MxSpd": 0.725972772, "Mot_power_ratio_MFD": 0.723082781, "Mot_power_ratio_MxSpd": 0.689674139, "Power_MFD": 2859.22437, "Power_MxSpd": 3263.9519, "Speed_MFD": 31.0}