{"Interferences": 115, "Mass": 8.38310010807022, "Batt_amps_ratio_MFD": 3.56306672, "Batt_amps_ratio_MxSpd": 3.56306672, "Distance_MxSpd": 172.43573, "Max_Distance": 172.43573, "Hover_Time": 0.0, "Max_Speed": 16.0, "Max_uc_at_MFD": 0.999693871, "Mot_amps_ratio_MFD": 0.865535557, "Mot_amps_ratio_MxSpd": 0.865535557, "Mot_power_ratio_MFD": 0.426997542, "Mot_power_ratio_MxSpd": 0.426997542, "Power_MFD": 3176.72119, "Power_MxSpd": 3176.72119, "Speed_MFD": 16.0}