{"Interferences": 2, "Mass": 2.704802405023526, "Batt_amps_ratio_MFD": 1.09535682, "Batt_amps_ratio_MxSpd": 1.09535682, "Distance_MxSpd": 946.540894, "Max_Distance": 946.540894, "Hover_Time": 54.4642677, "Max_Speed": 27.0, "Max_uc_at_MFD": 0.931406319, "Mot_amps_ratio_MFD": 0.750988007, "Mot_amps_ratio_MxSpd": 0.750988007, "Mot_power_ratio_MFD": 0.773291528, "Mot_power_ratio_MxSpd": 0.773291528, "Power_MFD": 1447.62061, "Power_MxSpd": 1447.62061, "Speed_MFD": 27.0}