{"Interferences": 37, "Mass": 2.593631266121443, "Batt_amps_ratio_MFD": 0.441750437, "Batt_amps_ratio_MxSpd": 0.441750437, "Distance_MxSpd": 1651.61133, "Max_Distance": 1651.61133, "Hover_Time": 0.0, "Max_Speed": 19.0, "Max_uc_at_MFD": 0.981096864, "Mot_amps_ratio_MFD": 0.449699432, "Mot_amps_ratio_MxSpd": 0.449699432, "Mot_power_ratio_MFD": 0.291180372, "Mot_power_ratio_MxSpd": 0.291180372, "Power_MFD": 523.782776, "Power_MxSpd": 523.782776, "Speed_MFD": 19.0}