{"Interferences": 25, "Mass": 5.019460412265126, "Batt_amps_ratio_MFD": 0.549360037, "Batt_amps_ratio_MxSpd": 0.549360037, "Distance_MxSpd": 1607.68884, "Max_Distance": 1607.68884, "Hover_Time": 91.7669525, "Max_Speed": 23.0, "Max_uc_at_MFD": 1.0, "Mot_amps_ratio_MFD": 0.544301271, "Mot_amps_ratio_MxSpd": 0.544301271, "Mot_power_ratio_MFD": 0.204227984, "Mot_power_ratio_MxSpd": 0.204227984, "Power_MFD": 1129.38074, "Power_MxSpd": 1129.38074, "Speed_MFD": 23.0}