{"Interferences": 7, "Mass": 3.5502478532580515, "Batt_amps_ratio_MFD": 1.20928073, "Batt_amps_ratio_MxSpd": 1.20928073, "Distance_MxSpd": 603.333862, "Max_Distance": 603.333862, "Hover_Time": 38.8259697, "Max_Speed": 19.0, "Max_uc_at_MFD": 0.989849269, "Mot_amps_ratio_MFD": 0.279217094, "Mot_amps_ratio_MxSpd": 0.279217094, "Mot_power_ratio_MFD": 0.0878137723, "Mot_power_ratio_MxSpd": 0.0878137723, "Power_MFD": 631.682556, "Power_MxSpd": 631.682556, "Speed_MFD": 19.0}