{"Interferences": 13, "Mass": 4.584754804327857, "Batt_amps_ratio_MFD": 1.20357025, "Batt_amps_ratio_MxSpd": 1.20357025, "Distance_MxSpd": 127.6203, "Max_Distance": 127.6203, "Hover_Time": 33.6495628, "Max_Speed": 4.0, "Max_uc_at_MFD": 0.961559892, "Mot_amps_ratio_MFD": 0.645320594, "Mot_amps_ratio_MxSpd": 0.645320594, "Mot_power_ratio_MFD": 0.304429978, "Mot_power_ratio_MxSpd": 0.304429978, "Power_MFD": 1056.72656, "Power_MxSpd": 1056.72656, "Speed_MFD": 4.0}