{"Interferences": 2, "Mass": 3.3407061001541, "Batt_amps_ratio_MFD": 0.357357472, "Batt_amps_ratio_MxSpd": 0.357357472, "Distance_MxSpd": 1289.46521, "Max_Distance": 1289.46521, "Hover_Time": 113.018402, "Max_Speed": 12.0, "Max_uc_at_MFD": 0.996317804, "Mot_amps_ratio_MFD": 0.142907843, "Mot_amps_ratio_MxSpd": 0.142907843, "Mot_power_ratio_MFD": 0.0886950642, "Mot_power_ratio_MxSpd": 0.0886950642, "Power_MFD": 538.486816, "Power_MxSpd": 538.486816, "Speed_MFD": 12.0}