{"Interferences": 85, "Mass": 6.437906553529361, "Batt_amps_ratio_MFD": 0.427350998, "Batt_amps_ratio_MxSpd": 0.427350998, "Distance_MxSpd": 6469.62354, "Max_Distance": 6469.62354, "Hover_Time": 282.430359, "Max_Speed": 24.0, "Max_uc_at_MFD": 0.999594569, "Mot_amps_ratio_MFD": 0.763552368, "Mot_amps_ratio_MxSpd": 0.763552368, "Mot_power_ratio_MFD": 0.573071897, "Mot_power_ratio_MxSpd": 0.573071897, "Power_MFD": 1614.15295, "Power_MxSpd": 1614.15295, "Speed_MFD": 24.0}