{"Interferences": 9, "Mass": 9.525142024471371, "Batt_amps_ratio_MFD": 2.66777492, "Batt_amps_ratio_MxSpd": 2.66777492, "Distance_MxSpd": 403.032532, "Max_Distance": 403.032532, "Hover_Time": 16.0318775, "Max_Speed": 28.0, "Max_uc_at_MFD": 0.999999702, "Mot_amps_ratio_MFD": 0.574093223, "Mot_amps_ratio_MxSpd": 0.574093223, "Mot_power_ratio_MFD": 0.285342395, "Mot_power_ratio_MxSpd": 0.285342395, "Power_MFD": 3909.43921, "Power_MxSpd": 3909.43921, "Speed_MFD": 28.0}