{
  "generator_version":"UAV2_gen12",
  "name":"design_11436_49236dd0867741ad902194d3a8819e90_s",
  "hub":{
    "node_type":"ConnectedHub6_2_2_2",
    "frontSegment":{
      "node_type":"PropArm",
      "armLength":215.95629827799314,
      "motor":{
        "motorType":"kde_direct_KDE4215XF_465"
      },
      "prop":{
        "propType":"apc_propellers_17x4W"
      },
      "flange":{
        "offset":14.524550645650862,
        "angle":0.0
      }
    },
    "middleSegment":{
      "node_type":"BendSegment",
      "angle":-35.2122046660736,
      "armLength":249.62219008629637,
      "mainSegment":{
        "node_type":"AngledWingArm",
        "arm1Length":170.33688926319604,
        "arm2Length":85.46604618632776,
        "wing":{
          "wingType":"Wing_horiz_hole",
          "nacaProfile":"4421",
          "span":1390.4665176284877,
          "chordInner":186.52350009360185,
          "chordOuter":99.56265653894252,
          "taperOffset":false,
          "aileronBias":0.6175204611194604,
          "flapBias":0.14883528986143504,
          "load":238.3374957061909,
          "tubeOffset":60.294389362996384,
          "tubeRot":270.0
        },
        "servo":{
          "servoType":"Hitec_HS_53"
        }
      }
    },
    "rearSegment":{
      "node_type":"PropArm",
      "armLength":493.0637070624178,
      "motor":{
        "motorType":"t_motor_MN5208KV340"
      },
      "prop":{
        "propType":"apc_propellers_15_5x12W"
      },
      "flange":{
        "offset":-32.16939430196286,
        "angle":90.0
      }
    }
  },
  "fuselageWithComponents":{
    "node_type":"SingleBatteryFuselageWithComponents",
    "battery":{
      "batteryType":"Tattu15C17000mAh6S1PHV"
    },
    "fuselage":{
      "length":195.0,
      "vertDiameter":117.0,
      "horzDiameter":382.65,
      "floorHeight":19.5,
      "batteryX":0.0,
      "batteryY":6.0,
      "rpmX":0.0,
      "rpmY":-117.55,
      "autoPilotX":0.0,
      "autoPilotY":61.25,
      "currentX":0.0,
      "currentY":-97.4,
      "voltageX":0.0,
      "voltageY":115.05,
      "gpsX":0.0,
      "gpsY":-57.25,
      "varioX":0.0,
      "varioY":93.4
    }
  }
}