{"Interferences": 18, "Mass": 6.885353288682922, "Batt_amps_ratio_MFD": 4.39844465, "Batt_amps_ratio_MxSpd": 4.39844465, "Distance_MxSpd": 130.955368, "Max_Distance": 130.955368, "Hover_Time": 0.0, "Max_Speed": 15.0, "Max_uc_at_MFD": 0.998098314, "Mot_amps_ratio_MFD": 0.837902188, "Mot_amps_ratio_MxSpd": 0.837902188, "Mot_power_ratio_MFD": 0.772501051, "Mot_power_ratio_MxSpd": 0.772501051, "Power_MFD": 5532.62891, "Power_MxSpd": 5532.62891, "Speed_MFD": 15.0}