{"Interferences": 8, "Mass": 6.617591433218642, "Batt_amps_ratio_MFD": 1.47740221, "Batt_amps_ratio_MxSpd": 1.82486403, "Distance_MxSpd": 799.621216, "Max_Distance": 857.721741, "Hover_Time": 41.1453323, "Max_Speed": 38.0, "Max_uc_at_MFD": 0.992425263, "Mot_amps_ratio_MFD": 0.227800578, "Mot_amps_ratio_MxSpd": 0.236911088, "Mot_power_ratio_MFD": 0.0976993814, "Mot_power_ratio_MxSpd": 0.101606704, "Power_MFD": 2651.53979, "Power_MxSpd": 3291.38232, "Speed_MFD": 33.0}