{"Interferences": 26, "Mass": 3.551761182390883, "Batt_amps_ratio_MFD": 0.591242075, "Batt_amps_ratio_MxSpd": 0.591242075, "Distance_MxSpd": 714.428162, "Max_Distance": 714.428162, "Hover_Time": 0.0, "Max_Speed": 11.0, "Max_uc_at_MFD": 0.764523089, "Mot_amps_ratio_MFD": 0.628370345, "Mot_amps_ratio_MxSpd": 0.628370345, "Mot_power_ratio_MFD": 0.314765185, "Mot_power_ratio_MxSpd": 0.314765185, "Power_MFD": 464.033997, "Power_MxSpd": 464.033997, "Speed_MFD": 11.0}