{"Interferences": 54, "Mass": 5.2999866302715954, "Batt_amps_ratio_MFD": 1.400563, "Batt_amps_ratio_MxSpd": 1.400563, "Distance_MxSpd": 356.428101, "Max_Distance": 356.428101, "Hover_Time": 0.0, "Max_Speed": 13.0, "Max_uc_at_MFD": 0.999309778, "Mot_amps_ratio_MFD": 0.510197282, "Mot_amps_ratio_MxSpd": 0.510197282, "Mot_power_ratio_MFD": 0.314621657, "Mot_power_ratio_MxSpd": 0.314621657, "Power_MFD": 1030.21326, "Power_MxSpd": 1030.21326, "Speed_MFD": 13.0}