{"Interferences": 47, "Mass": 10.231972894881473, "Batt_amps_ratio_MFD": 2.16926765, "Batt_amps_ratio_MxSpd": 2.16926765, "Distance_MxSpd": 407.142029, "Max_Distance": 407.142029, "Hover_Time": 13.5383797, "Max_Speed": 23.0, "Max_uc_at_MFD": 0.99713701, "Mot_amps_ratio_MFD": 0.472925156, "Mot_amps_ratio_MxSpd": 0.472925156, "Mot_power_ratio_MFD": 0.297469914, "Mot_power_ratio_MxSpd": 0.297469914, "Power_MFD": 2715.1228, "Power_MxSpd": 2715.1228, "Speed_MFD": 23.0}