{"Interferences": 8, "Mass": 3.465609423693497, "Batt_amps_ratio_MFD": 1.01598012, "Batt_amps_ratio_MxSpd": 1.01598012, "Distance_MxSpd": 831.512329, "Max_Distance": 831.512329, "Hover_Time": 57.7242203, "Max_Speed": 22.0, "Max_uc_at_MFD": 1.0, "Mot_amps_ratio_MFD": 0.460883886, "Mot_amps_ratio_MxSpd": 0.460883886, "Mot_power_ratio_MFD": 0.170527041, "Mot_power_ratio_MxSpd": 0.170527041, "Power_MFD": 802.165771, "Power_MxSpd": 802.165771, "Speed_MFD": 22.0}