{"Interferences": 19, "Mass": 6.297694247153786, "Batt_amps_ratio_MFD": 0.318681002, "Batt_amps_ratio_MxSpd": 0.483005047, "Distance_MxSpd": 2941.58423, "Max_Distance": 3132.91333, "Hover_Time": 152.489914, "Max_Speed": 37.0, "Max_uc_at_MFD": 0.728136241, "Mot_amps_ratio_MFD": 0.668631613, "Mot_amps_ratio_MxSpd": 0.950796843, "Mot_power_ratio_MFD": 0.654865682, "Mot_power_ratio_MxSpd": 0.931221604, "Power_MFD": 1678.59387, "Power_MxSpd": 3242.14014, "Speed_MFD": 26.0}