{"Interferences": 26, "Mass": 8.995680324773234, "Batt_amps_ratio_MFD": 0.302459478, "Batt_amps_ratio_MxSpd": 0.302459478, "Distance_MxSpd": 1523.50989, "Max_Distance": 1523.50989, "Hover_Time": 110.942238, "Max_Speed": 12.0, "Max_uc_at_MFD": 0.974588156, "Mot_amps_ratio_MFD": 0.687587202, "Mot_amps_ratio_MxSpd": 0.687587202, "Mot_power_ratio_MFD": 0.689052939, "Mot_power_ratio_MxSpd": 0.689052939, "Power_MFD": 2529.76245, "Power_MxSpd": 2529.76245, "Speed_MFD": 12.0}