{"Interferences": 17, "Mass": 7.763847547955589, "Batt_amps_ratio_MFD": 0.831752002, "Batt_amps_ratio_MxSpd": 0.831752002, "Distance_MxSpd": 923.352173, "Max_Distance": 923.352173, "Hover_Time": 0.0, "Max_Speed": 20.0, "Max_uc_at_MFD": 0.789385676, "Mot_amps_ratio_MFD": 0.70494312, "Mot_amps_ratio_MxSpd": 0.70494312, "Mot_power_ratio_MFD": 0.65207237, "Mot_power_ratio_MxSpd": 0.65207237, "Power_MFD": 4080.84302, "Power_MxSpd": 4080.84302, "Speed_MFD": 20.0}