{"Interferences": 7, "Mass": 3.920805132412859, "Batt_amps_ratio_MFD": 0.701630712, "Batt_amps_ratio_MxSpd": 0.701630712, "Distance_MxSpd": 985.133606, "Max_Distance": 985.133606, "Hover_Time": 70.993248, "Max_Speed": 18.0, "Max_uc_at_MFD": 0.759845674, "Mot_amps_ratio_MFD": 0.997624934, "Mot_amps_ratio_MxSpd": 0.997624934, "Mot_power_ratio_MFD": 0.492161632, "Mot_power_ratio_MxSpd": 0.492161632, "Power_MFD": 872.326172, "Power_MxSpd": 872.326172, "Speed_MFD": 18.0}