{"Interferences": 24, "Mass": 4.541312378130842, "Batt_amps_ratio_MFD": 0.251558661, "Batt_amps_ratio_MxSpd": 0.415961921, "Distance_MxSpd": 3508.01343, "Max_Distance": 4121.50391, "Hover_Time": 238.656555, "Max_Speed": 38.0, "Max_uc_at_MFD": 0.729300678, "Mot_amps_ratio_MFD": 0.638578176, "Mot_amps_ratio_MxSpd": 0.944152415, "Mot_power_ratio_MFD": 0.583735585, "Mot_power_ratio_MxSpd": 0.863066435, "Power_MFD": 1388.00513, "Power_MxSpd": 3143.80005, "Speed_MFD": 27.0}