{"Interferences": 43, "Mass": 3.912191256122714, "Batt_amps_ratio_MFD": 0.331607372, "Batt_amps_ratio_MxSpd": 0.331607372, "Distance_MxSpd": 2779.19019, "Max_Distance": 2779.19019, "Hover_Time": 156.545456, "Max_Speed": 24.0, "Max_uc_at_MFD": 0.719999969, "Mot_amps_ratio_MFD": 0.776579142, "Mot_amps_ratio_MxSpd": 0.776579142, "Mot_power_ratio_MFD": 0.776579142, "Mot_power_ratio_MxSpd": 0.776579142, "Power_MFD": 1053.75317, "Power_MxSpd": 1053.75317, "Speed_MFD": 24.0}