{"Interferences": 36, "Mass": 4.017759666706524, "Batt_amps_ratio_MFD": 0.269409448, "Batt_amps_ratio_MxSpd": 0.269409448, "Distance_MxSpd": 3420.81519, "Max_Distance": 3420.81519, "Hover_Time": 0.0, "Max_Speed": 24.0, "Max_uc_at_MFD": 0.992674589, "Mot_amps_ratio_MFD": 0.529767454, "Mot_amps_ratio_MxSpd": 0.529767454, "Mot_power_ratio_MFD": 0.265448362, "Mot_power_ratio_MxSpd": 0.265448362, "Power_MFD": 954.700867, "Power_MxSpd": 954.700867, "Speed_MFD": 24.0}