{"Interferences": 74, "Mass": 4.486519339027671, "Batt_amps_ratio_MFD": 0.963305235, "Batt_amps_ratio_MxSpd": 0.963305235, "Distance_MxSpd": 398.627533, "Max_Distance": 398.627533, "Hover_Time": 0.0, "Max_Speed": 10.0, "Max_uc_at_MFD": 0.945797622, "Mot_amps_ratio_MFD": 0.896066189, "Mot_amps_ratio_MxSpd": 0.896066189, "Mot_power_ratio_MFD": 0.597377479, "Mot_power_ratio_MxSpd": 0.597377479, "Power_MFD": 1181.61353, "Power_MxSpd": 1181.61353, "Speed_MFD": 10.0}