{"Interferences": 11, "Mass": 3.9047082694603, "Batt_amps_ratio_MFD": 1.13720489, "Batt_amps_ratio_MxSpd": 1.34663498, "Distance_MxSpd": 456.248352, "Max_Distance": 472.738037, "Hover_Time": 27.4580479, "Max_Speed": 16.0, "Max_uc_at_MFD": 0.663318753, "Mot_amps_ratio_MFD": 0.724964917, "Mot_amps_ratio_MxSpd": 0.915037453, "Mot_power_ratio_MFD": 0.536474049, "Mot_power_ratio_MxSpd": 0.677127719, "Power_MFD": 1051.28369, "Power_MxSpd": 1387.57764, "Speed_MFD": 14.0}