{"Interferences": 10, "Mass": 4.632269017406023, "Batt_amps_ratio_MFD": 0.803109109, "Batt_amps_ratio_MxSpd": 0.803109109, "Distance_MxSpd": 621.58429, "Max_Distance": 621.58429, "Hover_Time": 51.9968872, "Max_Speed": 13.0, "Max_uc_at_MFD": 1.0, "Mot_amps_ratio_MFD": 0.637572706, "Mot_amps_ratio_MxSpd": 0.637572706, "Mot_power_ratio_MFD": 0.239531159, "Mot_power_ratio_MxSpd": 0.239531159, "Power_MFD": 740.067017, "Power_MxSpd": 740.067017, "Speed_MFD": 13.0}