{
  "generator_version":"UAV2_gen12",
  "name":"design_138_729052251d294b95968286df1edac8ec_dw",
  "hub":{
    "node_type":"ConnectedHub3_2_1",
    "angle":180.0,
    "centerSegment":{
      "node_type":"PropArm",
      "armLength":138.70622076654723,
      "motor":{
        "motorType":"t_motor_AT4130KV450"
      },
      "prop":{
        "propType":"apc_propellers_16x8"
      },
      "flange":{
        "offset":34.915098690047756,
        "angle":0.0
      }
    },
    "mainSegment":{
      "node_type":"BendSegment",
      "angle":-90.0,
      "armLength":452.7531348842453,
      "mainSegment":{
        "node_type":"AngledWingArm",
        "arm1Length":179.42698622658608,
        "arm2Length":162.0600823898606,
        "wing":{
          "wingType":"Wing_horiz_hole",
          "nacaProfile":"4518",
          "span":1221.394932593012,
          "chordInner":455.25830838145123,
          "chordOuter":58.24497047824718,
          "taperOffset":false,
          "aileronBias":0.30924329088433455,
          "flapBias":0.5732349421244096,
          "load":173.55386759133572,
          "tubeOffset":44.17592477499973,
          "tubeRot":270.74350860948067
        },
        "servo":{
          "servoType":"Hitec_D485HW"
        }
      }
    }
  },
  "fuselageWithComponents":{
    "node_type":"DualBatteryFuselageWithComponents",
    "battery":{
      "batteryType":"Tattu30C22000mAh6S1P"
    },
    "fuselage":{
      "length":206.0,
      "vertDiameter":136.5,
      "horzDiameter":471.9,
      "floorHeight":22.75,
      "battery1X":0.0,
      "battery1Y":-25.0,
      "battery2X":0.0,
      "battery2Y":38.0,
      "rpmX":0.0,
      "rpmY":-147.3,
      "autoPilotX":0.0,
      "autoPilotY":91.0,
      "currentX":0.0,
      "currentY":-127.15,
      "voltageX":0.0,
      "voltageY":144.8,
      "gpsX":0.0,
      "gpsY":-87.0,
      "varioX":0.0,
      "varioY":123.15
    }
  }
}