{"Interferences": 17, "Mass": 5.634080655196896, "Batt_amps_ratio_MFD": 0.476195782, "Batt_amps_ratio_MxSpd": 0.707846403, "Distance_MxSpd": 2115.71313, "Max_Distance": 2499.81201, "Hover_Time": 144.33963, "Max_Speed": 39.0, "Max_uc_at_MFD": 0.935977995, "Mot_amps_ratio_MFD": 0.910208404, "Mot_amps_ratio_MxSpd": 0.843708098, "Mot_power_ratio_MFD": 0.607423425, "Mot_power_ratio_MxSpd": 0.563044727, "Power_MFD": 2086.18359, "Power_MxSpd": 3579.35278, "Speed_MFD": 31.0}