{"Interferences": 55, "Mass": 3.1761351004038154, "Batt_amps_ratio_MFD": 0.674122989, "Batt_amps_ratio_MxSpd": 0.79798907, "Distance_MxSpd": 1299.26587, "Max_Distance": 1367.10962, "Hover_Time": 84.9583511, "Max_Speed": 27.0, "Max_uc_at_MFD": 0.955731213, "Mot_amps_ratio_MFD": 0.554196179, "Mot_amps_ratio_MxSpd": 0.526933551, "Mot_power_ratio_MFD": 0.358842015, "Mot_power_ratio_MxSpd": 0.341189444, "Power_MFD": 832.643921, "Power_MxSpd": 1055.63, "Speed_MFD": 24.0}