{"Interferences": 61, "Mass": 2.9781552845548047, "Batt_amps_ratio_MFD": 0.884713531, "Batt_amps_ratio_MxSpd": 0.884713531, "Distance_MxSpd": 911.481506, "Max_Distance": 911.481506, "Hover_Time": 56.2696495, "Max_Speed": 21.0, "Max_uc_at_MFD": 0.833491206, "Mot_amps_ratio_MFD": 0.920867741, "Mot_amps_ratio_MxSpd": 0.920867741, "Mot_power_ratio_MFD": 0.613911808, "Mot_power_ratio_MxSpd": 0.613911808, "Power_MFD": 675.230652, "Power_MxSpd": 675.230652, "Speed_MFD": 21.0}