{"Interferences": 6, "Mass": 4.743331117605098, "Batt_amps_ratio_MFD": 1.65100169, "Batt_amps_ratio_MxSpd": 1.65100169, "Distance_MxSpd": 651.241028, "Max_Distance": 651.241028, "Hover_Time": 0.0, "Max_Speed": 28.0, "Max_uc_at_MFD": 0.999298692, "Mot_amps_ratio_MFD": 0.898512006, "Mot_amps_ratio_MxSpd": 0.898512006, "Mot_power_ratio_MFD": 0.600284874, "Mot_power_ratio_MxSpd": 0.600284874, "Power_MFD": 2420.62231, "Power_MxSpd": 2420.62231, "Speed_MFD": 28.0}