{"Interferences": 41, "Mass": 5.614129164013674, "Batt_amps_ratio_MFD": 0.604295552, "Batt_amps_ratio_MxSpd": 0.626716316, "Distance_MxSpd": 1715.60876, "Max_Distance": 1715.7168, "Hover_Time": 0.0, "Max_Speed": 28.0, "Max_uc_at_MFD": 0.817370772, "Mot_amps_ratio_MFD": 0.487005353, "Mot_amps_ratio_MxSpd": 0.509909451, "Mot_power_ratio_MFD": 0.162317708, "Mot_power_ratio_MxSpd": 0.169951603, "Power_MFD": 1410.25269, "Power_MxSpd": 1503.29822, "Speed_MFD": 27.0}