{"Interferences": 23, "Mass": 8.892302074879963, "Batt_amps_ratio_MFD": 0.405086935, "Batt_amps_ratio_MxSpd": 0.527700603, "Distance_MxSpd": 2401.36157, "Max_Distance": 2464.65601, "Hover_Time": 114.193855, "Max_Speed": 33.0, "Max_uc_at_MFD": 0.916052699, "Mot_amps_ratio_MFD": 0.983174324, "Mot_amps_ratio_MxSpd": 0.855933249, "Mot_power_ratio_MFD": 0.582039177, "Mot_power_ratio_MxSpd": 0.506712496, "Power_MFD": 1958.41797, "Power_MxSpd": 3200.66577, "Speed_MFD": 26.0}