{"Interferences": 6, "Mass": 6.558804875662776, "Batt_amps_ratio_MFD": 0.640438557, "Batt_amps_ratio_MxSpd": 0.640438557, "Distance_MxSpd": 1199.17834, "Max_Distance": 1199.17834, "Hover_Time": 63.6825409, "Max_Speed": 20.0, "Max_uc_at_MFD": 1.0, "Mot_amps_ratio_MFD": 0.617015719, "Mot_amps_ratio_MxSpd": 0.617015719, "Mot_power_ratio_MFD": 0.570739508, "Mot_power_ratio_MxSpd": 0.570739508, "Power_MFD": 2876.65942, "Power_MxSpd": 2876.65942, "Speed_MFD": 20.0}