{"Interferences": 38, "Mass": 6.6328752961024735, "Batt_amps_ratio_MFD": 0.683506906, "Batt_amps_ratio_MxSpd": 1.08389127, "Distance_MxSpd": 1027.4093, "Max_Distance": 1404.52124, "Hover_Time": 72.1147308, "Max_Speed": 29.0, "Max_uc_at_MFD": 0.980150461, "Mot_amps_ratio_MFD": 0.593039334, "Mot_amps_ratio_MxSpd": 0.664925575, "Mot_power_ratio_MFD": 0.353442997, "Mot_power_ratio_MxSpd": 0.332533002, "Power_MFD": 1832.57141, "Power_MxSpd": 3233.87158, "Speed_MFD": 25.0}