{"Interferences": 55, "Mass": 13.424174983803862, "Batt_amps_ratio_MFD": 0.474882931, "Batt_amps_ratio_MxSpd": 0.474882931, "Distance_MxSpd": 2425.86108, "Max_Distance": 2425.86108, "Hover_Time": 0.0, "Max_Speed": 10.0, "Max_uc_at_MFD": 0.860815227, "Mot_amps_ratio_MFD": 0.903678894, "Mot_amps_ratio_MxSpd": 0.903678894, "Mot_power_ratio_MFD": 0.598636448, "Mot_power_ratio_MxSpd": 0.598636448, "Power_MFD": 2821.07764, "Power_MxSpd": 2821.07764, "Speed_MFD": 10.0}