{"Interferences": 0, "Mass": 6.2685297133744005, "Batt_amps_ratio_MFD": 0.197784409, "Batt_amps_ratio_MxSpd": 0.197784409, "Distance_MxSpd": 13105.1777, "Max_Distance": 13105.1777, "Hover_Time": 648.184509, "Max_Speed": 27.0, "Max_uc_at_MFD": 0.995347857, "Mot_amps_ratio_MFD": 0.416171998, "Mot_amps_ratio_MxSpd": 0.416171998, "Mot_power_ratio_MFD": 0.387442678, "Mot_power_ratio_MxSpd": 0.387442678, "Power_MFD": 1941.57996, "Power_MxSpd": 1941.57996, "Speed_MFD": 27.0}