{"Interferences": 26, "Mass": 3.90146066514131, "Batt_amps_ratio_MFD": 0.279036045, "Batt_amps_ratio_MxSpd": 0.361901224, "Distance_MxSpd": 1909.91333, "Max_Distance": 2064.24951, "Hover_Time": 178.105347, "Max_Speed": 18.0, "Max_uc_at_MFD": 0.999999762, "Mot_amps_ratio_MFD": 0.476932883, "Mot_amps_ratio_MxSpd": 0.461694568, "Mot_power_ratio_MFD": 0.186845481, "Mot_power_ratio_MxSpd": 0.180875644, "Power_MFD": 633.199951, "Power_MxSpd": 872.300781, "Speed_MFD": 15.0}