{"Interferences": 33, "Mass": 7.736545178362093, "Batt_amps_ratio_MFD": 0.738634825, "Batt_amps_ratio_MxSpd": 0.943193078, "Distance_MxSpd": 2320.62769, "Max_Distance": 2339.45117, "Hover_Time": 0.0, "Max_Speed": 19.0, "Max_uc_at_MFD": 0.999995708, "Mot_amps_ratio_MFD": 0.609584451, "Mot_amps_ratio_MxSpd": 0.976815522, "Mot_power_ratio_MFD": 0.563865602, "Mot_power_ratio_MxSpd": 0.90355432, "Power_MFD": 2120.88818, "Power_MxSpd": 3396.14136, "Speed_MFD": 15.0}