{
  "generator_version":"UAV2_gen12",
  "name":"design_5833_3862e9751755467c8e21506f64971bd6_dw",
  "hub":{
    "node_type":"ConnectedHub6_2_2_2",
    "frontSegment":{
      "node_type":"WingArm",
      "armLength":398.68428146217303,
      "wing":{
        "wingType":"Wing_vert_hole",
        "nacaProfile":"4521",
        "span":422.1511386408067,
        "chordInner":472.5491653897207,
        "chordOuter":119.24396572437917,
        "taperOffset":false,
        "aileronBias":0.7057710098587556,
        "flapBias":0.6328749474965687,
        "load":821.168227927514,
        "tubeOffset":38.093591193797025,
        "tubeRot":270.0
      },
      "servo":{
        "servoType":"Hitec_HS_70MG"
      }
    },
    "middleSegment":{
      "node_type":"PropArm",
      "armLength":161.4935490187433,
      "motor":{
        "motorType":"kde_direct_KDE5215XF_435"
      },
      "prop":{
        "propType":"apc_propellers_17x7E"
      },
      "flange":{
        "offset":38.51127220146611,
        "angle":206.98510285593892
      }
    },
    "rearSegment":{
      "node_type":"WingArm",
      "armLength":405.4314529214215,
      "wing":{
        "wingType":"Wing_vert_hole",
        "nacaProfile":"2309",
        "span":1658.1223567941797,
        "chordInner":125.69388245145899,
        "chordOuter":73.37998687072967,
        "taperOffset":true,
        "aileronBias":0.7019112726003222,
        "flapBias":0.9621115869910641,
        "load":141.6030221186256,
        "tubeOffset":84.13251018343024,
        "tubeRot":227.001418149433
      },
      "servo":{
        "servoType":"Hitec_D954SW"
      }
    }
  },
  "fuselageWithComponents":{
    "node_type":"DualBatteryFuselageWithComponents",
    "battery":{
      "batteryType":"TurnigyGraphene3000mAh6S75C"
    },
    "fuselage":{
      "length":137.0,
      "vertDiameter":67.5,
      "horzDiameter":429.9,
      "floorHeight":11.25,
      "battery1X":0.0,
      "battery1Y":-18.0,
      "battery2X":0.0,
      "battery2Y":31.0,
      "rpmX":0.0,
      "rpmY":-133.3,
      "autoPilotX":0.0,
      "autoPilotY":77.0,
      "currentX":0.0,
      "currentY":-113.15,
      "voltageX":0.0,
      "voltageY":130.8,
      "gpsX":0.0,
      "gpsY":-73.0,
      "varioX":0.0,
      "varioY":109.15
    }
  }
}