{"Interferences": 83, "Mass": 5.693024534308529, "Batt_amps_ratio_MFD": 0.449414939, "Batt_amps_ratio_MxSpd": 0.449414939, "Distance_MxSpd": 4613.99902, "Max_Distance": 4613.99902, "Hover_Time": 289.043793, "Max_Speed": 18.0, "Max_uc_at_MFD": 0.621556938, "Mot_amps_ratio_MFD": 0.874752939, "Mot_amps_ratio_MxSpd": 0.874752939, "Mot_power_ratio_MFD": 0.431544781, "Mot_power_ratio_MxSpd": 0.431544781, "Power_MFD": 890.806152, "Power_MxSpd": 890.806152, "Speed_MFD": 18.0}