{"Interferences": 6, "Mass": 7.000187383410752, "Batt_amps_ratio_MFD": 0.826808453, "Batt_amps_ratio_MxSpd": 1.17445183, "Distance_MxSpd": 1405.9325, "Max_Distance": 1625.52771, "Hover_Time": 61.3834038, "Max_Speed": 43.0, "Max_uc_at_MFD": 0.540548742, "Mot_amps_ratio_MFD": 0.942427099, "Mot_amps_ratio_MxSpd": 0.956406116, "Mot_power_ratio_MFD": 0.471163005, "Mot_power_ratio_MxSpd": 0.478151768, "Power_MFD": 3335.42139, "Power_MxSpd": 5082.31299, "Speed_MFD": 35.0}