{"Interferences": 4, "Mass": 3.7546390287318823, "Batt_amps_ratio_MFD": 0.799003482, "Batt_amps_ratio_MxSpd": 0.799003482, "Distance_MxSpd": 1105.37695, "Max_Distance": 1105.37695, "Hover_Time": 64.5947495, "Max_Speed": 23.0, "Max_uc_at_MFD": 0.978410184, "Mot_amps_ratio_MFD": 0.671929419, "Mot_amps_ratio_MxSpd": 0.671929419, "Mot_power_ratio_MFD": 0.331485182, "Mot_power_ratio_MxSpd": 0.331485182, "Power_MFD": 1353.47839, "Power_MxSpd": 1353.47839, "Speed_MFD": 23.0}