{"Interferences": 11, "Mass": 3.5690495621952, "Batt_amps_ratio_MFD": 1.34029174, "Batt_amps_ratio_MxSpd": 1.34029174, "Distance_MxSpd": 601.660095, "Max_Distance": 601.660095, "Hover_Time": 37.3555794, "Max_Speed": 21.0, "Max_uc_at_MFD": 0.999999404, "Mot_amps_ratio_MFD": 0.463969022, "Mot_amps_ratio_MxSpd": 0.463969022, "Mot_power_ratio_MFD": 0.116206393, "Mot_power_ratio_MxSpd": 0.116206393, "Power_MFD": 671.742249, "Power_MxSpd": 671.742249, "Speed_MFD": 21.0}