{
  "generator_version":"UAV2_gen12",
  "name":"design_7895_ad44522281f94eb7bd68fa50935236cf_dw_dl",
  "hub":{
    "node_type":"ConnectedHub4_2_2",
    "frontSegment":{
      "node_type":"AngledWingArm",
      "arm1Length":444.3483861526837,
      "arm2Length":114.1128522636472,
      "wing":{
        "wingType":"Wing_horiz_hole",
        "nacaProfile":"2712",
        "span":532.7862717570322,
        "chordInner":268.33910550822173,
        "chordOuter":185.53133230204165,
        "taperOffset":true,
        "aileronBias":0.23226391010250885,
        "flapBias":0.699156701972501,
        "load":169.66950562848325,
        "tubeOffset":61.9249043519532,
        "tubeRot":257.3273603229975
      },
      "servo":{
        "servoType":"Hitec_HS_5065MG"
      }
    },
    "rearSegment":{
      "node_type":"PropArm",
      "armLength":331.4640278218487,
      "motor":{
        "motorType":"t_motor_MN4014KV400"
      },
      "prop":{
        "propType":"apc_propellers_15x8E"
      },
      "flange":{
        "offset":11.091503318116366,
        "angle":0.0
      }
    }
  },
  "fuselageWithComponents":{
    "node_type":"DualBatteryFuselageWithComponents",
    "battery":{
      "batteryType":"TurnigyGraphene1000mAh6S75C"
    },
    "fuselage":{
      "length":151.0,
      "vertDiameter":52.5,
      "horzDiameter":350.4,
      "floorHeight":8.75,
      "battery1X":-37.75,
      "battery1Y":6.0,
      "battery2X":38.75,
      "battery2Y":6.0,
      "rpmX":0.0,
      "rpmY":-106.8,
      "autoPilotX":0.0,
      "autoPilotY":50.5,
      "currentX":0.0,
      "currentY":-86.65,
      "voltageX":0.0,
      "voltageY":104.3,
      "gpsX":0.0,
      "gpsY":-46.5,
      "varioX":0.0,
      "varioY":82.65
    }
  }
}