{"Interferences": 20, "Mass": 3.474397057513593, "Batt_amps_ratio_MFD": 0.739191532, "Batt_amps_ratio_MxSpd": 0.739191532, "Distance_MxSpd": 1090.92163, "Max_Distance": 1090.92163, "Hover_Time": 75.3493423, "Max_Speed": 21.0, "Max_uc_at_MFD": 0.990086496, "Mot_amps_ratio_MFD": 0.738772035, "Mot_amps_ratio_MxSpd": 0.738772035, "Mot_power_ratio_MFD": 0.328014791, "Mot_power_ratio_MxSpd": 0.328014791, "Power_MFD": 751.515686, "Power_MxSpd": 751.515686, "Speed_MFD": 21.0}