{"Interferences": 14, "Mass": 7.399793868945276, "Batt_amps_ratio_MFD": 1.27188051, "Batt_amps_ratio_MxSpd": 2.02286887, "Distance_MxSpd": 2847.44116, "Max_Distance": 3260.68384, "Hover_Time": 139.727264, "Max_Speed": 50.0, "Max_uc_at_MFD": 0.876945257, "Mot_amps_ratio_MFD": 0.7687307, "Mot_amps_ratio_MxSpd": 0.750886977, "Mot_power_ratio_MFD": 0.329361826, "Mot_power_ratio_MxSpd": 0.321716696, "Power_MFD": 3659.09497, "Power_MxSpd": 6765.18848, "Speed_MFD": 36.0}