{"Interferences": 0, "Mass": 5.368242348097792, "Batt_amps_ratio_MFD": 0.66228503, "Batt_amps_ratio_MxSpd": 1.12965715, "Distance_MxSpd": 4079.11353, "Max_Distance": 4870.41064, "Hover_Time": 256.842865, "Max_Speed": 40.0, "Max_uc_at_MFD": 0.831593752, "Mot_amps_ratio_MFD": 0.597780883, "Mot_amps_ratio_MxSpd": 0.627072096, "Mot_power_ratio_MFD": 0.599055171, "Mot_power_ratio_MxSpd": 0.62840879, "Power_MFD": 1802.3335, "Power_MxSpd": 4016.09009, "Speed_MFD": 28.0}