{"Interferences": 15, "Mass": 4.819411469681327, "Batt_amps_ratio_MFD": 0.189848974, "Batt_amps_ratio_MxSpd": 0.189848974, "Distance_MxSpd": 3438.52271, "Max_Distance": 3438.52271, "Hover_Time": 218.863495, "Max_Speed": 17.0, "Max_uc_at_MFD": 0.999506235, "Mot_amps_ratio_MFD": 0.578719974, "Mot_amps_ratio_MxSpd": 0.578719974, "Mot_power_ratio_MFD": 0.289359987, "Mot_power_ratio_MxSpd": 0.289359987, "Power_MFD": 907.574768, "Power_MxSpd": 907.574768, "Speed_MFD": 17.0}