{"Interferences": 21, "Mass": 4.499801347674096, "Batt_amps_ratio_MFD": 0.281002045, "Batt_amps_ratio_MxSpd": 0.311676174, "Distance_MxSpd": 2464.09595, "Max_Distance": 2596.42236, "Hover_Time": 135.241928, "Max_Speed": 20.0, "Max_uc_at_MFD": 0.995322585, "Mot_amps_ratio_MFD": 0.603166521, "Mot_amps_ratio_MxSpd": 0.602336466, "Mot_power_ratio_MFD": 0.301646948, "Mot_power_ratio_MxSpd": 0.301231831, "Power_MFD": 800.618713, "Power_MxSpd": 895.416565, "Speed_MFD": 19.0}