{"Interferences": 36, "Mass": 14.809698227568276, "Batt_amps_ratio_MFD": 1.92791164, "Batt_amps_ratio_MxSpd": 2.1889956, "Distance_MxSpd": 4297.86182, "Max_Distance": 4381.94336, "Hover_Time": 106.946815, "Max_Speed": 49.0, "Max_uc_at_MFD": 0.914723814, "Mot_amps_ratio_MFD": 0.912001491, "Mot_amps_ratio_MxSpd": 0.996017516, "Mot_power_ratio_MFD": 0.714188457, "Mot_power_ratio_MxSpd": 0.438276201, "Power_MFD": 8842.52246, "Power_MxSpd": 11038.9492, "Speed_MFD": 44.0}