{"Interferences": 44, "Mass": 7.453086528495046, "Batt_amps_ratio_MFD": 0.553394318, "Batt_amps_ratio_MxSpd": 0.899975896, "Distance_MxSpd": 1834.71582, "Max_Distance": 2081.69824, "Hover_Time": 96.2993546, "Max_Speed": 43.0, "Max_uc_at_MFD": 0.860342681, "Mot_amps_ratio_MFD": 0.658029735, "Mot_amps_ratio_MxSpd": 0.60838902, "Mot_power_ratio_MFD": 0.219319731, "Mot_power_ratio_MxSpd": 0.202774599, "Power_MFD": 2281.34326, "Power_MxSpd": 4491.34326, "Speed_MFD": 30.0}