{"Interferences": 5, "Mass": 7.204134247528346, "Batt_amps_ratio_MFD": 1.30270278, "Batt_amps_ratio_MxSpd": 2.32814503, "Distance_MxSpd": 10885.9199, "Max_Distance": 12822.5723, "Hover_Time": 0.0, "Max_Speed": 44.0, "Max_uc_at_MFD": 0.608838737, "Mot_amps_ratio_MFD": 0.527735591, "Mot_amps_ratio_MxSpd": 0.95594281, "Mot_power_ratio_MFD": 0.388821661, "Mot_power_ratio_MxSpd": 0.698209822, "Power_MFD": 2124.69189, "Power_MxSpd": 5567.20557, "Speed_MFD": 29.0}