{"Interferences": 9, "Mass": 3.833269853135471, "Batt_amps_ratio_MFD": 1.10497677, "Batt_amps_ratio_MxSpd": 1.5878737, "Distance_MxSpd": 725.498535, "Max_Distance": 764.540955, "Hover_Time": 34.1869583, "Max_Speed": 30.0, "Max_uc_at_MFD": 0.747410834, "Mot_amps_ratio_MFD": 0.593960524, "Mot_amps_ratio_MxSpd": 0.994530022, "Mot_power_ratio_MFD": 0.560401738, "Mot_power_ratio_MxSpd": 0.938339114, "Power_MFD": 1243.85608, "Power_MxSpd": 2228.96484, "Speed_MFD": 22.0}