{"Interferences": 4, "Mass": 3.4402336916905827, "Batt_amps_ratio_MFD": 0.661050677, "Batt_amps_ratio_MxSpd": 0.661050677, "Distance_MxSpd": 1103.69751, "Max_Distance": 1103.69751, "Hover_Time": 42.0926895, "Max_Speed": 19.0, "Max_uc_at_MFD": 0.994220853, "Mot_amps_ratio_MFD": 0.67966938, "Mot_amps_ratio_MxSpd": 0.67966938, "Mot_power_ratio_MFD": 0.45311293, "Mot_power_ratio_MxSpd": 0.45311293, "Power_MFD": 790.841431, "Power_MxSpd": 790.841431, "Speed_MFD": 19.0}