{"Interferences": 2, "Mass": 8.210853930921651, "Batt_amps_ratio_MFD": 2.11900473, "Batt_amps_ratio_MxSpd": 2.11900473, "Distance_MxSpd": 10057.5518, "Max_Distance": 10057.5518, "Hover_Time": 0.0, "Max_Speed": 37.0, "Max_uc_at_MFD": 0.896347165, "Mot_amps_ratio_MFD": 0.840534568, "Mot_amps_ratio_MxSpd": 0.840534568, "Mot_power_ratio_MFD": 0.849473834, "Mot_power_ratio_MxSpd": 0.849473834, "Power_MFD": 5422.73975, "Power_MxSpd": 5422.73975, "Speed_MFD": 37.0}