{"Interferences": 14, "Mass": 5.602833404243234, "Batt_amps_ratio_MFD": 0.191870317, "Batt_amps_ratio_MxSpd": 0.191870317, "Distance_MxSpd": 400.270355, "Max_Distance": 400.270355, "Hover_Time": 0.0, "Max_Speed": 2.0, "Max_uc_at_MFD": 0.999805391, "Mot_amps_ratio_MFD": 0.259228826, "Mot_amps_ratio_MxSpd": 0.259228826, "Mot_power_ratio_MFD": 0.119893327, "Mot_power_ratio_MxSpd": 0.119893327, "Power_MFD": 895.889038, "Power_MxSpd": 895.889038, "Speed_MFD": 2.0}