{"Interferences": 13, "Mass": 5.039747419185283, "Batt_amps_ratio_MFD": 1.73400068, "Batt_amps_ratio_MxSpd": 2.30580878, "Distance_MxSpd": 566.222107, "Max_Distance": 620.06897, "Hover_Time": 28.207077, "Max_Speed": 34.0, "Max_uc_at_MFD": 0.942844868, "Mot_amps_ratio_MFD": 0.809739232, "Mot_amps_ratio_MxSpd": 0.755106926, "Mot_power_ratio_MFD": 0.712433875, "Mot_power_ratio_MxSpd": 0.66218847, "Power_MFD": 1725.97974, "Power_MxSpd": 2709.58179, "Speed_MFD": 28.0}