{
  "generator_version":"UAV2_gen12",
  "name":"design_9834_61638d494e0c4832aaed7949a38966ec_dw",
  "hub":{
    "node_type":"ConnectedHub6_1_2_2_1",
    "frontCenterSegment":{
      "node_type":"AngledPropArm",
      "armLength":156.8783807935872,
      "motor":{
        "motorType":"t_motor_MN3520KV400"
      },
      "prop":{
        "propType":"apc_propellers_18x8"
      }
    },
    "frontSegment":{
      "node_type":"AngledWingArm",
      "arm1Length":152.24133358456487,
      "arm2Length":100.73286074625447,
      "wing":{
        "wingType":"Wing_vert_hole",
        "nacaProfile":"6421",
        "span":1137.3073425827065,
        "chordInner":166.42983851615082,
        "chordOuter":141.43224150549003,
        "taperOffset":false,
        "aileronBias":0.3343832483261301,
        "flapBias":0.6722550924705978,
        "load":723.4140133487098,
        "tubeOffset":28.772886394179658,
        "tubeRot":233.1513100414596
      },
      "servo":{
        "servoType":"Hitec_HS_55"
      }
    },
    "rearSegment":{
      "node_type":"AngledWingArm",
      "arm1Length":337.9604279752655,
      "arm2Length":84.32508528548595,
      "wing":{
        "wingType":"Wing_horiz_hole",
        "nacaProfile":"4612",
        "span":1860.2169719423555,
        "chordInner":235.51362591038804,
        "chordOuter":163.15223041394677,
        "taperOffset":true,
        "aileronBias":0.6076354020095018,
        "flapBias":0.6697984129281056,
        "load":126.15663981453405,
        "tubeOffset":68.1323741031005,
        "tubeRot":270.0
      },
      "servo":{
        "servoType":"Hitec_HS_5496MH"
      }
    },
    "rearCenterSegment":{
      "node_type":"AngledPropArm",
      "armLength":451.15717453009165,
      "motor":{
        "motorType":"t_motor_AntigravityMN6007KV320"
      },
      "prop":{
        "propType":"apc_propellers_13x6_5E"
      }
    }
  },
  "fuselageWithComponents":{
    "node_type":"DualBatteryFuselageWithComponents",
    "battery":{
      "batteryType":"Tattu25C9000mAh6S1P"
    },
    "fuselage":{
      "length":208.0,
      "vertDiameter":109.5,
      "horzDiameter":399.9,
      "floorHeight":18.25,
      "battery1X":0.0,
      "battery1Y":-13.0,
      "battery2X":0.0,
      "battery2Y":26.0,
      "rpmX":0.0,
      "rpmY":-123.3,
      "autoPilotX":0.0,
      "autoPilotY":67.0,
      "currentX":0.0,
      "currentY":-103.15,
      "voltageX":0.0,
      "voltageY":120.8,
      "gpsX":0.0,
      "gpsY":-63.0,
      "varioX":0.0,
      "varioY":99.15
    }
  }
}