{"Interferences": 23, "Mass": 9.473071344878411, "Batt_amps_ratio_MFD": 0.268238544, "Batt_amps_ratio_MxSpd": 0.268238544, "Distance_MxSpd": 9305.15039, "Max_Distance": 9305.15039, "Hover_Time": 0.0, "Max_Speed": 13.0, "Max_uc_at_MFD": 0.968420804, "Mot_amps_ratio_MFD": 0.836199641, "Mot_amps_ratio_MxSpd": 0.836199641, "Mot_power_ratio_MFD": 0.64628309, "Mot_power_ratio_MxSpd": 0.64628309, "Power_MFD": 1277.96399, "Power_MxSpd": 1277.96399, "Speed_MFD": 13.0}