{"Interferences": 8, "Mass": 4.568727547339553, "Batt_amps_ratio_MFD": 1.23367047, "Batt_amps_ratio_MxSpd": 2.10243535, "Distance_MxSpd": 748.845825, "Max_Distance": 902.67218, "Hover_Time": 51.5700455, "Max_Speed": 41.0, "Max_uc_at_MFD": 0.919374526, "Mot_amps_ratio_MFD": 0.759117484, "Mot_amps_ratio_MxSpd": 0.61539495, "Mot_power_ratio_MFD": 0.468122452, "Mot_power_ratio_MxSpd": 0.379493535, "Power_MFD": 1728.57214, "Power_MxSpd": 3600.94287, "Speed_MFD": 29.0}