{"Interferences": 24, "Mass": 2.450145299012586, "Batt_amps_ratio_MFD": 0.582523823, "Batt_amps_ratio_MxSpd": 0.696729898, "Distance_MxSpd": 1488.0946, "Max_Distance": 1516.16113, "Hover_Time": 0.0, "Max_Speed": 27.0, "Max_uc_at_MFD": 0.784959257, "Mot_amps_ratio_MFD": 0.754034579, "Mot_amps_ratio_MxSpd": 0.995317936, "Mot_power_ratio_MFD": 0.371990383, "Mot_power_ratio_MxSpd": 0.491023511, "Power_MFD": 674.267212, "Power_MxSpd": 994.431152, "Speed_MFD": 23.0}