{"Interferences": 0, "Mass": 4.50393604116821, "Batt_amps_ratio_MFD": 0.693324566, "Batt_amps_ratio_MxSpd": 0.693324566, "Distance_MxSpd": 1273.86218, "Max_Distance": 1273.86218, "Hover_Time": 0.0, "Max_Speed": 23.0, "Max_uc_at_MFD": 0.442492306, "Mot_amps_ratio_MFD": 0.778944254, "Mot_amps_ratio_MxSpd": 0.778944254, "Mot_power_ratio_MFD": 0.734933913, "Mot_power_ratio_MxSpd": 0.734933913, "Power_MFD": 1483.86365, "Power_MxSpd": 1483.86365, "Speed_MFD": 23.0}