{"Interferences": 39, "Mass": 7.387753184715116, "Batt_amps_ratio_MFD": 0.416186154, "Batt_amps_ratio_MxSpd": 0.537569344, "Distance_MxSpd": 1714.38342, "Max_Distance": 1845.32812, "Hover_Time": 101.332138, "Max_Speed": 24.0, "Max_uc_at_MFD": 0.991065323, "Mot_amps_ratio_MFD": 0.764196754, "Mot_amps_ratio_MxSpd": 0.788094878, "Mot_power_ratio_MFD": 0.471254677, "Mot_power_ratio_MxSpd": 0.485991836, "Power_MFD": 2495.19678, "Power_MxSpd": 3420.36914, "Speed_MFD": 20.0}