{"Interferences": 5, "Mass": 6.703779052367683, "Batt_amps_ratio_MFD": 0.466447055, "Batt_amps_ratio_MxSpd": 0.466447055, "Distance_MxSpd": 3292.97827, "Max_Distance": 3292.97827, "Hover_Time": 0.0, "Max_Speed": 16.0, "Max_uc_at_MFD": 0.996282458, "Mot_amps_ratio_MFD": 0.476040155, "Mot_amps_ratio_MxSpd": 0.476040155, "Mot_power_ratio_MFD": 0.354910403, "Mot_power_ratio_MxSpd": 0.354910403, "Power_MFD": 1880.17346, "Power_MxSpd": 1880.17346, "Speed_MFD": 16.0}