{"Interferences": 19, "Mass": 7.082339785547788, "Batt_amps_ratio_MFD": 0.465021431, "Batt_amps_ratio_MxSpd": 0.525137603, "Distance_MxSpd": 2193.71069, "Max_Distance": 2229.57471, "Hover_Time": 109.825005, "Max_Speed": 30.0, "Max_uc_at_MFD": 0.942816198, "Mot_amps_ratio_MFD": 0.784550011, "Mot_amps_ratio_MxSpd": 0.914168417, "Mot_power_ratio_MFD": 0.370111465, "Mot_power_ratio_MxSpd": 0.431258947, "Power_MFD": 1768.11145, "Power_MxSpd": 2197.57642, "Speed_MFD": 27.0}