{"Interferences": 5, "Mass": 12.37442499727024, "Batt_amps_ratio_MFD": 0.215042606, "Batt_amps_ratio_MxSpd": 0.215042606, "Distance_MxSpd": 12321.2793, "Max_Distance": 12321.2793, "Hover_Time": 539.799316, "Max_Speed": 23.0, "Max_uc_at_MFD": 0.999996543, "Mot_amps_ratio_MFD": 0.779035926, "Mot_amps_ratio_MxSpd": 0.779035926, "Mot_power_ratio_MFD": 0.796461761, "Mot_power_ratio_MxSpd": 0.796461761, "Power_MFD": 3158.94873, "Power_MxSpd": 3158.94873, "Speed_MFD": 23.0}