{"Interferences": 7, "Mass": 5.267657545962113, "Batt_amps_ratio_MFD": 1.16720819, "Batt_amps_ratio_MxSpd": 1.16720819, "Distance_MxSpd": 230.293106, "Max_Distance": 230.293106, "Hover_Time": 0.0, "Max_Speed": 7.0, "Max_uc_at_MFD": 0.99999994, "Mot_amps_ratio_MFD": 0.60243398, "Mot_amps_ratio_MxSpd": 0.60243398, "Mot_power_ratio_MFD": 0.267480701, "Mot_power_ratio_MxSpd": 0.267480701, "Power_MFD": 857.168579, "Power_MxSpd": 857.168579, "Speed_MFD": 7.0}