{"Interferences": 58, "Mass": 8.887215792936713, "Batt_amps_ratio_MFD": 1.47752333, "Batt_amps_ratio_MxSpd": 1.54626215, "Distance_MxSpd": 11920.3594, "Max_Distance": 12085.0879, "Hover_Time": 541.19989, "Max_Speed": 32.0, "Max_uc_at_MFD": 0.83010757, "Mot_amps_ratio_MFD": 0.921038747, "Mot_amps_ratio_MxSpd": 0.985365093, "Mot_power_ratio_MFD": 0.693120718, "Mot_power_ratio_MxSpd": 0.741528988, "Power_MFD": 2392.81885, "Power_MxSpd": 2568.98364, "Speed_MFD": 31.0}