{
  "generator_version":"UAV2_gen12",
  "name":"design_1679_d84d167e8e214fcca7598b24e74b8884_dw",
  "hub":{
    "node_type":"ConnectedHub6_2_2_2",
    "frontSegment":{
      "node_type":"WingArm",
      "armLength":243.81900280206605,
      "wing":{
        "wingType":"Wing_horiz_hole",
        "nacaProfile":"4518",
        "span":827.8583997328901,
        "chordInner":247.04209309679203,
        "chordOuter":65.98372658373776,
        "taperOffset":true,
        "aileronBias":0.5400082756882014,
        "flapBias":0.8284297523786726,
        "load":366.0544600288373,
        "tubeOffset":58.359002957959724,
        "tubeRot":270.0
      },
      "servo":{
        "servoType":"Hitec_D954SW"
      }
    },
    "middleSegment":{
      "node_type":"WingArm",
      "armLength":227.7215136074931,
      "wing":{
        "wingType":"Wing_vert_hole",
        "nacaProfile":"6309",
        "span":832.7209650992233,
        "chordInner":354.37439077917895,
        "chordOuter":196.0864663034909,
        "taperOffset":true,
        "aileronBias":0.6250893162939399,
        "flapBias":0.1995613526537547,
        "load":209.341218239571,
        "tubeOffset":32.989718764139255,
        "tubeRot":288.56809265664504
      },
      "servo":{
        "servoType":"Hitec_HS_85BB"
      }
    },
    "rearSegment":{
      "node_type":"BendSegment",
      "angle":-90.0,
      "armLength":119.41457578294788,
      "mainSegment":{
        "node_type":"PropArm",
        "armLength":313.6459870754943,
        "motor":{
          "motorType":"t_motor_MN4012KV340"
        },
        "prop":{
          "propType":"apc_propellers_15x6"
        },
        "flange":{
          "offset":19.352924287814744,
          "angle":0.0
        }
      }
    }
  },
  "fuselageWithComponents":{
    "node_type":"DualBatteryFuselageWithComponents",
    "battery":{
      "batteryType":"Tattu25C22000mAh4S1P"
    },
    "fuselage":{
      "length":195.0,
      "vertDiameter":136.5,
      "horzDiameter":417.9,
      "floorHeight":22.75,
      "battery1X":0.0,
      "battery1Y":-16.0,
      "battery2X":0.0,
      "battery2Y":29.0,
      "rpmX":0.0,
      "rpmY":-129.3,
      "autoPilotX":0.0,
      "autoPilotY":73.0,
      "currentX":0.0,
      "currentY":-109.15,
      "voltageX":0.0,
      "voltageY":126.8,
      "gpsX":0.0,
      "gpsY":-69.0,
      "varioX":0.0,
      "varioY":105.15
    }
  }
}