{"Interferences": 4, "Mass": 4.513431103936966, "Batt_amps_ratio_MFD": 0.164348751, "Batt_amps_ratio_MxSpd": 0.164348751, "Distance_MxSpd": 6308.53564, "Max_Distance": 6308.53564, "Hover_Time": 0.0, "Max_Speed": 27.0, "Max_uc_at_MFD": 0.985401511, "Mot_amps_ratio_MFD": 0.752146125, "Mot_amps_ratio_MxSpd": 0.752146125, "Mot_power_ratio_MFD": 0.564109564, "Mot_power_ratio_MxSpd": 0.564109564, "Power_MFD": 1489.22876, "Power_MxSpd": 1489.22876, "Speed_MFD": 27.0}