{"Interferences": 8, "Mass": 6.930724132075072, "Batt_amps_ratio_MFD": 0.264647692, "Batt_amps_ratio_MxSpd": 0.290035844, "Distance_MxSpd": 6950.86475, "Max_Distance": 7254.92822, "Hover_Time": 396.112854, "Max_Speed": 21.0, "Max_uc_at_MFD": 0.665165305, "Mot_amps_ratio_MFD": 0.985779285, "Mot_amps_ratio_MxSpd": 0.964521766, "Mot_power_ratio_MFD": 0.739334464, "Mot_power_ratio_MxSpd": 0.713746071, "Power_MFD": 2220.53784, "Power_MxSpd": 2542.67407, "Speed_MFD": 20.0}