{"Interferences": 15, "Mass": 7.768924313073998, "Batt_amps_ratio_MFD": 1.1496042, "Batt_amps_ratio_MxSpd": 1.1496042, "Distance_MxSpd": 100.208397, "Max_Distance": 100.208397, "Hover_Time": 0.0, "Max_Speed": 1.0, "Max_uc_at_MFD": 0.819854379, "Mot_amps_ratio_MFD": 0.893540382, "Mot_amps_ratio_MxSpd": 0.893540382, "Mot_power_ratio_MFD": 0.848863363, "Mot_power_ratio_MxSpd": 0.848863363, "Power_MFD": 4573.0376, "Power_MxSpd": 4573.0376, "Speed_MFD": 1.0}