{"Interferences": 2, "Mass": 2.76946979583697, "Batt_amps_ratio_MFD": 0.686712742, "Batt_amps_ratio_MxSpd": 1.36310136, "Distance_MxSpd": 1014.1579, "Max_Distance": 1230.20874, "Hover_Time": 85.9082336, "Max_Speed": 36.0, "Max_uc_at_MFD": 0.484377354, "Mot_amps_ratio_MFD": 0.43458885, "Mot_amps_ratio_MxSpd": 0.969787598, "Mot_power_ratio_MFD": 0.321595758, "Mot_power_ratio_MxSpd": 0.717642844, "Power_MFD": 647.335938, "Power_MxSpd": 2237.5437, "Speed_MFD": 22.0}