{"Interferences": 10, "Mass": 4.969798744992841, "Batt_amps_ratio_MFD": 0.681052804, "Batt_amps_ratio_MxSpd": 0.681052804, "Distance_MxSpd": 1353.19897, "Max_Distance": 1353.19897, "Hover_Time": 72.5149918, "Max_Speed": 24.0, "Max_uc_at_MFD": 0.999950767, "Mot_amps_ratio_MFD": 0.310218692, "Mot_amps_ratio_MxSpd": 0.310218692, "Mot_power_ratio_MFD": 0.144401804, "Mot_power_ratio_MxSpd": 0.144401804, "Power_MFD": 1174.02783, "Power_MxSpd": 1174.02783, "Speed_MFD": 24.0}