{"Interferences": 16, "Mass": 5.365752663382633, "Batt_amps_ratio_MFD": 0.505185425, "Batt_amps_ratio_MxSpd": 0.696817517, "Distance_MxSpd": 9092.76758, "Max_Distance": 9881.52051, "Hover_Time": 536.93457, "Max_Speed": 33.0, "Max_uc_at_MFD": 0.941988111, "Mot_amps_ratio_MFD": 0.917870343, "Mot_amps_ratio_MxSpd": 0.897157311, "Mot_power_ratio_MFD": 0.459193736, "Mot_power_ratio_MxSpd": 0.448831379, "Power_MFD": 1501.6687, "Power_MxSpd": 2288.58618, "Speed_MFD": 26.0}