{"Interferences": 16, "Mass": 7.702638912056106, "Batt_amps_ratio_MFD": 0.566556156, "Batt_amps_ratio_MxSpd": 0.566556156, "Distance_MxSpd": 1186.11365, "Max_Distance": 1186.11365, "Hover_Time": 0.0, "Max_Speed": 7.0, "Max_uc_at_MFD": 0.752671301, "Mot_amps_ratio_MFD": 0.891124904, "Mot_amps_ratio_MxSpd": 0.891124904, "Mot_power_ratio_MFD": 0.668484807, "Mot_power_ratio_MxSpd": 0.668484807, "Power_MFD": 1653.67761, "Power_MxSpd": 1653.67761, "Speed_MFD": 7.0}