{"Interferences": 14, "Mass": 5.287362054764055, "Batt_amps_ratio_MFD": 0.599106669, "Batt_amps_ratio_MxSpd": 0.676501095, "Distance_MxSpd": 1646.11707, "Max_Distance": 1666.4812, "Hover_Time": 72.7196503, "Max_Speed": 29.0, "Max_uc_at_MFD": 0.905522108, "Mot_amps_ratio_MFD": 0.531784773, "Mot_amps_ratio_MxSpd": 0.597528875, "Mot_power_ratio_MFD": 0.355278909, "Mot_power_ratio_MxSpd": 0.399201751, "Power_MFD": 1479.67847, "Power_MxSpd": 1823.37939, "Speed_MFD": 26.0}