{"Interferences": 3, "Mass": 3.506169958128068, "Batt_amps_ratio_MFD": 0.615007997, "Batt_amps_ratio_MxSpd": 0.676536918, "Distance_MxSpd": 1248.71228, "Max_Distance": 1248.76428, "Hover_Time": 86.0027084, "Max_Speed": 22.0, "Max_uc_at_MFD": 0.964048505, "Mot_amps_ratio_MFD": 0.473393977, "Mot_amps_ratio_MxSpd": 0.591517031, "Mot_power_ratio_MFD": 0.233541027, "Mot_power_ratio_MxSpd": 0.291815072, "Power_MFD": 761.508545, "Power_MxSpd": 874.144653, "Speed_MFD": 20.0}