{"Interferences": 0, "Mass": 5.375798217787837, "Batt_amps_ratio_MFD": 0.400224298, "Batt_amps_ratio_MxSpd": 0.607568443, "Distance_MxSpd": 7015.50635, "Max_Distance": 8059.48096, "Hover_Time": 455.216125, "Max_Speed": 37.0, "Max_uc_at_MFD": 0.782102287, "Mot_amps_ratio_MFD": 0.700746059, "Mot_amps_ratio_MxSpd": 0.928334534, "Mot_power_ratio_MFD": 0.532566965, "Mot_power_ratio_MxSpd": 0.705534279, "Power_MFD": 1794.35791, "Power_MxSpd": 3435.25415, "Speed_MFD": 28.0}