{"Interferences": 10, "Mass": 4.532529684449508, "Batt_amps_ratio_MFD": 1.84100246, "Batt_amps_ratio_MxSpd": 2.36155581, "Distance_MxSpd": 520.3349, "Max_Distance": 584.029602, "Hover_Time": 33.7790489, "Max_Speed": 32.0, "Max_uc_at_MFD": 0.941477001, "Mot_amps_ratio_MFD": 0.500782669, "Mot_amps_ratio_MxSpd": 0.423392177, "Mot_power_ratio_MFD": 0.308815986, "Mot_power_ratio_MxSpd": 0.326974809, "Power_MFD": 1590.39539, "Power_MxSpd": 2324.67383, "Speed_MFD": 28.0}