{"Interferences": 8, "Mass": 5.8112362725279, "Batt_amps_ratio_MFD": 0.709852397, "Batt_amps_ratio_MxSpd": 1.10209107, "Distance_MxSpd": 13066.0713, "Max_Distance": 14605.8535, "Hover_Time": 852.360535, "Max_Speed": 25.0, "Max_uc_at_MFD": 0.950547516, "Mot_amps_ratio_MFD": 0.801166236, "Mot_amps_ratio_MxSpd": 0.764761508, "Mot_power_ratio_MFD": 0.778132737, "Mot_power_ratio_MxSpd": 0.742774606, "Power_MFD": 1320.14978, "Power_MxSpd": 2185.84009, "Speed_MFD": 18.0}