{"Interferences": 26, "Mass": 5.817217811288347, "Batt_amps_ratio_MFD": 0.506800294, "Batt_amps_ratio_MxSpd": 0.58703047, "Distance_MxSpd": 7849.67773, "Max_Distance": 7955.7959, "Hover_Time": 465.573639, "Max_Speed": 24.0, "Max_uc_at_MFD": 0.940930665, "Mot_amps_ratio_MFD": 0.949118137, "Mot_amps_ratio_MxSpd": 0.991454363, "Mot_power_ratio_MFD": 0.539527357, "Mot_power_ratio_MxSpd": 0.540840328, "Power_MFD": 1346.50049, "Power_MxSpd": 1738.79504, "Speed_MFD": 21.0}