{"Interferences": 24, "Mass": 3.9368142091181535, "Batt_amps_ratio_MFD": 0.634940684, "Batt_amps_ratio_MxSpd": 0.634940684, "Distance_MxSpd": 846.693298, "Max_Distance": 846.693298, "Hover_Time": 0.0, "Max_Speed": 14.0, "Max_uc_at_MFD": 0.684278965, "Mot_amps_ratio_MFD": 0.983828664, "Mot_amps_ratio_MxSpd": 0.983828664, "Mot_power_ratio_MFD": 0.738027334, "Mot_power_ratio_MxSpd": 0.738027334, "Power_MFD": 733.084229, "Power_MxSpd": 733.084229, "Speed_MFD": 14.0}