{"Interferences": 12, "Mass": 11.01307107510372, "Batt_amps_ratio_MFD": 4.1850605, "Batt_amps_ratio_MxSpd": 4.1850605, "Distance_MxSpd": 4266.60498, "Max_Distance": 4266.60498, "Hover_Time": 0.0, "Max_Speed": 31.0, "Max_uc_at_MFD": 0.778256774, "Mot_amps_ratio_MFD": 0.998877406, "Mot_amps_ratio_MxSpd": 0.998877406, "Mot_power_ratio_MFD": 0.427967936, "Mot_power_ratio_MxSpd": 0.427967936, "Power_MFD": 6428.14404, "Power_MxSpd": 6428.14404, "Speed_MFD": 31.0}