{"Interferences": 40, "Mass": 4.421350159341508, "Batt_amps_ratio_MFD": 0.181372076, "Batt_amps_ratio_MxSpd": 0.181372076, "Distance_MxSpd": 5292.98682, "Max_Distance": 5292.98682, "Hover_Time": 0.0, "Max_Speed": 25.0, "Max_uc_at_MFD": 0.744374812, "Mot_amps_ratio_MFD": 0.619541824, "Mot_amps_ratio_MxSpd": 0.619541824, "Mot_power_ratio_MFD": 0.573076189, "Mot_power_ratio_MxSpd": 0.573076189, "Power_MFD": 1147.27136, "Power_MxSpd": 1147.27136, "Speed_MFD": 25.0}