{"Interferences": 20, "Mass": 8.35356340248152, "Batt_amps_ratio_MFD": 1.23391604, "Batt_amps_ratio_MxSpd": 1.6404165, "Distance_MxSpd": 2926.08618, "Max_Distance": 3112.04321, "Hover_Time": 109.876976, "Max_Speed": 50.0, "Max_uc_at_MFD": 0.634756804, "Mot_amps_ratio_MFD": 0.754499733, "Mot_amps_ratio_MxSpd": 0.837228715, "Mot_power_ratio_MFD": 0.323264569, "Mot_power_ratio_MxSpd": 0.358709723, "Power_MFD": 4373.3877, "Power_MxSpd": 7715.98584, "Speed_MFD": 40.0}