{"Interferences": 22, "Mass": 10.10320187571478, "Batt_amps_ratio_MFD": 1.55890024, "Batt_amps_ratio_MxSpd": 1.55890024, "Distance_MxSpd": 1530.74939, "Max_Distance": 1530.74939, "Hover_Time": 53.7312775, "Max_Speed": 29.0, "Max_uc_at_MFD": 0.994801581, "Mot_amps_ratio_MFD": 0.685460806, "Mot_amps_ratio_MxSpd": 0.685460806, "Mot_power_ratio_MFD": 0.634051263, "Mot_power_ratio_MxSpd": 0.634051263, "Power_MFD": 6322.11426, "Power_MxSpd": 6322.11426, "Speed_MFD": 29.0}