{"Interferences": 1, "Mass": 6.98230961144334, "Batt_amps_ratio_MFD": 0.311927944, "Batt_amps_ratio_MxSpd": 0.311927944, "Distance_MxSpd": 9971.53418, "Max_Distance": 9971.53418, "Hover_Time": 510.882507, "Max_Speed": 27.0, "Max_uc_at_MFD": 0.999999881, "Mot_amps_ratio_MFD": 0.345811874, "Mot_amps_ratio_MxSpd": 0.345811874, "Mot_power_ratio_MFD": 0.33509171, "Mot_power_ratio_MxSpd": 0.33509171, "Power_MFD": 1849.81714, "Power_MxSpd": 1849.81714, "Speed_MFD": 27.0}