{"Interferences": 19, "Mass": 9.54010984228359, "Batt_amps_ratio_MFD": 1.53619397, "Batt_amps_ratio_MxSpd": 1.53619397, "Distance_MxSpd": 474.940002, "Max_Distance": 474.940002, "Hover_Time": 0.0, "Max_Speed": 19.0, "Max_uc_at_MFD": 0.999968469, "Mot_amps_ratio_MFD": 0.899459183, "Mot_amps_ratio_MxSpd": 0.899459183, "Mot_power_ratio_MFD": 0.877162993, "Mot_power_ratio_MxSpd": 0.877162993, "Power_MFD": 7928.7915, "Power_MxSpd": 7928.7915, "Speed_MFD": 19.0}