{
  "generator_version":"UAV2_gen12",
  "name":"design_1615_00b6266738634da9885bb9d73d97b9df_dw_dl",
  "hub":{
    "node_type":"ConnectedHub3_2_1",
    "angle":74.41950234512053,
    "centerSegment":{
      "node_type":"PropArm",
      "armLength":154.8606482048595,
      "motor":{
        "motorType":"kde_direct_KDE700XF_295_G3"
      },
      "prop":{
        "propType":"apc_propellers_13x5_5E"
      },
      "flange":{
        "offset":-9.598193919283872,
        "angle":0.0
      }
    },
    "mainSegment":{
      "node_type":"AngledWingArm",
      "arm1Length":76.9588125624253,
      "arm2Length":102.31002066141201,
      "wing":{
        "wingType":"Wing_vert_hole",
        "nacaProfile":"6309",
        "span":1772.9280307943184,
        "chordInner":397.16283888424385,
        "chordOuter":142.2016329547111,
        "taperOffset":true,
        "aileronBias":0.5833325907482679,
        "flapBias":0.7748401530831978,
        "load":799.7778827863691,
        "tubeOffset":69.36151244849037,
        "tubeRot":282.4608111731092
      },
      "servo":{
        "servoType":"Hitec_HS_5087MH"
      }
    }
  },
  "fuselageWithComponents":{
    "node_type":"DualBatteryFuselageWithComponents",
    "battery":{
      "batteryType":"Tattu30C10000mAh6S1P"
    },
    "fuselage":{
      "length":351.0,
      "vertDiameter":97.5,
      "horzDiameter":372.9,
      "floorHeight":16.25,
      "battery1X":-87.75,
      "battery1Y":6.0,
      "battery2X":88.75,
      "battery2Y":6.0,
      "rpmX":0.0,
      "rpmY":-114.3,
      "autoPilotX":0.0,
      "autoPilotY":58.0,
      "currentX":0.0,
      "currentY":-94.15,
      "voltageX":0.0,
      "voltageY":111.8,
      "gpsX":0.0,
      "gpsY":-54.0,
      "varioX":0.0,
      "varioY":90.15
    }
  }
}