{"Interferences": 15, "Mass": 11.4930387714739, "Batt_amps_ratio_MFD": 0.24541904, "Batt_amps_ratio_MxSpd": 0.24541904, "Distance_MxSpd": 5085.18018, "Max_Distance": 5085.18018, "Hover_Time": 409.918762, "Max_Speed": 13.0, "Max_uc_at_MFD": 0.865644872, "Mot_amps_ratio_MFD": 0.959025204, "Mot_amps_ratio_MxSpd": 0.959025204, "Mot_power_ratio_MFD": 0.931453228, "Mot_power_ratio_MxSpd": 0.931453228, "Power_MFD": 2583.07544, "Power_MxSpd": 2583.07544, "Speed_MFD": 13.0}