{"Interferences": 0, "Mass": 3.67344149524053, "Batt_amps_ratio_MFD": 0.208759069, "Batt_amps_ratio_MxSpd": 0.208759069, "Distance_MxSpd": 4046.77026, "Max_Distance": 4046.77026, "Hover_Time": 0.0, "Max_Speed": 22.0, "Max_uc_at_MFD": 0.868278563, "Mot_amps_ratio_MFD": 0.861972511, "Mot_amps_ratio_MxSpd": 0.861972511, "Mot_power_ratio_MFD": 0.431077272, "Mot_power_ratio_MxSpd": 0.431077272, "Power_MFD": 873.694336, "Power_MxSpd": 873.694336, "Speed_MFD": 22.0}