{"Interferences": 11, "Mass": 5.833354206717345, "Batt_amps_ratio_MFD": 1.78462899, "Batt_amps_ratio_MxSpd": 3.51301837, "Distance_MxSpd": 415.369293, "Max_Distance": 537.926941, "Hover_Time": 25.934721, "Max_Speed": 38.0, "Max_uc_at_MFD": 0.9815678, "Mot_amps_ratio_MFD": 0.796780646, "Mot_amps_ratio_MxSpd": 0.765785635, "Mot_power_ratio_MFD": 0.496520132, "Mot_power_ratio_MxSpd": 0.477205336, "Power_MFD": 2044.92078, "Power_MxSpd": 5137.20068, "Speed_MFD": 25.0}