{"Interferences": 4, "Mass": 11.528866959262148, "Batt_amps_ratio_MFD": 1.13022089, "Batt_amps_ratio_MxSpd": 1.13022089, "Distance_MxSpd": 407.707916, "Max_Distance": 407.707916, "Hover_Time": 0.0, "Max_Speed": 4.0, "Max_uc_at_MFD": 0.999855459, "Mot_amps_ratio_MFD": 0.861385584, "Mot_amps_ratio_MxSpd": 0.861385584, "Mot_power_ratio_MFD": 0.659560502, "Mot_power_ratio_MxSpd": 0.659560502, "Power_MFD": 3822.72583, "Power_MxSpd": 3822.72583, "Speed_MFD": 4.0}