{"Interferences": 8, "Mass": 3.3150733450382304, "Batt_amps_ratio_MFD": 0.365734965, "Batt_amps_ratio_MxSpd": 0.365734965, "Distance_MxSpd": 1574.91101, "Max_Distance": 1574.91101, "Hover_Time": 113.221802, "Max_Speed": 15.0, "Max_uc_at_MFD": 0.992803574, "Mot_amps_ratio_MFD": 0.267113835, "Mot_amps_ratio_MxSpd": 0.267113835, "Mot_power_ratio_MFD": 0.162782311, "Mot_power_ratio_MxSpd": 0.162782311, "Power_MFD": 516.360596, "Power_MxSpd": 516.360596, "Speed_MFD": 15.0}