{"Interferences": 14, "Mass": 3.6290599488115705, "Batt_amps_ratio_MFD": 0.906015158, "Batt_amps_ratio_MxSpd": 0.906015158, "Distance_MxSpd": 847.667908, "Max_Distance": 847.667908, "Hover_Time": 56.7116013, "Max_Speed": 20.0, "Max_uc_at_MFD": 0.998540282, "Mot_amps_ratio_MFD": 0.628869534, "Mot_amps_ratio_MxSpd": 0.628869534, "Mot_power_ratio_MFD": 0.232681736, "Mot_power_ratio_MxSpd": 0.232681736, "Power_MFD": 683.796448, "Power_MxSpd": 683.796448, "Speed_MFD": 20.0}