{
  "generator_version":"UAV2_gen12",
  "name":"design_222_7b98de3722c649d18b1a512a455ae329_s",
  "hub":{
    "node_type":"ConnectedHub4_2_2",
    "frontSegment":{
      "node_type":"DoubleBendSegment",
      "angle":70.52795089648728,
      "arm1Length":403.10044976133656,
      "arm2Length":113.17088861187736,
      "mainSegment":{
        "node_type":"AngledPropArm",
        "armLength":325.9742594690809,
        "motor":{
          "motorType":"t_motor_P60KV340"
        },
        "prop":{
          "propType":"apc_propellers_14x6"
        }
      }
    },
    "rearSegment":{
      "node_type":"AngledWingArm",
      "arm1Length":338.6867755352947,
      "arm2Length":195.65360763903956,
      "wing":{
        "wingType":"Wing_vert_hole",
        "nacaProfile":"4509",
        "span":931.1677342368931,
        "chordInner":186.78304100348413,
        "chordOuter":83.82221199021407,
        "taperOffset":false,
        "aileronBias":0.4926423013895932,
        "flapBias":0.8366729660054834,
        "load":622.0631829416088,
        "tubeOffset":53.29005881837554,
        "tubeRot":273.8967108086619
      },
      "servo":{
        "servoType":"Hitec_HS_81"
      }
    }
  },
  "fuselageWithComponents":{
    "node_type":"SingleBatteryFuselageWithComponents",
    "battery":{
      "batteryType":"Tattu5C20000mAh6S1P"
    },
    "fuselage":{
      "length":189.0,
      "vertDiameter":114.0,
      "horzDiameter":372.9,
      "floorHeight":19.0,
      "batteryX":0.0,
      "batteryY":6.0,
      "rpmX":0.0,
      "rpmY":-114.3,
      "autoPilotX":0.0,
      "autoPilotY":58.0,
      "currentX":0.0,
      "currentY":-94.15,
      "voltageX":0.0,
      "voltageY":111.8,
      "gpsX":0.0,
      "gpsY":-54.0,
      "varioX":0.0,
      "varioY":90.15
    }
  }
}