{"Interferences": 9, "Mass": 4.81924212575217, "Batt_amps_ratio_MFD": 0.999772012, "Batt_amps_ratio_MxSpd": 0.999772012, "Distance_MxSpd": 806.583862, "Max_Distance": 806.583862, "Hover_Time": 34.7004471, "Max_Speed": 21.0, "Max_uc_at_MFD": 0.977224231, "Mot_amps_ratio_MFD": 0.914489388, "Mot_amps_ratio_MxSpd": 0.914489388, "Mot_power_ratio_MFD": 0.934945107, "Mot_power_ratio_MxSpd": 0.934945107, "Power_MFD": 1718.98364, "Power_MxSpd": 1718.98364, "Speed_MFD": 21.0}