{"Interferences": 17, "Mass": 13.380563963964567, "Batt_amps_ratio_MFD": 0.492334813, "Batt_amps_ratio_MxSpd": 0.492334813, "Distance_MxSpd": 7019.61328, "Max_Distance": 7019.61328, "Hover_Time": 0.0, "Max_Speed": 30.0, "Max_uc_at_MFD": 0.51722914, "Mot_amps_ratio_MFD": 0.93008846, "Mot_amps_ratio_MxSpd": 0.93008846, "Mot_power_ratio_MFD": 0.910939574, "Mot_power_ratio_MxSpd": 0.910939574, "Power_MFD": 3550.09741, "Power_MxSpd": 3550.09741, "Speed_MFD": 30.0}