{"Interferences": 54, "Mass": 16.239796221600006, "Batt_amps_ratio_MFD": 2.60789967, "Batt_amps_ratio_MxSpd": 2.60789967, "Distance_MxSpd": 7951.22607, "Max_Distance": 7951.22607, "Hover_Time": 0.0, "Max_Speed": 36.0, "Max_uc_at_MFD": 0.928864002, "Mot_amps_ratio_MFD": 0.710447907, "Mot_amps_ratio_MxSpd": 0.710447907, "Mot_power_ratio_MFD": 0.657164335, "Mot_power_ratio_MxSpd": 0.657164335, "Power_MFD": 6022.81299, "Power_MxSpd": 6022.81299, "Speed_MFD": 36.0}