{"Interferences": 7, "Mass": 5.016342101264321, "Batt_amps_ratio_MFD": 0.903847754, "Batt_amps_ratio_MxSpd": 0.903847754, "Distance_MxSpd": 849.700623, "Max_Distance": 849.700623, "Hover_Time": 48.9943886, "Max_Speed": 20.0, "Max_uc_at_MFD": 0.999977291, "Mot_amps_ratio_MFD": 0.17855987, "Mot_amps_ratio_MxSpd": 0.17855987, "Mot_power_ratio_MFD": 0.038251888, "Mot_power_ratio_MxSpd": 0.038251888, "Power_MFD": 911.539612, "Power_MxSpd": 911.539612, "Speed_MFD": 20.0}