{"Interferences": 6, "Mass": 7.910113721536497, "Batt_amps_ratio_MFD": 0.514241517, "Batt_amps_ratio_MxSpd": 0.562248826, "Distance_MxSpd": 4268.57275, "Max_Distance": 4480.38477, "Hover_Time": 190.088608, "Max_Speed": 25.0, "Max_uc_at_MFD": 0.908011377, "Mot_amps_ratio_MFD": 0.823239386, "Mot_amps_ratio_MxSpd": 0.976780176, "Mot_power_ratio_MFD": 0.806290329, "Mot_power_ratio_MxSpd": 0.956669986, "Power_MFD": 2730.50903, "Power_MxSpd": 3512.21851, "Speed_MFD": 24.0}