{"Interferences": 20, "Mass": 6.369268542952868, "Batt_amps_ratio_MFD": 0.49692753, "Batt_amps_ratio_MxSpd": 0.49692753, "Distance_MxSpd": 2550.07007, "Max_Distance": 2550.07007, "Hover_Time": 0.0, "Max_Speed": 33.0, "Max_uc_at_MFD": 0.961877763, "Mot_amps_ratio_MFD": 0.96730125, "Mot_amps_ratio_MxSpd": 0.96730125, "Mot_power_ratio_MFD": 0.727935195, "Mot_power_ratio_MxSpd": 0.727935195, "Power_MFD": 2416.42358, "Power_MxSpd": 2416.42358, "Speed_MFD": 33.0}