{"Interferences": 3, "Mass": 8.260999413539047, "Batt_amps_ratio_MFD": 0.538992822, "Batt_amps_ratio_MxSpd": 0.538992822, "Distance_MxSpd": 213.731964, "Max_Distance": 213.731964, "Hover_Time": 0.0, "Max_Speed": 3.0, "Max_uc_at_MFD": 0.929643512, "Mot_amps_ratio_MFD": 0.952812731, "Mot_amps_ratio_MxSpd": 0.952812731, "Mot_power_ratio_MFD": 0.953782856, "Mot_power_ratio_MxSpd": 0.953782856, "Power_MFD": 4255.50391, "Power_MxSpd": 4255.50391, "Speed_MFD": 3.0}