{"Interferences": 15, "Mass": 5.898874412864651, "Batt_amps_ratio_MFD": 0.481142014, "Batt_amps_ratio_MxSpd": 0.481142014, "Distance_MxSpd": 1436.58203, "Max_Distance": 1436.58203, "Hover_Time": 89.3535004, "Max_Speed": 18.0, "Max_uc_at_MFD": 0.987351656, "Mot_amps_ratio_MFD": 0.453942001, "Mot_amps_ratio_MxSpd": 0.453942001, "Mot_power_ratio_MFD": 0.227202088, "Mot_power_ratio_MxSpd": 0.227202088, "Power_MFD": 1010.66608, "Power_MxSpd": 1010.66608, "Speed_MFD": 18.0}