{"Interferences": 2, "Mass": 6.318583251083695, "Batt_amps_ratio_MFD": 0.829983711, "Batt_amps_ratio_MxSpd": 0.829983711, "Distance_MxSpd": 5551.91602, "Max_Distance": 5551.91602, "Hover_Time": 745.366699, "Max_Speed": 8.0, "Max_uc_at_MFD": 0.887420833, "Mot_amps_ratio_MFD": 0.995439708, "Mot_amps_ratio_MxSpd": 0.995439708, "Mot_power_ratio_MFD": 0.747000396, "Mot_power_ratio_MxSpd": 0.747000396, "Power_MFD": 2095.48804, "Power_MxSpd": 2095.48804, "Speed_MFD": 8.0}