{"Interferences": 54, "Mass": 17.891808659181716, "Batt_amps_ratio_MFD": 0.644365311, "Batt_amps_ratio_MxSpd": 0.644365311, "Distance_MxSpd": 2145.36694, "Max_Distance": 2145.36694, "Hover_Time": 120.589516, "Max_Speed": 12.0, "Max_uc_at_MFD": 0.982613504, "Mot_amps_ratio_MFD": 0.883116543, "Mot_amps_ratio_MxSpd": 0.883116543, "Mot_power_ratio_MFD": 0.757504106, "Mot_power_ratio_MxSpd": 0.757504106, "Power_MFD": 11986.3555, "Power_MxSpd": 11986.3555, "Speed_MFD": 12.0}