{"Interferences": 4, "Mass": 4.316112227874509, "Batt_amps_ratio_MFD": 0.405239522, "Batt_amps_ratio_MxSpd": 0.405239522, "Distance_MxSpd": 758.07019, "Max_Distance": 758.07019, "Hover_Time": 51.857029, "Max_Speed": 8.0, "Max_uc_at_MFD": 0.995540917, "Mot_amps_ratio_MFD": 0.422384024, "Mot_amps_ratio_MxSpd": 0.422384024, "Mot_power_ratio_MFD": 0.209298104, "Mot_power_ratio_MxSpd": 0.209298104, "Power_MFD": 635.824829, "Power_MxSpd": 635.824829, "Speed_MFD": 8.0}