{"Interferences": 2, "Mass": 2.796081033903472, "Batt_amps_ratio_MFD": 0.501810849, "Batt_amps_ratio_MxSpd": 0.620117128, "Distance_MxSpd": 1486.1709, "Max_Distance": 1606.97998, "Hover_Time": 101.015755, "Max_Speed": 24.0, "Max_uc_at_MFD": 0.884196341, "Mot_amps_ratio_MFD": 0.446090251, "Mot_amps_ratio_MxSpd": 0.525487304, "Mot_power_ratio_MFD": 0.288843423, "Mot_power_ratio_MxSpd": 0.340253025, "Power_MFD": 648.38739, "Power_MxSpd": 912.209106, "Speed_MFD": 21.0}