{"Interferences": 12, "Mass": 2.738108828326679, "Batt_amps_ratio_MFD": 0.51092428, "Batt_amps_ratio_MxSpd": 0.51092428, "Distance_MxSpd": 1503.15808, "Max_Distance": 1503.15808, "Hover_Time": 107.232124, "Max_Speed": 20.0, "Max_uc_at_MFD": 0.742681205, "Mot_amps_ratio_MFD": 0.970661402, "Mot_amps_ratio_MxSpd": 0.970661402, "Mot_power_ratio_MFD": 0.907312989, "Mot_power_ratio_MxSpd": 0.907312989, "Power_MFD": 629.330444, "Power_MxSpd": 629.330444, "Speed_MFD": 20.0}