{"Interferences": 17, "Mass": 5.109329529376753, "Batt_amps_ratio_MFD": 1.46670187, "Batt_amps_ratio_MxSpd": 1.80638278, "Distance_MxSpd": 637.738586, "Max_Distance": 706.892151, "Hover_Time": 21.7553406, "Max_Speed": 30.0, "Max_uc_at_MFD": 0.999992251, "Mot_amps_ratio_MFD": 0.789257705, "Mot_amps_ratio_MxSpd": 0.719057083, "Mot_power_ratio_MFD": 0.591943264, "Mot_power_ratio_MxSpd": 0.539292812, "Power_MFD": 2026.69678, "Power_MxSpd": 2533.49731, "Speed_MFD": 27.0}