{"Interferences": 2, "Mass": 2.308092213399344, "Batt_amps_ratio_MFD": 1.05524814, "Batt_amps_ratio_MxSpd": 1.05524814, "Distance_MxSpd": 691.401367, "Max_Distance": 691.401367, "Hover_Time": 44.9975357, "Max_Speed": 19.0, "Max_uc_at_MFD": 0.821427882, "Mot_amps_ratio_MFD": 0.358466268, "Mot_amps_ratio_MxSpd": 0.358466268, "Mot_power_ratio_MFD": 0.27683422, "Mot_power_ratio_MxSpd": 0.27683422, "Power_MFD": 635.906494, "Power_MxSpd": 635.906494, "Speed_MFD": 19.0}