{"Interferences": 30, "Mass": 7.301631749271094, "Batt_amps_ratio_MFD": 1.28627443, "Batt_amps_ratio_MxSpd": 1.46743047, "Distance_MxSpd": 235.513718, "Max_Distance": 238.8293, "Hover_Time": 24.78018, "Max_Speed": 9.0, "Max_uc_at_MFD": 0.996706843, "Mot_amps_ratio_MFD": 0.716244459, "Mot_amps_ratio_MxSpd": 0.945096672, "Mot_power_ratio_MFD": 0.477982461, "Mot_power_ratio_MxSpd": 0.630705953, "Power_MFD": 1129.0603, "Power_MxSpd": 1646.37097, "Speed_MFD": 8.0}