{"Interferences": 33, "Mass": 5.80975998171491, "Batt_amps_ratio_MFD": 0.484986424, "Batt_amps_ratio_MxSpd": 0.484986424, "Distance_MxSpd": 1979.43689, "Max_Distance": 1979.43689, "Hover_Time": 0.0, "Max_Speed": 25.0, "Max_uc_at_MFD": 0.911612749, "Mot_amps_ratio_MFD": 0.46701321, "Mot_amps_ratio_MxSpd": 0.46701321, "Mot_power_ratio_MFD": 0.116740786, "Mot_power_ratio_MxSpd": 0.116740786, "Power_MFD": 1247.13879, "Power_MxSpd": 1247.13879, "Speed_MFD": 25.0}