{"Interferences": 18, "Mass": 4.441652622124338, "Batt_amps_ratio_MFD": 0.404333264, "Batt_amps_ratio_MxSpd": 0.404333264, "Distance_MxSpd": 6553.01025, "Max_Distance": 6553.01025, "Hover_Time": 0.0, "Max_Speed": 23.0, "Max_uc_at_MFD": 0.932652652, "Mot_amps_ratio_MFD": 0.72681725, "Mot_amps_ratio_MxSpd": 0.72681725, "Mot_power_ratio_MFD": 0.448203951, "Mot_power_ratio_MxSpd": 0.448203951, "Power_MFD": 1177.97168, "Power_MxSpd": 1177.97168, "Speed_MFD": 23.0}