{"Interferences": 12, "Mass": 7.156273602240852, "Batt_amps_ratio_MFD": 0.16050142, "Batt_amps_ratio_MxSpd": 0.16050142, "Distance_MxSpd": 4067.25391, "Max_Distance": 4067.25391, "Hover_Time": 258.063843, "Max_Speed": 17.0, "Max_uc_at_MFD": 0.99610281, "Mot_amps_ratio_MFD": 0.0732087418, "Mot_amps_ratio_MxSpd": 0.0732087418, "Mot_power_ratio_MFD": 0.031397853, "Mot_power_ratio_MxSpd": 0.031397853, "Power_MFD": 1286.1709, "Power_MxSpd": 1286.1709, "Speed_MFD": 17.0}