{"Interferences": 31, "Mass": 5.972818461080771, "Batt_amps_ratio_MFD": 0.328882575, "Batt_amps_ratio_MxSpd": 0.328882575, "Distance_MxSpd": 9107.20215, "Max_Distance": 9107.20215, "Hover_Time": 477.693573, "Max_Speed": 26.0, "Max_uc_at_MFD": 0.999402523, "Mot_amps_ratio_MFD": 0.327138066, "Mot_amps_ratio_MxSpd": 0.327138066, "Mot_power_ratio_MFD": 0.308654755, "Mot_power_ratio_MxSpd": 0.308654755, "Power_MFD": 1494.86401, "Power_MxSpd": 1494.86401, "Speed_MFD": 26.0}