{"Interferences": 13, "Mass": 5.850024528159837, "Batt_amps_ratio_MFD": 0.36840108, "Batt_amps_ratio_MxSpd": 0.36840108, "Distance_MxSpd": 938.108032, "Max_Distance": 938.108032, "Hover_Time": 100.130692, "Max_Speed": 9.0, "Max_uc_at_MFD": 0.669293463, "Mot_amps_ratio_MFD": 0.846613348, "Mot_amps_ratio_MxSpd": 0.846613348, "Mot_power_ratio_MFD": 0.635317743, "Mot_power_ratio_MxSpd": 0.635317743, "Power_MFD": 1496.43274, "Power_MxSpd": 1496.43274, "Speed_MFD": 9.0}