{"Interferences": 17, "Mass": 3.382456865314036, "Batt_amps_ratio_MFD": 0.40833959, "Batt_amps_ratio_MxSpd": 0.40833959, "Distance_MxSpd": 376.157501, "Max_Distance": 376.157501, "Hover_Time": 0.0, "Max_Speed": 4.0, "Max_uc_at_MFD": 0.999505877, "Mot_amps_ratio_MFD": 0.35811922, "Mot_amps_ratio_MxSpd": 0.35811922, "Mot_power_ratio_MFD": 0.220840171, "Mot_power_ratio_MxSpd": 0.220840171, "Power_MFD": 517.652283, "Power_MxSpd": 517.652283, "Speed_MFD": 4.0}