{
  "generator_version":"UAV2_gen12",
  "name":"design_5422_6ca58b86efc54e7cbd5914730401a202_s",
  "hub":{
    "node_type":"ConnectedHub6_2_2_2",
    "frontSegment":{
      "node_type":"AngledWingArm",
      "arm1Length":64.81085709480783,
      "arm2Length":190.49585641575646,
      "wing":{
        "wingType":"Wing_horiz_hole",
        "nacaProfile":"2712",
        "span":1339.6157888894668,
        "chordInner":260.3892985602524,
        "chordOuter":122.9771685286262,
        "taperOffset":true,
        "aileronBias":0.5602338095269309,
        "flapBias":0.973977576396578,
        "load":612.9582086892483,
        "tubeOffset":52.296735237245365,
        "tubeRot":280.49196785692095
      },
      "servo":{
        "servoType":"Hitec_HS_7235MH"
      }
    },
    "middleSegment":{
      "node_type":"AngledWingArm",
      "arm1Length":405.54736541171513,
      "arm2Length":191.35560058930378,
      "wing":{
        "wingType":"Wing_horiz_hole",
        "nacaProfile":"6415",
        "span":367.2426977779313,
        "chordInner":472.48318799454296,
        "chordOuter":119.52301754702836,
        "taperOffset":false,
        "aileronBias":0.6171367883370608,
        "flapBias":0.6505728163005703,
        "load":837.5807680071987,
        "tubeOffset":56.334077096246354,
        "tubeRot":263.7592667329612
      },
      "servo":{
        "servoType":"Hitec_HS_85BB"
      }
    },
    "rearSegment":{
      "node_type":"PropArm",
      "armLength":388.70407421242606,
      "motor":{
        "motorType":"t_motor_MN5212KV420"
      },
      "prop":{
        "propType":"apc_propellers_16x8E"
      },
      "flange":{
        "offset":8.865630982087843,
        "angle":0.0
      }
    }
  },
  "fuselageWithComponents":{
    "node_type":"SingleBatteryFuselageWithComponents",
    "battery":{
      "batteryType":"Tattu30C10000mAh6S1P"
    },
    "fuselage":{
      "length":175.0,
      "vertDiameter":97.5,
      "horzDiameter":372.9,
      "floorHeight":16.25,
      "batteryX":0.0,
      "batteryY":6.0,
      "rpmX":0.0,
      "rpmY":-114.3,
      "autoPilotX":0.0,
      "autoPilotY":58.0,
      "currentX":0.0,
      "currentY":-94.15,
      "voltageX":0.0,
      "voltageY":111.8,
      "gpsX":0.0,
      "gpsY":-54.0,
      "varioX":0.0,
      "varioY":90.15
    }
  }
}