{"Interferences": 1, "Mass": 11.394401625832897, "Batt_amps_ratio_MFD": 0.335651875, "Batt_amps_ratio_MxSpd": 0.335651875, "Distance_MxSpd": 5834.6167, "Max_Distance": 5834.6167, "Hover_Time": 365.785187, "Max_Speed": 17.0, "Max_uc_at_MFD": 0.506107211, "Mot_amps_ratio_MFD": 0.860589504, "Mot_amps_ratio_MxSpd": 0.860589504, "Mot_power_ratio_MFD": 0.664110303, "Mot_power_ratio_MxSpd": 0.664110303, "Power_MFD": 2021.24475, "Power_MxSpd": 2021.24475, "Speed_MFD": 17.0}