{"Interferences": 37, "Mass": 4.99873823127435, "Batt_amps_ratio_MFD": 0.72476393, "Batt_amps_ratio_MxSpd": 1.20795143, "Distance_MxSpd": 1335.15308, "Max_Distance": 1536.50037, "Hover_Time": 81.4803925, "Max_Speed": 42.0, "Max_uc_at_MFD": 0.889489055, "Mot_amps_ratio_MFD": 0.93405056, "Mot_amps_ratio_MxSpd": 0.86155951, "Mot_power_ratio_MFD": 0.624027729, "Mot_power_ratio_MxSpd": 0.575597405, "Power_MFD": 1749.50598, "Power_MxSpd": 3782.8418, "Speed_MFD": 29.0}