{"Interferences": 0, "Mass": 3.816770731674844, "Batt_amps_ratio_MFD": 0.238880724, "Batt_amps_ratio_MxSpd": 0.238880724, "Distance_MxSpd": 3697.24268, "Max_Distance": 3697.24268, "Hover_Time": 240.133224, "Max_Speed": 23.0, "Max_uc_at_MFD": 0.984503746, "Mot_amps_ratio_MFD": 0.37280041, "Mot_amps_ratio_MxSpd": 0.37280041, "Mot_power_ratio_MFD": 0.191931322, "Mot_power_ratio_MxSpd": 0.191931322, "Power_MFD": 885.934875, "Power_MxSpd": 885.934875, "Speed_MFD": 23.0}