{"Interferences": 3, "Mass": 3.2550041307174533, "Batt_amps_ratio_MFD": 0.484783888, "Batt_amps_ratio_MxSpd": 0.484783888, "Distance_MxSpd": 1346.57947, "Max_Distance": 1346.57947, "Hover_Time": 98.6385345, "Max_Speed": 17.0, "Max_uc_at_MFD": 0.709742844, "Mot_amps_ratio_MFD": 0.525588572, "Mot_amps_ratio_MxSpd": 0.525588572, "Mot_power_ratio_MFD": 0.259290367, "Mot_power_ratio_MxSpd": 0.259290367, "Power_MFD": 518.035706, "Power_MxSpd": 518.035706, "Speed_MFD": 17.0}