{"Interferences": 16, "Mass": 3.1590528188714755, "Batt_amps_ratio_MFD": 0.948240936, "Batt_amps_ratio_MxSpd": 1.24832249, "Distance_MxSpd": 1076.64478, "Max_Distance": 1174.38501, "Hover_Time": 0.0, "Max_Speed": 35.0, "Max_uc_at_MFD": 0.791123271, "Mot_amps_ratio_MFD": 0.624018908, "Mot_amps_ratio_MxSpd": 0.843917906, "Mot_power_ratio_MFD": 0.577217519, "Mot_power_ratio_MxSpd": 0.780624092, "Power_MFD": 1357.94275, "Power_MxSpd": 2256.34937, "Speed_MFD": 29.0}