{"Interferences": 48, "Mass": 4.063951853887101, "Batt_amps_ratio_MFD": 0.567852616, "Batt_amps_ratio_MxSpd": 0.567852616, "Distance_MxSpd": 1352.46362, "Max_Distance": 1352.46362, "Hover_Time": 82.3336868, "Max_Speed": 20.0, "Max_uc_at_MFD": 0.99516362, "Mot_amps_ratio_MFD": 0.17634663, "Mot_amps_ratio_MxSpd": 0.17634663, "Mot_power_ratio_MFD": 0.109448679, "Mot_power_ratio_MxSpd": 0.109448679, "Power_MFD": 801.117493, "Power_MxSpd": 801.117493, "Speed_MFD": 20.0}