{"Interferences": 55, "Mass": 5.69178926907691, "Batt_amps_ratio_MFD": 0.843680799, "Batt_amps_ratio_MxSpd": 1.3962425, "Distance_MxSpd": 2416.28101, "Max_Distance": 2730.89062, "Hover_Time": 125.30867, "Max_Speed": 41.0, "Max_uc_at_MFD": 0.52795285, "Mot_amps_ratio_MFD": 0.925500333, "Mot_amps_ratio_MxSpd": 0.968373835, "Mot_power_ratio_MFD": 0.463010877, "Mot_power_ratio_MxSpd": 0.484459698, "Power_MFD": 1698.52734, "Power_MxSpd": 3567.93628, "Speed_MFD": 28.0}