{"Interferences": 63, "Mass": 5.08350296017329, "Batt_amps_ratio_MFD": 0.450564981, "Batt_amps_ratio_MxSpd": 0.450564981, "Distance_MxSpd": 1534.07385, "Max_Distance": 1534.07385, "Hover_Time": 106.958046, "Max_Speed": 18.0, "Max_uc_at_MFD": 0.976658046, "Mot_amps_ratio_MFD": 0.468562871, "Mot_amps_ratio_MxSpd": 0.468562871, "Mot_power_ratio_MFD": 0.234519973, "Mot_power_ratio_MxSpd": 0.234519973, "Power_MFD": 1009.4223, "Power_MxSpd": 1009.4223, "Speed_MFD": 18.0}