{"Interferences": 3, "Mass": 4.826980454022274, "Batt_amps_ratio_MFD": 0.45423004, "Batt_amps_ratio_MxSpd": 0.479141474, "Distance_MxSpd": 2003.58362, "Max_Distance": 2028.92798, "Hover_Time": 107.455307, "Max_Speed": 25.0, "Max_uc_at_MFD": 0.999464869, "Mot_amps_ratio_MFD": 0.494929999, "Mot_amps_ratio_MxSpd": 0.48266986, "Mot_power_ratio_MFD": 0.305206835, "Mot_power_ratio_MxSpd": 0.297646403, "Power_MFD": 1311.28748, "Power_MxSpd": 1420.83521, "Speed_MFD": 24.0}