{"Interferences": 68, "Mass": 8.737177424600144, "Batt_amps_ratio_MFD": 1.18947983, "Batt_amps_ratio_MxSpd": 1.18947983, "Distance_MxSpd": 774.792419, "Max_Distance": 774.792419, "Hover_Time": 34.4221916, "Max_Speed": 24.0, "Max_uc_at_MFD": 0.652557433, "Mot_amps_ratio_MFD": 0.899939001, "Mot_amps_ratio_MxSpd": 0.899939001, "Mot_power_ratio_MFD": 0.67620033, "Mot_power_ratio_MxSpd": 0.67620033, "Power_MFD": 4385.21143, "Power_MxSpd": 4385.21143, "Speed_MFD": 24.0}