{"Interferences": 9, "Mass": 5.945282295910747, "Batt_amps_ratio_MFD": 0.580019891, "Batt_amps_ratio_MxSpd": 0.868266582, "Distance_MxSpd": 4422.60498, "Max_Distance": 4965.34668, "Hover_Time": 193.820023, "Max_Speed": 40.0, "Max_uc_at_MFD": 0.665303767, "Mot_amps_ratio_MFD": 0.523693144, "Mot_amps_ratio_MxSpd": 0.784673989, "Mot_power_ratio_MFD": 0.42002821, "Mot_power_ratio_MxSpd": 0.655354977, "Power_MFD": 2453.90308, "Power_MxSpd": 4804.98633, "Speed_MFD": 30.0}