{"Interferences": 24, "Mass": 11.238802525767989, "Batt_amps_ratio_MFD": 0.564814568, "Batt_amps_ratio_MxSpd": 0.564814568, "Distance_MxSpd": 4249.18213, "Max_Distance": 4249.18213, "Hover_Time": 0.0, "Max_Speed": 25.0, "Max_uc_at_MFD": 0.83284992, "Mot_amps_ratio_MFD": 0.942467451, "Mot_amps_ratio_MxSpd": 0.942467451, "Mot_power_ratio_MFD": 0.871782422, "Mot_power_ratio_MxSpd": 0.871782422, "Power_MFD": 3278.02612, "Power_MxSpd": 3278.02612, "Speed_MFD": 25.0}