{"Interferences": 9, "Mass": 3.8939839530900255, "Batt_amps_ratio_MFD": 1.23773134, "Batt_amps_ratio_MxSpd": 1.40991259, "Distance_MxSpd": 435.771667, "Max_Distance": 465.367554, "Hover_Time": 64.5313492, "Max_Speed": 16.0, "Max_uc_at_MFD": 0.990582526, "Mot_amps_ratio_MFD": 0.824945092, "Mot_amps_ratio_MxSpd": 0.980343521, "Mot_power_ratio_MFD": 0.620806158, "Mot_power_ratio_MxSpd": 0.737749994, "Power_MFD": 1539.79431, "Power_MxSpd": 1868.95874, "Speed_MFD": 15.0}