{"Interferences": 78, "Mass": 9.27590625439414, "Batt_amps_ratio_MFD": 0.365779787, "Batt_amps_ratio_MxSpd": 0.496298581, "Distance_MxSpd": 8704.4375, "Max_Distance": 9185.85449, "Hover_Time": 345.76947, "Max_Speed": 45.0, "Max_uc_at_MFD": 0.926291645, "Mot_amps_ratio_MFD": 0.781792641, "Mot_amps_ratio_MxSpd": 0.766206026, "Mot_power_ratio_MFD": 0.723158181, "Mot_power_ratio_MxSpd": 0.708740592, "Power_MFD": 3072.89453, "Power_MxSpd": 4738.13525, "Speed_MFD": 35.0}