{"Interferences": 21, "Mass": 8.83373308745216, "Batt_amps_ratio_MFD": 1.33861363, "Batt_amps_ratio_MxSpd": 1.33861363, "Distance_MxSpd": 1463.0061, "Max_Distance": 1463.0061, "Hover_Time": 0.0, "Max_Speed": 17.0, "Max_uc_at_MFD": 0.716470957, "Mot_amps_ratio_MFD": 0.955152869, "Mot_amps_ratio_MxSpd": 0.955152869, "Mot_power_ratio_MFD": 0.935487926, "Mot_power_ratio_MxSpd": 0.935487926, "Power_MFD": 3835.24512, "Power_MxSpd": 3835.24512, "Speed_MFD": 17.0}