{"Interferences": 63, "Mass": 8.750123107283764, "Batt_amps_ratio_MFD": 1.14000928, "Batt_amps_ratio_MxSpd": 1.14000928, "Distance_MxSpd": 4547.33154, "Max_Distance": 4547.33154, "Hover_Time": 145.803467, "Max_Speed": 27.0, "Max_uc_at_MFD": 0.755984485, "Mot_amps_ratio_MFD": 0.993537366, "Mot_amps_ratio_MxSpd": 0.993537366, "Mot_power_ratio_MFD": 0.760748744, "Mot_power_ratio_MxSpd": 0.760748744, "Power_MFD": 4299.05664, "Power_MxSpd": 4299.05664, "Speed_MFD": 27.0}