{"Interferences": 5, "Mass": 5.497338860607923, "Batt_amps_ratio_MFD": 4.31154156, "Batt_amps_ratio_MxSpd": 4.31154156, "Distance_MxSpd": 178.126541, "Max_Distance": 178.126541, "Hover_Time": 0.0, "Max_Speed": 20.0, "Max_uc_at_MFD": 0.678135931, "Mot_amps_ratio_MFD": 0.935749173, "Mot_amps_ratio_MxSpd": 0.935749173, "Mot_power_ratio_MFD": 0.588586211, "Mot_power_ratio_MxSpd": 0.588586211, "Power_MFD": 2809.62598, "Power_MxSpd": 2809.62598, "Speed_MFD": 20.0}