{"Interferences": 6, "Mass": 5.416755771645337, "Batt_amps_ratio_MFD": 0.446220279, "Batt_amps_ratio_MxSpd": 0.617016792, "Distance_MxSpd": 2178.22266, "Max_Distance": 2495.62842, "Hover_Time": 150.598328, "Max_Speed": 35.0, "Max_uc_at_MFD": 0.991578758, "Mot_amps_ratio_MFD": 0.920777917, "Mot_amps_ratio_MxSpd": 0.788549244, "Mot_power_ratio_MFD": 0.567813039, "Mot_power_ratio_MxSpd": 0.486272037, "Power_MFD": 2124.68066, "Power_MxSpd": 3093.97168, "Speed_MFD": 29.0}