{"Interferences": 3, "Mass": 6.031551940120126, "Batt_amps_ratio_MFD": 0.448050678, "Batt_amps_ratio_MxSpd": 0.448050678, "Distance_MxSpd": 771.341309, "Max_Distance": 771.341309, "Hover_Time": 86.8436356, "Max_Speed": 9.0, "Max_uc_at_MFD": 0.999946713, "Mot_amps_ratio_MFD": 0.723522604, "Mot_amps_ratio_MxSpd": 0.723522604, "Mot_power_ratio_MFD": 0.468480885, "Mot_power_ratio_MxSpd": 0.468480885, "Power_MFD": 1781.79224, "Power_MxSpd": 1781.79224, "Speed_MFD": 9.0}