{"Interferences": 2, "Mass": 3.9490568788010583, "Batt_amps_ratio_MFD": 0.186613783, "Batt_amps_ratio_MxSpd": 0.213076308, "Distance_MxSpd": 4685.64551, "Max_Distance": 4732.76953, "Hover_Time": 302.336121, "Max_Speed": 26.0, "Max_uc_at_MFD": 0.912436783, "Mot_amps_ratio_MFD": 0.479187608, "Mot_amps_ratio_MxSpd": 0.526235461, "Mot_power_ratio_MFD": 0.310273975, "Mot_power_ratio_MxSpd": 0.340737462, "Power_MFD": 897.928589, "Power_MxSpd": 1144.35071, "Speed_MFD": 23.0}