{"Interferences": 0, "Mass": 8.23170479503661, "Batt_amps_ratio_MFD": 0.738483906, "Batt_amps_ratio_MxSpd": 0.738483906, "Distance_MxSpd": 6239.81104, "Max_Distance": 6239.81104, "Hover_Time": 0.0, "Max_Speed": 16.0, "Max_uc_at_MFD": 0.98247534, "Mot_amps_ratio_MFD": 0.790964842, "Mot_amps_ratio_MxSpd": 0.790964842, "Mot_power_ratio_MFD": 0.751416624, "Mot_power_ratio_MxSpd": 0.751416624, "Power_MFD": 3639.70264, "Power_MxSpd": 3639.70264, "Speed_MFD": 16.0}