{"Interferences": 29, "Mass": 6.575418442778401, "Batt_amps_ratio_MFD": 0.699235618, "Batt_amps_ratio_MxSpd": 0.699235618, "Distance_MxSpd": 3954.03198, "Max_Distance": 3954.03198, "Hover_Time": 0.0, "Max_Speed": 24.0, "Max_uc_at_MFD": 0.934363365, "Mot_amps_ratio_MFD": 0.855794311, "Mot_amps_ratio_MxSpd": 0.855794311, "Mot_power_ratio_MFD": 0.881210446, "Mot_power_ratio_MxSpd": 0.881210446, "Power_MFD": 2143.99487, "Power_MxSpd": 2143.99487, "Speed_MFD": 24.0}