{"Interferences": 34, "Mass": 4.50892117993624, "Batt_amps_ratio_MFD": 1.39297843, "Batt_amps_ratio_MxSpd": 1.39297843, "Distance_MxSpd": 937.272217, "Max_Distance": 937.272217, "Hover_Time": 22.934227, "Max_Speed": 34.0, "Max_uc_at_MFD": 0.986652553, "Mot_amps_ratio_MFD": 0.960162997, "Mot_amps_ratio_MxSpd": 0.960162997, "Mot_power_ratio_MFD": 0.710520625, "Mot_power_ratio_MxSpd": 0.710520625, "Power_MFD": 2214.03223, "Power_MxSpd": 2214.03223, "Speed_MFD": 34.0}