{"Interferences": 9, "Mass": 5.348388950033997, "Batt_amps_ratio_MFD": 0.483493984, "Batt_amps_ratio_MxSpd": 0.760905564, "Distance_MxSpd": 2069.11353, "Max_Distance": 2303.23438, "Hover_Time": 120.204437, "Max_Speed": 41.0, "Max_uc_at_MFD": 0.547238827, "Mot_amps_ratio_MFD": 0.562549889, "Mot_amps_ratio_MxSpd": 0.971180141, "Mot_power_ratio_MFD": 0.298791379, "Mot_power_ratio_MxSpd": 0.504557252, "Power_MFD": 1540.96924, "Power_MxSpd": 3584.58447, "Speed_MFD": 29.0}