{"Interferences": 11, "Mass": 4.057595761613423, "Batt_amps_ratio_MFD": 1.04897332, "Batt_amps_ratio_MxSpd": 1.04897332, "Distance_MxSpd": 805.358887, "Max_Distance": 805.358887, "Hover_Time": 41.9217987, "Max_Speed": 22.0, "Max_uc_at_MFD": 0.997734249, "Mot_amps_ratio_MFD": 0.542764783, "Mot_amps_ratio_MxSpd": 0.542764783, "Mot_power_ratio_MFD": 0.271382391, "Mot_power_ratio_MxSpd": 0.271382391, "Power_MFD": 958.67395, "Power_MxSpd": 958.67395, "Speed_MFD": 22.0}