{"Interferences": 15, "Mass": 13.077969633267768, "Batt_amps_ratio_MFD": 0.562813878, "Batt_amps_ratio_MxSpd": 0.562813878, "Distance_MxSpd": 204.685776, "Max_Distance": 204.685776, "Hover_Time": 0.0, "Max_Speed": 1.0, "Max_uc_at_MFD": 0.410782516, "Mot_amps_ratio_MFD": 0.990913153, "Mot_amps_ratio_MxSpd": 0.990913153, "Mot_power_ratio_MFD": 0.990806878, "Mot_power_ratio_MxSpd": 0.990806878, "Power_MFD": 4682.29639, "Power_MxSpd": 4682.29639, "Speed_MFD": 1.0}