{"Interferences": 25, "Mass": 4.351201716886221, "Batt_amps_ratio_MFD": 0.662595272, "Batt_amps_ratio_MxSpd": 0.662595272, "Distance_MxSpd": 637.493225, "Max_Distance": 637.493225, "Hover_Time": 0.0, "Max_Speed": 11.0, "Max_uc_at_MFD": 0.961983204, "Mot_amps_ratio_MFD": 0.321599394, "Mot_amps_ratio_MxSpd": 0.321599394, "Mot_power_ratio_MFD": 0.317311406, "Mot_power_ratio_MxSpd": 0.317311406, "Power_MFD": 461.675262, "Power_MxSpd": 461.675262, "Speed_MFD": 11.0}