{
  "generator_version":"UAV2_gen12",
  "name":"design_2612_0cf39c9cc7f44a30a53f969d3b2df030_dw_dl",
  "hub":{
    "node_type":"ConnectedHub3_2_1",
    "angle":180.0,
    "centerSegment":{
      "node_type":"AngledPropArm",
      "armLength":365.69100961510685,
      "motor":{
        "motorType":"t_motor_MN4012KV400"
      },
      "prop":{
        "propType":"apc_propellers_14x4_7SF"
      }
    },
    "mainSegment":{
      "node_type":"AngledWingArm",
      "arm1Length":417.130658713162,
      "arm2Length":85.18006012481513,
      "wing":{
        "wingType":"Wing_horiz_hole",
        "nacaProfile":"6506",
        "span":1202.8751906756238,
        "chordInner":403.6770891939687,
        "chordOuter":105.30606449699337,
        "taperOffset":true,
        "aileronBias":0.5594683652341836,
        "flapBias":0.42188944671691553,
        "load":552.7268527426395,
        "tubeOffset":31.428340039159266,
        "tubeRot":293.5674079232675
      },
      "servo":{
        "servoType":"Hitec_HS_55"
      }
    }
  },
  "fuselageWithComponents":{
    "node_type":"DualBatteryFuselageWithComponents",
    "battery":{
      "batteryType":"Tattu5C28000mAh6S1P"
    },
    "fuselage":{
      "length":407.0,
      "vertDiameter":133.5,
      "horzDiameter":378.15,
      "floorHeight":22.25,
      "battery1X":-101.75,
      "battery1Y":6.0,
      "battery2X":102.75,
      "battery2Y":6.0,
      "rpmX":0.0,
      "rpmY":-116.05,
      "autoPilotX":0.0,
      "autoPilotY":59.75,
      "currentX":0.0,
      "currentY":-95.9,
      "voltageX":0.0,
      "voltageY":113.55,
      "gpsX":0.0,
      "gpsY":-55.75,
      "varioX":0.0,
      "varioY":91.9
    }
  }
}