{"Interferences": 42, "Mass": 7.851368998650861, "Batt_amps_ratio_MFD": 0.464497507, "Batt_amps_ratio_MxSpd": 0.570223391, "Distance_MxSpd": 2020.26099, "Max_Distance": 2125.79956, "Hover_Time": 204.599731, "Max_Speed": 14.0, "Max_uc_at_MFD": 0.998335302, "Mot_amps_ratio_MFD": 0.898510337, "Mot_amps_ratio_MxSpd": 0.76349479, "Mot_power_ratio_MFD": 0.872678161, "Mot_power_ratio_MxSpd": 0.741544366, "Power_MFD": 1609.90198, "Power_MxSpd": 1890.16956, "Speed_MFD": 12.0}