{"Interferences": 9, "Mass": 5.945248323685005, "Batt_amps_ratio_MFD": 0.597317755, "Batt_amps_ratio_MxSpd": 0.597317755, "Distance_MxSpd": 2341.89795, "Max_Distance": 2341.89795, "Hover_Time": 0.0, "Max_Speed": 17.0, "Max_uc_at_MFD": 0.805213392, "Mot_amps_ratio_MFD": 0.842044652, "Mot_amps_ratio_MxSpd": 0.842044652, "Mot_power_ratio_MFD": 0.695712268, "Mot_power_ratio_MxSpd": 0.695712268, "Power_MFD": 1711.26709, "Power_MxSpd": 1711.26709, "Speed_MFD": 17.0}