{"Interferences": 78, "Mass": 6.910328754373604, "Batt_amps_ratio_MFD": 0.559817553, "Batt_amps_ratio_MxSpd": 0.559817553, "Distance_MxSpd": 1714.84436, "Max_Distance": 1714.84436, "Hover_Time": 61.3389282, "Max_Speed": 25.0, "Max_uc_at_MFD": 0.558687985, "Mot_amps_ratio_MFD": 0.872511685, "Mot_amps_ratio_MxSpd": 0.872511685, "Mot_power_ratio_MFD": 0.436501622, "Mot_power_ratio_MxSpd": 0.436501622, "Power_MFD": 1894.33936, "Power_MxSpd": 1894.33936, "Speed_MFD": 25.0}