{"Interferences": 2, "Mass": 6.45608402491959, "Batt_amps_ratio_MFD": 2.54174232, "Batt_amps_ratio_MxSpd": 2.54174232, "Distance_MxSpd": 347.47818, "Max_Distance": 347.47818, "Hover_Time": 21.0861645, "Max_Speed": 23.0, "Max_uc_at_MFD": 0.464157611, "Mot_amps_ratio_MFD": 0.549557447, "Mot_amps_ratio_MxSpd": 0.549557447, "Mot_power_ratio_MFD": 0.412928998, "Mot_power_ratio_MxSpd": 0.412928998, "Power_MFD": 1722.16797, "Power_MxSpd": 1722.16797, "Speed_MFD": 23.0}