{"Interferences": 7, "Mass": 7.993106683214525, "Batt_amps_ratio_MFD": 1.2524482, "Batt_amps_ratio_MxSpd": 2.31179762, "Distance_MxSpd": 2242.41089, "Max_Distance": 2759.39551, "Hover_Time": 121.869217, "Max_Speed": 45.0, "Max_uc_at_MFD": 0.579272747, "Mot_amps_ratio_MFD": 0.774178028, "Mot_amps_ratio_MxSpd": 0.921038032, "Mot_power_ratio_MFD": 0.387047499, "Mot_power_ratio_MxSpd": 0.460469633, "Power_MFD": 2565.75073, "Power_MxSpd": 5631.02539, "Speed_MFD": 30.0}