{"Interferences": 8, "Mass": 5.339261283009992, "Batt_amps_ratio_MFD": 0.809721231, "Batt_amps_ratio_MxSpd": 0.809721231, "Distance_MxSpd": 426.813568, "Max_Distance": 426.813568, "Hover_Time": 46.9680634, "Max_Speed": 9.0, "Max_uc_at_MFD": 0.996811152, "Mot_amps_ratio_MFD": 0.655705929, "Mot_amps_ratio_MxSpd": 0.655705929, "Mot_power_ratio_MFD": 0.247553572, "Mot_power_ratio_MxSpd": 0.247553572, "Power_MFD": 1288.995, "Power_MxSpd": 1288.995, "Speed_MFD": 9.0}