{"Interferences": 15, "Mass": 5.230957147530426, "Batt_amps_ratio_MFD": 1.67046523, "Batt_amps_ratio_MxSpd": 2.85422587, "Distance_MxSpd": 578.51062, "Max_Distance": 689.628235, "Hover_Time": 36.8719978, "Max_Speed": 43.0, "Max_uc_at_MFD": 0.633857548, "Mot_amps_ratio_MFD": 0.560755193, "Mot_amps_ratio_MxSpd": 0.817994952, "Mot_power_ratio_MFD": 0.518698573, "Mot_power_ratio_MxSpd": 0.756645322, "Power_MFD": 1866.57764, "Power_MxSpd": 4519.03223, "Speed_MFD": 30.0}