{"Interferences": 10, "Mass": 4.44564234688757, "Batt_amps_ratio_MFD": 0.434577554, "Batt_amps_ratio_MxSpd": 0.434577554, "Distance_MxSpd": 5112.354, "Max_Distance": 5112.354, "Hover_Time": 251.967209, "Max_Speed": 27.0, "Max_uc_at_MFD": 0.825241864, "Mot_amps_ratio_MFD": 0.941942692, "Mot_amps_ratio_MxSpd": 0.941942692, "Mot_power_ratio_MFD": 0.836445153, "Mot_power_ratio_MxSpd": 0.836445153, "Power_MFD": 1355.98267, "Power_MxSpd": 1355.98267, "Speed_MFD": 27.0}