{"Interferences": 6, "Mass": 3.468628570495716, "Batt_amps_ratio_MFD": 1.10386121, "Batt_amps_ratio_MxSpd": 1.61714828, "Distance_MxSpd": 831.092651, "Max_Distance": 904.461548, "Hover_Time": 0.0, "Max_Speed": 35.0, "Max_uc_at_MFD": 0.717539251, "Mot_amps_ratio_MFD": 0.451319039, "Mot_amps_ratio_MxSpd": 0.688946247, "Mot_power_ratio_MFD": 0.442027181, "Mot_power_ratio_MxSpd": 0.674762011, "Power_MFD": 1186.46826, "Power_MxSpd": 2451.47095, "Speed_MFD": 26.0}