{"Interferences": 3, "Mass": 3.5310450825154205, "Batt_amps_ratio_MFD": 1.54009104, "Batt_amps_ratio_MxSpd": 1.67414033, "Distance_MxSpd": 596.365784, "Max_Distance": 598.406189, "Hover_Time": 34.548027, "Max_Speed": 26.0, "Max_uc_at_MFD": 0.834928095, "Mot_amps_ratio_MFD": 0.335376561, "Mot_amps_ratio_MxSpd": 0.470884174, "Mot_power_ratio_MFD": 0.166692704, "Mot_power_ratio_MxSpd": 0.234044269, "Power_MFD": 1254.81018, "Power_MxSpd": 1619.07581, "Speed_MFD": 24.0}