{"Interferences": 2, "Mass": 4.195773817073749, "Batt_amps_ratio_MFD": 1.8512603, "Batt_amps_ratio_MxSpd": 1.8512603, "Distance_MxSpd": 643.021423, "Max_Distance": 643.021423, "Hover_Time": 36.9368744, "Max_Speed": 31.0, "Max_uc_at_MFD": 0.907711387, "Mot_amps_ratio_MFD": 0.449555099, "Mot_amps_ratio_MxSpd": 0.449555099, "Mot_power_ratio_MFD": 0.149835631, "Mot_power_ratio_MxSpd": 0.149835631, "Power_MFD": 1678.82166, "Power_MxSpd": 1678.82166, "Speed_MFD": 31.0}