{"Interferences": 77, "Mass": 3.596990479117264, "Batt_amps_ratio_MFD": 0.535346627, "Batt_amps_ratio_MxSpd": 0.535346627, "Distance_MxSpd": 1219.39697, "Max_Distance": 1219.39697, "Hover_Time": 82.8305511, "Max_Speed": 17.0, "Max_uc_at_MFD": 0.999955654, "Mot_amps_ratio_MFD": 0.289185017, "Mot_amps_ratio_MxSpd": 0.289185017, "Mot_power_ratio_MFD": 0.10850548, "Mot_power_ratio_MxSpd": 0.10850548, "Power_MFD": 527.861084, "Power_MxSpd": 527.861084, "Speed_MFD": 17.0}