{"Interferences": 0, "Mass": 5.793106385897517, "Batt_amps_ratio_MFD": 0.160282791, "Batt_amps_ratio_MxSpd": 0.17345497, "Distance_MxSpd": 14943.3604, "Max_Distance": 14973.5342, "Hover_Time": 838.573792, "Max_Speed": 27.0, "Max_uc_at_MFD": 0.97000581, "Mot_amps_ratio_MFD": 0.693319499, "Mot_amps_ratio_MxSpd": 0.692700505, "Mot_power_ratio_MFD": 0.513056397, "Mot_power_ratio_MxSpd": 0.512598395, "Power_MFD": 1530.73401, "Power_MxSpd": 1741.52661, "Speed_MFD": 25.0}