{"Interferences": 2, "Mass": 7.271704249647406, "Batt_amps_ratio_MFD": 0.605028868, "Batt_amps_ratio_MxSpd": 0.605028868, "Distance_MxSpd": 2856.06201, "Max_Distance": 2856.06201, "Hover_Time": 194.671631, "Max_Speed": 15.0, "Max_uc_at_MFD": 0.760700285, "Mot_amps_ratio_MFD": 0.984010458, "Mot_amps_ratio_MxSpd": 0.984010458, "Mot_power_ratio_MFD": 0.934809923, "Mot_power_ratio_MxSpd": 0.934809923, "Power_MFD": 2467.95825, "Power_MxSpd": 2467.95825, "Speed_MFD": 15.0}