{"Interferences": 25, "Mass": 4.22828949130697, "Batt_amps_ratio_MFD": 0.192657799, "Batt_amps_ratio_MxSpd": 0.192657799, "Distance_MxSpd": 4384.97705, "Max_Distance": 4384.97705, "Hover_Time": 255.179382, "Max_Speed": 22.0, "Max_uc_at_MFD": 0.826367199, "Mot_amps_ratio_MFD": 0.961019576, "Mot_amps_ratio_MxSpd": 0.961019576, "Mot_power_ratio_MFD": 0.568923593, "Mot_power_ratio_MxSpd": 0.568923593, "Power_MFD": 934.598938, "Power_MxSpd": 934.598938, "Speed_MFD": 22.0}