{"Interferences": 8, "Mass": 4.687520003712726, "Batt_amps_ratio_MFD": 2.1622262, "Batt_amps_ratio_MxSpd": 3.29975772, "Distance_MxSpd": 453.851501, "Max_Distance": 532.78418, "Hover_Time": 26.6433792, "Max_Speed": 39.0, "Max_uc_at_MFD": 0.61437279, "Mot_amps_ratio_MFD": 0.940476954, "Mot_amps_ratio_MxSpd": 0.700802505, "Mot_power_ratio_MFD": 0.942481697, "Mot_power_ratio_MxSpd": 0.702296376, "Power_MFD": 1915.90015, "Power_MxSpd": 3086.04321, "Speed_MFD": 30.0}