{"Interferences": 3, "Mass": 4.710717300834086, "Batt_amps_ratio_MFD": 1.08050275, "Batt_amps_ratio_MxSpd": 1.08050275, "Distance_MxSpd": 817.397278, "Max_Distance": 817.397278, "Hover_Time": 49.9772568, "Max_Speed": 23.0, "Max_uc_at_MFD": 0.992272377, "Mot_amps_ratio_MFD": 0.239684641, "Mot_amps_ratio_MxSpd": 0.239684641, "Mot_power_ratio_MFD": 0.110854141, "Mot_power_ratio_MxSpd": 0.110854141, "Power_MFD": 1116.71167, "Power_MxSpd": 1116.71167, "Speed_MFD": 23.0}