{"Interferences": 5, "Mass": 5.708896109703659, "Batt_amps_ratio_MFD": 0.922779918, "Batt_amps_ratio_MxSpd": 1.02767348, "Distance_MxSpd": 1195.71057, "Max_Distance": 1206.78833, "Hover_Time": 61.6158257, "Max_Speed": 32.0, "Max_uc_at_MFD": 0.941647112, "Mot_amps_ratio_MFD": 0.382083595, "Mot_amps_ratio_MxSpd": 0.473276019, "Mot_power_ratio_MFD": 0.127432957, "Mot_power_ratio_MxSpd": 0.157847553, "Power_MFD": 1734.52271, "Power_MxSpd": 2090.52539, "Speed_MFD": 29.0}