{
  "generator_version":"UAV2_gen12",
  "name":"design_7600_a28637a8f63f4cc68bb4ba8d9ea06364_dw",
  "hub":{
    "node_type":"ConnectedHub3_2_1",
    "angle":180.0,
    "centerSegment":{
      "node_type":"PropArm",
      "armLength":281.598560699132,
      "motor":{
        "motorType":"kde_direct_KDE600XF_1100_G3"
      },
      "prop":{
        "propType":"apc_propellers_9x6_5"
      },
      "flange":{
        "offset":44.27294481627882,
        "angle":0.0
      }
    },
    "mainSegment":{
      "node_type":"AngledWingArm",
      "arm1Length":244.5740788330398,
      "arm2Length":124.45777273497107,
      "wing":{
        "wingType":"Wing_horiz_hole",
        "nacaProfile":"4515",
        "span":1408.5623609093216,
        "chordInner":484.4985111103038,
        "chordOuter":101.12788535025216,
        "taperOffset":false,
        "aileronBias":0.729542006304469,
        "flapBias":0.5819220154463042,
        "load":724.7614475729285,
        "tubeOffset":60.3609334368506,
        "tubeRot":304.1753581110056
      },
      "servo":{
        "servoType":"Hitec_HS_82MG"
      }
    }
  },
  "fuselageWithComponents":{
    "node_type":"DualBatteryFuselageWithComponents",
    "battery":{
      "batteryType":"Tattu25C23000mAh6S1PHV"
    },
    "fuselage":{
      "length":210.0,
      "vertDiameter":139.5,
      "horzDiameter":486.9,
      "floorHeight":23.25,
      "battery1X":0.0,
      "battery1Y":-27.5,
      "battery2X":0.0,
      "battery2Y":40.5,
      "rpmX":0.0,
      "rpmY":-152.3,
      "autoPilotX":0.0,
      "autoPilotY":96.0,
      "currentX":0.0,
      "currentY":-132.15,
      "voltageX":0.0,
      "voltageY":149.8,
      "gpsX":0.0,
      "gpsY":-92.0,
      "varioX":0.0,
      "varioY":128.15
    }
  }
}