{"Interferences": 51, "Mass": 5.241643407099155, "Batt_amps_ratio_MFD": 0.195309713, "Batt_amps_ratio_MxSpd": 0.195309713, "Distance_MxSpd": 4718.65918, "Max_Distance": 4718.65918, "Hover_Time": 0.0, "Max_Speed": 8.0, "Max_uc_at_MFD": 0.998522162, "Mot_amps_ratio_MFD": 0.234856591, "Mot_amps_ratio_MxSpd": 0.234856591, "Mot_power_ratio_MFD": 0.16007331, "Mot_power_ratio_MxSpd": 0.16007331, "Power_MFD": 697.309875, "Power_MxSpd": 697.309875, "Speed_MFD": 8.0}