{"Interferences": 75, "Mass": 5.494429484199192, "Batt_amps_ratio_MFD": 0.447840482, "Batt_amps_ratio_MxSpd": 0.488868326, "Distance_MxSpd": 6833.74219, "Max_Distance": 6945.33008, "Hover_Time": 339.498962, "Max_Speed": 29.0, "Max_uc_at_MFD": 0.869066477, "Mot_amps_ratio_MFD": 0.597857356, "Mot_amps_ratio_MxSpd": 0.706595659, "Mot_power_ratio_MFD": 0.553018034, "Mot_power_ratio_MxSpd": 0.653600931, "Power_MFD": 1673.8064, "Power_MxSpd": 2006.45105, "Speed_MFD": 27.0}