{"Interferences": 21, "Mass": 2.9328013459226216, "Batt_amps_ratio_MFD": 0.365616292, "Batt_amps_ratio_MxSpd": 0.365616292, "Distance_MxSpd": 105.028137, "Max_Distance": 105.028137, "Hover_Time": 0.0, "Max_Speed": 1.0, "Max_uc_at_MFD": 0.999658465, "Mot_amps_ratio_MFD": 0.425124317, "Mot_amps_ratio_MxSpd": 0.425124317, "Mot_power_ratio_MFD": 0.196619987, "Mot_power_ratio_MxSpd": 0.196619987, "Power_MFD": 629.846191, "Power_MxSpd": 629.846191, "Speed_MFD": 1.0}