{"Interferences": 45, "Mass": 11.678622609111692, "Batt_amps_ratio_MFD": 1.60094273, "Batt_amps_ratio_MxSpd": 1.60094273, "Distance_MxSpd": 95.9434738, "Max_Distance": 95.9434738, "Hover_Time": 23.4365158, "Max_Speed": 4.0, "Max_uc_at_MFD": 0.706728518, "Mot_amps_ratio_MFD": 0.891230166, "Mot_amps_ratio_MxSpd": 0.891230166, "Mot_power_ratio_MFD": 0.879347086, "Mot_power_ratio_MxSpd": 0.879347086, "Power_MFD": 6755.69678, "Power_MxSpd": 6755.69678, "Speed_MFD": 4.0}