{"Interferences": 27, "Mass": 7.164555287235242, "Batt_amps_ratio_MFD": 1.00601542, "Batt_amps_ratio_MxSpd": 1.76726389, "Distance_MxSpd": 412.841583, "Max_Distance": 610.726257, "Hover_Time": 35.592289, "Max_Speed": 19.0, "Max_uc_at_MFD": 0.999903917, "Mot_amps_ratio_MFD": 0.587382376, "Mot_amps_ratio_MxSpd": 0.571093917, "Mot_power_ratio_MFD": 0.293691188, "Mot_power_ratio_MxSpd": 0.285546958, "Power_MFD": 1200.03894, "Power_MxSpd": 2438.95435, "Speed_MFD": 16.0}