{"Interferences": 17, "Mass": 6.994611395107055, "Batt_amps_ratio_MFD": 0.34054178, "Batt_amps_ratio_MxSpd": 0.34054178, "Distance_MxSpd": 2706.27588, "Max_Distance": 2706.27588, "Hover_Time": 126.591164, "Max_Speed": 24.0, "Max_uc_at_MFD": 0.622401774, "Mot_amps_ratio_MFD": 0.813926995, "Mot_amps_ratio_MxSpd": 0.813926995, "Mot_power_ratio_MFD": 0.744024992, "Mot_power_ratio_MxSpd": 0.744024992, "Power_MFD": 1987.67798, "Power_MxSpd": 1987.67798, "Speed_MFD": 24.0}