{"Interferences": 17, "Mass": 6.90141869441664, "Batt_amps_ratio_MFD": 0.440353662, "Batt_amps_ratio_MxSpd": 0.469205469, "Distance_MxSpd": 7365.64307, "Max_Distance": 7586.62939, "Hover_Time": 379.175079, "Max_Speed": 30.0, "Max_uc_at_MFD": 0.820825458, "Mot_amps_ratio_MFD": 0.955115736, "Mot_amps_ratio_MxSpd": 0.960586369, "Mot_power_ratio_MFD": 0.725887954, "Mot_power_ratio_MxSpd": 0.730045617, "Power_MFD": 2072.29395, "Power_MxSpd": 2084.36206, "Speed_MFD": 29.0}