{"Interferences": 7, "Mass": 5.0208979314054405, "Batt_amps_ratio_MFD": 0.201572523, "Batt_amps_ratio_MxSpd": 0.201572523, "Distance_MxSpd": 3429.03882, "Max_Distance": 3429.03882, "Hover_Time": 0.0, "Max_Speed": 18.0, "Max_uc_at_MFD": 0.989204943, "Mot_amps_ratio_MFD": 0.548526824, "Mot_amps_ratio_MxSpd": 0.548526824, "Mot_power_ratio_MFD": 0.182822675, "Mot_power_ratio_MxSpd": 0.182822675, "Power_MFD": 1231.11548, "Power_MxSpd": 1231.11548, "Speed_MFD": 18.0}