{"Interferences": 17, "Mass": 12.826654331239313, "Batt_amps_ratio_MFD": 0.330996454, "Batt_amps_ratio_MxSpd": 0.330996454, "Distance_MxSpd": 7656.87988, "Max_Distance": 7656.87988, "Hover_Time": 0.0, "Max_Speed": 22.0, "Max_uc_at_MFD": 0.989257812, "Mot_amps_ratio_MFD": 0.983900547, "Mot_amps_ratio_MxSpd": 0.983900547, "Mot_power_ratio_MFD": 0.91010803, "Mot_power_ratio_MxSpd": 0.91010803, "Power_MFD": 4372.82812, "Power_MxSpd": 4372.82812, "Speed_MFD": 22.0}