{"Interferences": 82, "Mass": 8.016883899856692, "Batt_amps_ratio_MFD": 0.269719571, "Batt_amps_ratio_MxSpd": 0.269719571, "Distance_MxSpd": 5338.87842, "Max_Distance": 5338.87842, "Hover_Time": 356.487122, "Max_Speed": 15.0, "Max_uc_at_MFD": 0.533971548, "Mot_amps_ratio_MFD": 0.861272693, "Mot_amps_ratio_MxSpd": 0.861272693, "Mot_power_ratio_MFD": 0.637341797, "Mot_power_ratio_MxSpd": 0.637341797, "Power_MFD": 1396.03674, "Power_MxSpd": 1396.03674, "Speed_MFD": 15.0}