{"Interferences": 19, "Mass": 3.989792873299442, "Batt_amps_ratio_MFD": 1.09236312, "Batt_amps_ratio_MxSpd": 1.09236312, "Distance_MxSpd": 421.837738, "Max_Distance": 421.837738, "Hover_Time": 29.8596096, "Max_Speed": 12.0, "Max_uc_at_MFD": 0.999792755, "Mot_amps_ratio_MFD": 0.359345853, "Mot_amps_ratio_MxSpd": 0.359345853, "Mot_power_ratio_MFD": 0.24395442, "Mot_power_ratio_MxSpd": 0.24395442, "Power_MFD": 1170.48254, "Power_MxSpd": 1170.48254, "Speed_MFD": 12.0}