{"Interferences": 1, "Mass": 10.235293416752045, "Batt_amps_ratio_MFD": 1.15873313, "Batt_amps_ratio_MxSpd": 1.15873313, "Distance_MxSpd": 497.094635, "Max_Distance": 497.094635, "Hover_Time": 0.0, "Max_Speed": 1.0, "Max_uc_at_MFD": 0.742739141, "Mot_amps_ratio_MFD": 0.999171436, "Mot_amps_ratio_MxSpd": 0.999171436, "Mot_power_ratio_MFD": 0.739386857, "Mot_power_ratio_MxSpd": 0.739386857, "Power_MFD": 2526.54639, "Power_MxSpd": 2526.54639, "Speed_MFD": 1.0}