{
  "generator_version":"UAV2_gen12",
  "name":"design_17958_a00a24a94e6f4ae5a7e534188e094d70_s",
  "hub":{
    "node_type":"ConnectedHub6_2_2_2",
    "frontSegment":{
      "node_type":"PropArm",
      "armLength":155.12716982694502,
      "motor":{
        "motorType":"kde_direct_KDE5215XF_435"
      },
      "prop":{
        "propType":"apc_propellers_15x6E"
      },
      "flange":{
        "offset":24.274143789254182,
        "angle":0.0
      }
    },
    "middleSegment":{
      "node_type":"AngledWingArm",
      "arm1Length":120.06381711874722,
      "arm2Length":88.70889012342627,
      "wing":{
        "wingType":"Wing_horiz_hole",
        "nacaProfile":"4415",
        "span":417.70008303445763,
        "chordInner":195.24707897397153,
        "chordOuter":71.12072504133775,
        "taperOffset":true,
        "aileronBias":0.5116272607310698,
        "flapBias":0.3783654213181594,
        "load":767.2272766010177,
        "tubeOffset":13.025207545478539,
        "tubeRot":248.59955484587118
      },
      "servo":{
        "servoType":"Hitec_HS_40"
      }
    },
    "rearSegment":{
      "node_type":"PropArm",
      "armLength":184.0904765529661,
      "motor":{
        "motorType":"t_motor_AT3530KV580"
      },
      "prop":{
        "propType":"apc_propellers_20x8W"
      },
      "flange":{
        "offset":-39.910409664608316,
        "angle":0.0
      }
    }
  },
  "fuselageWithComponents":{
    "node_type":"SingleBatteryFuselageWithComponents",
    "battery":{
      "batteryType":"Tattu25C10000mAh4S1P"
    },
    "fuselage":{
      "length":169.0,
      "vertDiameter":97.5,
      "horzDiameter":344.4,
      "floorHeight":16.25,
      "batteryX":0.0,
      "batteryY":6.0,
      "rpmX":0.0,
      "rpmY":-104.8,
      "autoPilotX":0.0,
      "autoPilotY":48.5,
      "currentX":0.0,
      "currentY":-84.65,
      "voltageX":0.0,
      "voltageY":102.3,
      "gpsX":0.0,
      "gpsY":-44.5,
      "varioX":0.0,
      "varioY":80.65
    }
  }
}