{"Interferences": 34, "Mass": 4.8990162890942655, "Batt_amps_ratio_MFD": 0.400802672, "Batt_amps_ratio_MxSpd": 0.400802672, "Distance_MxSpd": 6323.31104, "Max_Distance": 6323.31104, "Hover_Time": 332.116943, "Max_Speed": 22.0, "Max_uc_at_MFD": 0.989278436, "Mot_amps_ratio_MFD": 0.775850296, "Mot_amps_ratio_MxSpd": 0.775850296, "Mot_power_ratio_MFD": 0.533119977, "Mot_power_ratio_MxSpd": 0.533119977, "Power_MFD": 1043.97998, "Power_MxSpd": 1043.97998, "Speed_MFD": 22.0}