{"Interferences": 6, "Mass": 4.55943708252885, "Batt_amps_ratio_MFD": 1.70397294, "Batt_amps_ratio_MxSpd": 3.87230802, "Distance_MxSpd": 406.579224, "Max_Distance": 540.853638, "Hover_Time": 31.9885025, "Max_Speed": 41.0, "Max_uc_at_MFD": 0.961242974, "Mot_amps_ratio_MFD": 0.565308452, "Mot_amps_ratio_MxSpd": 0.984300852, "Mot_power_ratio_MFD": 0.388447642, "Mot_power_ratio_MxSpd": 0.676355302, "Power_MFD": 1081.51953, "Power_MxSpd": 4000.84155, "Speed_MFD": 24.0}