{"Interferences": 4, "Mass": 3.0438573079098856, "Batt_amps_ratio_MFD": 0.487347305, "Batt_amps_ratio_MxSpd": 0.487347305, "Distance_MxSpd": 866.733032, "Max_Distance": 866.733032, "Hover_Time": 0.0, "Max_Speed": 11.0, "Max_uc_at_MFD": 0.97215575, "Mot_amps_ratio_MFD": 0.395347983, "Mot_amps_ratio_MxSpd": 0.395347983, "Mot_power_ratio_MFD": 0.198038936, "Mot_power_ratio_MxSpd": 0.198038936, "Power_MFD": 313.637726, "Power_MxSpd": 313.637726, "Speed_MFD": 11.0}