{"Interferences": 30, "Mass": 7.790232930033119, "Batt_amps_ratio_MFD": 0.578916669, "Batt_amps_ratio_MxSpd": 0.578916669, "Distance_MxSpd": 8954.65625, "Max_Distance": 8954.65625, "Hover_Time": 446.490875, "Max_Speed": 27.0, "Max_uc_at_MFD": 0.983056426, "Mot_amps_ratio_MFD": 0.337849528, "Mot_amps_ratio_MxSpd": 0.337849528, "Mot_power_ratio_MFD": 0.112679958, "Mot_power_ratio_MxSpd": 0.112679958, "Power_MFD": 1853.05896, "Power_MxSpd": 1853.05896, "Speed_MFD": 27.0}