{"Interferences": 15, "Mass": 8.34803899449738, "Batt_amps_ratio_MFD": 1.87988508, "Batt_amps_ratio_MxSpd": 1.87988508, "Distance_MxSpd": 40.8535614, "Max_Distance": 40.8535614, "Hover_Time": 19.0699997, "Max_Speed": 2.0, "Max_uc_at_MFD": 0.972313821, "Mot_amps_ratio_MFD": 0.919261158, "Mot_amps_ratio_MxSpd": 0.919261158, "Mot_power_ratio_MFD": 0.850316584, "Mot_power_ratio_MxSpd": 0.850316584, "Power_MFD": 1937.69604, "Power_MxSpd": 1937.69604, "Speed_MFD": 2.0}