{"Interferences": 8, "Mass": 3.831045845977503, "Batt_amps_ratio_MFD": 0.3415851, "Batt_amps_ratio_MxSpd": 0.3415851, "Distance_MxSpd": 2585.59302, "Max_Distance": 2585.59302, "Hover_Time": 149.556549, "Max_Speed": 23.0, "Max_uc_at_MFD": 0.987889588, "Mot_amps_ratio_MFD": 0.602226794, "Mot_amps_ratio_MxSpd": 0.602226794, "Mot_power_ratio_MFD": 0.367004097, "Mot_power_ratio_MxSpd": 0.367004097, "Power_MFD": 1007.36261, "Power_MxSpd": 1007.36261, "Speed_MFD": 23.0}