{"Interferences": 26, "Mass": 8.648164759599993, "Batt_amps_ratio_MFD": 1.44492638, "Batt_amps_ratio_MxSpd": 1.44492638, "Distance_MxSpd": 159.454498, "Max_Distance": 159.454498, "Hover_Time": 0.0, "Max_Speed": 6.0, "Max_uc_at_MFD": 0.999997079, "Mot_amps_ratio_MFD": 0.989960432, "Mot_amps_ratio_MxSpd": 0.989960432, "Mot_power_ratio_MFD": 0.66138047, "Mot_power_ratio_MxSpd": 0.66138047, "Power_MFD": 4134.4082, "Power_MxSpd": 4134.4082, "Speed_MFD": 6.0}