{"Interferences": 31, "Mass": 9.578597209650084, "Batt_amps_ratio_MFD": 0.50461477, "Batt_amps_ratio_MxSpd": 0.50461477, "Distance_MxSpd": 15409.7744, "Max_Distance": 15409.7744, "Hover_Time": 670.827332, "Max_Speed": 27.0, "Max_uc_at_MFD": 0.822989464, "Mot_amps_ratio_MFD": 0.903438807, "Mot_amps_ratio_MxSpd": 0.903438807, "Mot_power_ratio_MFD": 0.6866135, "Mot_power_ratio_MxSpd": 0.6866135, "Power_MFD": 2068.14453, "Power_MxSpd": 2068.14453, "Speed_MFD": 27.0}