{"Interferences": 6, "Mass": 4.132457463275465, "Batt_amps_ratio_MFD": 1.33330429, "Batt_amps_ratio_MxSpd": 1.95407915, "Distance_MxSpd": 235.814392, "Max_Distance": 259.205627, "Hover_Time": 0.0, "Max_Speed": 12.0, "Max_uc_at_MFD": 0.972928047, "Mot_amps_ratio_MFD": 0.840651214, "Mot_amps_ratio_MxSpd": 0.804611325, "Mot_power_ratio_MFD": 0.329337478, "Mot_power_ratio_MxSpd": 0.315218329, "Power_MFD": 994.75061, "Power_MxSpd": 1594.74011, "Speed_MFD": 9.0}