{"Interferences": 31, "Mass": 8.441334249931616, "Batt_amps_ratio_MFD": 2.80896378, "Batt_amps_ratio_MxSpd": 2.80896378, "Distance_MxSpd": 382.774597, "Max_Distance": 382.774597, "Hover_Time": 0.0, "Max_Speed": 28.0, "Max_uc_at_MFD": 0.730764151, "Mot_amps_ratio_MFD": 0.947416127, "Mot_amps_ratio_MxSpd": 0.947416127, "Mot_power_ratio_MFD": 0.793532133, "Mot_power_ratio_MxSpd": 0.793532133, "Power_MFD": 8161.91309, "Power_MxSpd": 8161.91309, "Speed_MFD": 28.0}