{"Interferences": 10, "Mass": 4.189144432684934, "Batt_amps_ratio_MFD": 0.357878417, "Batt_amps_ratio_MxSpd": 0.357878417, "Distance_MxSpd": 2145.98022, "Max_Distance": 2145.98022, "Hover_Time": 132.390549, "Max_Speed": 20.0, "Max_uc_at_MFD": 0.98524642, "Mot_amps_ratio_MFD": 0.700743914, "Mot_amps_ratio_MxSpd": 0.700743914, "Mot_power_ratio_MFD": 0.259275258, "Mot_power_ratio_MxSpd": 0.259275258, "Power_MFD": 792.96698, "Power_MxSpd": 792.96698, "Speed_MFD": 20.0}