{"Interferences": 0, "Mass": 8.281704382248076, "Batt_amps_ratio_MFD": 1.67016435, "Batt_amps_ratio_MxSpd": 2.47140002, "Distance_MxSpd": 9322.65137, "Max_Distance": 10346.2871, "Hover_Time": 461.255035, "Max_Speed": 40.0, "Max_uc_at_MFD": 0.540328145, "Mot_amps_ratio_MFD": 0.667836905, "Mot_amps_ratio_MxSpd": 0.899807811, "Mot_power_ratio_MFD": 0.334106594, "Mot_power_ratio_MxSpd": 0.450157374, "Power_MFD": 2589.62427, "Power_MxSpd": 4701.03125, "Speed_MFD": 30.0}