{"Interferences": 3, "Mass": 3.638260787699695, "Batt_amps_ratio_MFD": 1.33341444, "Batt_amps_ratio_MxSpd": 1.38858318, "Distance_MxSpd": 719.006287, "Max_Distance": 719.956177, "Hover_Time": 43.2091637, "Max_Speed": 26.0, "Max_uc_at_MFD": 0.934500754, "Mot_amps_ratio_MFD": 0.431839973, "Mot_amps_ratio_MxSpd": 0.452600837, "Mot_power_ratio_MFD": 0.199725986, "Mot_power_ratio_MxSpd": 0.209327891, "Power_MFD": 933.721191, "Power_MxSpd": 1011.14923, "Speed_MFD": 25.0}