{
  "generator_version":"UAV2_gen12",
  "name":"design_9630_78186449468e481abaefb309a9a1407f_s",
  "hub":{
    "node_type":"ConnectedHub4_2_2",
    "frontSegment":{
      "node_type":"AngledWingArm",
      "arm1Length":491.43921726631976,
      "arm2Length":154.28309813337432,
      "wing":{
        "wingType":"Wing_horiz_hole",
        "nacaProfile":"4515",
        "span":1184.38651216109,
        "chordInner":164.0740215024705,
        "chordOuter":99.68019866673573,
        "taperOffset":false,
        "aileronBias":0.31436504789747566,
        "flapBias":0.5743136703931919,
        "load":296.65539088474543,
        "tubeOffset":24.626758962346138,
        "tubeRot":306.62262082542213
      },
      "servo":{
        "servoType":"Hitec_HS_5065MG"
      }
    },
    "rearSegment":{
      "node_type":"DoubleBendSegment",
      "angle":-90.0,
      "arm1Length":284.55807524457174,
      "arm2Length":494.67284208119696,
      "mainSegment":{
        "node_type":"PropArm",
        "armLength":379.29046824755585,
        "motor":{
          "motorType":"t_motor_AT3530KV580"
        },
        "prop":{
          "propType":"apc_propellers_20x8W"
        },
        "flange":{
          "offset":13.058409021400863,
          "angle":0.0
        }
      }
    }
  },
  "fuselageWithComponents":{
    "node_type":"SingleBatteryFuselageWithComponents",
    "battery":{
      "batteryType":"Tattu25C28000mAh6S1P"
    },
    "fuselage":{
      "length":205.0,
      "vertDiameter":181.5,
      "horzDiameter":386.4,
      "floorHeight":30.25,
      "batteryX":0.0,
      "batteryY":6.0,
      "rpmX":0.0,
      "rpmY":-118.8,
      "autoPilotX":0.0,
      "autoPilotY":62.5,
      "currentX":0.0,
      "currentY":-98.65,
      "voltageX":0.0,
      "voltageY":116.3,
      "gpsX":0.0,
      "gpsY":-58.5,
      "varioX":0.0,
      "varioY":94.65
    }
  }
}