{"Interferences": 20, "Mass": 6.924222950369334, "Batt_amps_ratio_MFD": 0.522299349, "Batt_amps_ratio_MxSpd": 0.522299349, "Distance_MxSpd": 147.042114, "Max_Distance": 147.042114, "Hover_Time": 0.0, "Max_Speed": 2.0, "Max_uc_at_MFD": 1.0, "Mot_amps_ratio_MFD": 0.485171229, "Mot_amps_ratio_MxSpd": 0.485171229, "Mot_power_ratio_MFD": 0.242832601, "Mot_power_ratio_MxSpd": 0.242832601, "Power_MFD": 1143.52051, "Power_MxSpd": 1143.52051, "Speed_MFD": 2.0}