{"Interferences": 8, "Mass": 4.542728120220682, "Batt_amps_ratio_MFD": 0.215323001, "Batt_amps_ratio_MxSpd": 0.215323001, "Distance_MxSpd": 891.683655, "Max_Distance": 891.683655, "Hover_Time": 0.0, "Max_Speed": 5.0, "Max_uc_at_MFD": 0.999685287, "Mot_amps_ratio_MFD": 0.414082199, "Mot_amps_ratio_MxSpd": 0.414082199, "Mot_power_ratio_MFD": 0.207251906, "Mot_power_ratio_MxSpd": 0.207251906, "Power_MFD": 673.184448, "Power_MxSpd": 673.184448, "Speed_MFD": 5.0}