{
  "generator_version":"UAV2_gen12",
  "name":"design_4331_1ac05ac0aa024012922ea751302cf7c8_s",
  "hub":{
    "node_type":"ConnectedHub6_2_2_2",
    "frontSegment":{
      "node_type":"AngledWingArm",
      "arm1Length":219.89170632689584,
      "arm2Length":124.54781136731731,
      "wing":{
        "wingType":"Wing_horiz_hole",
        "nacaProfile":"2415",
        "span":784.5540818673663,
        "chordInner":407.8837852766091,
        "chordOuter":156.30551724852506,
        "taperOffset":false,
        "aileronBias":0.8650992709592221,
        "flapBias":0.37519590984098616,
        "load":793.4531054940351,
        "tubeOffset":71.32572811109713,
        "tubeRot":234.42079676750123
      },
      "servo":{
        "servoType":"Hitec_HS_70MG"
      }
    },
    "middleSegment":{
      "node_type":"DoubleBendSegment",
      "angle":-100.8573851938257,
      "arm1Length":338.7296046050159,
      "arm2Length":79.8568170176372,
      "mainSegment":{
        "node_type":"PropArm",
        "armLength":307.7327607563892,
        "motor":{
          "motorType":"t_motor_MN4012KV400"
        },
        "prop":{
          "propType":"apc_propellers_15x7E"
        },
        "flange":{
          "offset":-0.9247335063183968,
          "angle":142.7858503216902
        }
      }
    },
    "rearSegment":{
      "node_type":"BranchSegment_Sym",
      "armLength":148.31641616105188,
      "angle":120.0,
      "mainSegment":{
        "node_type":"PropArm",
        "armLength":93.63071357080665,
        "motor":{
          "motorType":"t_motor_MN3520KV400"
        },
        "prop":{
          "propType":"apc_propellers_15x7"
        },
        "flange":{
          "offset":42.495330571285976,
          "angle":123.07425108510999
        }
      }
    }
  },
  "fuselageWithComponents":{
    "node_type":"SingleBatteryFuselageWithComponents",
    "battery":{
      "batteryType":"Tattu30C22000mAh6S1P"
    },
    "fuselage":{
      "length":206.0,
      "vertDiameter":136.5,
      "horzDiameter":377.4,
      "floorHeight":22.75,
      "batteryX":0.0,
      "batteryY":6.0,
      "rpmX":0.0,
      "rpmY":-115.8,
      "autoPilotX":0.0,
      "autoPilotY":59.5,
      "currentX":0.0,
      "currentY":-95.65,
      "voltageX":0.0,
      "voltageY":113.3,
      "gpsX":0.0,
      "gpsY":-55.5,
      "varioX":0.0,
      "varioY":91.65
    }
  }
}