{"Interferences": 9, "Mass": 4.147589166638206, "Batt_amps_ratio_MFD": 1.25041687, "Batt_amps_ratio_MxSpd": 1.25041687, "Distance_MxSpd": 429.936615, "Max_Distance": 429.936615, "Hover_Time": 0.0, "Max_Speed": 14.0, "Max_uc_at_MFD": 0.96188426, "Mot_amps_ratio_MFD": 0.8966887, "Mot_amps_ratio_MxSpd": 0.8966887, "Mot_power_ratio_MFD": 0.430804938, "Mot_power_ratio_MxSpd": 0.430804938, "Power_MFD": 3381.96387, "Power_MxSpd": 3381.96387, "Speed_MFD": 14.0}