{"Interferences": 13, "Mass": 3.88211799045637, "Batt_amps_ratio_MFD": 0.208775267, "Batt_amps_ratio_MxSpd": 0.208775267, "Distance_MxSpd": 4230.38623, "Max_Distance": 4230.38623, "Hover_Time": 229.562103, "Max_Speed": 23.0, "Max_uc_at_MFD": 0.783963203, "Mot_amps_ratio_MFD": 0.983144462, "Mot_amps_ratio_MxSpd": 0.983144462, "Mot_power_ratio_MFD": 0.970035851, "Mot_power_ratio_MxSpd": 0.970035851, "Power_MFD": 1016.72656, "Power_MxSpd": 1016.72656, "Speed_MFD": 23.0}