{"Interferences": 25, "Mass": 5.196983448756908, "Batt_amps_ratio_MFD": 1.48727155, "Batt_amps_ratio_MxSpd": 1.48727155, "Distance_MxSpd": 438.924561, "Max_Distance": 438.924561, "Hover_Time": 0.0, "Max_Speed": 17.0, "Max_uc_at_MFD": 0.896524549, "Mot_amps_ratio_MFD": 0.915492177, "Mot_amps_ratio_MxSpd": 0.915492177, "Mot_power_ratio_MFD": 0.597762525, "Mot_power_ratio_MxSpd": 0.597762525, "Power_MFD": 1758.25171, "Power_MxSpd": 1758.25171, "Speed_MFD": 17.0}