{"Interferences": 14, "Mass": 6.754249285793032, "Batt_amps_ratio_MFD": 0.908544779, "Batt_amps_ratio_MxSpd": 0.908544779, "Distance_MxSpd": 591.715454, "Max_Distance": 591.715454, "Hover_Time": 28.7495956, "Max_Speed": 14.0, "Max_uc_at_MFD": 0.987155139, "Mot_amps_ratio_MFD": 0.609342873, "Mot_amps_ratio_MxSpd": 0.609342873, "Mot_power_ratio_MFD": 0.287457496, "Mot_power_ratio_MxSpd": 0.287457496, "Power_MFD": 1193.72681, "Power_MxSpd": 1193.72681, "Speed_MFD": 14.0}