{"Interferences": 31, "Mass": 9.157652856522768, "Batt_amps_ratio_MFD": 0.546942174, "Batt_amps_ratio_MxSpd": 0.546942174, "Distance_MxSpd": 5967.72412, "Max_Distance": 5967.72412, "Hover_Time": 0.0, "Max_Speed": 34.0, "Max_uc_at_MFD": 0.606898665, "Mot_amps_ratio_MFD": 0.889112175, "Mot_amps_ratio_MxSpd": 0.889112175, "Mot_power_ratio_MFD": 0.89001745, "Mot_power_ratio_MxSpd": 0.89001745, "Power_MFD": 3134.91333, "Power_MxSpd": 3134.91333, "Speed_MFD": 34.0}