{"Interferences": 14, "Mass": 3.314522265065317, "Batt_amps_ratio_MFD": 0.870913506, "Batt_amps_ratio_MxSpd": 0.870913506, "Distance_MxSpd": 881.832642, "Max_Distance": 881.832642, "Hover_Time": 63.3343506, "Max_Speed": 20.0, "Max_uc_at_MFD": 0.992812037, "Mot_amps_ratio_MFD": 0.446006596, "Mot_amps_ratio_MxSpd": 0.446006596, "Mot_power_ratio_MFD": 0.20546639, "Mot_power_ratio_MxSpd": 0.20546639, "Power_MFD": 655.103821, "Power_MxSpd": 655.103821, "Speed_MFD": 20.0}