{"Interferences": 2, "Mass": 3.0830058002290435, "Batt_amps_ratio_MFD": 0.845707834, "Batt_amps_ratio_MxSpd": 0.845707834, "Distance_MxSpd": 681.086304, "Max_Distance": 681.086304, "Hover_Time": 52.0384064, "Max_Speed": 15.0, "Max_uc_at_MFD": 0.999939263, "Mot_amps_ratio_MFD": 0.225257814, "Mot_amps_ratio_MxSpd": 0.225257814, "Mot_power_ratio_MFD": 0.0735400468, "Mot_power_ratio_MxSpd": 0.0735400468, "Power_MFD": 440.650757, "Power_MxSpd": 440.650757, "Speed_MFD": 15.0}