{"Interferences": 2, "Mass": 4.790785418282702, "Batt_amps_ratio_MFD": 1.49301469, "Batt_amps_ratio_MxSpd": 1.49301469, "Distance_MxSpd": 462.955902, "Max_Distance": 462.955902, "Hover_Time": 30.892889, "Max_Speed": 18.0, "Max_uc_at_MFD": 0.999025524, "Mot_amps_ratio_MFD": 0.251282722, "Mot_amps_ratio_MxSpd": 0.251282722, "Mot_power_ratio_MFD": 0.0774788409, "Mot_power_ratio_MxSpd": 0.0774788409, "Power_MFD": 800.468445, "Power_MxSpd": 800.468445, "Speed_MFD": 18.0}