{"Interferences": 12, "Mass": 9.002485237887347, "Batt_amps_ratio_MFD": 1.61315966, "Batt_amps_ratio_MxSpd": 1.78465176, "Distance_MxSpd": 559.43689, "Max_Distance": 595.105347, "Hover_Time": 0.0, "Max_Speed": 26.0, "Max_uc_at_MFD": 0.999940932, "Mot_amps_ratio_MFD": 0.534349084, "Mot_amps_ratio_MxSpd": 0.671743393, "Mot_power_ratio_MFD": 0.267744064, "Mot_power_ratio_MxSpd": 0.329773009, "Power_MFD": 2670.19653, "Power_MxSpd": 3043.70996, "Speed_MFD": 25.0}