{"Interferences": 5, "Mass": 10.97040989367062, "Batt_amps_ratio_MFD": 0.780649245, "Batt_amps_ratio_MxSpd": 0.780649245, "Distance_MxSpd": 10698.7871, "Max_Distance": 10698.7871, "Hover_Time": 0.0, "Max_Speed": 29.0, "Max_uc_at_MFD": 0.828583062, "Mot_amps_ratio_MFD": 0.994241297, "Mot_amps_ratio_MxSpd": 0.994241297, "Mot_power_ratio_MFD": 0.510843992, "Mot_power_ratio_MxSpd": 0.510843992, "Power_MFD": 3532.01123, "Power_MxSpd": 3532.01123, "Speed_MFD": 29.0}