{"Interferences": 20, "Mass": 5.888990369611602, "Batt_amps_ratio_MFD": 0.319723487, "Batt_amps_ratio_MxSpd": 0.319723487, "Distance_MxSpd": 2882.49072, "Max_Distance": 2882.49072, "Hover_Time": 132.927994, "Max_Speed": 24.0, "Max_uc_at_MFD": 0.586674631, "Mot_amps_ratio_MFD": 0.760281086, "Mot_amps_ratio_MxSpd": 0.760281086, "Mot_power_ratio_MFD": 0.570210814, "Mot_power_ratio_MxSpd": 0.570210814, "Power_MFD": 1381.06799, "Power_MxSpd": 1381.06799, "Speed_MFD": 24.0}