{"Interferences": 2, "Mass": 3.7783964219028032, "Batt_amps_ratio_MFD": 0.189974993, "Batt_amps_ratio_MxSpd": 0.189974993, "Distance_MxSpd": 3234.10986, "Max_Distance": 3234.10986, "Hover_Time": 235.16217, "Max_Speed": 16.0, "Max_uc_at_MFD": 0.993639469, "Mot_amps_ratio_MFD": 0.161885947, "Mot_amps_ratio_MxSpd": 0.161885947, "Mot_power_ratio_MFD": 0.101826258, "Mot_power_ratio_MxSpd": 0.101826258, "Power_MFD": 608.363342, "Power_MxSpd": 608.363342, "Speed_MFD": 16.0}