{"Interferences": 60, "Mass": 10.713579412059875, "Batt_amps_ratio_MFD": 0.74505949, "Batt_amps_ratio_MxSpd": 1.60206091, "Distance_MxSpd": 4434.28809, "Max_Distance": 5669.34619, "Hover_Time": 260.605072, "Max_Speed": 37.0, "Max_uc_at_MFD": 0.999892354, "Mot_amps_ratio_MFD": 0.65725559, "Mot_amps_ratio_MxSpd": 0.784479439, "Mot_power_ratio_MFD": 0.324246079, "Mot_power_ratio_MxSpd": 0.387009859, "Power_MFD": 2037.61792, "Power_MxSpd": 5221.95996, "Speed_MFD": 22.0}