{"Interferences": 28, "Mass": 6.97416739025185, "Batt_amps_ratio_MFD": 0.525507867, "Batt_amps_ratio_MxSpd": 0.525507867, "Distance_MxSpd": 657.649536, "Max_Distance": 657.649536, "Hover_Time": 75.0463181, "Max_Speed": 9.0, "Max_uc_at_MFD": 0.99588269, "Mot_amps_ratio_MFD": 0.741364539, "Mot_amps_ratio_MxSpd": 0.741364539, "Mot_power_ratio_MFD": 0.278524965, "Mot_power_ratio_MxSpd": 0.278524965, "Power_MFD": 1127.14624, "Power_MxSpd": 1127.14624, "Speed_MFD": 9.0}