{"Interferences": 0, "Mass": 9.324983451754274, "Batt_amps_ratio_MFD": 0.313607395, "Batt_amps_ratio_MxSpd": 0.313607395, "Distance_MxSpd": 8816.11914, "Max_Distance": 8816.11914, "Hover_Time": 413.484436, "Max_Speed": 24.0, "Max_uc_at_MFD": 0.553451061, "Mot_amps_ratio_MFD": 0.804226279, "Mot_amps_ratio_MxSpd": 0.804226279, "Mot_power_ratio_MFD": 0.787668645, "Mot_power_ratio_MxSpd": 0.787668645, "Power_MFD": 2404.92041, "Power_MxSpd": 2404.92041, "Speed_MFD": 24.0}