{"Interferences": 56, "Mass": 13.809049427870224, "Batt_amps_ratio_MFD": 0.379276872, "Batt_amps_ratio_MxSpd": 0.379276872, "Distance_MxSpd": 9112.07617, "Max_Distance": 9112.07617, "Hover_Time": 336.083069, "Max_Speed": 30.0, "Max_uc_at_MFD": 0.765631378, "Mot_amps_ratio_MFD": 0.881210864, "Mot_amps_ratio_MxSpd": 0.881210864, "Mot_power_ratio_MFD": 0.815120041, "Mot_power_ratio_MxSpd": 0.815120041, "Power_MFD": 3765.03442, "Power_MxSpd": 3765.03442, "Speed_MFD": 30.0}