{"Interferences": 14, "Mass": 7.667825883314191, "Batt_amps_ratio_MFD": 5.32591534, "Batt_amps_ratio_MxSpd": 5.32591534, "Distance_MxSpd": 173.040665, "Max_Distance": 173.040665, "Hover_Time": 6.69589758, "Max_Speed": 24.0, "Max_uc_at_MFD": 0.767480493, "Mot_amps_ratio_MFD": 0.853696227, "Mot_amps_ratio_MxSpd": 0.853696227, "Mot_power_ratio_MFD": 0.842313588, "Mot_power_ratio_MxSpd": 0.842313588, "Power_MFD": 5110.32324, "Power_MxSpd": 5110.32324, "Speed_MFD": 24.0}