{"Interferences": 10, "Mass": 3.7568434302534506, "Batt_amps_ratio_MFD": 0.261095732, "Batt_amps_ratio_MxSpd": 0.261095732, "Distance_MxSpd": 3529.73999, "Max_Distance": 3529.73999, "Hover_Time": 209.249329, "Max_Speed": 24.0, "Max_uc_at_MFD": 0.991647601, "Mot_amps_ratio_MFD": 0.411984593, "Mot_amps_ratio_MxSpd": 0.411984593, "Mot_power_ratio_MFD": 0.381085753, "Mot_power_ratio_MxSpd": 0.381085753, "Power_MFD": 1118.45923, "Power_MxSpd": 1118.45923, "Speed_MFD": 24.0}