{"Interferences": 14, "Mass": 3.710813168039349, "Batt_amps_ratio_MFD": 0.565461874, "Batt_amps_ratio_MxSpd": 0.565461874, "Distance_MxSpd": 814.909119, "Max_Distance": 814.909119, "Hover_Time": 0.0, "Max_Speed": 12.0, "Max_uc_at_MFD": 0.902417064, "Mot_amps_ratio_MFD": 0.284216821, "Mot_amps_ratio_MxSpd": 0.284216821, "Mot_power_ratio_MFD": 0.0710942373, "Mot_power_ratio_MxSpd": 0.0710942373, "Power_MFD": 467.112915, "Power_MxSpd": 467.112915, "Speed_MFD": 12.0}