{"Interferences": 61, "Mass": 6.509827399424363, "Batt_amps_ratio_MFD": 0.487912297, "Batt_amps_ratio_MxSpd": 0.505145311, "Distance_MxSpd": 7069.64941, "Max_Distance": 7083.24023, "Hover_Time": 345.802277, "Max_Speed": 31.0, "Max_uc_at_MFD": 0.998997211, "Mot_amps_ratio_MFD": 0.567056954, "Mot_amps_ratio_MxSpd": 0.53301686, "Mot_power_ratio_MFD": 0.42529273, "Mot_power_ratio_MxSpd": 0.39976263, "Power_MFD": 1898.87476, "Power_MxSpd": 2026.59912, "Speed_MFD": 30.0}