{"Interferences": 34, "Mass": 4.245133042572959, "Batt_amps_ratio_MFD": 1.46113479, "Batt_amps_ratio_MxSpd": 1.80716479, "Distance_MxSpd": 743.70636, "Max_Distance": 840.990173, "Hover_Time": 38.5211258, "Max_Speed": 35.0, "Max_uc_at_MFD": 0.979145944, "Mot_amps_ratio_MFD": 0.627850413, "Mot_amps_ratio_MxSpd": 0.629274845, "Mot_power_ratio_MFD": 0.580761611, "Mot_power_ratio_MxSpd": 0.537045002, "Power_MFD": 1820.15613, "Power_MxSpd": 2335.80859, "Speed_MFD": 32.0}