{"Interferences": 8, "Mass": 4.734438134142312, "Batt_amps_ratio_MFD": 0.531593263, "Batt_amps_ratio_MxSpd": 0.847046137, "Distance_MxSpd": 1586.69043, "Max_Distance": 1805.89185, "Hover_Time": 110.399406, "Max_Speed": 35.0, "Max_uc_at_MFD": 0.853204429, "Mot_amps_ratio_MFD": 0.887517393, "Mot_amps_ratio_MxSpd": 0.919879138, "Mot_power_ratio_MFD": 0.444577962, "Mot_power_ratio_MxSpd": 0.460788667, "Power_MFD": 1255.9104, "Power_MxSpd": 2549.59863, "Speed_MFD": 25.0}