{"Interferences": 2, "Mass": 4.171921141254071, "Batt_amps_ratio_MFD": 0.188959226, "Batt_amps_ratio_MxSpd": 0.292946517, "Distance_MxSpd": 2808.89868, "Max_Distance": 3919.21289, "Hover_Time": 0.0, "Max_Speed": 10.0, "Max_uc_at_MFD": 0.960400224, "Mot_amps_ratio_MFD": 0.711385965, "Mot_amps_ratio_MxSpd": 0.991400182, "Mot_power_ratio_MFD": 0.631710768, "Mot_power_ratio_MxSpd": 0.880363345, "Power_MFD": 382.441284, "Power_MxSpd": 660.074158, "Speed_MFD": 9.0}