{"Interferences": 15, "Mass": 3.450891318201269, "Batt_amps_ratio_MFD": 0.555254281, "Batt_amps_ratio_MxSpd": 0.646629274, "Distance_MxSpd": 1365.85217, "Max_Distance": 1383.15002, "Hover_Time": 93.8805389, "Max_Speed": 23.0, "Max_uc_at_MFD": 0.99992907, "Mot_amps_ratio_MFD": 0.57218194, "Mot_amps_ratio_MxSpd": 0.52782768, "Mot_power_ratio_MFD": 0.282276422, "Mot_power_ratio_MxSpd": 0.26039499, "Power_MFD": 706.255676, "Power_MxSpd": 870.084778, "Speed_MFD": 20.0}