{"Interferences": 17, "Mass": 6.392398259760771, "Batt_amps_ratio_MFD": 0.317931265, "Batt_amps_ratio_MxSpd": 0.317931265, "Distance_MxSpd": 10145.5898, "Max_Distance": 10145.5898, "Hover_Time": 0.0, "Max_Speed": 28.0, "Max_uc_at_MFD": 0.982966542, "Mot_amps_ratio_MFD": 0.872369051, "Mot_amps_ratio_MxSpd": 0.872369051, "Mot_power_ratio_MFD": 0.548720121, "Mot_power_ratio_MxSpd": 0.548720121, "Power_MFD": 1791.73035, "Power_MxSpd": 1791.73035, "Speed_MFD": 28.0}