{"Interferences": 3, "Mass": 7.282442573919114, "Batt_amps_ratio_MFD": 1.6940459, "Batt_amps_ratio_MxSpd": 1.6940459, "Distance_MxSpd": 816.034607, "Max_Distance": 816.034607, "Hover_Time": 0.0, "Max_Speed": 12.0, "Max_uc_at_MFD": 0.430362284, "Mot_amps_ratio_MFD": 0.939817429, "Mot_amps_ratio_MxSpd": 0.939817429, "Mot_power_ratio_MFD": 0.880293131, "Mot_power_ratio_MxSpd": 0.880293131, "Power_MFD": 2662.68579, "Power_MxSpd": 2662.68579, "Speed_MFD": 12.0}