{"Interferences": 13, "Mass": 4.016273619926546, "Batt_amps_ratio_MFD": 1.45747721, "Batt_amps_ratio_MxSpd": 1.52136743, "Distance_MxSpd": 731.973083, "Max_Distance": 737.713074, "Hover_Time": 42.0819855, "Max_Speed": 29.0, "Max_uc_at_MFD": 0.939320743, "Mot_amps_ratio_MFD": 0.55687803, "Mot_amps_ratio_MxSpd": 0.590489686, "Mot_power_ratio_MFD": 0.272706449, "Mot_power_ratio_MxSpd": 0.289166272, "Power_MFD": 1257.98682, "Power_MxSpd": 1368.95923, "Speed_MFD": 28.0}