{"Interferences": 31, "Mass": 5.451900390955426, "Batt_amps_ratio_MFD": 0.992428541, "Batt_amps_ratio_MxSpd": 1.26915812, "Distance_MxSpd": 1028.71338, "Max_Distance": 1083.40295, "Hover_Time": 57.5078773, "Max_Speed": 34.0, "Max_uc_at_MFD": 0.955829501, "Mot_amps_ratio_MFD": 0.609384477, "Mot_amps_ratio_MxSpd": 0.526449919, "Mot_power_ratio_MFD": 0.15243195, "Mot_power_ratio_MxSpd": 0.131686628, "Power_MFD": 1506.12122, "Power_MxSpd": 2136.22412, "Speed_MFD": 28.0}