{
  "generator_version":"UAV2_gen12",
  "name":"design_668_051103888417412296cf172907e68886_dw_dl",
  "hub":{
    "node_type":"ConnectedHub4_2_2",
    "frontSegment":{
      "node_type":"PropArm",
      "armLength":372.0595447754373,
      "motor":{
        "motorType":"t_motor_MN3520KV400"
      },
      "prop":{
        "propType":"apc_propellers_15x8E"
      },
      "flange":{
        "offset":18.309366612294085,
        "angle":0.0
      }
    },
    "rearSegment":{
      "node_type":"BranchSegment_Sym",
      "armLength":94.5614562746793,
      "angle":120.0,
      "mainSegment":{
        "node_type":"AngledWingArm",
        "arm1Length":244.9454706638383,
        "arm2Length":143.3551267954295,
        "wing":{
          "wingType":"Wing_horiz_hole",
          "nacaProfile":"4612",
          "span":1681.9648399506534,
          "chordInner":217.04507510593373,
          "chordOuter":128.79067813893982,
          "taperOffset":false,
          "aileronBias":0.42836637965400737,
          "flapBias":0.569720975421636,
          "load":683.5493096626499,
          "tubeOffset":85.12518889335928,
          "tubeRot":254.07676982979515
        },
        "servo":{
          "servoType":"Hitec_HS_5087MH"
        }
      }
    }
  },
  "fuselageWithComponents":{
    "node_type":"DualBatteryFuselageWithComponents",
    "battery":{
      "batteryType":"Tattu25C23000mAh6S1PHV"
    },
    "fuselage":{
      "length":421.0,
      "vertDiameter":139.5,
      "horzDiameter":384.9,
      "floorHeight":23.25,
      "battery1X":-105.25,
      "battery1Y":6.0,
      "battery2X":106.25,
      "battery2Y":6.0,
      "rpmX":0.0,
      "rpmY":-118.3,
      "autoPilotX":0.0,
      "autoPilotY":62.0,
      "currentX":0.0,
      "currentY":-98.15,
      "voltageX":0.0,
      "voltageY":115.8,
      "gpsX":0.0,
      "gpsY":-58.0,
      "varioX":0.0,
      "varioY":94.15
    }
  }
}