{"Interferences": 25, "Mass": 4.258189037671892, "Batt_amps_ratio_MFD": 0.287206978, "Batt_amps_ratio_MxSpd": 0.287206978, "Distance_MxSpd": 13370.1484, "Max_Distance": 13370.1484, "Hover_Time": 822.609131, "Max_Speed": 20.0, "Max_uc_at_MFD": 0.984351218, "Mot_amps_ratio_MFD": 0.905872166, "Mot_amps_ratio_MxSpd": 0.905872166, "Mot_power_ratio_MFD": 0.744828224, "Mot_power_ratio_MxSpd": 0.744828224, "Power_MFD": 888.765808, "Power_MxSpd": 888.765808, "Speed_MFD": 20.0}