{"Interferences": 66, "Mass": 4.939205887265251, "Batt_amps_ratio_MFD": 0.529539049, "Batt_amps_ratio_MxSpd": 0.83026123, "Distance_MxSpd": 1896.27063, "Max_Distance": 2247.99292, "Hover_Time": 122.648178, "Max_Speed": 41.0, "Max_uc_at_MFD": 0.918698609, "Mot_amps_ratio_MFD": 0.887932718, "Mot_amps_ratio_MxSpd": 0.803175926, "Mot_power_ratio_MFD": 0.579767823, "Mot_power_ratio_MxSpd": 0.524426639, "Power_MFD": 1825.6947, "Power_MxSpd": 3428.89331, "Speed_MFD": 31.0}