{"Interferences": 2, "Mass": 4.40166213003041, "Batt_amps_ratio_MFD": 1.43633962, "Batt_amps_ratio_MxSpd": 2.17706299, "Distance_MxSpd": 617.34552, "Max_Distance": 695.10022, "Hover_Time": 41.4185524, "Max_Speed": 35.0, "Max_uc_at_MFD": 0.968563855, "Mot_amps_ratio_MFD": 0.691389561, "Mot_amps_ratio_MxSpd": 0.497465044, "Mot_power_ratio_MFD": 0.341085523, "Mot_power_ratio_MxSpd": 0.24541609, "Power_MFD": 1388.55835, "Power_MxSpd": 2473.9292, "Speed_MFD": 26.0}