{"Interferences": 22, "Mass": 3.577128574537768, "Batt_amps_ratio_MFD": 0.672508836, "Batt_amps_ratio_MxSpd": 0.672508836, "Distance_MxSpd": 342.597748, "Max_Distance": 342.597748, "Hover_Time": 0.0, "Max_Speed": 6.0, "Max_uc_at_MFD": 0.826050937, "Mot_amps_ratio_MFD": 0.836998045, "Mot_amps_ratio_MxSpd": 0.836998045, "Mot_power_ratio_MFD": 0.62788111, "Mot_power_ratio_MxSpd": 0.62788111, "Power_MFD": 579.682007, "Power_MxSpd": 579.682007, "Speed_MFD": 6.0}