{"Interferences": 8, "Mass": 4.449833897297522, "Batt_amps_ratio_MFD": 0.991872668, "Batt_amps_ratio_MxSpd": 1.47121048, "Distance_MxSpd": 913.533447, "Max_Distance": 1045.29553, "Hover_Time": 65.2276535, "Max_Speed": 35.0, "Max_uc_at_MFD": 0.919740498, "Mot_amps_ratio_MFD": 0.651843607, "Mot_amps_ratio_MxSpd": 0.517294466, "Mot_power_ratio_MFD": 0.307507217, "Mot_power_ratio_MxSpd": 0.244033679, "Power_MFD": 1445.30969, "Power_MxSpd": 2594.79517, "Speed_MFD": 27.0}