{"Interferences": 6, "Mass": 3.5781289593705354, "Batt_amps_ratio_MFD": 1.00347757, "Batt_amps_ratio_MxSpd": 1.73296881, "Distance_MxSpd": 709.072205, "Max_Distance": 803.605469, "Hover_Time": 48.4801636, "Max_Speed": 32.0, "Max_uc_at_MFD": 0.626988053, "Mot_amps_ratio_MFD": 0.421812087, "Mot_amps_ratio_MxSpd": 0.686386883, "Mot_power_ratio_MFD": 0.312140942, "Mot_power_ratio_MxSpd": 0.507926285, "Power_MFD": 808.076111, "Power_MxSpd": 2247.87451, "Speed_MFD": 21.0}