{"Interferences": 58, "Mass": 7.167407756724777, "Batt_amps_ratio_MFD": 0.93275243, "Batt_amps_ratio_MxSpd": 1.27254593, "Distance_MxSpd": 3711.61475, "Max_Distance": 4075.67969, "Hover_Time": 168.167664, "Max_Speed": 41.0, "Max_uc_at_MFD": 0.837937355, "Mot_amps_ratio_MFD": 0.533772111, "Mot_amps_ratio_MxSpd": 0.644390583, "Mot_power_ratio_MFD": 0.177904949, "Mot_power_ratio_MxSpd": 0.214773834, "Power_MFD": 2625.99268, "Power_MxSpd": 4265.42383, "Speed_MFD": 33.0}