{"Interferences": 3, "Mass": 3.369585998442066, "Batt_amps_ratio_MFD": 1.05309331, "Batt_amps_ratio_MxSpd": 1.3442992, "Distance_MxSpd": 828.387024, "Max_Distance": 875.136169, "Hover_Time": 58.8359642, "Max_Speed": 29.0, "Max_uc_at_MFD": 0.647264183, "Mot_amps_ratio_MFD": 0.778111637, "Mot_amps_ratio_MxSpd": 0.992832184, "Mot_power_ratio_MFD": 0.575802624, "Mot_power_ratio_MxSpd": 0.734695792, "Power_MFD": 994.47937, "Power_MxSpd": 1549.21826, "Speed_MFD": 24.0}