{"Interferences": 39, "Mass": 7.508953341068375, "Batt_amps_ratio_MFD": 0.350413978, "Batt_amps_ratio_MxSpd": 0.413195193, "Distance_MxSpd": 3066.83154, "Max_Distance": 3287.54004, "Hover_Time": 127.567299, "Max_Speed": 33.0, "Max_uc_at_MFD": 0.992779672, "Mot_amps_ratio_MFD": 0.996536136, "Mot_amps_ratio_MxSpd": 0.948955417, "Mot_power_ratio_MFD": 0.921795905, "Mot_power_ratio_MxSpd": 0.877783716, "Power_MFD": 2543.94629, "Power_MxSpd": 3211.4502, "Speed_MFD": 30.0}