{"Interferences": 2, "Mass": 6.8477497481788205, "Batt_amps_ratio_MFD": 1.26710868, "Batt_amps_ratio_MxSpd": 1.26710868, "Distance_MxSpd": 2727.46924, "Max_Distance": 2727.46924, "Hover_Time": 119.395607, "Max_Speed": 30.0, "Max_uc_at_MFD": 0.673683405, "Mot_amps_ratio_MFD": 0.892079055, "Mot_amps_ratio_MxSpd": 0.892079055, "Mot_power_ratio_MFD": 0.670294464, "Mot_power_ratio_MxSpd": 0.670294464, "Power_MFD": 3279.91284, "Power_MxSpd": 3279.91284, "Speed_MFD": 30.0}