{"Interferences": 26, "Mass": 6.923402565809166, "Batt_amps_ratio_MFD": 1.04820025, "Batt_amps_ratio_MxSpd": 1.19981873, "Distance_MxSpd": 640.096741, "Max_Distance": 659.416016, "Hover_Time": 35.9482574, "Max_Speed": 20.0, "Max_uc_at_MFD": 0.999595761, "Mot_amps_ratio_MFD": 0.573686957, "Mot_amps_ratio_MxSpd": 0.561158359, "Mot_power_ratio_MFD": 0.286843479, "Mot_power_ratio_MxSpd": 0.28057918, "Power_MFD": 1261.02014, "Power_MxSpd": 1559.2168, "Speed_MFD": 18.0}