{"Interferences": 16, "Mass": 4.248525161616686, "Batt_amps_ratio_MFD": 0.324278474, "Batt_amps_ratio_MxSpd": 0.324278474, "Distance_MxSpd": 1776.2511, "Max_Distance": 1776.2511, "Hover_Time": 126.575813, "Max_Speed": 15.0, "Max_uc_at_MFD": 0.999997914, "Mot_amps_ratio_MFD": 0.532191634, "Mot_amps_ratio_MxSpd": 0.532191634, "Mot_power_ratio_MFD": 0.25106141, "Mot_power_ratio_MxSpd": 0.25106141, "Power_MFD": 1202.64026, "Power_MxSpd": 1202.64026, "Speed_MFD": 15.0}