{"Interferences": 21, "Mass": 4.350416589876022, "Batt_amps_ratio_MFD": 1.34356928, "Batt_amps_ratio_MxSpd": 1.72497678, "Distance_MxSpd": 667.835083, "Max_Distance": 743.095276, "Hover_Time": 47.2909241, "Max_Speed": 30.0, "Max_uc_at_MFD": 0.563089252, "Mot_amps_ratio_MFD": 0.995731592, "Mot_amps_ratio_MxSpd": 0.722029209, "Mot_power_ratio_MFD": 0.74817735, "Mot_power_ratio_MxSpd": 0.542521656, "Power_MFD": 1274.47546, "Power_MxSpd": 1721.24878, "Speed_MFD": 26.0}