{"Interferences": 1, "Mass": 7.908890009835708, "Batt_amps_ratio_MFD": 0.370606542, "Batt_amps_ratio_MxSpd": 0.617407858, "Distance_MxSpd": 2674.40723, "Max_Distance": 3212.03174, "Hover_Time": 151.096512, "Max_Speed": 43.0, "Max_uc_at_MFD": 0.802742541, "Mot_amps_ratio_MFD": 0.566736817, "Mot_amps_ratio_MxSpd": 0.705574572, "Mot_power_ratio_MFD": 0.524231553, "Mot_power_ratio_MxSpd": 0.652656496, "Power_MFD": 2735.73096, "Power_MxSpd": 5818.66455, "Speed_MFD": 31.0}