{"Interferences": 4, "Mass": 26.652830203596125, "Batt_amps_ratio_MFD": 1.06277013, "Batt_amps_ratio_MxSpd": 1.06277013, "Distance_MxSpd": 4986.21484, "Max_Distance": 4986.21484, "Hover_Time": 149.198318, "Max_Speed": 46.0, "Max_uc_at_MFD": 0.531332314, "Mot_amps_ratio_MFD": 0.8384161, "Mot_amps_ratio_MxSpd": 0.8384161, "Mot_power_ratio_MFD": 0.83817637, "Mot_power_ratio_MxSpd": 0.83817637, "Power_MFD": 12282.2744, "Power_MxSpd": 12282.2744, "Speed_MFD": 46.0}