{"Interferences": 2, "Mass": 4.4376557080558685, "Batt_amps_ratio_MFD": 0.445247352, "Batt_amps_ratio_MxSpd": 0.445247352, "Distance_MxSpd": 1897.37231, "Max_Distance": 1897.37231, "Hover_Time": 84.0563354, "Max_Speed": 22.0, "Max_uc_at_MFD": 0.99517405, "Mot_amps_ratio_MFD": 0.995916843, "Mot_amps_ratio_MxSpd": 0.995916843, "Mot_power_ratio_MFD": 0.499646395, "Mot_power_ratio_MxSpd": 0.499646395, "Power_MFD": 1225.91492, "Power_MxSpd": 1225.91492, "Speed_MFD": 22.0}