{"Interferences": 36, "Mass": 4.218953308838332, "Batt_amps_ratio_MFD": 1.22661471, "Batt_amps_ratio_MxSpd": 1.22661471, "Distance_MxSpd": 751.336182, "Max_Distance": 751.336182, "Hover_Time": 48.3083496, "Max_Speed": 24.0, "Max_uc_at_MFD": 1.0, "Mot_amps_ratio_MFD": 0.449472249, "Mot_amps_ratio_MxSpd": 0.449472249, "Mot_power_ratio_MFD": 0.169123456, "Mot_power_ratio_MxSpd": 0.169123456, "Power_MFD": 942.883545, "Power_MxSpd": 942.883545, "Speed_MFD": 24.0}