{"Interferences": 39, "Mass": 11.856458799164256, "Batt_amps_ratio_MFD": 1.70048714, "Batt_amps_ratio_MxSpd": 1.70048714, "Distance_MxSpd": 1016.17938, "Max_Distance": 1016.17938, "Hover_Time": 0.0, "Max_Speed": 15.0, "Max_uc_at_MFD": 0.55782783, "Mot_amps_ratio_MFD": 0.912157416, "Mot_amps_ratio_MxSpd": 0.912157416, "Mot_power_ratio_MFD": 0.899995327, "Mot_power_ratio_MxSpd": 0.899995327, "Power_MFD": 3312.34009, "Power_MxSpd": 3312.34009, "Speed_MFD": 15.0}