{"Interferences": 19, "Mass": 4.688563952009544, "Batt_amps_ratio_MFD": 0.368124068, "Batt_amps_ratio_MxSpd": 0.368124068, "Distance_MxSpd": 1877.62781, "Max_Distance": 1877.62781, "Hover_Time": 132.538971, "Max_Speed": 18.0, "Max_uc_at_MFD": 0.621487498, "Mot_amps_ratio_MFD": 0.59281826, "Mot_amps_ratio_MxSpd": 0.59281826, "Mot_power_ratio_MFD": 0.594081938, "Mot_power_ratio_MxSpd": 0.594081938, "Power_MFD": 1057.87061, "Power_MxSpd": 1057.87061, "Speed_MFD": 18.0}