{"Interferences": 30, "Mass": 3.559833834978269, "Batt_amps_ratio_MFD": 0.911274672, "Batt_amps_ratio_MxSpd": 0.911274672, "Distance_MxSpd": 1179.88574, "Max_Distance": 1179.88574, "Hover_Time": 66.4771194, "Max_Speed": 28.0, "Max_uc_at_MFD": 0.977326393, "Mot_amps_ratio_MFD": 0.344196945, "Mot_amps_ratio_MxSpd": 0.344196945, "Mot_power_ratio_MFD": 0.165544584, "Mot_power_ratio_MxSpd": 0.165544584, "Power_MFD": 1159.66577, "Power_MxSpd": 1159.66577, "Speed_MFD": 28.0}