{"Interferences": 43, "Mass": 2.8736222013272217, "Batt_amps_ratio_MFD": 0.517675638, "Batt_amps_ratio_MxSpd": 0.517675638, "Distance_MxSpd": 1557.73218, "Max_Distance": 1557.73218, "Hover_Time": 105.975777, "Max_Speed": 21.0, "Max_uc_at_MFD": 1.0, "Mot_amps_ratio_MFD": 0.482927591, "Mot_amps_ratio_MxSpd": 0.482927591, "Mot_power_ratio_MFD": 0.23824428, "Mot_power_ratio_MxSpd": 0.23824428, "Power_MFD": 677.172485, "Power_MxSpd": 677.172485, "Speed_MFD": 21.0}