{"Interferences": 23, "Mass": 10.620532077698606, "Batt_amps_ratio_MFD": 3.51557708, "Batt_amps_ratio_MxSpd": 3.51557708, "Distance_MxSpd": 185.687866, "Max_Distance": 185.687866, "Hover_Time": 14.0338125, "Max_Speed": 17.0, "Max_uc_at_MFD": 0.663558125, "Mot_amps_ratio_MFD": 0.920756042, "Mot_amps_ratio_MxSpd": 0.920756042, "Mot_power_ratio_MFD": 0.868733346, "Mot_power_ratio_MxSpd": 0.868733346, "Power_MFD": 3220.89771, "Power_MxSpd": 3220.89771, "Speed_MFD": 17.0}