{"Interferences": 10, "Mass": 3.2700938209886554, "Batt_amps_ratio_MFD": 0.861073434, "Batt_amps_ratio_MxSpd": 0.861073434, "Distance_MxSpd": 89.1909943, "Max_Distance": 89.1909943, "Hover_Time": 44.5293427, "Max_Speed": 2.0, "Max_uc_at_MFD": 0.374163657, "Mot_amps_ratio_MFD": 0.3304196, "Mot_amps_ratio_MxSpd": 0.3304196, "Mot_power_ratio_MFD": 0.311750889, "Mot_power_ratio_MxSpd": 0.311750889, "Power_MFD": 492.789642, "Power_MxSpd": 492.789642, "Speed_MFD": 2.0}