{"Interferences": 11, "Mass": 7.102901167263532, "Batt_amps_ratio_MFD": 0.326713562, "Batt_amps_ratio_MxSpd": 0.326713562, "Distance_MxSpd": 3408.49023, "Max_Distance": 3408.49023, "Hover_Time": 174.42305, "Max_Speed": 29.0, "Max_uc_at_MFD": 0.716235399, "Mot_amps_ratio_MFD": 0.957925081, "Mot_amps_ratio_MxSpd": 0.957925081, "Mot_power_ratio_MFD": 0.718955159, "Mot_power_ratio_MxSpd": 0.718955159, "Power_MFD": 2151.87305, "Power_MxSpd": 2151.87305, "Speed_MFD": 29.0}