{"Interferences": 26, "Mass": 3.4001205289796785, "Batt_amps_ratio_MFD": 0.255475432, "Batt_amps_ratio_MxSpd": 0.255475432, "Distance_MxSpd": 3607.39209, "Max_Distance": 3607.39209, "Hover_Time": 0.0, "Max_Speed": 24.0, "Max_uc_at_MFD": 0.930395663, "Mot_amps_ratio_MFD": 0.978931725, "Mot_amps_ratio_MxSpd": 0.978931725, "Mot_power_ratio_MFD": 0.482939661, "Mot_power_ratio_MxSpd": 0.482939661, "Power_MFD": 895.726135, "Power_MxSpd": 895.726135, "Speed_MFD": 24.0}