{"Interferences": 15, "Mass": 6.554681034391282, "Batt_amps_ratio_MFD": 0.524247766, "Batt_amps_ratio_MxSpd": 0.524247766, "Distance_MxSpd": 4394.86865, "Max_Distance": 4394.86865, "Hover_Time": 268.747345, "Max_Speed": 24.0, "Max_uc_at_MFD": 0.82659477, "Mot_amps_ratio_MFD": 0.786130786, "Mot_amps_ratio_MxSpd": 0.786130786, "Mot_power_ratio_MFD": 0.727171004, "Mot_power_ratio_MxSpd": 0.727171004, "Power_MFD": 2668.41211, "Power_MxSpd": 2668.41211, "Speed_MFD": 24.0}