{"Interferences": 43, "Mass": 3.620670297765752, "Batt_amps_ratio_MFD": 0.293065965, "Batt_amps_ratio_MxSpd": 0.293065965, "Distance_MxSpd": 2620.57056, "Max_Distance": 2620.57056, "Hover_Time": 175.566711, "Max_Speed": 20.0, "Max_uc_at_MFD": 0.98921448, "Mot_amps_ratio_MFD": 0.247199163, "Mot_amps_ratio_MxSpd": 0.247199163, "Mot_power_ratio_MFD": 0.123687558, "Mot_power_ratio_MxSpd": 0.123687558, "Power_MFD": 651.124268, "Power_MxSpd": 651.124268, "Speed_MFD": 20.0}