{"Interferences": 14, "Mass": 7.105715931426924, "Batt_amps_ratio_MFD": 0.425113291, "Batt_amps_ratio_MxSpd": 0.564768255, "Distance_MxSpd": 4079.54932, "Max_Distance": 4335.78516, "Hover_Time": 0.0, "Max_Speed": 20.0, "Max_uc_at_MFD": 0.95753032, "Mot_amps_ratio_MFD": 0.476580858, "Mot_amps_ratio_MxSpd": 0.658235967, "Mot_power_ratio_MFD": 0.449654043, "Mot_power_ratio_MxSpd": 0.621045649, "Power_MFD": 948.22937, "Power_MxSpd": 1519.49243, "Speed_MFD": 16.0}