{"Interferences": 7, "Mass": 4.877559574287536, "Batt_amps_ratio_MFD": 0.672967672, "Batt_amps_ratio_MxSpd": 1.36751318, "Distance_MxSpd": 3790.82251, "Max_Distance": 4793.09766, "Hover_Time": 271.832886, "Max_Speed": 45.0, "Max_uc_at_MFD": 0.54405582, "Mot_amps_ratio_MFD": 0.465208888, "Mot_amps_ratio_MxSpd": 0.996892631, "Mot_power_ratio_MFD": 0.430318207, "Mot_power_ratio_MxSpd": 0.922125697, "Power_MFD": 1433.24976, "Power_MxSpd": 5048.91846, "Speed_MFD": 28.0}