{"Interferences": 20, "Mass": 6.261471454218014, "Batt_amps_ratio_MFD": 0.435760051, "Batt_amps_ratio_MxSpd": 0.435760051, "Distance_MxSpd": 2643.65674, "Max_Distance": 2643.65674, "Hover_Time": 0.0, "Max_Speed": 10.0, "Max_uc_at_MFD": 0.593306363, "Mot_amps_ratio_MFD": 0.914979398, "Mot_amps_ratio_MxSpd": 0.914979398, "Mot_power_ratio_MFD": 0.677084744, "Mot_power_ratio_MxSpd": 0.677084744, "Power_MFD": 1001.98108, "Power_MxSpd": 1001.98108, "Speed_MFD": 10.0}