{"Interferences": 17, "Mass": 6.369432384310447, "Batt_amps_ratio_MFD": 0.423133403, "Batt_amps_ratio_MxSpd": 0.662715912, "Distance_MxSpd": 2781.28223, "Max_Distance": 3539.30933, "Hover_Time": 0.0, "Max_Speed": 16.0, "Max_uc_at_MFD": 0.880455673, "Mot_amps_ratio_MFD": 0.66673094, "Mot_amps_ratio_MxSpd": 0.628259242, "Mot_power_ratio_MFD": 0.500404119, "Mot_power_ratio_MxSpd": 0.468396932, "Power_MFD": 1217.69775, "Power_MxSpd": 2046.34705, "Speed_MFD": 13.0}