{"Interferences": 22, "Mass": 3.5773723758252145, "Batt_amps_ratio_MFD": 1.40346742, "Batt_amps_ratio_MxSpd": 3.2786994, "Distance_MxSpd": 562.174133, "Max_Distance": 711.380981, "Hover_Time": 36.5099869, "Max_Speed": 48.0, "Max_uc_at_MFD": 0.415573955, "Mot_amps_ratio_MFD": 0.384483635, "Mot_amps_ratio_MxSpd": 0.975187123, "Mot_power_ratio_MFD": 0.384875119, "Mot_power_ratio_MxSpd": 0.977265894, "Power_MFD": 934.654419, "Power_MxSpd": 4320.625, "Speed_MFD": 26.0}