{"Interferences": 6, "Mass": 4.857269349921592, "Batt_amps_ratio_MFD": 0.881787658, "Batt_amps_ratio_MxSpd": 0.881787658, "Distance_MxSpd": 870.958008, "Max_Distance": 870.958008, "Hover_Time": 50.3855019, "Max_Speed": 20.0, "Max_uc_at_MFD": 0.999999762, "Mot_amps_ratio_MFD": 0.177062094, "Mot_amps_ratio_MxSpd": 0.177062094, "Mot_power_ratio_MFD": 0.0379310288, "Mot_power_ratio_MxSpd": 0.0379310288, "Power_MFD": 882.134949, "Power_MxSpd": 882.134949, "Speed_MFD": 20.0}