{"Interferences": 73, "Mass": 4.106724172219208, "Batt_amps_ratio_MFD": 0.685153782, "Batt_amps_ratio_MxSpd": 0.72189039, "Distance_MxSpd": 1542.61646, "Max_Distance": 1569.28271, "Hover_Time": 87.4822998, "Max_Speed": 29.0, "Max_uc_at_MFD": 0.948071301, "Mot_amps_ratio_MFD": 0.64481461, "Mot_amps_ratio_MxSpd": 0.658554137, "Mot_power_ratio_MFD": 0.242251888, "Mot_power_ratio_MxSpd": 0.247413725, "Power_MFD": 1129.80969, "Power_MxSpd": 1216.99622, "Speed_MFD": 28.0}