{"Interferences": 26, "Mass": 5.456931501642309, "Batt_amps_ratio_MFD": 0.571881711, "Batt_amps_ratio_MxSpd": 0.571881711, "Distance_MxSpd": 268.587036, "Max_Distance": 268.587036, "Hover_Time": 0.0, "Max_Speed": 4.0, "Max_uc_at_MFD": 0.995820582, "Mot_amps_ratio_MFD": 0.544387281, "Mot_amps_ratio_MxSpd": 0.544387281, "Mot_power_ratio_MFD": 0.363294363, "Mot_power_ratio_MxSpd": 0.363294363, "Power_MFD": 1156.99475, "Power_MxSpd": 1156.99475, "Speed_MFD": 4.0}