{"Interferences": 33, "Mass": 7.063276546832478, "Batt_amps_ratio_MFD": 1.42577064, "Batt_amps_ratio_MxSpd": 1.84115064, "Distance_MxSpd": 291.991333, "Max_Distance": 323.193634, "Hover_Time": 12.4384756, "Max_Speed": 14.0, "Max_uc_at_MFD": 0.998815298, "Mot_amps_ratio_MFD": 0.600107074, "Mot_amps_ratio_MxSpd": 0.575903296, "Mot_power_ratio_MFD": 0.283100516, "Mot_power_ratio_MxSpd": 0.271682382, "Power_MFD": 1316.26868, "Power_MxSpd": 1723.88269, "Speed_MFD": 12.0}