{"Interferences": 4, "Mass": 6.792013961765703, "Batt_amps_ratio_MFD": 0.442413032, "Batt_amps_ratio_MxSpd": 0.527046621, "Distance_MxSpd": 5828.70605, "Max_Distance": 6509.75391, "Hover_Time": 304.005524, "Max_Speed": 32.0, "Max_uc_at_MFD": 0.840209842, "Mot_amps_ratio_MFD": 0.610232294, "Mot_amps_ratio_MxSpd": 0.862407088, "Mot_power_ratio_MFD": 0.454956979, "Mot_power_ratio_MxSpd": 0.642965198, "Power_MFD": 3314.3938, "Power_MxSpd": 4185.05713, "Speed_MFD": 30.0}