{"Interferences": 63, "Mass": 7.302621352003098, "Batt_amps_ratio_MFD": 1.7197566, "Batt_amps_ratio_MxSpd": 1.7197566, "Distance_MxSpd": 223.287415, "Max_Distance": 223.287415, "Hover_Time": 0.0, "Max_Speed": 10.0, "Max_uc_at_MFD": 0.956386447, "Mot_amps_ratio_MFD": 0.964253366, "Mot_amps_ratio_MxSpd": 0.964253366, "Mot_power_ratio_MFD": 0.570837975, "Mot_power_ratio_MxSpd": 0.570837975, "Power_MFD": 2061.70093, "Power_MxSpd": 2061.70093, "Speed_MFD": 10.0}