{"Interferences": 0, "Mass": 8.963202278546811, "Batt_amps_ratio_MFD": 0.215914726, "Batt_amps_ratio_MxSpd": 0.215914726, "Distance_MxSpd": 18674.0391, "Max_Distance": 18674.0391, "Hover_Time": 0.0, "Max_Speed": 35.0, "Max_uc_at_MFD": 0.977361143, "Mot_amps_ratio_MFD": 0.570431173, "Mot_amps_ratio_MxSpd": 0.570431173, "Mot_power_ratio_MFD": 0.285185009, "Mot_power_ratio_MxSpd": 0.285185009, "Power_MFD": 3234.01514, "Power_MxSpd": 3234.01514, "Speed_MFD": 35.0}