{"Interferences": 4, "Mass": 14.860902659672808, "Batt_amps_ratio_MFD": 0.721114218, "Batt_amps_ratio_MxSpd": 1.19150937, "Distance_MxSpd": 4447.46826, "Max_Distance": 6549.86426, "Hover_Time": 136.773987, "Max_Speed": 46.0, "Max_uc_at_MFD": 0.986316621, "Mot_amps_ratio_MFD": 0.939200103, "Mot_amps_ratio_MxSpd": 0.903521359, "Mot_power_ratio_MFD": 0.402399242, "Mot_power_ratio_MxSpd": 0.387112737, "Power_MFD": 9719.22266, "Power_MxSpd": 15874.3174, "Speed_MFD": 41.0}