{"Interferences": 8, "Mass": 3.000438660643084, "Batt_amps_ratio_MFD": 0.353574455, "Batt_amps_ratio_MxSpd": 0.353574455, "Distance_MxSpd": 2172.10254, "Max_Distance": 2172.10254, "Hover_Time": 152.799332, "Max_Speed": 20.0, "Max_uc_at_MFD": 0.99999994, "Mot_amps_ratio_MFD": 0.450539261, "Mot_amps_ratio_MxSpd": 0.450539261, "Mot_power_ratio_MFD": 0.166699529, "Mot_power_ratio_MxSpd": 0.166699529, "Power_MFD": 623.572388, "Power_MxSpd": 623.572388, "Speed_MFD": 20.0}