{"Interferences": 19, "Mass": 10.556982454926937, "Batt_amps_ratio_MFD": 0.450180799, "Batt_amps_ratio_MxSpd": 0.450180799, "Distance_MxSpd": 3198.71484, "Max_Distance": 3198.71484, "Hover_Time": 0.0, "Max_Speed": 15.0, "Max_uc_at_MFD": 0.685054839, "Mot_amps_ratio_MFD": 0.988769114, "Mot_amps_ratio_MxSpd": 0.988769114, "Mot_power_ratio_MFD": 0.990876853, "Mot_power_ratio_MxSpd": 0.990876853, "Power_MFD": 3528.56982, "Power_MxSpd": 3528.56982, "Speed_MFD": 15.0}