{"Interferences": 3, "Mass": 4.511957737953997, "Batt_amps_ratio_MFD": 3.1052053, "Batt_amps_ratio_MxSpd": 3.1052053, "Distance_MxSpd": 148.395981, "Max_Distance": 148.395981, "Hover_Time": 12.4374323, "Max_Speed": 12.0, "Max_uc_at_MFD": 0.879254818, "Mot_amps_ratio_MFD": 0.999094248, "Mot_amps_ratio_MxSpd": 0.999094248, "Mot_power_ratio_MFD": 0.970370293, "Mot_power_ratio_MxSpd": 0.970370293, "Power_MFD": 3316.08203, "Power_MxSpd": 3316.08203, "Speed_MFD": 12.0}