{"Interferences": 28, "Mass": 6.491585894161688, "Batt_amps_ratio_MFD": 2.5480597, "Batt_amps_ratio_MxSpd": 2.5480597, "Distance_MxSpd": 406.897858, "Max_Distance": 406.897858, "Hover_Time": 17.0695419, "Max_Speed": 27.0, "Max_uc_at_MFD": 0.653121054, "Mot_amps_ratio_MFD": 0.633139014, "Mot_amps_ratio_MxSpd": 0.633139014, "Mot_power_ratio_MFD": 0.585653603, "Mot_power_ratio_MxSpd": 0.585653603, "Power_MFD": 1900.04065, "Power_MxSpd": 1900.04065, "Speed_MFD": 27.0}