{"Interferences": 6, "Mass": 5.214255638700727, "Batt_amps_ratio_MFD": 0.719166458, "Batt_amps_ratio_MxSpd": 0.818686426, "Distance_MxSpd": 1547.84546, "Max_Distance": 1655.24963, "Hover_Time": 69.4679337, "Max_Speed": 33.0, "Max_uc_at_MFD": 0.964418232, "Mot_amps_ratio_MFD": 0.870577395, "Mot_amps_ratio_MxSpd": 0.807221055, "Mot_power_ratio_MFD": 0.410694897, "Mot_power_ratio_MxSpd": 0.380806535, "Power_MFD": 1958.39648, "Power_MxSpd": 2333.94995, "Speed_MFD": 31.0}