{"Interferences": 16, "Mass": 5.831062413868858, "Batt_amps_ratio_MFD": 0.486218721, "Batt_amps_ratio_MxSpd": 0.821301222, "Distance_MxSpd": 4909.28271, "Max_Distance": 5449.39941, "Hover_Time": 306.432129, "Max_Speed": 35.0, "Max_uc_at_MFD": 0.677359641, "Mot_amps_ratio_MFD": 0.85832566, "Mot_amps_ratio_MxSpd": 0.967530608, "Mot_power_ratio_MFD": 0.64374423, "Mot_power_ratio_MxSpd": 0.725647986, "Power_MFD": 1403.86792, "Power_MxSpd": 3145.70532, "Speed_MFD": 23.0}