{"Interferences": 6, "Mass": 6.738073845016544, "Batt_amps_ratio_MFD": 1.24121642, "Batt_amps_ratio_MxSpd": 1.87164545, "Distance_MxSpd": 2400.45459, "Max_Distance": 2598.74097, "Hover_Time": 106.955856, "Max_Speed": 39.0, "Max_uc_at_MFD": 0.46649462, "Mot_amps_ratio_MFD": 0.8948704, "Mot_amps_ratio_MxSpd": 0.972913206, "Mot_power_ratio_MFD": 0.844310224, "Mot_power_ratio_MxSpd": 0.917943597, "Power_MFD": 1950.03589, "Power_MxSpd": 3587.31104, "Speed_MFD": 28.0}