{"Interferences": 1, "Mass": 11.419784443078566, "Batt_amps_ratio_MFD": 0.551139832, "Batt_amps_ratio_MxSpd": 0.551139832, "Distance_MxSpd": 5573.90283, "Max_Distance": 5573.90283, "Hover_Time": 219.245926, "Max_Speed": 32.0, "Max_uc_at_MFD": 0.560419619, "Mot_amps_ratio_MFD": 0.924112022, "Mot_amps_ratio_MxSpd": 0.924112022, "Mot_power_ratio_MFD": 0.905086219, "Mot_power_ratio_MxSpd": 0.905086219, "Power_MFD": 4183.21826, "Power_MxSpd": 4183.21826, "Speed_MFD": 32.0}