{"Interferences": 8, "Mass": 7.758245145463635, "Batt_amps_ratio_MFD": 1.00005174, "Batt_amps_ratio_MxSpd": 1.00005174, "Distance_MxSpd": 307.184082, "Max_Distance": 307.184082, "Hover_Time": 0.0, "Max_Speed": 8.0, "Max_uc_at_MFD": 0.999055982, "Mot_amps_ratio_MFD": 0.67928046, "Mot_amps_ratio_MxSpd": 0.67928046, "Mot_power_ratio_MFD": 0.453314722, "Mot_power_ratio_MxSpd": 0.453314722, "Power_MFD": 2072.71167, "Power_MxSpd": 2072.71167, "Speed_MFD": 8.0}