{"Interferences": 0, "Mass": 7.8420679096629105, "Batt_amps_ratio_MFD": 1.49574733, "Batt_amps_ratio_MxSpd": 1.49574733, "Distance_MxSpd": 2387.56909, "Max_Distance": 2387.56909, "Hover_Time": 86.7788849, "Max_Speed": 31.0, "Max_uc_at_MFD": 0.822786689, "Mot_amps_ratio_MFD": 0.974866986, "Mot_amps_ratio_MxSpd": 0.974866986, "Mot_power_ratio_MFD": 0.926123679, "Mot_power_ratio_MxSpd": 0.926123679, "Power_MFD": 6563.84521, "Power_MxSpd": 6563.84521, "Speed_MFD": 31.0}