{"Interferences": 6, "Mass": 4.8567681161797385, "Batt_amps_ratio_MFD": 1.11628091, "Batt_amps_ratio_MxSpd": 1.11628091, "Distance_MxSpd": 722.398865, "Max_Distance": 722.398865, "Hover_Time": 0.0, "Max_Speed": 21.0, "Max_uc_at_MFD": 0.984491289, "Mot_amps_ratio_MFD": 0.412858397, "Mot_amps_ratio_MxSpd": 0.412858397, "Mot_power_ratio_MFD": 0.19476594, "Mot_power_ratio_MxSpd": 0.19476594, "Power_MFD": 1103.6665, "Power_MxSpd": 1103.6665, "Speed_MFD": 21.0}