{"Interferences": 0, "Mass": 3.73182520674463, "Batt_amps_ratio_MFD": 0.149305955, "Batt_amps_ratio_MxSpd": 0.149305955, "Distance_MxSpd": 3343.47021, "Max_Distance": 3343.47021, "Hover_Time": 275.179077, "Max_Speed": 13.0, "Max_uc_at_MFD": 0.997846603, "Mot_amps_ratio_MFD": 0.207135826, "Mot_amps_ratio_MxSpd": 0.207135826, "Mot_power_ratio_MFD": 0.0977163315, "Mot_power_ratio_MxSpd": 0.0977163315, "Power_MFD": 606.824585, "Power_MxSpd": 606.824585, "Speed_MFD": 13.0}