{"Interferences": 2, "Mass": 3.270711852060738, "Batt_amps_ratio_MFD": 1.02885294, "Batt_amps_ratio_MxSpd": 1.34545279, "Distance_MxSpd": 913.298462, "Max_Distance": 933.077942, "Hover_Time": 61.3477325, "Max_Speed": 32.0, "Max_uc_at_MFD": 0.663439214, "Mot_amps_ratio_MFD": 0.303465933, "Mot_amps_ratio_MxSpd": 0.593191981, "Mot_power_ratio_MFD": 0.190880075, "Mot_power_ratio_MxSpd": 0.373117745, "Power_MFD": 954.381165, "Power_MxSpd": 1780.75525, "Speed_MFD": 25.0}