{"Interferences": 22, "Mass": 5.630767850321608, "Batt_amps_ratio_MFD": 0.689373136, "Batt_amps_ratio_MxSpd": 0.725176394, "Distance_MxSpd": 3744.50781, "Max_Distance": 3819.61914, "Hover_Time": 145.377243, "Max_Speed": 33.0, "Max_uc_at_MFD": 0.723973453, "Mot_amps_ratio_MFD": 0.960243642, "Mot_amps_ratio_MxSpd": 0.988038838, "Mot_power_ratio_MFD": 0.940473914, "Mot_power_ratio_MxSpd": 0.967696846, "Power_MFD": 2097.89575, "Power_MxSpd": 2280.06738, "Speed_MFD": 32.0}