{"Interferences": 0, "Mass": 9.963676463919311, "Batt_amps_ratio_MFD": 0.256105304, "Batt_amps_ratio_MxSpd": 0.256105304, "Distance_MxSpd": 13944.2646, "Max_Distance": 13944.2646, "Hover_Time": 565.823303, "Max_Speed": 31.0, "Max_uc_at_MFD": 0.99999994, "Mot_amps_ratio_MFD": 0.861087263, "Mot_amps_ratio_MxSpd": 0.861087263, "Mot_power_ratio_MFD": 0.796505749, "Mot_power_ratio_MxSpd": 0.796505749, "Power_MFD": 3507.9978, "Power_MxSpd": 3507.9978, "Speed_MFD": 31.0}