{"Interferences": 39, "Mass": 7.444502321797477, "Batt_amps_ratio_MFD": 1.62187159, "Batt_amps_ratio_MxSpd": 1.62187159, "Distance_MxSpd": 544.55603, "Max_Distance": 544.55603, "Hover_Time": 35.6539345, "Max_Speed": 23.0, "Max_uc_at_MFD": 0.999986649, "Mot_amps_ratio_MFD": 0.755553007, "Mot_amps_ratio_MxSpd": 0.755553007, "Mot_power_ratio_MFD": 0.377856284, "Mot_power_ratio_MxSpd": 0.377856284, "Power_MFD": 1989.59973, "Power_MxSpd": 1989.59973, "Speed_MFD": 23.0}