{"Interferences": 13, "Mass": 3.075504750674983, "Batt_amps_ratio_MFD": 0.372630119, "Batt_amps_ratio_MxSpd": 0.372630119, "Distance_MxSpd": 1339.66626, "Max_Distance": 1339.66626, "Hover_Time": 0.0, "Max_Speed": 13.0, "Max_uc_at_MFD": 0.878481746, "Mot_amps_ratio_MFD": 0.448145837, "Mot_amps_ratio_MxSpd": 0.448145837, "Mot_power_ratio_MFD": 0.224120244, "Mot_power_ratio_MxSpd": 0.224120244, "Power_MFD": 438.471069, "Power_MxSpd": 438.471069, "Speed_MFD": 13.0}