{"Interferences": 8, "Mass": 8.778272287704535, "Batt_amps_ratio_MFD": 0.902044475, "Batt_amps_ratio_MxSpd": 0.902044475, "Distance_MxSpd": 1277.09888, "Max_Distance": 1277.09888, "Hover_Time": 0.0, "Max_Speed": 6.0, "Max_uc_at_MFD": 0.99966228, "Mot_amps_ratio_MFD": 0.998459339, "Mot_amps_ratio_MxSpd": 0.998459339, "Mot_power_ratio_MFD": 0.769630969, "Mot_power_ratio_MxSpd": 0.769630969, "Power_MFD": 3298.38281, "Power_MxSpd": 3298.38281, "Speed_MFD": 6.0}