{"Interferences": 8, "Mass": 3.994417279741357, "Batt_amps_ratio_MFD": 1.20436954, "Batt_amps_ratio_MxSpd": 2.17861795, "Distance_MxSpd": 546.401428, "Max_Distance": 669.561951, "Hover_Time": 38.7676926, "Max_Speed": 31.0, "Max_uc_at_MFD": 0.966947019, "Mot_amps_ratio_MFD": 0.468571007, "Mot_amps_ratio_MxSpd": 0.990193427, "Mot_power_ratio_MFD": 0.263171971, "Mot_power_ratio_MxSpd": 0.529557824, "Power_MFD": 826.597595, "Power_MxSpd": 1797.03625, "Speed_MFD": 21.0}