{"Interferences": 17, "Mass": 7.623691958455945, "Batt_amps_ratio_MFD": 0.563811839, "Batt_amps_ratio_MxSpd": 0.798255026, "Distance_MxSpd": 4449.70605, "Max_Distance": 4767.54834, "Hover_Time": 226.985229, "Max_Speed": 37.0, "Max_uc_at_MFD": 0.705735385, "Mot_amps_ratio_MFD": 0.98025465, "Mot_amps_ratio_MxSpd": 0.948038816, "Mot_power_ratio_MFD": 0.98125273, "Mot_power_ratio_MxSpd": 0.949004114, "Power_MFD": 2195.17773, "Power_MxSpd": 3631.23267, "Speed_MFD": 28.0}