{"Interferences": 0, "Mass": 6.67903727755956, "Batt_amps_ratio_MFD": 0.881495774, "Batt_amps_ratio_MxSpd": 1.47987485, "Distance_MxSpd": 3035.93237, "Max_Distance": 3528.54785, "Hover_Time": 158.263412, "Max_Speed": 39.0, "Max_uc_at_MFD": 0.609986722, "Mot_amps_ratio_MFD": 0.355288267, "Mot_amps_ratio_MxSpd": 0.853797853, "Mot_power_ratio_MFD": 0.17762509, "Mot_power_ratio_MxSpd": 0.42685315, "Power_MFD": 1822.06128, "Power_MxSpd": 4859.86426, "Speed_MFD": 27.0}