{"Interferences": 41, "Mass": 4.362314078994435, "Batt_amps_ratio_MFD": 0.207557231, "Batt_amps_ratio_MxSpd": 0.317688137, "Distance_MxSpd": 4230.56396, "Max_Distance": 4625.23047, "Hover_Time": 260.26236, "Max_Speed": 35.0, "Max_uc_at_MFD": 0.839608908, "Mot_amps_ratio_MFD": 0.714560628, "Mot_amps_ratio_MxSpd": 0.776478231, "Mot_power_ratio_MFD": 0.528774858, "Mot_power_ratio_MxSpd": 0.574593902, "Power_MFD": 1249.15955, "Power_MxSpd": 2468.19897, "Speed_MFD": 25.0}