{"Interferences": 7, "Mass": 2.968830797936626, "Batt_amps_ratio_MFD": 0.870639086, "Batt_amps_ratio_MxSpd": 0.870639086, "Distance_MxSpd": 1014.42725, "Max_Distance": 1014.42725, "Hover_Time": 0.0, "Max_Speed": 23.0, "Max_uc_at_MFD": 0.933613956, "Mot_amps_ratio_MFD": 0.734734714, "Mot_amps_ratio_MxSpd": 0.734734714, "Mot_power_ratio_MFD": 0.362469137, "Mot_power_ratio_MxSpd": 0.362469137, "Power_MFD": 791.403564, "Power_MxSpd": 791.403564, "Speed_MFD": 23.0}