{"Interferences": 39, "Mass": 11.765194675809385, "Batt_amps_ratio_MFD": 0.913679659, "Batt_amps_ratio_MxSpd": 0.95182544, "Distance_MxSpd": 8472.1416, "Max_Distance": 8510.6416, "Hover_Time": 366.656372, "Max_Speed": 28.0, "Max_uc_at_MFD": 0.855066001, "Mot_amps_ratio_MFD": 0.906725764, "Mot_amps_ratio_MxSpd": 0.954369426, "Mot_power_ratio_MFD": 0.861389458, "Mot_power_ratio_MxSpd": 0.90665096, "Power_MFD": 3744.84619, "Power_MxSpd": 3987.01196, "Speed_MFD": 27.0}