{
  "generator_version":"UAV2_gen12",
  "name":"design_9620_4f86c04f91254d588f7b536e2c777139_dw",
  "hub":{
    "node_type":"ConnectedHub4_2_2",
    "frontSegment":{
      "node_type":"AngledWingArm",
      "arm1Length":103.89781857301548,
      "arm2Length":169.752571029086,
      "wing":{
        "wingType":"Wing_horiz_hole",
        "nacaProfile":"4612",
        "span":1378.505791494887,
        "chordInner":112.27642468026909,
        "chordOuter":70.42009068357311,
        "taperOffset":true,
        "aileronBias":0.7207657358437014,
        "flapBias":0.9512754831914819,
        "load":339.5093921458899,
        "tubeOffset":63.20241858693997,
        "tubeRot":254.55286651736188
      },
      "servo":{
        "servoType":"Hitec_HS_5245MG"
      }
    },
    "rearSegment":{
      "node_type":"PropArm",
      "armLength":55.603533160929494,
      "motor":{
        "motorType":"kde_direct_KDE700XF_535_G3"
      },
      "prop":{
        "propType":"apc_propellers_16x4W"
      },
      "flange":{
        "offset":-37.12937027176895,
        "angle":0.0
      }
    }
  },
  "fuselageWithComponents":{
    "node_type":"DualBatteryFuselageWithComponents",
    "battery":{
      "batteryType":"TurnigyGraphene1000mAh4S75C"
    },
    "fuselage":{
      "length":84.0,
      "vertDiameter":52.5,
      "horzDiameter":378.9,
      "floorHeight":8.75,
      "battery1X":-4.5,
      "battery1Y":-9.5,
      "battery2X":-4.5,
      "battery2Y":22.5,
      "rpmX":-4.5,
      "rpmY":-116.3,
      "autoPilotX":-4.5,
      "autoPilotY":60.0,
      "currentX":-4.5,
      "currentY":-96.15,
      "voltageX":-4.5,
      "voltageY":113.8,
      "gpsX":-4.5,
      "gpsY":-56.0,
      "varioX":-4.5,
      "varioY":92.15
    }
  }
}