{"Interferences": 20, "Mass": 4.7513873676942415, "Batt_amps_ratio_MFD": 1.44345522, "Batt_amps_ratio_MxSpd": 1.44345522, "Distance_MxSpd": 399.042511, "Max_Distance": 399.042511, "Hover_Time": 23.0364876, "Max_Speed": 15.0, "Max_uc_at_MFD": 0.995548606, "Mot_amps_ratio_MFD": 0.559458733, "Mot_amps_ratio_MxSpd": 0.559458733, "Mot_power_ratio_MFD": 0.344999552, "Mot_power_ratio_MxSpd": 0.344999552, "Power_MFD": 1019.19727, "Power_MxSpd": 1019.19727, "Speed_MFD": 15.0}