{"Interferences": 58, "Mass": 3.6599815195587295, "Batt_amps_ratio_MFD": 0.342677236, "Batt_amps_ratio_MxSpd": 0.476468772, "Distance_MxSpd": 2417.78687, "Max_Distance": 2689.41113, "Hover_Time": 161.14888, "Max_Speed": 30.0, "Max_uc_at_MFD": 0.962308228, "Mot_amps_ratio_MFD": 0.994474113, "Mot_amps_ratio_MxSpd": 0.889346242, "Mot_power_ratio_MFD": 0.588728666, "Mot_power_ratio_MxSpd": 0.526492953, "Power_MFD": 956.285095, "Power_MxSpd": 1458.56421, "Speed_MFD": 24.0}