{"Interferences": 17, "Mass": 6.073798104971557, "Batt_amps_ratio_MFD": 0.656720161, "Batt_amps_ratio_MxSpd": 0.762611091, "Distance_MxSpd": 3452.79907, "Max_Distance": 3508.34375, "Hover_Time": 174.348267, "Max_Speed": 32.0, "Max_uc_at_MFD": 0.614548922, "Mot_amps_ratio_MFD": 0.932702959, "Mot_amps_ratio_MxSpd": 0.944548965, "Mot_power_ratio_MFD": 0.699674964, "Mot_power_ratio_MxSpd": 0.708561301, "Power_MFD": 1679.88391, "Power_MxSpd": 2123.46777, "Speed_MFD": 28.0}