{"Interferences": 16, "Mass": 7.082277021664925, "Batt_amps_ratio_MFD": 2.39892006, "Batt_amps_ratio_MxSpd": 3.0948658, "Distance_MxSpd": 148.891754, "Max_Distance": 160.072021, "Hover_Time": 0.0, "Max_Speed": 12.0, "Max_uc_at_MFD": 0.84540993, "Mot_amps_ratio_MFD": 0.613871098, "Mot_amps_ratio_MxSpd": 0.924135685, "Mot_power_ratio_MFD": 0.386124939, "Mot_power_ratio_MxSpd": 0.581281364, "Power_MFD": 2137.04443, "Power_MxSpd": 3119.45532, "Speed_MFD": 10.0}