{"Interferences": 18, "Mass": 9.699301030148863, "Batt_amps_ratio_MFD": 0.20726122, "Batt_amps_ratio_MxSpd": 0.20726122, "Distance_MxSpd": 926.367249, "Max_Distance": 926.367249, "Hover_Time": 0.0, "Max_Speed": 2.0, "Max_uc_at_MFD": 0.999998808, "Mot_amps_ratio_MFD": 0.955547929, "Mot_amps_ratio_MxSpd": 0.955547929, "Mot_power_ratio_MFD": 0.707105458, "Mot_power_ratio_MxSpd": 0.707105458, "Power_MFD": 1645.88367, "Power_MxSpd": 1645.88367, "Speed_MFD": 2.0}