{"Interferences": 7, "Mass": 4.209576916603593, "Batt_amps_ratio_MFD": 0.22384119, "Batt_amps_ratio_MxSpd": 0.22384119, "Distance_MxSpd": 3087.90356, "Max_Distance": 3087.90356, "Hover_Time": 186.068542, "Max_Speed": 18.0, "Max_uc_at_MFD": 0.992239177, "Mot_amps_ratio_MFD": 0.674431145, "Mot_amps_ratio_MxSpd": 0.674431145, "Mot_power_ratio_MFD": 0.337215573, "Mot_power_ratio_MxSpd": 0.337215573, "Power_MFD": 747.680725, "Power_MxSpd": 747.680725, "Speed_MFD": 18.0}