{"Interferences": 5, "Mass": 3.674201022472234, "Batt_amps_ratio_MFD": 0.723728001, "Batt_amps_ratio_MxSpd": 0.723728001, "Distance_MxSpd": 265.29303, "Max_Distance": 265.29303, "Hover_Time": 0.0, "Max_Speed": 5.0, "Max_uc_at_MFD": 0.936124504, "Mot_amps_ratio_MFD": 0.513508618, "Mot_amps_ratio_MxSpd": 0.513508618, "Mot_power_ratio_MFD": 0.343068838, "Mot_power_ratio_MxSpd": 0.343068838, "Power_MFD": 943.774536, "Power_MxSpd": 943.774536, "Speed_MFD": 5.0}