{"Interferences": 13, "Mass": 3.263662314606858, "Batt_amps_ratio_MFD": 1.17176747, "Batt_amps_ratio_MxSpd": 1.17176747, "Distance_MxSpd": 786.50415, "Max_Distance": 786.50415, "Hover_Time": 48.5813637, "Max_Speed": 24.0, "Max_uc_at_MFD": 0.967661262, "Mot_amps_ratio_MFD": 0.909567058, "Mot_amps_ratio_MxSpd": 0.909567058, "Mot_power_ratio_MFD": 0.45562312, "Mot_power_ratio_MxSpd": 0.45562312, "Power_MFD": 1156.91724, "Power_MxSpd": 1156.91724, "Speed_MFD": 24.0}