{"Interferences": 16, "Mass": 4.954749383359173, "Batt_amps_ratio_MFD": 2.09278655, "Batt_amps_ratio_MxSpd": 2.09278655, "Distance_MxSpd": 458.718567, "Max_Distance": 458.718567, "Hover_Time": 19.2554932, "Max_Speed": 25.0, "Max_uc_at_MFD": 1.0, "Mot_amps_ratio_MFD": 0.510124505, "Mot_amps_ratio_MxSpd": 0.510124505, "Mot_power_ratio_MFD": 0.210645288, "Mot_power_ratio_MxSpd": 0.210645288, "Power_MFD": 1467.54895, "Power_MxSpd": 1467.54895, "Speed_MFD": 25.0}