{"Interferences": 3, "Mass": 6.403694067837972, "Batt_amps_ratio_MFD": 1.08592224, "Batt_amps_ratio_MxSpd": 1.41144264, "Distance_MxSpd": 843.392395, "Max_Distance": 919.402832, "Hover_Time": 47.9393883, "Max_Speed": 31.0, "Max_uc_at_MFD": 0.99985683, "Mot_amps_ratio_MFD": 0.389732778, "Mot_amps_ratio_MxSpd": 0.340527177, "Mot_power_ratio_MFD": 0.0974227414, "Mot_power_ratio_MxSpd": 0.0851226598, "Power_MFD": 1812.77063, "Power_MxSpd": 2438.88599, "Speed_MFD": 26.0}