{"Interferences": 2, "Mass": 2.8810970490093184, "Batt_amps_ratio_MFD": 1.02783787, "Batt_amps_ratio_MxSpd": 1.13123536, "Distance_MxSpd": 1052.3009, "Max_Distance": 1120.79932, "Hover_Time": 60.8541031, "Max_Speed": 31.0, "Max_uc_at_MFD": 0.938123524, "Mot_amps_ratio_MFD": 0.766511679, "Mot_amps_ratio_MxSpd": 0.855293393, "Mot_power_ratio_MFD": 0.789276242, "Mot_power_ratio_MxSpd": 0.880694628, "Power_MFD": 1997.47534, "Power_MxSpd": 2287.78027, "Speed_MFD": 30.0}