{"Interferences": 32, "Mass": 6.550290991563981, "Batt_amps_ratio_MFD": 0.698970318, "Batt_amps_ratio_MxSpd": 0.864663899, "Distance_MxSpd": 1998.46436, "Max_Distance": 2236.75977, "Hover_Time": 101.777649, "Max_Speed": 21.0, "Max_uc_at_MFD": 0.68953687, "Mot_amps_ratio_MFD": 0.61778605, "Mot_amps_ratio_MxSpd": 0.836195707, "Mot_power_ratio_MFD": 0.308859915, "Mot_power_ratio_MxSpd": 0.460182428, "Power_MFD": 1897.23279, "Power_MxSpd": 2752.56152, "Speed_MFD": 19.0}