{"Interferences": 4, "Mass": 2.4387365741594547, "Batt_amps_ratio_MFD": 0.811310887, "Batt_amps_ratio_MxSpd": 1.36317742, "Distance_MxSpd": 901.423401, "Max_Distance": 1041.27783, "Hover_Time": 0.0, "Max_Speed": 32.0, "Max_uc_at_MFD": 0.690043569, "Mot_amps_ratio_MFD": 0.351199657, "Mot_amps_ratio_MxSpd": 0.585996091, "Mot_power_ratio_MFD": 0.542444825, "Mot_power_ratio_MxSpd": 0.905099213, "Power_MFD": 731.876709, "Power_MxSpd": 1672.07727, "Speed_MFD": 22.0}