{"Interferences": 48, "Mass": 9.580930576894614, "Batt_amps_ratio_MFD": 1.1281358, "Batt_amps_ratio_MxSpd": 1.8628186, "Distance_MxSpd": 432.892395, "Max_Distance": 578.653748, "Hover_Time": 0.0, "Max_Speed": 21.0, "Max_uc_at_MFD": 0.99660188, "Mot_amps_ratio_MFD": 0.662338972, "Mot_amps_ratio_MxSpd": 0.599318147, "Mot_power_ratio_MFD": 0.331239432, "Mot_power_ratio_MxSpd": 0.300674856, "Power_MFD": 1147.56409, "Power_MxSpd": 2246.62231, "Speed_MFD": 17.0}