{"Interferences": 16, "Mass": 8.26288727809428, "Batt_amps_ratio_MFD": 0.841576636, "Batt_amps_ratio_MxSpd": 0.841576636, "Distance_MxSpd": 3536.21997, "Max_Distance": 3536.21997, "Hover_Time": 143.500275, "Max_Speed": 31.0, "Max_uc_at_MFD": 0.402260333, "Mot_amps_ratio_MFD": 0.965966761, "Mot_amps_ratio_MxSpd": 0.965966761, "Mot_power_ratio_MFD": 0.946079254, "Mot_power_ratio_MxSpd": 0.946079254, "Power_MFD": 2518.26636, "Power_MxSpd": 2518.26636, "Speed_MFD": 31.0}