{"Interferences": 10, "Mass": 5.922071793590297, "Batt_amps_ratio_MFD": 0.954701185, "Batt_amps_ratio_MxSpd": 0.954701185, "Distance_MxSpd": 1126.21631, "Max_Distance": 1126.21631, "Hover_Time": 52.4966087, "Max_Speed": 28.0, "Max_uc_at_MFD": 0.954105914, "Mot_amps_ratio_MFD": 0.974066257, "Mot_amps_ratio_MxSpd": 0.974066257, "Mot_power_ratio_MFD": 0.324871689, "Mot_power_ratio_MxSpd": 0.324871689, "Power_MFD": 2673.02197, "Power_MxSpd": 2673.02197, "Speed_MFD": 28.0}