{"Interferences": 15, "Mass": 11.904539050444228, "Batt_amps_ratio_MFD": 1.3105284, "Batt_amps_ratio_MxSpd": 1.3105284, "Distance_MxSpd": 703.227783, "Max_Distance": 703.227783, "Hover_Time": 0.0, "Max_Speed": 8.0, "Max_uc_at_MFD": 0.682274699, "Mot_amps_ratio_MFD": 0.858500242, "Mot_amps_ratio_MxSpd": 0.858500242, "Mot_power_ratio_MFD": 0.809994996, "Mot_power_ratio_MxSpd": 0.809994996, "Power_MFD": 2479.37061, "Power_MxSpd": 2479.37061, "Speed_MFD": 8.0}