{"Interferences": 21, "Mass": 6.798990760503205, "Batt_amps_ratio_MFD": 0.526829183, "Batt_amps_ratio_MxSpd": 0.526829183, "Distance_MxSpd": 2040.88928, "Max_Distance": 2040.88928, "Hover_Time": 82.3638763, "Max_Speed": 28.0, "Max_uc_at_MFD": 0.823801339, "Mot_amps_ratio_MFD": 0.986489475, "Mot_amps_ratio_MxSpd": 0.986489475, "Mot_power_ratio_MFD": 0.792231739, "Mot_power_ratio_MxSpd": 0.792231739, "Power_MFD": 2612.07715, "Power_MxSpd": 2612.07715, "Speed_MFD": 28.0}