{
  "generator_version":"UAV2_gen12",
  "name":"design_2009_6c3ce22a31064866b215efe27d504db3_dw",
  "hub":{
    "node_type":"ConnectedHub6_2_2_2",
    "frontSegment":{
      "node_type":"AngledWingArm",
      "arm1Length":164.64509719476257,
      "arm2Length":119.0448431511329,
      "wing":{
        "wingType":"Wing_vert_hole",
        "nacaProfile":"6506",
        "span":942.7240901110994,
        "chordInner":140.19480475864245,
        "chordOuter":192.9059666113265,
        "taperOffset":false,
        "aileronBias":0.22104971364484108,
        "flapBias":0.6305497892032258,
        "load":607.4603103459134,
        "tubeOffset":15.447954780916504,
        "tubeRot":293.45773943546135
      },
      "servo":{
        "servoType":"Hitec_HS_65MG"
      }
    },
    "middleSegment":{
      "node_type":"AngledWingArm",
      "arm1Length":201.18859108161865,
      "arm2Length":195.04206387377943,
      "wing":{
        "wingType":"Wing_horiz_hole",
        "nacaProfile":"2306",
        "span":1304.894179281334,
        "chordInner":461.9123414043065,
        "chordOuter":106.22496537748049,
        "taperOffset":true,
        "aileronBias":0.49720355182603004,
        "flapBias":0.2558385774399552,
        "load":883.3940183970341,
        "tubeOffset":83.11672292015454,
        "tubeRot":270.0
      },
      "servo":{
        "servoType":"Hitec_HS_65MG"
      }
    },
    "rearSegment":{
      "node_type":"SidewaysBendSegment",
      "angle":-90.0,
      "armLength":155.03321037928248,
      "mainSegment":{
        "node_type":"PropArm",
        "armLength":497.25220737424655,
        "motor":{
          "motorType":"kde_direct_KDE4213XF_360"
        },
        "prop":{
          "propType":"apc_propellers_17x10WE"
        },
        "flange":{
          "offset":14.644625590199098,
          "angle":0.0
        }
      }
    }
  },
  "fuselageWithComponents":{
    "node_type":"DualBatteryFuselageWithComponents",
    "battery":{
      "batteryType":"TurnigyGraphene4000mAh6S75C"
    },
    "fuselage":{
      "length":145.0,
      "vertDiameter":76.5,
      "horzDiameter":441.9,
      "floorHeight":12.75,
      "battery1X":0.0,
      "battery1Y":-20.0,
      "battery2X":0.0,
      "battery2Y":33.0,
      "rpmX":0.0,
      "rpmY":-137.3,
      "autoPilotX":0.0,
      "autoPilotY":81.0,
      "currentX":0.0,
      "currentY":-117.15,
      "voltageX":0.0,
      "voltageY":134.8,
      "gpsX":0.0,
      "gpsY":-77.0,
      "varioX":0.0,
      "varioY":113.15
    }
  }
}