{"Interferences": 11, "Mass": 11.658071408117864, "Batt_amps_ratio_MFD": 4.21902227, "Batt_amps_ratio_MxSpd": 4.21902227, "Distance_MxSpd": 2730.49023, "Max_Distance": 2730.49023, "Hover_Time": 130.071014, "Max_Speed": 20.0, "Max_uc_at_MFD": 0.66515857, "Mot_amps_ratio_MFD": 0.974143028, "Mot_amps_ratio_MxSpd": 0.974143028, "Mot_power_ratio_MFD": 0.961154461, "Mot_power_ratio_MxSpd": 0.961154461, "Power_MFD": 4010.01807, "Power_MxSpd": 4010.01807, "Speed_MFD": 20.0}