{"Interferences": 25, "Mass": 4.958435284607494, "Batt_amps_ratio_MFD": 1.17792618, "Batt_amps_ratio_MxSpd": 1.17792618, "Distance_MxSpd": 130.398666, "Max_Distance": 130.398666, "Hover_Time": 0.0, "Max_Speed": 4.0, "Max_uc_at_MFD": 0.996764064, "Mot_amps_ratio_MFD": 0.325060874, "Mot_amps_ratio_MxSpd": 0.325060874, "Mot_power_ratio_MFD": 0.206148416, "Mot_power_ratio_MxSpd": 0.206148416, "Power_MFD": 710.332275, "Power_MxSpd": 710.332275, "Speed_MFD": 4.0}