{"Interferences": 22, "Mass": 5.65636622420238, "Batt_amps_ratio_MFD": 0.618342042, "Batt_amps_ratio_MxSpd": 0.784053922, "Distance_MxSpd": 3148.47168, "Max_Distance": 3859.16797, "Hover_Time": 175.500259, "Max_Speed": 30.0, "Max_uc_at_MFD": 0.883849323, "Mot_amps_ratio_MFD": 0.65769875, "Mot_amps_ratio_MxSpd": 0.880588651, "Mot_power_ratio_MFD": 0.612296343, "Mot_power_ratio_MxSpd": 0.819799602, "Power_MFD": 2305.77222, "Power_MxSpd": 3113.01343, "Speed_MFD": 29.0}