{"Interferences": 13, "Mass": 4.877426022829356, "Batt_amps_ratio_MFD": 0.410344839, "Batt_amps_ratio_MxSpd": 0.667121232, "Distance_MxSpd": 1841.94409, "Max_Distance": 2245.91602, "Hover_Time": 136.21521, "Max_Speed": 32.0, "Max_uc_at_MFD": 0.764138222, "Mot_amps_ratio_MFD": 0.85585624, "Mot_amps_ratio_MxSpd": 0.828058243, "Mot_power_ratio_MFD": 0.83125037, "Mot_power_ratio_MxSpd": 0.804251552, "Power_MFD": 1324.38794, "Power_MxSpd": 2607.48608, "Speed_MFD": 24.0}