{"Interferences": 13, "Mass": 3.334059296972619, "Batt_amps_ratio_MFD": 0.507453203, "Batt_amps_ratio_MxSpd": 0.507453203, "Distance_MxSpd": 75.6720047, "Max_Distance": 75.6720047, "Hover_Time": 0.0, "Max_Speed": 1.0, "Max_uc_at_MFD": 0.95486474, "Mot_amps_ratio_MFD": 0.17534022, "Mot_amps_ratio_MxSpd": 0.17534022, "Mot_power_ratio_MFD": 0.0810948536, "Mot_power_ratio_MxSpd": 0.0810948536, "Power_MFD": 383.711365, "Power_MxSpd": 383.711365, "Speed_MFD": 1.0}