{"Interferences": 88, "Mass": 5.546146580306513, "Batt_amps_ratio_MFD": 0.424834222, "Batt_amps_ratio_MxSpd": 0.424834222, "Distance_MxSpd": 2350.09302, "Max_Distance": 2350.09302, "Hover_Time": 123.584938, "Max_Speed": 26.0, "Max_uc_at_MFD": 0.742903054, "Mot_amps_ratio_MFD": 0.983456373, "Mot_amps_ratio_MxSpd": 0.983456373, "Mot_power_ratio_MFD": 0.369477004, "Mot_power_ratio_MxSpd": 0.369477004, "Power_MFD": 1136.79333, "Power_MxSpd": 1136.79333, "Speed_MFD": 26.0}