{"Interferences": 3, "Mass": 5.226673694861944, "Batt_amps_ratio_MFD": 1.97445381, "Batt_amps_ratio_MxSpd": 4.22188807, "Distance_MxSpd": 427.486481, "Max_Distance": 602.90094, "Hover_Time": 31.926939, "Max_Speed": 47.0, "Max_uc_at_MFD": 0.832482278, "Mot_amps_ratio_MFD": 0.825413167, "Mot_amps_ratio_MxSpd": 0.783697546, "Mot_power_ratio_MFD": 0.763507187, "Mot_power_ratio_MxSpd": 0.724920213, "Power_MFD": 2462.86401, "Power_MxSpd": 6750.33691, "Speed_MFD": 31.0}