{"Interferences": 5, "Mass": 4.068054939979107, "Batt_amps_ratio_MFD": 0.320235431, "Batt_amps_ratio_MxSpd": 0.320235431, "Distance_MxSpd": 2278.32397, "Max_Distance": 2278.32397, "Hover_Time": 146.997467, "Max_Speed": 19.0, "Max_uc_at_MFD": 0.988914788, "Mot_amps_ratio_MFD": 0.355695128, "Mot_amps_ratio_MxSpd": 0.355695128, "Mot_power_ratio_MFD": 0.162573591, "Mot_power_ratio_MxSpd": 0.162573591, "Power_MFD": 744.098022, "Power_MxSpd": 744.098022, "Speed_MFD": 19.0}