{
  "generator_version":"UAV2_gen12",
  "name":"design_45220_44932d9233cc4385b526211f703fc39d_dw_dl",
  "hub":{
    "node_type":"ConnectedHub3_2_1",
    "angle":180.0,
    "centerSegment":{
      "node_type":"PropArm",
      "armLength":274.8086197332144,
      "motor":{
        "motorType":"t_motor_AntigravityMN5008KV400"
      },
      "prop":{
        "propType":"apc_propellers_14x7E"
      },
      "flange":{
        "offset":-23.213953827557553,
        "angle":0.0
      }
    },
    "mainSegment":{
      "node_type":"AngledWingArm",
      "arm1Length":344.1398568016695,
      "arm2Length":138.7675519936259,
      "wing":{
        "wingType":"Wing_horiz_hole",
        "nacaProfile":"2515",
        "span":1313.1005841911126,
        "chordInner":284.9222530351509,
        "chordOuter":75.00006421369154,
        "taperOffset":true,
        "aileronBias":0.2917492577718418,
        "flapBias":0.17285759727713845,
        "load":425.8363331522857,
        "tubeOffset":63.29961628667984,
        "tubeRot":316.5542431852872
      },
      "servo":{
        "servoType":"Hitec_HS_225MG"
      }
    }
  },
  "fuselageWithComponents":{
    "node_type":"DualBatteryFuselageWithComponents",
    "battery":{
      "batteryType":"TattuPlus25C22000mAh12S1PAGRI"
    },
    "fuselage":{
      "length":471.0,
      "vertDiameter":258.0,
      "horzDiameter":459.9,
      "floorHeight":43.0,
      "battery1X":-117.75,
      "battery1Y":6.0,
      "battery2X":118.75,
      "battery2Y":6.0,
      "rpmX":0.0,
      "rpmY":-143.3,
      "autoPilotX":0.0,
      "autoPilotY":87.0,
      "currentX":0.0,
      "currentY":-123.15,
      "voltageX":0.0,
      "voltageY":140.8,
      "gpsX":0.0,
      "gpsY":-83.0,
      "varioX":0.0,
      "varioY":119.15
    }
  }
}