{"Interferences": 46, "Mass": 6.253552012866448, "Batt_amps_ratio_MFD": 0.213883892, "Batt_amps_ratio_MxSpd": 0.213883892, "Distance_MxSpd": 10772.1992, "Max_Distance": 10772.1992, "Hover_Time": 310.256195, "Max_Speed": 24.0, "Max_uc_at_MFD": 0.889155567, "Mot_amps_ratio_MFD": 0.983954489, "Mot_amps_ratio_MxSpd": 0.983954489, "Mot_power_ratio_MFD": 0.728126347, "Mot_power_ratio_MxSpd": 0.728126347, "Power_MFD": 1439.78223, "Power_MxSpd": 1439.78223, "Speed_MFD": 24.0}