{"Interferences": 5, "Mass": 3.796884826413243, "Batt_amps_ratio_MFD": 0.650802612, "Batt_amps_ratio_MxSpd": 0.650802612, "Distance_MxSpd": 1298.08948, "Max_Distance": 1298.08948, "Hover_Time": 0.0, "Max_Speed": 22.0, "Max_uc_at_MFD": 0.98992449, "Mot_amps_ratio_MFD": 0.981303155, "Mot_amps_ratio_MxSpd": 0.981303155, "Mot_power_ratio_MFD": 0.726164341, "Mot_power_ratio_MxSpd": 0.726164341, "Power_MFD": 1031.85718, "Power_MxSpd": 1031.85718, "Speed_MFD": 22.0}