{"Interferences": 10, "Mass": 5.140242467790379, "Batt_amps_ratio_MFD": 0.866982341, "Batt_amps_ratio_MxSpd": 0.866982341, "Distance_MxSpd": 620.081787, "Max_Distance": 620.081787, "Hover_Time": 45.7111931, "Max_Speed": 14.0, "Max_uc_at_MFD": 0.995876193, "Mot_amps_ratio_MFD": 0.734521866, "Mot_amps_ratio_MxSpd": 0.734521866, "Mot_power_ratio_MFD": 0.2717731, "Mot_power_ratio_MxSpd": 0.2717731, "Power_MFD": 912.036743, "Power_MxSpd": 912.036743, "Speed_MFD": 14.0}