{"Interferences": 31, "Mass": 4.027089518083743, "Batt_amps_ratio_MFD": 0.985269725, "Batt_amps_ratio_MxSpd": 1.22945702, "Distance_MxSpd": 874.53241, "Max_Distance": 896.404297, "Hover_Time": 54.72826, "Max_Speed": 28.0, "Max_uc_at_MFD": 0.960625887, "Mot_amps_ratio_MFD": 0.418110579, "Mot_amps_ratio_MxSpd": 0.379280597, "Mot_power_ratio_MFD": 0.204751208, "Mot_power_ratio_MxSpd": 0.185735941, "Power_MFD": 945.916382, "Power_MxSpd": 1305.43506, "Speed_MFD": 23.0}