{"Interferences": 12, "Mass": 3.249798324720479, "Batt_amps_ratio_MFD": 0.664811611, "Batt_amps_ratio_MxSpd": 0.664811611, "Distance_MxSpd": 1386.25732, "Max_Distance": 1386.25732, "Hover_Time": 73.344162, "Max_Speed": 24.0, "Max_uc_at_MFD": 1.0, "Mot_amps_ratio_MFD": 0.691962302, "Mot_amps_ratio_MxSpd": 0.691962302, "Mot_power_ratio_MFD": 0.341368079, "Mot_power_ratio_MxSpd": 0.341368079, "Power_MFD": 892.896484, "Power_MxSpd": 892.896484, "Speed_MFD": 24.0}