{"Interferences": 3, "Mass": 4.574312470808305, "Batt_amps_ratio_MFD": 0.637530327, "Batt_amps_ratio_MxSpd": 0.73960489, "Distance_MxSpd": 1297.99036, "Max_Distance": 1325.1134, "Hover_Time": 84.9477005, "Max_Speed": 25.0, "Max_uc_at_MFD": 0.998732865, "Mot_amps_ratio_MFD": 0.320592344, "Mot_amps_ratio_MxSpd": 0.283768356, "Mot_power_ratio_MFD": 0.156995952, "Mot_power_ratio_MxSpd": 0.138963029, "Power_MFD": 1034.98706, "Power_MxSpd": 1273.81201, "Speed_MFD": 22.0}