{"Interferences": 38, "Mass": 7.474141935613069, "Batt_amps_ratio_MFD": 2.31158376, "Batt_amps_ratio_MxSpd": 4.53884315, "Distance_MxSpd": 329.951904, "Max_Distance": 498.359619, "Hover_Time": 18.2035236, "Max_Speed": 39.0, "Max_uc_at_MFD": 0.936171234, "Mot_amps_ratio_MFD": 0.955175161, "Mot_amps_ratio_MxSpd": 0.993377805, "Mot_power_ratio_MFD": 0.474752128, "Mot_power_ratio_MxSpd": 0.493740022, "Power_MFD": 4044.27319, "Power_MxSpd": 9450.85449, "Speed_MFD": 30.0}