{"Interferences": 45, "Mass": 8.83769951680635, "Batt_amps_ratio_MFD": 0.872831285, "Batt_amps_ratio_MxSpd": 0.872831285, "Distance_MxSpd": 1759.79028, "Max_Distance": 1759.79028, "Hover_Time": 0.0, "Max_Speed": 16.0, "Max_uc_at_MFD": 0.897370219, "Mot_amps_ratio_MFD": 0.959472179, "Mot_amps_ratio_MxSpd": 0.959472179, "Mot_power_ratio_MFD": 0.741194725, "Mot_power_ratio_MxSpd": 0.741194725, "Power_MFD": 3496.51929, "Power_MxSpd": 3496.51929, "Speed_MFD": 16.0}