{"Interferences": 84, "Mass": 6.579567785562223, "Batt_amps_ratio_MFD": 0.544179976, "Batt_amps_ratio_MxSpd": 0.544179976, "Distance_MxSpd": 6350.83984, "Max_Distance": 6350.83984, "Hover_Time": 304.453156, "Max_Speed": 30.0, "Max_uc_at_MFD": 0.783100367, "Mot_amps_ratio_MFD": 0.880150259, "Mot_amps_ratio_MxSpd": 0.880150259, "Mot_power_ratio_MFD": 0.651311219, "Mot_power_ratio_MxSpd": 0.651311219, "Power_MFD": 1740.72583, "Power_MxSpd": 1740.72583, "Speed_MFD": 30.0}