{"Interferences": 19, "Mass": 5.3821529916194, "Batt_amps_ratio_MFD": 0.551640451, "Batt_amps_ratio_MxSpd": 0.643009603, "Distance_MxSpd": 1970.73267, "Max_Distance": 2088.31665, "Hover_Time": 101.126587, "Max_Speed": 33.0, "Max_uc_at_MFD": 0.867109895, "Mot_amps_ratio_MFD": 0.814058602, "Mot_amps_ratio_MxSpd": 0.959980071, "Mot_power_ratio_MFD": 0.543258309, "Mot_power_ratio_MxSpd": 0.640638351, "Power_MFD": 1849.40527, "Power_MxSpd": 2404.63354, "Speed_MFD": 30.0}