{
  "generator_version":"UAV2_gen12",
  "name":"design_946_756bb6876993403fa0094811289272e8_dw",
  "hub":{
    "node_type":"ConnectedHub6_2_2_2",
    "frontSegment":{
      "node_type":"AngledWingArm",
      "arm1Length":332.8418233941073,
      "arm2Length":175.77827656528237,
      "wing":{
        "wingType":"Wing_vert_hole",
        "nacaProfile":"4515",
        "span":1045.2115036236019,
        "chordInner":238.61523546790022,
        "chordOuter":60.72364668541154,
        "taperOffset":true,
        "aileronBias":0.32359147636696983,
        "flapBias":0.9170047601456082,
        "load":301.0841454918254,
        "tubeOffset":50.975809145266425,
        "tubeRot":270.0
      },
      "servo":{
        "servoType":"Hitec_HS_53"
      }
    },
    "middleSegment":{
      "node_type":"PropArm",
      "armLength":493.2431675331685,
      "motor":{
        "motorType":"t_motor_AntigravityMN6007IIKV320"
      },
      "prop":{
        "propType":"apc_propellers_14x13N"
      },
      "flange":{
        "offset":-16.45437283985718,
        "angle":0.0
      }
    },
    "rearSegment":{
      "node_type":"SidewaysBendSegment",
      "angle":-90.0,
      "armLength":141.5368025357348,
      "mainSegment":{
        "node_type":"WingArm",
        "armLength":477.92048748096084,
        "wing":{
          "wingType":"Wing_horiz_hole",
          "nacaProfile":"6212",
          "span":1654.2483796067056,
          "chordInner":254.5099349117056,
          "chordOuter":181.94404027984524,
          "taperOffset":false,
          "aileronBias":0.7755874445172171,
          "flapBias":0.6076365657372212,
          "load":439.42560240468737,
          "tubeOffset":37.356973416139155,
          "tubeRot":278.0056408374519
        },
        "servo":{
          "servoType":"Hitec_HS_45HB"
        }
      }
    }
  },
  "fuselageWithComponents":{
    "node_type":"DualBatteryFuselageWithComponents",
    "battery":{
      "batteryType":"TurnigyGraphene3000mAh6S75C"
    },
    "fuselage":{
      "length":137.0,
      "vertDiameter":67.5,
      "horzDiameter":429.9,
      "floorHeight":11.25,
      "battery1X":0.0,
      "battery1Y":-18.0,
      "battery2X":0.0,
      "battery2Y":31.0,
      "rpmX":0.0,
      "rpmY":-133.3,
      "autoPilotX":0.0,
      "autoPilotY":77.0,
      "currentX":0.0,
      "currentY":-113.15,
      "voltageX":0.0,
      "voltageY":130.8,
      "gpsX":0.0,
      "gpsY":-73.0,
      "varioX":0.0,
      "varioY":109.15
    }
  }
}