{"Interferences": 53, "Mass": 3.097238858906611, "Batt_amps_ratio_MFD": 0.668040991, "Batt_amps_ratio_MxSpd": 0.783261418, "Distance_MxSpd": 1323.69592, "Max_Distance": 1379.55603, "Hover_Time": 87.3671188, "Max_Speed": 27.0, "Max_uc_at_MFD": 0.995524287, "Mot_amps_ratio_MFD": 0.576129138, "Mot_amps_ratio_MxSpd": 0.490881324, "Mot_power_ratio_MFD": 0.284223706, "Mot_power_ratio_MxSpd": 0.242168114, "Power_MFD": 851.377808, "Power_MxSpd": 1070.86316, "Speed_MFD": 24.0}