{"Interferences": 28, "Mass": 8.505162748786372, "Batt_amps_ratio_MFD": 0.298089296, "Batt_amps_ratio_MxSpd": 0.32394582, "Distance_MxSpd": 8297.68359, "Max_Distance": 8695.38086, "Hover_Time": 458.767792, "Max_Speed": 28.0, "Max_uc_at_MFD": 0.966901541, "Mot_amps_ratio_MFD": 0.781837046, "Mot_amps_ratio_MxSpd": 0.966100395, "Mot_power_ratio_MFD": 0.782633066, "Mot_power_ratio_MxSpd": 0.96708411, "Power_MFD": 2670.46826, "Power_MxSpd": 3078.79346, "Speed_MFD": 27.0}