{"Interferences": 50, "Mass": 6.505078867195017, "Batt_amps_ratio_MFD": 1.32225597, "Batt_amps_ratio_MxSpd": 1.63486803, "Distance_MxSpd": 493.250824, "Max_Distance": 493.701691, "Hover_Time": 18.0206089, "Max_Speed": 21.0, "Max_uc_at_MFD": 0.999907851, "Mot_amps_ratio_MFD": 0.906888902, "Mot_amps_ratio_MxSpd": 0.889413714, "Mot_power_ratio_MFD": 0.447398543, "Mot_power_ratio_MxSpd": 0.438777417, "Power_MFD": 1410.07666, "Power_MxSpd": 1892.19788, "Speed_MFD": 17.0}