{"Interferences": 21, "Mass": 8.175318115446567, "Batt_amps_ratio_MFD": 0.440875113, "Batt_amps_ratio_MxSpd": 0.440875113, "Distance_MxSpd": 261.298492, "Max_Distance": 261.298492, "Hover_Time": 0.0, "Max_Speed": 3.0, "Max_uc_at_MFD": 0.999869585, "Mot_amps_ratio_MFD": 0.605914891, "Mot_amps_ratio_MxSpd": 0.605914891, "Mot_power_ratio_MFD": 0.513195813, "Mot_power_ratio_MxSpd": 0.513195813, "Power_MFD": 2582.65942, "Power_MxSpd": 2582.65942, "Speed_MFD": 3.0}