{"Interferences": 12, "Mass": 3.1283142294115, "Batt_amps_ratio_MFD": 0.334959835, "Batt_amps_ratio_MxSpd": 0.334959835, "Distance_MxSpd": 2407.45288, "Max_Distance": 2407.45288, "Hover_Time": 172.043396, "Max_Speed": 21.0, "Max_uc_at_MFD": 0.732771754, "Mot_amps_ratio_MFD": 0.92232883, "Mot_amps_ratio_MxSpd": 0.92232883, "Mot_power_ratio_MFD": 0.54601866, "Mot_power_ratio_MxSpd": 0.54601866, "Power_MFD": 693.84491, "Power_MxSpd": 693.84491, "Speed_MFD": 21.0}