{"Interferences": 10, "Mass": 9.666958045540463, "Batt_amps_ratio_MFD": 2.23801494, "Batt_amps_ratio_MxSpd": 2.23801494, "Distance_MxSpd": 463.2677, "Max_Distance": 463.2677, "Hover_Time": 22.2701969, "Max_Speed": 27.0, "Max_uc_at_MFD": 0.999679029, "Mot_amps_ratio_MFD": 0.394453466, "Mot_amps_ratio_MxSpd": 0.394453466, "Mot_power_ratio_MFD": 0.197367117, "Mot_power_ratio_MxSpd": 0.197367117, "Power_MFD": 2795.86938, "Power_MxSpd": 2795.86938, "Speed_MFD": 27.0}