{"Interferences": 10, "Mass": 3.006005051348908, "Batt_amps_ratio_MFD": 0.550688505, "Batt_amps_ratio_MxSpd": 0.550688505, "Distance_MxSpd": 1115.69421, "Max_Distance": 1115.69421, "Hover_Time": 89.6709518, "Max_Speed": 16.0, "Max_uc_at_MFD": 0.991374314, "Mot_amps_ratio_MFD": 0.240462333, "Mot_amps_ratio_MxSpd": 0.240462333, "Mot_power_ratio_MFD": 0.0889710635, "Mot_power_ratio_MxSpd": 0.0889710635, "Power_MFD": 430.171234, "Power_MxSpd": 430.171234, "Speed_MFD": 16.0}