{"Interferences": 28, "Mass": 6.274602380364025, "Batt_amps_ratio_MFD": 0.657375276, "Batt_amps_ratio_MxSpd": 0.657375276, "Distance_MxSpd": 1577.18127, "Max_Distance": 1577.18127, "Hover_Time": 64.7722397, "Max_Speed": 27.0, "Max_uc_at_MFD": 0.475572824, "Mot_amps_ratio_MFD": 0.738855839, "Mot_amps_ratio_MxSpd": 0.738855839, "Mot_power_ratio_MFD": 0.723644078, "Mot_power_ratio_MxSpd": 0.723644078, "Power_MFD": 1846.00232, "Power_MxSpd": 1846.00232, "Speed_MFD": 27.0}