{"Interferences": 15, "Mass": 4.232612513379461, "Batt_amps_ratio_MFD": 0.265317649, "Batt_amps_ratio_MxSpd": 0.265317649, "Distance_MxSpd": 2460.44702, "Max_Distance": 2460.44702, "Hover_Time": 174.638336, "Max_Speed": 17.0, "Max_uc_at_MFD": 0.999095559, "Mot_amps_ratio_MFD": 0.340518653, "Mot_amps_ratio_MxSpd": 0.340518653, "Mot_power_ratio_MFD": 0.125991911, "Mot_power_ratio_MxSpd": 0.125991911, "Power_MFD": 634.267639, "Power_MxSpd": 634.267639, "Speed_MFD": 17.0}