{
  "generator_version":"UAV2_gen12",
  "name":"design_832_9bbb54ecd1b94d5183b9ec2758441bcf_dw_dl",
  "hub":{
    "node_type":"ConnectedHub3_2_1",
    "angle":104.19749137568806,
    "centerSegment":{
      "node_type":"AngledPropArm",
      "armLength":280.3907438376179,
      "motor":{
        "motorType":"t_motor_AntigravityMN5008KV340"
      },
      "prop":{
        "propType":"apc_propellers_14x12"
      }
    },
    "mainSegment":{
      "node_type":"AngledWingArm",
      "arm1Length":346.3826343613668,
      "arm2Length":88.16300971350222,
      "wing":{
        "wingType":"Wing_horiz_hole",
        "nacaProfile":"2418",
        "span":236.36125164387914,
        "chordInner":465.6608519106323,
        "chordOuter":199.48662163937414,
        "taperOffset":true,
        "aileronBias":0.5178946735996697,
        "flapBias":0.12747400855173527,
        "load":503.04438803491325,
        "tubeOffset":57.116081901297086,
        "tubeRot":313.8211797012547
      },
      "servo":{
        "servoType":"Hitec_HS_40"
      }
    }
  },
  "fuselageWithComponents":{
    "node_type":"DualBatteryFuselageWithComponents",
    "battery":{
      "batteryType":"TurnigyGraphene4000mAh6S75C"
    },
    "fuselage":{
      "length":291.0,
      "vertDiameter":76.5,
      "horzDiameter":362.4,
      "floorHeight":12.75,
      "battery1X":-72.75,
      "battery1Y":6.0,
      "battery2X":73.75,
      "battery2Y":6.0,
      "rpmX":0.0,
      "rpmY":-110.8,
      "autoPilotX":0.0,
      "autoPilotY":54.5,
      "currentX":0.0,
      "currentY":-90.65,
      "voltageX":0.0,
      "voltageY":108.3,
      "gpsX":0.0,
      "gpsY":-50.5,
      "varioX":0.0,
      "varioY":86.65
    }
  }
}