{"Interferences": 13, "Mass": 4.757094872700506, "Batt_amps_ratio_MFD": 0.275468618, "Batt_amps_ratio_MxSpd": 0.275468618, "Distance_MxSpd": 3624.36938, "Max_Distance": 3624.36938, "Hover_Time": 205.196884, "Max_Speed": 26.0, "Max_uc_at_MFD": 0.9912799, "Mot_amps_ratio_MFD": 0.44943884, "Mot_amps_ratio_MxSpd": 0.44943884, "Mot_power_ratio_MFD": 0.225198448, "Mot_power_ratio_MxSpd": 0.225198448, "Power_MFD": 1151.7168, "Power_MxSpd": 1151.7168, "Speed_MFD": 26.0}