{"Interferences": 2, "Mass": 6.575767012030248, "Batt_amps_ratio_MFD": 1.08609843, "Batt_amps_ratio_MxSpd": 1.08609843, "Distance_MxSpd": 1439.4906, "Max_Distance": 1439.4906, "Hover_Time": 0.0, "Max_Speed": 19.0, "Max_uc_at_MFD": 0.636231005, "Mot_amps_ratio_MFD": 0.941626787, "Mot_amps_ratio_MxSpd": 0.941626787, "Mot_power_ratio_MFD": 0.708104074, "Mot_power_ratio_MxSpd": 0.708104074, "Power_MFD": 2728.92114, "Power_MxSpd": 2728.92114, "Speed_MFD": 19.0}