{"Interferences": 5, "Mass": 5.398115462285573, "Batt_amps_ratio_MFD": 1.44502139, "Batt_amps_ratio_MxSpd": 1.44502139, "Distance_MxSpd": 1594.44006, "Max_Distance": 1594.44006, "Hover_Time": 0.0, "Max_Speed": 28.0, "Max_uc_at_MFD": 0.631983757, "Mot_amps_ratio_MFD": 0.995127678, "Mot_amps_ratio_MxSpd": 0.995127678, "Mot_power_ratio_MFD": 0.74191469, "Mot_power_ratio_MxSpd": 0.74191469, "Power_MFD": 3811.20996, "Power_MxSpd": 3811.20996, "Speed_MFD": 28.0}