{"Interferences": 2, "Mass": 3.606043704454181, "Batt_amps_ratio_MFD": 0.348717868, "Batt_amps_ratio_MxSpd": 0.348717868, "Distance_MxSpd": 0.0, "Max_Distance": 0.0, "Hover_Time": 110.117676, "Max_Speed": 0.0, "Max_uc_at_MFD": 0.751842499, "Mot_amps_ratio_MFD": 0.33132273, "Mot_amps_ratio_MxSpd": 0.33132273, "Mot_power_ratio_MFD": 0.204315677, "Mot_power_ratio_MxSpd": 0.204315677, "Power_MFD": 582.293335, "Power_MxSpd": 582.293335, "Speed_MFD": 0.0}