{"Interferences": 18, "Mass": 5.903694252384068, "Batt_amps_ratio_MFD": 0.445117384, "Batt_amps_ratio_MxSpd": 0.658438444, "Distance_MxSpd": 3790.78711, "Max_Distance": 4744.81592, "Hover_Time": 164.312744, "Max_Speed": 26.0, "Max_uc_at_MFD": 0.609365702, "Mot_amps_ratio_MFD": 0.773917854, "Mot_amps_ratio_MxSpd": 0.93960762, "Mot_power_ratio_MFD": 0.572699189, "Mot_power_ratio_MxSpd": 0.704705715, "Power_MFD": 1412.9469, "Power_MxSpd": 2581.98193, "Speed_MFD": 22.0}