{"Interferences": 51, "Mass": 14.655181330496738, "Batt_amps_ratio_MFD": 0.881401658, "Batt_amps_ratio_MxSpd": 0.881401658, "Distance_MxSpd": 13070.0918, "Max_Distance": 13070.0918, "Hover_Time": 448.176239, "Max_Speed": 40.0, "Max_uc_at_MFD": 0.683510065, "Mot_amps_ratio_MFD": 0.941048265, "Mot_amps_ratio_MxSpd": 0.941048265, "Mot_power_ratio_MFD": 0.911875784, "Mot_power_ratio_MxSpd": 0.911875784, "Power_MFD": 4830.18262, "Power_MxSpd": 4830.18262, "Speed_MFD": 40.0}