{"Interferences": 19, "Mass": 6.765787394121077, "Batt_amps_ratio_MFD": 1.31034672, "Batt_amps_ratio_MxSpd": 2.56602049, "Distance_MxSpd": 2918.13721, "Max_Distance": 3956.20483, "Hover_Time": 333.437225, "Max_Speed": 13.0, "Max_uc_at_MFD": 0.831817269, "Mot_amps_ratio_MFD": 0.569481432, "Mot_amps_ratio_MxSpd": 0.984271228, "Mot_power_ratio_MFD": 0.424575299, "Mot_power_ratio_MxSpd": 0.733820677, "Power_MFD": 1508.17627, "Power_MxSpd": 3849.28711, "Speed_MFD": 9.0}