{"Interferences": 8, "Mass": 6.267298823328955, "Batt_amps_ratio_MFD": 0.689016104, "Batt_amps_ratio_MxSpd": 0.689016104, "Distance_MxSpd": 55.7316437, "Max_Distance": 55.7316437, "Hover_Time": 0.0, "Max_Speed": 1.0, "Max_uc_at_MFD": 0.610122263, "Mot_amps_ratio_MFD": 0.835681379, "Mot_amps_ratio_MxSpd": 0.835681379, "Mot_power_ratio_MFD": 0.627918124, "Mot_power_ratio_MxSpd": 0.627918124, "Power_MFD": 2092.26514, "Power_MxSpd": 2092.26514, "Speed_MFD": 1.0}