{"Interferences": 35, "Mass": 6.034060772865276, "Batt_amps_ratio_MFD": 0.553091526, "Batt_amps_ratio_MxSpd": 0.553091526, "Distance_MxSpd": 347.139648, "Max_Distance": 347.139648, "Hover_Time": 0.0, "Max_Speed": 5.0, "Max_uc_at_MFD": 0.999868274, "Mot_amps_ratio_MFD": 0.873492301, "Mot_amps_ratio_MxSpd": 0.873492301, "Mot_power_ratio_MFD": 0.387830585, "Mot_power_ratio_MxSpd": 0.387830585, "Power_MFD": 2064.61865, "Power_MxSpd": 2064.61865, "Speed_MFD": 5.0}