{"Interferences": 9, "Mass": 4.341481078289806, "Batt_amps_ratio_MFD": 0.471617252, "Batt_amps_ratio_MxSpd": 0.471617252, "Distance_MxSpd": 6106.64697, "Max_Distance": 6106.64697, "Hover_Time": 366.212921, "Max_Speed": 25.0, "Max_uc_at_MFD": 0.996018767, "Mot_amps_ratio_MFD": 0.562456846, "Mot_amps_ratio_MxSpd": 0.562456846, "Mot_power_ratio_MFD": 0.369971633, "Mot_power_ratio_MxSpd": 0.369971633, "Power_MFD": 1100.15503, "Power_MxSpd": 1100.15503, "Speed_MFD": 25.0}