{"Interferences": 2, "Mass": 3.5008963909262607, "Batt_amps_ratio_MFD": 0.403932482, "Batt_amps_ratio_MxSpd": 0.570907891, "Distance_MxSpd": 2017.83862, "Max_Distance": 2091.43872, "Hover_Time": 139.221695, "Max_Speed": 30.0, "Max_uc_at_MFD": 0.636946261, "Mot_amps_ratio_MFD": 0.391014814, "Mot_amps_ratio_MxSpd": 0.721180022, "Mot_power_ratio_MFD": 0.255309671, "Mot_power_ratio_MxSpd": 0.470888138, "Power_MFD": 766.032227, "Power_MxSpd": 1712.79944, "Speed_MFD": 22.0}