{
  "generator_version":"UAV2_gen12",
  "name":"design_2732_85b815e4388b41bbb436fae97e1cb647_dw_dl",
  "hub":{
    "node_type":"ConnectedHub4_2_2",
    "frontSegment":{
      "node_type":"AngledWingArm",
      "arm1Length":253.9795733653842,
      "arm2Length":125.40094518056144,
      "wing":{
        "wingType":"Wing_horiz_hole",
        "nacaProfile":"4418",
        "span":499.82967834076015,
        "chordInner":253.03139899118764,
        "chordOuter":163.30779393210037,
        "taperOffset":false,
        "aileronBias":0.19809250173662268,
        "flapBias":0.71774745407249,
        "load":287.08747293500005,
        "tubeOffset":14.709668147836403,
        "tubeRot":270.0
      },
      "servo":{
        "servoType":"Hitec_HS_625MG"
      }
    },
    "rearSegment":{
      "node_type":"SidewaysBendWithTopSegment",
      "angle":-3.099532798233696,
      "armLength":217.05960535264697,
      "mainSegment":{
        "node_type":"BranchSegment_Sym",
        "armLength":153.07907255335056,
        "angle":120.0,
        "mainSegment":{
          "node_type":"PropArm",
          "armLength":309.40868398152867,
          "motor":{
            "motorType":"t_motor_AT4120KV500"
          },
          "prop":{
            "propType":"apc_propellers_21x10W"
          },
          "flange":{
            "offset":-41.14406556681642,
            "angle":328.9484597289404
          }
        }
      },
      "topSegment":{
        "node_type":"AngledWingArm",
        "arm1Length":202.9465366412373,
        "arm2Length":128.71154425018315,
        "wing":{
          "wingType":"Wing_vert_hole",
          "nacaProfile":"6212",
          "span":657.9551060421514,
          "chordInner":191.4859320426551,
          "chordOuter":94.85731613934686,
          "taperOffset":true,
          "aileronBias":0.6038557543772818,
          "flapBias":0.1274035706764133,
          "load":156.24782598052175,
          "tubeOffset":67.34833832093298,
          "tubeRot":304.14160981093266
        },
        "servo":{
          "servoType":"Hitec_HS_5065MG"
        }
      }
    }
  },
  "fuselageWithComponents":{
    "node_type":"DualBatteryFuselageWithComponents",
    "battery":{
      "batteryType":"TurnigyGraphene2200mAh3S75C"
    },
    "fuselage":{
      "length":213.0,
      "vertDiameter":52.5,
      "horzDiameter":332.4,
      "floorHeight":8.75,
      "battery1X":-53.25,
      "battery1Y":6.0,
      "battery2X":54.25,
      "battery2Y":6.0,
      "rpmX":0.0,
      "rpmY":-100.8,
      "autoPilotX":0.0,
      "autoPilotY":44.5,
      "currentX":0.0,
      "currentY":-80.65,
      "voltageX":0.0,
      "voltageY":98.3,
      "gpsX":0.0,
      "gpsY":-40.5,
      "varioX":0.0,
      "varioY":76.65
    }
  }
}