{"Interferences": 17, "Mass": 3.2876052865086827, "Batt_amps_ratio_MFD": 0.643178463, "Batt_amps_ratio_MxSpd": 0.755681574, "Distance_MxSpd": 1473.6366, "Max_Distance": 1492.58728, "Hover_Time": 97.0728912, "Max_Speed": 29.0, "Max_uc_at_MFD": 0.55837661, "Mot_amps_ratio_MFD": 0.517689884, "Mot_amps_ratio_MxSpd": 0.619727373, "Mot_power_ratio_MFD": 0.32562694, "Mot_power_ratio_MxSpd": 0.389808506, "Power_MFD": 860.135254, "Power_MxSpd": 1170.71912, "Speed_MFD": 25.0}