{"Interferences": 18, "Mass": 8.121242351959445, "Batt_amps_ratio_MFD": 0.933164775, "Batt_amps_ratio_MxSpd": 0.933164775, "Distance_MxSpd": 18517.6309, "Max_Distance": 18517.6309, "Hover_Time": 0.0, "Max_Speed": 30.0, "Max_uc_at_MFD": 0.972470284, "Mot_amps_ratio_MFD": 0.43321377, "Mot_amps_ratio_MxSpd": 0.43321377, "Mot_power_ratio_MFD": 0.185609967, "Mot_power_ratio_MxSpd": 0.185609967, "Power_MFD": 2496.45874, "Power_MxSpd": 2496.45874, "Speed_MFD": 30.0}