{"Interferences": 50, "Mass": 4.519736829288363, "Batt_amps_ratio_MFD": 2.31242299, "Batt_amps_ratio_MxSpd": 4.15529203, "Distance_MxSpd": 360.407898, "Max_Distance": 398.542999, "Hover_Time": 20.1700668, "Max_Speed": 39.0, "Max_uc_at_MFD": 0.44530493, "Mot_amps_ratio_MFD": 0.346982092, "Mot_amps_ratio_MxSpd": 0.93068701, "Mot_power_ratio_MFD": 0.258691549, "Mot_power_ratio_MxSpd": 0.69387114, "Power_MFD": 1575.77271, "Power_MxSpd": 4053.05493, "Speed_MFD": 24.0}