{"Interferences": 9, "Mass": 5.00156954933118, "Batt_amps_ratio_MFD": 0.822505832, "Batt_amps_ratio_MxSpd": 0.822505832, "Distance_MxSpd": 980.418579, "Max_Distance": 980.418579, "Hover_Time": 0.0, "Max_Speed": 21.0, "Max_uc_at_MFD": 0.999627531, "Mot_amps_ratio_MFD": 0.285957038, "Mot_amps_ratio_MxSpd": 0.285957038, "Mot_power_ratio_MFD": 0.0816786513, "Mot_power_ratio_MxSpd": 0.0816786513, "Power_MFD": 1233.25684, "Power_MxSpd": 1233.25684, "Speed_MFD": 21.0}