{"Interferences": 36, "Mass": 7.769224000352882, "Batt_amps_ratio_MFD": 1.85532689, "Batt_amps_ratio_MxSpd": 2.46474051, "Distance_MxSpd": 389.493347, "Max_Distance": 455.337555, "Hover_Time": 28.2625847, "Max_Speed": 25.0, "Max_uc_at_MFD": 0.999996841, "Mot_amps_ratio_MFD": 0.985171795, "Mot_amps_ratio_MxSpd": 0.94495219, "Mot_power_ratio_MFD": 0.370121479, "Mot_power_ratio_MxSpd": 0.355011284, "Power_MFD": 1639.18616, "Power_MxSpd": 2436.46704, "Speed_MFD": 22.0}