{"Interferences": 14, "Mass": 5.501090704891272, "Batt_amps_ratio_MFD": 3.77250624, "Batt_amps_ratio_MxSpd": 3.77250624, "Distance_MxSpd": 162.862549, "Max_Distance": 162.862549, "Hover_Time": 0.0, "Max_Speed": 16.0, "Max_uc_at_MFD": 0.531684637, "Mot_amps_ratio_MFD": 0.950556934, "Mot_amps_ratio_MxSpd": 0.950556934, "Mot_power_ratio_MFD": 0.930986643, "Mot_power_ratio_MxSpd": 0.930986643, "Power_MFD": 2898.64966, "Power_MxSpd": 2898.64966, "Speed_MFD": 16.0}