{"Interferences": 85, "Mass": 3.9764063738960114, "Batt_amps_ratio_MFD": 0.294654995, "Batt_amps_ratio_MxSpd": 0.306615084, "Distance_MxSpd": 3506.677, "Max_Distance": 3518.69165, "Hover_Time": 202.544815, "Max_Speed": 28.0, "Max_uc_at_MFD": 0.900149703, "Mot_amps_ratio_MFD": 0.915471494, "Mot_amps_ratio_MxSpd": 0.979991972, "Mot_power_ratio_MFD": 0.541959167, "Mot_power_ratio_MxSpd": 0.580155253, "Power_MFD": 1088.92761, "Power_MxSpd": 1172.55139, "Speed_MFD": 27.0}