{"Interferences": 36, "Mass": 7.942342818313625, "Batt_amps_ratio_MFD": 0.80763495, "Batt_amps_ratio_MxSpd": 0.80763495, "Distance_MxSpd": 808.286011, "Max_Distance": 808.286011, "Hover_Time": 0.0, "Max_Speed": 17.0, "Max_uc_at_MFD": 0.758154631, "Mot_amps_ratio_MFD": 0.76412338, "Mot_amps_ratio_MxSpd": 0.76412338, "Mot_power_ratio_MFD": 0.70681417, "Mot_power_ratio_MxSpd": 0.70681417, "Power_MFD": 3110.44092, "Power_MxSpd": 3110.44092, "Speed_MFD": 17.0}