{"Interferences": 24, "Mass": 6.251471972698548, "Batt_amps_ratio_MFD": 0.624879122, "Batt_amps_ratio_MxSpd": 0.749075174, "Distance_MxSpd": 1435.37, "Max_Distance": 1536.29712, "Hover_Time": 73.7456131, "Max_Speed": 28.0, "Max_uc_at_MFD": 0.99679184, "Mot_amps_ratio_MFD": 0.783335209, "Mot_amps_ratio_MxSpd": 0.914017558, "Mot_power_ratio_MFD": 0.523336709, "Mot_power_ratio_MxSpd": 0.610643923, "Power_MFD": 2401.82544, "Power_MxSpd": 3070.86646, "Speed_MFD": 25.0}