{"Interferences": 20, "Mass": 4.37518559257521, "Batt_amps_ratio_MFD": 0.486754417, "Batt_amps_ratio_MxSpd": 1.22911954, "Distance_MxSpd": 499.870026, "Max_Distance": 867.788696, "Hover_Time": 96.5110397, "Max_Speed": 16.0, "Max_uc_at_MFD": 0.994925201, "Mot_amps_ratio_MFD": 0.547899783, "Mot_amps_ratio_MxSpd": 0.737249017, "Mot_power_ratio_MFD": 0.270297229, "Mot_power_ratio_MxSpd": 0.454636902, "Power_MFD": 690.353882, "Power_MxSpd": 2026.41296, "Speed_MFD": 11.0}