{"Interferences": 36, "Mass": 5.0664952571290565, "Batt_amps_ratio_MFD": 1.35634458, "Batt_amps_ratio_MxSpd": 1.35634458, "Distance_MxSpd": 594.539185, "Max_Distance": 594.539185, "Hover_Time": 0.0, "Max_Speed": 21.0, "Max_uc_at_MFD": 0.537043035, "Mot_amps_ratio_MFD": 0.299072713, "Mot_amps_ratio_MxSpd": 0.299072713, "Mot_power_ratio_MFD": 0.12813738, "Mot_power_ratio_MxSpd": 0.12813738, "Power_MFD": 1045.82068, "Power_MxSpd": 1045.82068, "Speed_MFD": 21.0}