{"Interferences": 36, "Mass": 12.124357798093929, "Batt_amps_ratio_MFD": 4.44280434, "Batt_amps_ratio_MxSpd": 4.44280434, "Distance_MxSpd": 740.844849, "Max_Distance": 740.844849, "Hover_Time": 0.0, "Max_Speed": 40.0, "Max_uc_at_MFD": 0.642701566, "Mot_amps_ratio_MFD": 0.944605708, "Mot_amps_ratio_MxSpd": 0.944605708, "Mot_power_ratio_MFD": 0.47225222, "Mot_power_ratio_MxSpd": 0.47225222, "Power_MFD": 11118.5293, "Power_MxSpd": 11118.5293, "Speed_MFD": 40.0}