{"Interferences": 8, "Mass": 4.0491660259293125, "Batt_amps_ratio_MFD": 0.562216043, "Batt_amps_ratio_MxSpd": 0.721665323, "Distance_MxSpd": 1436.67712, "Max_Distance": 1502.62524, "Hover_Time": 98.7759399, "Max_Speed": 27.0, "Max_uc_at_MFD": 0.977365375, "Mot_amps_ratio_MFD": 0.539345741, "Mot_amps_ratio_MxSpd": 0.487037212, "Mot_power_ratio_MFD": 0.202254653, "Mot_power_ratio_MxSpd": 0.182638943, "Power_MFD": 849.504944, "Power_MxSpd": 1222.73608, "Speed_MFD": 22.0}