{"Interferences": 11, "Mass": 4.2776548556850615, "Batt_amps_ratio_MFD": 0.219470635, "Batt_amps_ratio_MxSpd": 0.219470635, "Distance_MxSpd": 1749.66455, "Max_Distance": 1749.66455, "Hover_Time": 180.563187, "Max_Speed": 10.0, "Max_uc_at_MFD": 0.996555448, "Mot_amps_ratio_MFD": 0.365377545, "Mot_amps_ratio_MxSpd": 0.365377545, "Mot_power_ratio_MFD": 0.135189682, "Mot_power_ratio_MxSpd": 0.135189682, "Power_MFD": 537.233154, "Power_MxSpd": 537.233154, "Speed_MFD": 10.0}