{"Interferences": 2, "Mass": 3.770731821497656, "Batt_amps_ratio_MFD": 0.323110014, "Batt_amps_ratio_MxSpd": 0.625594735, "Distance_MxSpd": 4866.68311, "Max_Distance": 5857.35938, "Hover_Time": 370.018921, "Max_Speed": 37.0, "Max_uc_at_MFD": 0.583487809, "Mot_amps_ratio_MFD": 0.415671855, "Mot_amps_ratio_MxSpd": 0.824232578, "Mot_power_ratio_MFD": 0.311819732, "Mot_power_ratio_MxSpd": 0.618304968, "Power_MFD": 867.851196, "Power_MxSpd": 2846.94995, "Speed_MFD": 23.0}