{"Interferences": 42, "Mass": 2.192919242329705, "Batt_amps_ratio_MFD": 0.216470063, "Batt_amps_ratio_MxSpd": 0.216470063, "Distance_MxSpd": 2128.70093, "Max_Distance": 2128.70093, "Hover_Time": 0.0, "Max_Speed": 12.0, "Max_uc_at_MFD": 0.99999994, "Mot_amps_ratio_MFD": 0.233433023, "Mot_amps_ratio_MxSpd": 0.233433023, "Mot_power_ratio_MFD": 0.159103036, "Mot_power_ratio_MxSpd": 0.159103036, "Power_MFD": 303.531433, "Power_MxSpd": 303.531433, "Speed_MFD": 12.0}