{"Interferences": 12, "Mass": 3.4866742462082656, "Batt_amps_ratio_MFD": 0.735693753, "Batt_amps_ratio_MxSpd": 0.735693753, "Distance_MxSpd": 782.934448, "Max_Distance": 782.934448, "Hover_Time": 49.4857178, "Max_Speed": 15.0, "Max_uc_at_MFD": 0.50355649, "Mot_amps_ratio_MFD": 0.702727139, "Mot_amps_ratio_MxSpd": 0.702727139, "Mot_power_ratio_MFD": 0.346678734, "Mot_power_ratio_MxSpd": 0.346678734, "Power_MFD": 502.65448, "Power_MxSpd": 502.65448, "Speed_MFD": 15.0}