{"Interferences": 6, "Mass": 3.19837107361512, "Batt_amps_ratio_MFD": 1.26953578, "Batt_amps_ratio_MxSpd": 1.38962698, "Distance_MxSpd": 911.899414, "Max_Distance": 937.665588, "Hover_Time": 59.6630058, "Max_Speed": 33.0, "Max_uc_at_MFD": 0.909810424, "Mot_amps_ratio_MFD": 0.840871572, "Mot_amps_ratio_MxSpd": 0.926055551, "Mot_power_ratio_MFD": 0.577798903, "Mot_power_ratio_MxSpd": 0.636332452, "Power_MFD": 1537.14795, "Power_MxSpd": 1808.58838, "Speed_MFD": 31.0}