{"Interferences": 10, "Mass": 7.754387916568638, "Batt_amps_ratio_MFD": 0.527277768, "Batt_amps_ratio_MxSpd": 0.60573113, "Distance_MxSpd": 5547.01514, "Max_Distance": 5644.08398, "Hover_Time": 235.573151, "Max_Speed": 35.0, "Max_uc_at_MFD": 0.859328389, "Mot_amps_ratio_MFD": 0.761229753, "Mot_amps_ratio_MxSpd": 0.957018793, "Mot_power_ratio_MFD": 0.718220294, "Mot_power_ratio_MxSpd": 0.902947247, "Power_MFD": 2493.56177, "Power_MxSpd": 3226.44556, "Speed_MFD": 31.0}