{
  "generator_version":"UAV2_gen12",
  "name":"design_2203_46ab72772d0c408ea9aa807dd8521138_s",
  "hub":{
    "node_type":"ConnectedHub3_2_1",
    "angle":180.0,
    "centerSegment":{
      "node_type":"AngledPropArm",
      "armLength":52.2019854113475,
      "motor":{
        "motorType":"t_motor_MN5212KV420"
      },
      "prop":{
        "propType":"apc_propellers_18x10E"
      }
    },
    "mainSegment":{
      "node_type":"DoubleBendSegment",
      "angle":-90.0,
      "arm1Length":68.70640945619499,
      "arm2Length":61.34006032416751,
      "mainSegment":{
        "node_type":"AngledWingArm",
        "arm1Length":215.28461270909787,
        "arm2Length":170.86620266856767,
        "wing":{
          "wingType":"Wing_horiz_hole",
          "nacaProfile":"6315",
          "span":641.3780923491346,
          "chordInner":219.64890127614356,
          "chordOuter":171.11288869137408,
          "taperOffset":true,
          "aileronBias":0.4398206992412934,
          "flapBias":0.8917883056523237,
          "load":291.78422710693394,
          "tubeOffset":23.12981152787288,
          "tubeRot":229.81638971156337
        },
        "servo":{
          "servoType":"Hitec_HS_225BB"
        }
      }
    }
  },
  "fuselageWithComponents":{
    "node_type":"SingleBatteryFuselageWithComponents",
    "battery":{
      "batteryType":"Tattu25C8000mAh6S1P"
    },
    "fuselage":{
      "length":168.0,
      "vertDiameter":97.5,
      "horzDiameter":362.4,
      "floorHeight":16.25,
      "batteryX":0.0,
      "batteryY":6.0,
      "rpmX":0.0,
      "rpmY":-110.8,
      "autoPilotX":0.0,
      "autoPilotY":54.5,
      "currentX":0.0,
      "currentY":-90.65,
      "voltageX":0.0,
      "voltageY":108.3,
      "gpsX":0.0,
      "gpsY":-50.5,
      "varioX":0.0,
      "varioY":86.65
    }
  }
}