{"Interferences": 10, "Mass": 5.827582982910185, "Batt_amps_ratio_MFD": 0.623904765, "Batt_amps_ratio_MxSpd": 0.623904765, "Distance_MxSpd": 3560.98315, "Max_Distance": 3560.98315, "Hover_Time": 0.0, "Max_Speed": 27.0, "Max_uc_at_MFD": 0.627687573, "Mot_amps_ratio_MFD": 0.811500967, "Mot_amps_ratio_MxSpd": 0.811500967, "Mot_power_ratio_MFD": 0.60862571, "Mot_power_ratio_MxSpd": 0.60862571, "Power_MFD": 1642.22485, "Power_MxSpd": 1642.22485, "Speed_MFD": 27.0}