{
  "generator_version":"UAV2_gen12",
  "name":"design_6900_a62e88c2125d4996a18922694ed00d9b_dw_dl",
  "hub":{
    "node_type":"ConnectedHub3_2_1",
    "angle":120.0,
    "centerSegment":{
      "node_type":"BendSegment",
      "angle":-16.927494032397902,
      "armLength":437.37534974261615,
      "mainSegment":{
        "node_type":"CrossSegment",
        "armLength":369.6816941171153,
        "sideSegment":{
          "node_type":"WingArm",
          "armLength":480.23792106247515,
          "wing":{
            "wingType":"Wing_vert_hole",
            "nacaProfile":"0018",
            "span":1708.1247491194015,
            "chordInner":288.0572272591777,
            "chordOuter":107.44419019669405,
            "taperOffset":true,
            "aileronBias":0.42423202794987724,
            "flapBias":0.23896060733919364,
            "load":302.9725475092593,
            "tubeOffset":80.66344274206887,
            "tubeRot":258.07517575511565
          },
          "servo":{
            "servoType":"Hitec_HS_625MG"
          }
        },
        "centerSegment":{
          "node_type":"AngledPropArm",
          "armLength":227.6917777875142,
          "motor":{
            "motorType":"kde_direct_KDE600XF_530_G3"
          },
          "prop":{
            "propType":"apc_propellers_17x4W"
          }
        }
      }
    },
    "mainSegment":{
      "node_type":"AngledWingArm",
      "arm1Length":89.89090658493636,
      "arm2Length":75.90131743822553,
      "wing":{
        "wingType":"Wing_vert_hole",
        "nacaProfile":"0009",
        "span":540.9374958893782,
        "chordInner":426.6682177490609,
        "chordOuter":198.3458375765579,
        "taperOffset":true,
        "aileronBias":0.15658586760870788,
        "flapBias":0.3836493416779362,
        "load":237.2521491251855,
        "tubeOffset":68.74347143812963,
        "tubeRot":270.0
      },
      "servo":{
        "servoType":"Hitec_HS_85MG"
      }
    }
  },
  "fuselageWithComponents":{
    "node_type":"DualBatteryFuselageWithComponents",
    "battery":{
      "batteryType":"TurnigyGraphene6000mAh6S75C"
    },
    "fuselage":{
      "length":341.0,
      "vertDiameter":103.5,
      "horzDiameter":357.9,
      "floorHeight":17.25,
      "battery1X":-85.25,
      "battery1Y":6.0,
      "battery2X":86.25,
      "battery2Y":6.0,
      "rpmX":0.0,
      "rpmY":-109.3,
      "autoPilotX":0.0,
      "autoPilotY":53.0,
      "currentX":0.0,
      "currentY":-89.15,
      "voltageX":0.0,
      "voltageY":106.8,
      "gpsX":0.0,
      "gpsY":-49.0,
      "varioX":0.0,
      "varioY":85.15
    }
  }
}