{"Interferences": 35, "Mass": 6.2508145630533205, "Batt_amps_ratio_MFD": 0.590088189, "Batt_amps_ratio_MxSpd": 0.590088189, "Distance_MxSpd": 1561.80042, "Max_Distance": 1561.80042, "Hover_Time": 0.0, "Max_Speed": 24.0, "Max_uc_at_MFD": 0.351080418, "Mot_amps_ratio_MFD": 0.879337609, "Mot_amps_ratio_MxSpd": 0.879337609, "Mot_power_ratio_MFD": 0.660720766, "Mot_power_ratio_MxSpd": 0.660720766, "Power_MFD": 1196.06299, "Power_MxSpd": 1196.06299, "Speed_MFD": 24.0}