{"Interferences": 27, "Mass": 3.190073079239525, "Batt_amps_ratio_MFD": 1.0911119, "Batt_amps_ratio_MxSpd": 2.18341851, "Distance_MxSpd": 615.548523, "Max_Distance": 774.256042, "Hover_Time": 46.2393761, "Max_Speed": 35.0, "Max_uc_at_MFD": 0.575006425, "Mot_amps_ratio_MFD": 0.38147071, "Mot_amps_ratio_MxSpd": 0.917369664, "Mot_power_ratio_MFD": 0.392799973, "Mot_power_ratio_MxSpd": 0.94461447, "Power_MFD": 1010.10852, "Power_MxSpd": 3094.3457, "Speed_MFD": 22.0}