{"Interferences": 2, "Mass": 4.717757675052264, "Batt_amps_ratio_MFD": 0.445378095, "Batt_amps_ratio_MxSpd": 0.526757002, "Distance_MxSpd": 6123.50684, "Max_Distance": 6207.75928, "Hover_Time": 353.62146, "Max_Speed": 28.0, "Max_uc_at_MFD": 0.856105983, "Mot_amps_ratio_MFD": 0.619461834, "Mot_amps_ratio_MxSpd": 0.72290504, "Mot_power_ratio_MFD": 0.309730917, "Mot_power_ratio_MxSpd": 0.36145252, "Power_MFD": 1119.75342, "Power_MxSpd": 1512.80542, "Speed_MFD": 24.0}