{"Interferences": 65, "Mass": 7.995067257407482, "Batt_amps_ratio_MFD": 0.285512984, "Batt_amps_ratio_MxSpd": 0.285512984, "Distance_MxSpd": 1613.93713, "Max_Distance": 1613.93713, "Hover_Time": 137.375336, "Max_Speed": 12.0, "Max_uc_at_MFD": 0.99999994, "Mot_amps_ratio_MFD": 0.137454256, "Mot_amps_ratio_MxSpd": 0.137454256, "Mot_power_ratio_MFD": 0.0294460636, "Mot_power_ratio_MxSpd": 0.0294460636, "Power_MFD": 1129.56921, "Power_MxSpd": 1129.56921, "Speed_MFD": 12.0}