{"Interferences": 78, "Mass": 12.344839983155277, "Batt_amps_ratio_MFD": 1.06744349, "Batt_amps_ratio_MxSpd": 1.12549472, "Distance_MxSpd": 7335.44092, "Max_Distance": 7374.62939, "Hover_Time": 258.753021, "Max_Speed": 43.0, "Max_uc_at_MFD": 0.520226121, "Mot_amps_ratio_MFD": 0.92728442, "Mot_amps_ratio_MxSpd": 0.83518827, "Mot_power_ratio_MFD": 0.927184999, "Mot_power_ratio_MxSpd": 0.835098684, "Power_MFD": 4825.80566, "Power_MxSpd": 5115.34277, "Speed_MFD": 41.0}