{"Interferences": 16, "Mass": 6.233202601368832, "Batt_amps_ratio_MFD": 0.246886417, "Batt_amps_ratio_MxSpd": 0.312701136, "Distance_MxSpd": 10745.084, "Max_Distance": 11665.2832, "Hover_Time": 594.865051, "Max_Speed": 35.0, "Max_uc_at_MFD": 0.850821912, "Mot_amps_ratio_MFD": 0.897356749, "Mot_amps_ratio_MxSpd": 0.972613335, "Mot_power_ratio_MFD": 0.673396707, "Mot_power_ratio_MxSpd": 0.729870975, "Power_MFD": 2049.99316, "Power_MxSpd": 2757.38086, "Speed_MFD": 30.0}