{"Interferences": 45, "Mass": 7.449280131097839, "Batt_amps_ratio_MFD": 0.600128233, "Batt_amps_ratio_MxSpd": 0.600128233, "Distance_MxSpd": 895.808533, "Max_Distance": 895.808533, "Hover_Time": 0.0, "Max_Speed": 14.0, "Max_uc_at_MFD": 0.997136891, "Mot_amps_ratio_MFD": 0.646589458, "Mot_amps_ratio_MxSpd": 0.646589458, "Mot_power_ratio_MFD": 0.431059659, "Mot_power_ratio_MxSpd": 0.431059659, "Power_MFD": 1235.69385, "Power_MxSpd": 1235.69385, "Speed_MFD": 14.0}