{"Interferences": 13, "Mass": 6.112455443569689, "Batt_amps_ratio_MFD": 0.757097125, "Batt_amps_ratio_MxSpd": 1.08824444, "Distance_MxSpd": 2752.323, "Max_Distance": 3499.68286, "Hover_Time": 0.0, "Max_Speed": 26.0, "Max_uc_at_MFD": 0.483558059, "Mot_amps_ratio_MFD": 0.852637351, "Mot_amps_ratio_MxSpd": 0.923418045, "Mot_power_ratio_MFD": 0.878825486, "Mot_power_ratio_MxSpd": 0.95178014, "Power_MFD": 1397.87012, "Power_MxSpd": 2479.77734, "Speed_MFD": 23.0}