{"Interferences": 0, "Mass": 9.044634270643936, "Batt_amps_ratio_MFD": 0.585557938, "Batt_amps_ratio_MxSpd": 0.895796835, "Distance_MxSpd": 5787.02637, "Max_Distance": 6098.79883, "Hover_Time": 216.467651, "Max_Speed": 45.0, "Max_uc_at_MFD": 0.714008689, "Mot_amps_ratio_MFD": 0.446178585, "Mot_amps_ratio_MxSpd": 0.714482307, "Mot_power_ratio_MFD": 0.12744315, "Mot_power_ratio_MxSpd": 0.204079434, "Power_MFD": 3204.78491, "Power_MxSpd": 6817.14258, "Speed_MFD": 31.0}