{"Interferences": 55, "Mass": 6.398059847409105, "Batt_amps_ratio_MFD": 0.550520003, "Batt_amps_ratio_MxSpd": 0.550520003, "Distance_MxSpd": 3557.36377, "Max_Distance": 3557.36377, "Hover_Time": 189.874664, "Max_Speed": 17.0, "Max_uc_at_MFD": 0.821474254, "Mot_amps_ratio_MFD": 0.954935014, "Mot_amps_ratio_MxSpd": 0.954935014, "Mot_power_ratio_MFD": 0.47463277, "Mot_power_ratio_MxSpd": 0.47463277, "Power_MFD": 3214.32202, "Power_MxSpd": 3214.32202, "Speed_MFD": 17.0}