{"Interferences": 12, "Mass": 5.574275385470549, "Batt_amps_ratio_MFD": 1.11515427, "Batt_amps_ratio_MxSpd": 1.71787691, "Distance_MxSpd": 2816.49976, "Max_Distance": 3202.42676, "Hover_Time": 136.235657, "Max_Speed": 42.0, "Max_uc_at_MFD": 0.690950871, "Mot_amps_ratio_MFD": 0.754348814, "Mot_amps_ratio_MxSpd": 0.914164841, "Mot_power_ratio_MFD": 0.562402666, "Mot_power_ratio_MxSpd": 0.681553066, "Power_MFD": 2941.56567, "Power_MxSpd": 5429.00635, "Speed_MFD": 31.0}