{"Interferences": 0, "Mass": 6.913895422402085, "Batt_amps_ratio_MFD": 0.241459355, "Batt_amps_ratio_MxSpd": 0.241459355, "Distance_MxSpd": 397.582428, "Max_Distance": 397.582428, "Hover_Time": 0.0, "Max_Speed": 1.0, "Max_uc_at_MFD": 0.557195783, "Mot_amps_ratio_MFD": 0.166949242, "Mot_amps_ratio_MxSpd": 0.166949242, "Mot_power_ratio_MFD": 0.0715292171, "Mot_power_ratio_MxSpd": 0.0715292171, "Power_MFD": 1026.78088, "Power_MxSpd": 1026.78088, "Speed_MFD": 1.0}