{"Interferences": 76, "Mass": 4.409847997080094, "Batt_amps_ratio_MFD": 1.44951463, "Batt_amps_ratio_MxSpd": 1.50813949, "Distance_MxSpd": 942.087891, "Max_Distance": 953.698547, "Hover_Time": 47.2105865, "Max_Speed": 37.0, "Max_uc_at_MFD": 0.797778726, "Mot_amps_ratio_MFD": 0.726003587, "Mot_amps_ratio_MxSpd": 0.805487335, "Mot_power_ratio_MFD": 0.727551162, "Mot_power_ratio_MxSpd": 0.807204366, "Power_MFD": 1958.68884, "Power_MxSpd": 2141.44727, "Speed_MFD": 36.0}