{"Interferences": 32, "Mass": 5.1937892524550096, "Batt_amps_ratio_MFD": 0.348658353, "Batt_amps_ratio_MxSpd": 0.348658353, "Distance_MxSpd": 2092.59302, "Max_Distance": 2092.59302, "Hover_Time": 123.461479, "Max_Speed": 19.0, "Max_uc_at_MFD": 0.999440789, "Mot_amps_ratio_MFD": 0.214717865, "Mot_amps_ratio_MxSpd": 0.214717865, "Mot_power_ratio_MFD": 0.133263603, "Mot_power_ratio_MxSpd": 0.133263603, "Power_MFD": 1091.15601, "Power_MxSpd": 1091.15601, "Speed_MFD": 19.0}