{"Interferences": 76, "Mass": 8.043492406695771, "Batt_amps_ratio_MFD": 1.14181077, "Batt_amps_ratio_MxSpd": 1.28555369, "Distance_MxSpd": 4629.91162, "Max_Distance": 4708.31055, "Hover_Time": 229.309662, "Max_Speed": 31.0, "Max_uc_at_MFD": 0.524826288, "Mot_amps_ratio_MFD": 0.954907238, "Mot_amps_ratio_MxSpd": 0.890998721, "Mot_power_ratio_MFD": 0.628116786, "Mot_power_ratio_MxSpd": 0.58607918, "Power_MFD": 1757.34717, "Power_MxSpd": 2059.47803, "Speed_MFD": 28.0}