{"Interferences": 2, "Mass": 3.2166533101926884, "Batt_amps_ratio_MFD": 1.11738229, "Batt_amps_ratio_MxSpd": 1.11738229, "Distance_MxSpd": 68.7320709, "Max_Distance": 68.7320709, "Hover_Time": 34.291481, "Max_Speed": 2.0, "Max_uc_at_MFD": 0.671560407, "Mot_amps_ratio_MFD": 0.972928703, "Mot_amps_ratio_MxSpd": 0.972928703, "Mot_power_ratio_MFD": 0.488113403, "Mot_power_ratio_MxSpd": 0.488113403, "Power_MFD": 814.948608, "Power_MxSpd": 814.948608, "Speed_MFD": 2.0}