{
  "generator_version":"UAV2_gen12",
  "name":"design_1136_12977432ca41442eb5a1c5b2a4debe90_s",
  "hub":{
    "node_type":"ConnectedHub3_2_1",
    "angle":180.0,
    "centerSegment":{
      "node_type":"DoubleBendSegment",
      "angle":-90.0,
      "arm1Length":327.6175897120068,
      "arm2Length":449.52657606020756,
      "mainSegment":{
        "node_type":"PropArm",
        "armLength":111.68514679352977,
        "motor":{
          "motorType":"t_motor_AT4120KV500"
        },
        "prop":{
          "propType":"apc_propellers_17x8"
        },
        "flange":{
          "offset":-21.646250552910505,
          "angle":90.0
        }
      }
    },
    "mainSegment":{
      "node_type":"SidewaysBendWithTopSegment",
      "angle":-90.0,
      "armLength":492.0413533473269,
      "mainSegment":{
        "node_type":"DoubleBendSegment",
        "angle":-127.91740532598992,
        "arm1Length":470.6528433137544,
        "arm2Length":309.4907755963284,
        "mainSegment":{
          "node_type":"PropArm",
          "armLength":477.2440804847337,
          "motor":{
            "motorType":"t_motor_AT4120KV500"
          },
          "prop":{
            "propType":"apc_propellers_17x7E"
          },
          "flange":{
            "offset":20.190630245843806,
            "angle":0.0
          }
        }
      },
      "topSegment":{
        "node_type":"WingArm",
        "armLength":124.33565173196082,
        "wing":{
          "wingType":"Wing_horiz_hole",
          "nacaProfile":"2612",
          "span":1424.0273746443481,
          "chordInner":422.2459871893388,
          "chordOuter":70.90864849997124,
          "taperOffset":true,
          "aileronBias":0.97033371241175,
          "flapBias":0.10251747465362811,
          "load":334.68983502113633,
          "tubeOffset":20.559009569133934,
          "tubeRot":278.20663164243
        },
        "servo":{
          "servoType":"Hitec_HS_7245MH"
        }
      }
    }
  },
  "fuselageWithComponents":{
    "node_type":"SingleBatteryFuselageWithComponents",
    "battery":{
      "batteryType":"Tattu25C28000mAh6S1P"
    },
    "fuselage":{
      "length":205.0,
      "vertDiameter":181.5,
      "horzDiameter":386.4,
      "floorHeight":30.25,
      "batteryX":0.0,
      "batteryY":6.0,
      "rpmX":0.0,
      "rpmY":-118.8,
      "autoPilotX":0.0,
      "autoPilotY":62.5,
      "currentX":0.0,
      "currentY":-98.65,
      "voltageX":0.0,
      "voltageY":116.3,
      "gpsX":0.0,
      "gpsY":-58.5,
      "varioX":0.0,
      "varioY":94.65
    }
  }
}