{"Interferences": 22, "Mass": 12.150759558219802, "Batt_amps_ratio_MFD": 0.528177559, "Batt_amps_ratio_MxSpd": 0.528177559, "Distance_MxSpd": 2908.11279, "Max_Distance": 2908.11279, "Hover_Time": 0.0, "Max_Speed": 16.0, "Max_uc_at_MFD": 0.623672187, "Mot_amps_ratio_MFD": 0.888952851, "Mot_amps_ratio_MxSpd": 0.888952851, "Mot_power_ratio_MFD": 0.916256368, "Mot_power_ratio_MxSpd": 0.916256368, "Power_MFD": 2581.97583, "Power_MxSpd": 2581.97583, "Speed_MFD": 16.0}