{"Interferences": 9, "Mass": 4.861661797783284, "Batt_amps_ratio_MFD": 0.0890115574, "Batt_amps_ratio_MxSpd": 0.0890115574, "Distance_MxSpd": 14236.3535, "Max_Distance": 14236.3535, "Hover_Time": 0.0, "Max_Speed": 11.0, "Max_uc_at_MFD": 0.996633768, "Mot_amps_ratio_MFD": 0.81461817, "Mot_amps_ratio_MxSpd": 0.81461817, "Mot_power_ratio_MFD": 0.669797182, "Mot_power_ratio_MxSpd": 0.669797182, "Power_MFD": 701.892029, "Power_MxSpd": 701.892029, "Speed_MFD": 11.0}