{"Interferences": 63, "Mass": 7.426461427952658, "Batt_amps_ratio_MFD": 0.618887305, "Batt_amps_ratio_MxSpd": 0.618887305, "Distance_MxSpd": 1178.88989, "Max_Distance": 1178.88989, "Hover_Time": 0.0, "Max_Speed": 19.0, "Max_uc_at_MFD": 0.999122798, "Mot_amps_ratio_MFD": 0.997844934, "Mot_amps_ratio_MxSpd": 0.997844934, "Mot_power_ratio_MFD": 0.531790435, "Mot_power_ratio_MxSpd": 0.531790435, "Power_MFD": 2306.51196, "Power_MxSpd": 2306.51196, "Speed_MFD": 19.0}