{"Interferences": 6, "Mass": 2.735296630257528, "Batt_amps_ratio_MFD": 0.662362814, "Batt_amps_ratio_MxSpd": 0.662362814, "Distance_MxSpd": 811.639709, "Max_Distance": 811.639709, "Hover_Time": 67.5088654, "Max_Speed": 14.0, "Max_uc_at_MFD": 0.997698486, "Mot_amps_ratio_MFD": 0.211776063, "Mot_amps_ratio_MxSpd": 0.211776063, "Mot_power_ratio_MFD": 0.0652976185, "Mot_power_ratio_MxSpd": 0.0652976185, "Power_MFD": 350.781464, "Power_MxSpd": 350.781464, "Speed_MFD": 14.0}