{"Interferences": 29, "Mass": 13.899443227313416, "Batt_amps_ratio_MFD": 1.36504865, "Batt_amps_ratio_MxSpd": 1.7686758, "Distance_MxSpd": 2214.53809, "Max_Distance": 2362.99292, "Hover_Time": 92.8028793, "Max_Speed": 34.0, "Max_uc_at_MFD": 0.998616695, "Mot_amps_ratio_MFD": 0.782159984, "Mot_amps_ratio_MxSpd": 0.724575937, "Mot_power_ratio_MFD": 0.578798413, "Mot_power_ratio_MxSpd": 0.536186159, "Power_MFD": 4778.18799, "Power_MxSpd": 6848.69873, "Speed_MFD": 28.0}