{"Interferences": 6, "Mass": 2.675073639975301, "Batt_amps_ratio_MFD": 0.575151443, "Batt_amps_ratio_MxSpd": 0.575151443, "Distance_MxSpd": 1468.83057, "Max_Distance": 1468.83057, "Hover_Time": 0.0, "Max_Speed": 22.0, "Max_uc_at_MFD": 0.933385253, "Mot_amps_ratio_MFD": 0.636437535, "Mot_amps_ratio_MxSpd": 0.636437535, "Mot_power_ratio_MFD": 0.313975841, "Mot_power_ratio_MxSpd": 0.313975841, "Power_MFD": 676.458984, "Power_MxSpd": 676.458984, "Speed_MFD": 22.0}