{"Interferences": 6, "Mass": 7.370211833489843, "Batt_amps_ratio_MFD": 3.00812745, "Batt_amps_ratio_MxSpd": 3.25035954, "Distance_MxSpd": 378.050507, "Max_Distance": 382.962524, "Hover_Time": 16.1061783, "Max_Speed": 32.0, "Max_uc_at_MFD": 0.961310565, "Mot_amps_ratio_MFD": 0.90490067, "Mot_amps_ratio_MxSpd": 0.989469826, "Mot_power_ratio_MFD": 0.621796072, "Mot_power_ratio_MxSpd": 0.679907084, "Power_MFD": 4098.69971, "Power_MxSpd": 4704.93994, "Speed_MFD": 30.0}