{"Interferences": 60, "Mass": 10.156844224918068, "Batt_amps_ratio_MFD": 0.931307018, "Batt_amps_ratio_MxSpd": 1.06466305, "Distance_MxSpd": 3696.94409, "Max_Distance": 3917.07568, "Hover_Time": 165.387222, "Max_Speed": 41.0, "Max_uc_at_MFD": 0.999373078, "Mot_amps_ratio_MFD": 0.897857904, "Mot_amps_ratio_MxSpd": 0.828601539, "Mot_power_ratio_MFD": 0.835876763, "Mot_power_ratio_MxSpd": 0.771401286, "Power_MFD": 6491.34521, "Power_MxSpd": 7910.91162, "Speed_MFD": 38.0}