{"Interferences": 14, "Mass": 3.968004276543591, "Batt_amps_ratio_MFD": 1.23697031, "Batt_amps_ratio_MxSpd": 1.91482246, "Distance_MxSpd": 561.514221, "Max_Distance": 651.915405, "Hover_Time": 38.4187012, "Max_Speed": 28.0, "Max_uc_at_MFD": 0.847503006, "Mot_amps_ratio_MFD": 0.404787451, "Mot_amps_ratio_MxSpd": 0.951994777, "Mot_power_ratio_MFD": 0.264302403, "Mot_power_ratio_MxSpd": 0.47687614, "Power_MFD": 857.43219, "Power_MxSpd": 1483.59619, "Speed_MFD": 21.0}