{"Interferences": 0, "Mass": 3.6092196569738446, "Batt_amps_ratio_MFD": 0.196972087, "Batt_amps_ratio_MxSpd": 0.227420628, "Distance_MxSpd": 4052.40283, "Max_Distance": 4093.9812, "Hover_Time": 280.080017, "Max_Speed": 24.0, "Max_uc_at_MFD": 0.999994516, "Mot_amps_ratio_MFD": 0.520313561, "Mot_amps_ratio_MxSpd": 0.458879381, "Mot_power_ratio_MFD": 0.260303348, "Mot_power_ratio_MxSpd": 0.229568958, "Power_MFD": 788.653381, "Power_MxSpd": 991.156616, "Speed_MFD": 21.0}