{"Interferences": 0, "Mass": 4.270232898029548, "Batt_amps_ratio_MFD": 0.515648782, "Batt_amps_ratio_MxSpd": 0.515648782, "Distance_MxSpd": 1042.57007, "Max_Distance": 1042.57007, "Hover_Time": 0.0, "Max_Speed": 14.0, "Max_uc_at_MFD": 0.939124107, "Mot_amps_ratio_MFD": 0.973396838, "Mot_amps_ratio_MxSpd": 0.973396838, "Mot_power_ratio_MFD": 0.720313668, "Mot_power_ratio_MxSpd": 0.720313668, "Power_MFD": 1628.06812, "Power_MxSpd": 1628.06812, "Speed_MFD": 14.0}