{"Interferences": 7, "Mass": 4.684603464801399, "Batt_amps_ratio_MFD": 1.20917666, "Batt_amps_ratio_MxSpd": 1.47958505, "Distance_MxSpd": 830.503174, "Max_Distance": 889.200073, "Hover_Time": 45.0622864, "Max_Speed": 32.0, "Max_uc_at_MFD": 0.825960219, "Mot_amps_ratio_MFD": 0.687641799, "Mot_amps_ratio_MxSpd": 0.876442134, "Mot_power_ratio_MFD": 0.34445563, "Mot_power_ratio_MxSpd": 0.439030081, "Power_MFD": 1395.91931, "Power_MxSpd": 2022.30444, "Speed_MFD": 28.0}