{"Interferences": 10, "Mass": 3.646222163400272, "Batt_amps_ratio_MFD": 0.434896082, "Batt_amps_ratio_MxSpd": 0.434896082, "Distance_MxSpd": 794.672607, "Max_Distance": 794.672607, "Hover_Time": 0.0, "Max_Speed": 9.0, "Max_uc_at_MFD": 0.857468069, "Mot_amps_ratio_MFD": 0.507388473, "Mot_amps_ratio_MxSpd": 0.507388473, "Mot_power_ratio_MFD": 0.25416258, "Mot_power_ratio_MxSpd": 0.25416258, "Power_MFD": 324.950409, "Power_MxSpd": 324.950409, "Speed_MFD": 9.0}