{"Interferences": 10, "Mass": 5.386222365814715, "Batt_amps_ratio_MFD": 0.419481486, "Batt_amps_ratio_MxSpd": 0.419481486, "Distance_MxSpd": 640.791138, "Max_Distance": 640.791138, "Hover_Time": 0.0, "Max_Speed": 7.0, "Max_uc_at_MFD": 0.971892059, "Mot_amps_ratio_MFD": 0.926942825, "Mot_amps_ratio_MxSpd": 0.926942825, "Mot_power_ratio_MFD": 0.477706611, "Mot_power_ratio_MxSpd": 0.477706611, "Power_MFD": 1406.35828, "Power_MxSpd": 1406.35828, "Speed_MFD": 7.0}