{"Interferences": 0, "Mass": 4.720181699534575, "Batt_amps_ratio_MFD": 0.344081134, "Batt_amps_ratio_MxSpd": 0.6494084, "Distance_MxSpd": 2483.49121, "Max_Distance": 3013.24292, "Hover_Time": 166.747894, "Max_Speed": 42.0, "Max_uc_at_MFD": 0.548493385, "Mot_amps_ratio_MFD": 0.358151764, "Mot_amps_ratio_MxSpd": 0.682088017, "Mot_power_ratio_MFD": 0.29567188, "Mot_power_ratio_MxSpd": 0.609891772, "Power_MFD": 1341.38623, "Power_MxSpd": 4142.53467, "Speed_MFD": 27.0}