{"Interferences": 15, "Mass": 3.2936647211469485, "Batt_amps_ratio_MFD": 0.487654597, "Batt_amps_ratio_MxSpd": 0.487654597, "Distance_MxSpd": 1102.41956, "Max_Distance": 1102.41956, "Hover_Time": 0.0, "Max_Speed": 14.0, "Max_uc_at_MFD": 1.0, "Mot_amps_ratio_MFD": 0.595184207, "Mot_amps_ratio_MxSpd": 0.595184207, "Mot_power_ratio_MFD": 0.293624222, "Mot_power_ratio_MxSpd": 0.293624222, "Power_MFD": 443.061829, "Power_MxSpd": 443.061829, "Speed_MFD": 14.0}