{"Interferences": 19, "Mass": 4.724990005616259, "Batt_amps_ratio_MFD": 0.802326083, "Batt_amps_ratio_MxSpd": 0.802326083, "Distance_MxSpd": 1292.24268, "Max_Distance": 1292.24268, "Hover_Time": 0.0, "Max_Speed": 27.0, "Max_uc_at_MFD": 0.66855365, "Mot_amps_ratio_MFD": 0.865112662, "Mot_amps_ratio_MxSpd": 0.865112662, "Mot_power_ratio_MFD": 0.86695683, "Mot_power_ratio_MxSpd": 0.86695683, "Power_MFD": 2516.01245, "Power_MxSpd": 2516.01245, "Speed_MFD": 27.0}