{"Interferences": 17, "Mass": 5.794827460965983, "Batt_amps_ratio_MFD": 0.464864939, "Batt_amps_ratio_MxSpd": 0.516660988, "Distance_MxSpd": 2378.34863, "Max_Distance": 2395.53442, "Hover_Time": 107.096977, "Max_Speed": 32.0, "Max_uc_at_MFD": 0.677618504, "Mot_amps_ratio_MFD": 0.881800711, "Mot_amps_ratio_MxSpd": 0.977346003, "Mot_power_ratio_MFD": 0.661350548, "Mot_power_ratio_MxSpd": 0.733009517, "Power_MFD": 1852.13586, "Power_MxSpd": 2234.2229, "Speed_MFD": 29.0}