{
  "generator_version":"UAV2_gen12",
  "name":"design_2069_2936cfc788ee43cd8526ac62b37d6472_dw",
  "hub":{
    "node_type":"ConnectedHub4_2_2",
    "frontSegment":{
      "node_type":"AngledWingArm",
      "arm1Length":231.66651642589,
      "arm2Length":188.22298907666809,
      "wing":{
        "wingType":"Wing_vert_hole",
        "nacaProfile":"0025",
        "span":1814.3692649685247,
        "chordInner":477.3589332611678,
        "chordOuter":191.37897539776628,
        "taperOffset":true,
        "aileronBias":0.6671974334008732,
        "flapBias":0.38533100333352976,
        "load":131.47871897423843,
        "tubeOffset":37.95117788757569,
        "tubeRot":270.0
      },
      "servo":{
        "servoType":"Hitec_D485HW"
      }
    },
    "rearSegment":{
      "node_type":"PropArm",
      "armLength":169.7216162057307,
      "motor":{
        "motorType":"t_motor_AT4130KV300"
      },
      "prop":{
        "propType":"apc_propellers_13x14"
      },
      "flange":{
        "offset":7.095423401679234,
        "angle":65.20841741209802
      }
    }
  },
  "fuselageWithComponents":{
    "node_type":"DualBatteryFuselageWithComponents",
    "battery":{
      "batteryType":"TurnigyGraphene1000mAh3S75C"
    },
    "fuselage":{
      "length":84.0,
      "vertDiameter":52.5,
      "horzDiameter":360.9,
      "floorHeight":8.75,
      "battery1X":-5.0,
      "battery1Y":-6.5,
      "battery2X":-5.0,
      "battery2Y":19.5,
      "rpmX":-5.0,
      "rpmY":-110.3,
      "autoPilotX":-5.0,
      "autoPilotY":54.0,
      "currentX":-5.0,
      "currentY":-90.15,
      "voltageX":-5.0,
      "voltageY":107.8,
      "gpsX":-5.0,
      "gpsY":-50.0,
      "varioX":-5.0,
      "varioY":86.15
    }
  }
}