{
  "generator_version":"UAV2_gen12",
  "name":"design_4089_7fb53a4fd97d4c3aa5821ba285b553a9_s",
  "hub":{
    "node_type":"ConnectedHub6_Sym",
    "mainSegment":{
      "node_type":"CrossSegment",
      "armLength":84.2093679184361,
      "sideSegment":{
        "node_type":"BendSegment",
        "angle":-90.0,
        "armLength":366.6993753495782,
        "mainSegment":{
          "node_type":"PropArm",
          "armLength":327.98305039780786,
          "motor":{
            "motorType":"t_motor_MN5208KV340"
          },
          "prop":{
            "propType":"apc_propellers_16x12"
          },
          "flange":{
            "offset":-35.47571061680319,
            "angle":78.39093425035196
          }
        }
      },
      "centerSegment":{
        "node_type":"BranchSegment_Sym",
        "armLength":125.75715886116906,
        "angle":120.0,
        "mainSegment":{
          "node_type":"BendSegment",
          "angle":2.564815295418839,
          "armLength":228.2212045468053,
          "mainSegment":{
            "node_type":"AngledWingArm",
            "arm1Length":71.90488992835202,
            "arm2Length":187.12491153230917,
            "wing":{
              "wingType":"Wing_horiz_hole",
              "nacaProfile":"4409",
              "span":1997.096096216764,
              "chordInner":359.23863703161095,
              "chordOuter":55.7012144708748,
              "taperOffset":false,
              "aileronBias":0.9165986992499972,
              "flapBias":0.6656772381568204,
              "load":358.14213050253846,
              "tubeOffset":24.301591912546296,
              "tubeRot":270.0
            },
            "servo":{
              "servoType":"Hitec_HS_5070MH"
            }
          }
        }
      }
    }
  },
  "fuselageWithComponents":{
    "node_type":"SingleBatteryFuselageWithComponents",
    "battery":{
      "batteryType":"TattuPro25C22000mAh14S1P"
    },
    "fuselage":{
      "length":238.0,
      "vertDiameter":261.0,
      "horzDiameter":461.4,
      "floorHeight":43.5,
      "batteryX":0.0,
      "batteryY":6.0,
      "rpmX":0.0,
      "rpmY":-143.8,
      "autoPilotX":0.0,
      "autoPilotY":87.5,
      "currentX":0.0,
      "currentY":-123.65,
      "voltageX":0.0,
      "voltageY":141.3,
      "gpsX":0.0,
      "gpsY":-83.5,
      "varioX":0.0,
      "varioY":119.65
    }
  }
}