{"Interferences": 14, "Mass": 7.159876714080158, "Batt_amps_ratio_MFD": 1.51129699, "Batt_amps_ratio_MxSpd": 1.51129699, "Distance_MxSpd": 1753.19617, "Max_Distance": 1753.19617, "Hover_Time": 76.6818619, "Max_Speed": 23.0, "Max_uc_at_MFD": 0.590250015, "Mot_amps_ratio_MFD": 0.975237489, "Mot_amps_ratio_MxSpd": 0.975237489, "Mot_power_ratio_MFD": 0.856388867, "Mot_power_ratio_MxSpd": 0.856388867, "Power_MFD": 3108.19849, "Power_MxSpd": 3108.19849, "Speed_MFD": 23.0}