{"Interferences": 7, "Mass": 4.262432244823582, "Batt_amps_ratio_MFD": 0.424574912, "Batt_amps_ratio_MxSpd": 0.46087423, "Distance_MxSpd": 6748.9126, "Max_Distance": 6783.25537, "Hover_Time": 406.786255, "Max_Speed": 27.0, "Max_uc_at_MFD": 0.986935735, "Mot_amps_ratio_MFD": 0.794185042, "Mot_amps_ratio_MxSpd": 0.79312396, "Mot_power_ratio_MFD": 0.483985722, "Mot_power_ratio_MxSpd": 0.483339071, "Power_MFD": 1192.71497, "Power_MxSpd": 1345.00195, "Speed_MFD": 25.0}