{"Interferences": 58, "Mass": 3.5234691947026566, "Batt_amps_ratio_MFD": 0.327232003, "Batt_amps_ratio_MxSpd": 0.327232003, "Distance_MxSpd": 1877.56702, "Max_Distance": 1877.56702, "Hover_Time": 133.343262, "Max_Speed": 16.0, "Max_uc_at_MFD": 0.99614954, "Mot_amps_ratio_MFD": 0.437668085, "Mot_amps_ratio_MxSpd": 0.437668085, "Mot_power_ratio_MFD": 0.161937192, "Mot_power_ratio_MxSpd": 0.161937192, "Power_MFD": 558.330505, "Power_MxSpd": 558.330505, "Speed_MFD": 16.0}