{"Interferences": 82, "Mass": 12.08324175127014, "Batt_amps_ratio_MFD": 0.431621403, "Batt_amps_ratio_MxSpd": 0.456881464, "Distance_MxSpd": 7774.44531, "Max_Distance": 7784.6001, "Hover_Time": 239.820908, "Max_Speed": 37.0, "Max_uc_at_MFD": 0.868134141, "Mot_amps_ratio_MFD": 0.890230775, "Mot_amps_ratio_MxSpd": 0.949302018, "Mot_power_ratio_MFD": 0.445067644, "Mot_power_ratio_MxSpd": 0.474600106, "Power_MFD": 4755.82568, "Power_MxSpd": 5342.83105, "Speed_MFD": 35.0}