{"Interferences": 3, "Mass": 3.6855537793093935, "Batt_amps_ratio_MFD": 0.879259825, "Batt_amps_ratio_MxSpd": 1.0496788, "Distance_MxSpd": 1024.31335, "Max_Distance": 1048.1543, "Hover_Time": 65.0346298, "Max_Speed": 28.0, "Max_uc_at_MFD": 0.828067958, "Mot_amps_ratio_MFD": 0.476809442, "Mot_amps_ratio_MxSpd": 0.593271017, "Mot_power_ratio_MFD": 0.23522599, "Mot_power_ratio_MxSpd": 0.292680353, "Power_MFD": 966.326233, "Power_MxSpd": 1350.56116, "Speed_MFD": 24.0}