{"Interferences": 8, "Mass": 3.9574532391779695, "Batt_amps_ratio_MFD": 0.229964137, "Batt_amps_ratio_MxSpd": 0.229964137, "Distance_MxSpd": 3005.68604, "Max_Distance": 3005.68604, "Hover_Time": 0.0, "Max_Speed": 18.0, "Max_uc_at_MFD": 0.979391694, "Mot_amps_ratio_MFD": 0.307480663, "Mot_amps_ratio_MxSpd": 0.307480663, "Mot_power_ratio_MFD": 0.154068068, "Mot_power_ratio_MxSpd": 0.154068068, "Power_MFD": 657.049988, "Power_MxSpd": 657.049988, "Speed_MFD": 18.0}