{"Interferences": 24, "Mass": 10.559413958624866, "Batt_amps_ratio_MFD": 0.132553414, "Batt_amps_ratio_MxSpd": 0.166445494, "Distance_MxSpd": 15226.6064, "Max_Distance": 16512.5879, "Hover_Time": 0.0, "Max_Speed": 22.0, "Max_uc_at_MFD": 0.653658092, "Mot_amps_ratio_MFD": 0.739446759, "Mot_amps_ratio_MxSpd": 0.876302063, "Mot_power_ratio_MFD": 0.561979532, "Mot_power_ratio_MxSpd": 0.665989578, "Power_MFD": 927.566162, "Power_MxSpd": 1328.76404, "Speed_MFD": 19.0}