{"Interferences": 0, "Mass": 8.968996908934983, "Batt_amps_ratio_MFD": 0.296349913, "Batt_amps_ratio_MxSpd": 0.356582046, "Distance_MxSpd": 10015.0869, "Max_Distance": 10106.9707, "Hover_Time": 480.602325, "Max_Speed": 31.0, "Max_uc_at_MFD": 0.973776579, "Mot_amps_ratio_MFD": 0.504409969, "Mot_amps_ratio_MxSpd": 0.467687905, "Mot_power_ratio_MFD": 0.311052799, "Mot_power_ratio_MxSpd": 0.288407534, "Power_MFD": 2182.38379, "Power_MxSpd": 2722.28394, "Speed_MFD": 26.0}