{"Interferences": 30, "Mass": 9.807254124730273, "Batt_amps_ratio_MFD": 1.29557717, "Batt_amps_ratio_MxSpd": 1.70925438, "Distance_MxSpd": 1909.60461, "Max_Distance": 2074.75098, "Hover_Time": 74.1273804, "Max_Speed": 34.0, "Max_uc_at_MFD": 0.732656002, "Mot_amps_ratio_MFD": 0.718949437, "Mot_amps_ratio_MxSpd": 0.912147999, "Mot_power_ratio_MFD": 0.719681501, "Mot_power_ratio_MxSpd": 0.913076699, "Power_MFD": 4392.01611, "Power_MxSpd": 6538.09619, "Speed_MFD": 28.0}