{"Interferences": 10, "Mass": 9.948221553790365, "Batt_amps_ratio_MFD": 1.28535807, "Batt_amps_ratio_MxSpd": 1.28535807, "Distance_MxSpd": 1971.74622, "Max_Distance": 1971.74622, "Hover_Time": 0.0, "Max_Speed": 22.0, "Max_uc_at_MFD": 0.642091691, "Mot_amps_ratio_MFD": 0.949295998, "Mot_amps_ratio_MxSpd": 0.949295998, "Mot_power_ratio_MFD": 0.842974842, "Mot_power_ratio_MxSpd": 0.842974842, "Power_MFD": 2297.21533, "Power_MxSpd": 2297.21533, "Speed_MFD": 22.0}