{"Interferences": 0, "Mass": 4.4713895498342895, "Batt_amps_ratio_MFD": 0.360035121, "Batt_amps_ratio_MxSpd": 0.623191953, "Distance_MxSpd": 2218.25732, "Max_Distance": 2666.40649, "Hover_Time": 154.621704, "Max_Speed": 36.0, "Max_uc_at_MFD": 0.823221385, "Mot_amps_ratio_MFD": 0.503933251, "Mot_amps_ratio_MxSpd": 0.651241362, "Mot_power_ratio_MFD": 0.466138244, "Mot_power_ratio_MxSpd": 0.602398276, "Power_MFD": 1326.07629, "Power_MxSpd": 2963.61816, "Speed_MFD": 25.0}