{"Interferences": 47, "Mass": 11.882564496415524, "Batt_amps_ratio_MFD": 3.7549746, "Batt_amps_ratio_MxSpd": 3.7549746, "Distance_MxSpd": 4448.49854, "Max_Distance": 4448.49854, "Hover_Time": 0.0, "Max_Speed": 29.0, "Max_uc_at_MFD": 0.999879181, "Mot_amps_ratio_MFD": 0.947171271, "Mot_amps_ratio_MxSpd": 0.947171271, "Mot_power_ratio_MFD": 0.750961959, "Mot_power_ratio_MxSpd": 0.750961959, "Power_MFD": 7252.48535, "Power_MxSpd": 7252.48535, "Speed_MFD": 29.0}