{"Interferences": 35, "Mass": 2.233638023360541, "Batt_amps_ratio_MFD": 0.72350502, "Batt_amps_ratio_MxSpd": 0.72350502, "Distance_MxSpd": 53.0749588, "Max_Distance": 53.0749588, "Hover_Time": 52.9970512, "Max_Speed": 1.0, "Max_uc_at_MFD": 0.462622643, "Mot_amps_ratio_MFD": 0.422829717, "Mot_amps_ratio_MxSpd": 0.422829717, "Mot_power_ratio_MFD": 0.65308094, "Mot_power_ratio_MxSpd": 0.65308094, "Power_MFD": 611.388611, "Power_MxSpd": 611.388611, "Speed_MFD": 1.0}