{"Interferences": 79, "Mass": 6.077063529309304, "Batt_amps_ratio_MFD": 0.392752171, "Batt_amps_ratio_MxSpd": 0.434177786, "Distance_MxSpd": 3095.5061, "Max_Distance": 3128.69043, "Hover_Time": 136.481628, "Max_Speed": 35.0, "Max_uc_at_MFD": 0.846953452, "Mot_amps_ratio_MFD": 0.866808712, "Mot_amps_ratio_MxSpd": 0.882787764, "Mot_power_ratio_MFD": 0.53453207, "Mot_power_ratio_MxSpd": 0.544385791, "Power_MFD": 1875.78894, "Power_MxSpd": 2189.27808, "Speed_MFD": 32.0}