{"Interferences": 37, "Mass": 2.704192012043076, "Batt_amps_ratio_MFD": 0.917655647, "Batt_amps_ratio_MxSpd": 1.13367999, "Distance_MxSpd": 982.287781, "Max_Distance": 1004.29828, "Hover_Time": 0.0, "Max_Speed": 29.0, "Max_uc_at_MFD": 0.523459613, "Mot_amps_ratio_MFD": 0.701769412, "Mot_amps_ratio_MxSpd": 0.990365088, "Mot_power_ratio_MFD": 0.526623547, "Mot_power_ratio_MxSpd": 0.743192315, "Power_MFD": 688.723511, "Power_MxSpd": 1062.59009, "Speed_MFD": 24.0}