{"Interferences": 71, "Mass": 10.253750424598785, "Batt_amps_ratio_MFD": 4.0344367, "Batt_amps_ratio_MxSpd": 5.09429836, "Distance_MxSpd": 180.908142, "Max_Distance": 190.361145, "Hover_Time": 11.4676437, "Max_Speed": 24.0, "Max_uc_at_MFD": 0.774647951, "Mot_amps_ratio_MFD": 0.725460529, "Mot_amps_ratio_MxSpd": 0.961259961, "Mot_power_ratio_MFD": 0.747742534, "Mot_power_ratio_MxSpd": 0.906948805, "Power_MFD": 2730.61865, "Power_MxSpd": 3597.25, "Speed_MFD": 20.0}