{"Interferences": 8, "Mass": 4.502771466938047, "Batt_amps_ratio_MFD": 0.789156199, "Batt_amps_ratio_MxSpd": 0.789156199, "Distance_MxSpd": 973.191406, "Max_Distance": 973.191406, "Hover_Time": 53.6917381, "Max_Speed": 20.0, "Max_uc_at_MFD": 1.0, "Mot_amps_ratio_MFD": 0.309986681, "Mot_amps_ratio_MxSpd": 0.309986681, "Mot_power_ratio_MFD": 0.156402364, "Mot_power_ratio_MxSpd": 0.156402364, "Power_MFD": 1153.52795, "Power_MxSpd": 1153.52795, "Speed_MFD": 20.0}