{"Interferences": 3, "Mass": 4.162497696674099, "Batt_amps_ratio_MFD": 1.4781487, "Batt_amps_ratio_MxSpd": 1.4781487, "Distance_MxSpd": 285.762848, "Max_Distance": 285.762848, "Hover_Time": 0.0, "Max_Speed": 11.0, "Max_uc_at_MFD": 0.99381268, "Mot_amps_ratio_MFD": 0.67165482, "Mot_amps_ratio_MxSpd": 0.67165482, "Mot_power_ratio_MFD": 0.336543262, "Mot_power_ratio_MxSpd": 0.336543262, "Power_MFD": 1565.33594, "Power_MxSpd": 1565.33594, "Speed_MFD": 11.0}