{"Interferences": 19, "Mass": 9.72289896531387, "Batt_amps_ratio_MFD": 0.260423064, "Batt_amps_ratio_MxSpd": 0.260423064, "Distance_MxSpd": 4423.57129, "Max_Distance": 4423.57129, "Hover_Time": 0.0, "Max_Speed": 12.0, "Max_uc_at_MFD": 0.945692241, "Mot_amps_ratio_MFD": 0.986821771, "Mot_amps_ratio_MxSpd": 0.986821771, "Mot_power_ratio_MFD": 0.730248094, "Mot_power_ratio_MxSpd": 0.730248094, "Power_MFD": 1982.62634, "Power_MxSpd": 1982.62634, "Speed_MFD": 12.0}