{"Interferences": 39, "Mass": 4.57150508431512, "Batt_amps_ratio_MFD": 0.192592546, "Batt_amps_ratio_MxSpd": 0.192592546, "Distance_MxSpd": 797.538696, "Max_Distance": 797.538696, "Hover_Time": 199.295319, "Max_Speed": 4.0, "Max_uc_at_MFD": 0.999999642, "Mot_amps_ratio_MFD": 0.424058765, "Mot_amps_ratio_MxSpd": 0.424058765, "Mot_power_ratio_MFD": 0.205933541, "Mot_power_ratio_MxSpd": 0.205933541, "Power_MFD": 564.865295, "Power_MxSpd": 564.865295, "Speed_MFD": 4.0}