{"Interferences": 12, "Mass": 8.951026585008362, "Batt_amps_ratio_MFD": 0.230747402, "Batt_amps_ratio_MxSpd": 0.28109625, "Distance_MxSpd": 13934.0176, "Max_Distance": 13978.9219, "Hover_Time": 622.46875, "Max_Speed": 34.0, "Max_uc_at_MFD": 0.741087854, "Mot_amps_ratio_MFD": 0.852631807, "Mot_amps_ratio_MxSpd": 0.966393113, "Mot_power_ratio_MFD": 0.639928997, "Mot_power_ratio_MxSpd": 0.86956507, "Power_MFD": 2114.40918, "Power_MxSpd": 2800.52783, "Speed_MFD": 28.0}