{"Interferences": 14, "Mass": 5.126450833684567, "Batt_amps_ratio_MFD": 1.10899961, "Batt_amps_ratio_MxSpd": 2.6431427, "Distance_MxSpd": 552.070068, "Max_Distance": 623.264404, "Hover_Time": 34.6462517, "Max_Speed": 38.0, "Max_uc_at_MFD": 0.708361268, "Mot_amps_ratio_MFD": 0.540738821, "Mot_amps_ratio_MxSpd": 0.963294446, "Mot_power_ratio_MFD": 0.400146753, "Mot_power_ratio_MxSpd": 0.908868313, "Power_MFD": 972.839172, "Power_MxSpd": 4136.85986, "Speed_MFD": 18.0}