{
  "generator_version":"UAV2_gen12",
  "name":"design_7085_6e37dfb7a4504d7da93387fb8f637d45_dw",
  "hub":{
    "node_type":"ConnectedHub6_Sym",
    "mainSegment":{
      "node_type":"BranchWithTopSegment_Asym",
      "armLength":255.7810528912818,
      "angle":120.0,
      "leftSegment":{
        "node_type":"AngledWingArm",
        "arm1Length":345.4668722934416,
        "arm2Length":67.88799864766011,
        "wing":{
          "wingType":"Wing_vert_hole",
          "nacaProfile":"0021",
          "span":514.9522502426239,
          "chordInner":155.24079793100486,
          "chordOuter":54.1498370745897,
          "taperOffset":false,
          "aileronBias":0.2943895708564668,
          "flapBias":0.9713405455136132,
          "load":328.18321353709257,
          "tubeOffset":35.603848108306416,
          "tubeRot":270.0
        },
        "servo":{
          "servoType":"Hitec_HS_53"
        }
      },
      "rightSegment":{
        "node_type":"AngledPropArm",
        "armLength":300.3260441815769,
        "motor":{
          "motorType":"t_motor_AT4120KV500"
        },
        "prop":{
          "propType":"apc_propellers_19x8W"
        }
      },
      "topSegment":{
        "node_type":"AngledWingArm",
        "arm1Length":125.9246483056694,
        "arm2Length":72.4321419290659,
        "wing":{
          "wingType":"Wing_vert_hole",
          "nacaProfile":"4306",
          "span":1279.9386461738948,
          "chordInner":225.119845794904,
          "chordOuter":57.09441263673769,
          "taperOffset":true,
          "aileronBias":0.7690760371082666,
          "flapBias":0.31670162181444417,
          "load":178.34752105154297,
          "tubeOffset":78.49965777906674,
          "tubeRot":262.82102864795723
        },
        "servo":{
          "servoType":"Hitec_HS_5087MH"
        }
      }
    }
  },
  "fuselageWithComponents":{
    "node_type":"DualBatteryFuselageWithComponents",
    "battery":{
      "batteryType":"TurnigyGraphene1000mAh3S75C"
    },
    "fuselage":{
      "length":84.0,
      "vertDiameter":52.5,
      "horzDiameter":360.9,
      "floorHeight":8.75,
      "battery1X":-5.0,
      "battery1Y":-6.5,
      "battery2X":-5.0,
      "battery2Y":19.5,
      "rpmX":-5.0,
      "rpmY":-110.3,
      "autoPilotX":-5.0,
      "autoPilotY":54.0,
      "currentX":-5.0,
      "currentY":-90.15,
      "voltageX":-5.0,
      "voltageY":107.8,
      "gpsX":-5.0,
      "gpsY":-50.0,
      "varioX":-5.0,
      "varioY":86.15
    }
  }
}