{"Interferences": 4, "Mass": 5.804931952851812, "Batt_amps_ratio_MFD": 0.759075582, "Batt_amps_ratio_MxSpd": 0.759075582, "Distance_MxSpd": 3794.08862, "Max_Distance": 3794.08862, "Hover_Time": 164.582001, "Max_Speed": 25.0, "Max_uc_at_MFD": 0.665864289, "Mot_amps_ratio_MFD": 0.81675297, "Mot_amps_ratio_MxSpd": 0.81675297, "Mot_power_ratio_MFD": 0.612564743, "Mot_power_ratio_MxSpd": 0.612564743, "Power_MFD": 2092.11401, "Power_MxSpd": 2092.11401, "Speed_MFD": 25.0}