{
  "generator_version":"UAV2_gen12",
  "name":"design_29268_0957fb3022b54c32a979291da17f4106_dw",
  "hub":{
    "node_type":"ConnectedHub6_2_2_2",
    "frontSegment":{
      "node_type":"DoubleBendSegment",
      "angle":-105.05948426752128,
      "arm1Length":422.91708913486804,
      "arm2Length":87.18204857507274,
      "mainSegment":{
        "node_type":"PropArm",
        "armLength":101.1916678432295,
        "motor":{
          "motorType":"t_motor_AT4125KV540"
        },
        "prop":{
          "propType":"apc_propellers_19x10E"
        },
        "flange":{
          "offset":46.36870873534761,
          "angle":0.0
        }
      }
    },
    "middleSegment":{
      "node_type":"PropArm",
      "armLength":270.54766609020646,
      "motor":{
        "motorType":"t_motor_AntigravityMN5008KV400"
      },
      "prop":{
        "propType":"apc_propellers_16x8"
      },
      "flange":{
        "offset":43.35699742928813,
        "angle":0.0
      }
    },
    "rearSegment":{
      "node_type":"AngledWingArm",
      "arm1Length":145.08833569749595,
      "arm2Length":187.24073606094262,
      "wing":{
        "wingType":"Wing_horiz_hole",
        "nacaProfile":"6409",
        "span":1301.4158728881578,
        "chordInner":369.87578899139055,
        "chordOuter":188.938885084614,
        "taperOffset":false,
        "aileronBias":0.3951259033712795,
        "flapBias":0.4375815400866513,
        "load":403.1449786578669,
        "tubeOffset":67.72513800958254,
        "tubeRot":270.0
      },
      "servo":{
        "servoType":"Hitec_HS_45HB"
      }
    }
  },
  "fuselageWithComponents":{
    "node_type":"DualBatteryFuselageWithComponents",
    "battery":{
      "batteryType":"TurnigyGraphene1000mAh4S75C"
    },
    "fuselage":{
      "length":84.0,
      "vertDiameter":52.5,
      "horzDiameter":378.9,
      "floorHeight":8.75,
      "battery1X":-4.5,
      "battery1Y":-9.5,
      "battery2X":-4.5,
      "battery2Y":22.5,
      "rpmX":-4.5,
      "rpmY":-116.3,
      "autoPilotX":-4.5,
      "autoPilotY":60.0,
      "currentX":-4.5,
      "currentY":-96.15,
      "voltageX":-4.5,
      "voltageY":113.8,
      "gpsX":-4.5,
      "gpsY":-56.0,
      "varioX":-4.5,
      "varioY":92.15
    }
  }
}