{"Interferences": 11, "Mass": 7.601337771945743, "Batt_amps_ratio_MFD": 0.882552743, "Batt_amps_ratio_MxSpd": 0.882552743, "Distance_MxSpd": 7179.17432, "Max_Distance": 7179.17432, "Hover_Time": 596.182373, "Max_Speed": 11.0, "Max_uc_at_MFD": 0.963550329, "Mot_amps_ratio_MFD": 0.660021842, "Mot_amps_ratio_MxSpd": 0.660021842, "Mot_power_ratio_MFD": 0.610520184, "Mot_power_ratio_MxSpd": 0.610520184, "Power_MFD": 1773.00415, "Power_MxSpd": 1773.00415, "Speed_MFD": 11.0}