{
  "generator_version":"UAV2_gen12",
  "name":"design_9038_17b228dc56cc4aa0b099856e42091c59_dw_dl",
  "hub":{
    "node_type":"ConnectedHub6_2_2_2",
    "frontSegment":{
      "node_type":"PropArm",
      "armLength":393.56612374997326,
      "motor":{
        "motorType":"t_motor_AT4125KV540"
      },
      "prop":{
        "propType":"apc_propellers_18x8E"
      },
      "flange":{
        "offset":-9.548022965305428,
        "angle":0.0
      }
    },
    "middleSegment":{
      "node_type":"AngledWingArm",
      "arm1Length":59.68652149138923,
      "arm2Length":53.94124506317091,
      "wing":{
        "wingType":"Wing_horiz_hole",
        "nacaProfile":"2315",
        "span":298.36280897485824,
        "chordInner":279.38787900395323,
        "chordOuter":90.99682626727129,
        "taperOffset":false,
        "aileronBias":0.12400699269854797,
        "flapBias":0.6473033079339441,
        "load":904.2429881273628,
        "tubeOffset":11.667130654478273,
        "tubeRot":245.5672615601273
      },
      "servo":{
        "servoType":"Hitec_HS_5245MG"
      }
    },
    "rearSegment":{
      "node_type":"AngledWingArm",
      "arm1Length":182.6956823259574,
      "arm2Length":165.96379719053598,
      "wing":{
        "wingType":"Wing_vert_hole",
        "nacaProfile":"0021",
        "span":1890.153178690058,
        "chordInner":270.0118605433105,
        "chordOuter":166.13812224495473,
        "taperOffset":true,
        "aileronBias":0.43365213736043207,
        "flapBias":0.1749244433877274,
        "load":267.76708154751077,
        "tubeOffset":86.20728147627288,
        "tubeRot":270.3192428760867
      },
      "servo":{
        "servoType":"Hitec_D89MW"
      }
    }
  },
  "fuselageWithComponents":{
    "node_type":"DualBatteryFuselageWithComponents",
    "battery":{
      "batteryType":"TurnigyGraphene2200mAh3S75C"
    },
    "fuselage":{
      "length":213.0,
      "vertDiameter":52.5,
      "horzDiameter":332.4,
      "floorHeight":8.75,
      "battery1X":-53.25,
      "battery1Y":6.0,
      "battery2X":54.25,
      "battery2Y":6.0,
      "rpmX":0.0,
      "rpmY":-100.8,
      "autoPilotX":0.0,
      "autoPilotY":44.5,
      "currentX":0.0,
      "currentY":-80.65,
      "voltageX":0.0,
      "voltageY":98.3,
      "gpsX":0.0,
      "gpsY":-40.5,
      "varioX":0.0,
      "varioY":76.65
    }
  }
}