{"Interferences": 17, "Mass": 4.673049662138681, "Batt_amps_ratio_MFD": 0.706531703, "Batt_amps_ratio_MxSpd": 0.706531703, "Distance_MxSpd": 597.850037, "Max_Distance": 597.850037, "Hover_Time": 0.0, "Max_Speed": 11.0, "Max_uc_at_MFD": 0.941742659, "Mot_amps_ratio_MFD": 0.674453139, "Mot_amps_ratio_MxSpd": 0.674453139, "Mot_power_ratio_MFD": 0.332730204, "Mot_power_ratio_MxSpd": 0.332730204, "Power_MFD": 1397.99219, "Power_MxSpd": 1397.99219, "Speed_MFD": 11.0}