{"Interferences": 5, "Mass": 5.368494805288135, "Batt_amps_ratio_MFD": 0.293552011, "Batt_amps_ratio_MxSpd": 0.293552011, "Distance_MxSpd": 3008.66626, "Max_Distance": 3008.66626, "Hover_Time": 167.161209, "Max_Speed": 23.0, "Max_uc_at_MFD": 0.992944241, "Mot_amps_ratio_MFD": 0.191041782, "Mot_amps_ratio_MxSpd": 0.191041782, "Mot_power_ratio_MFD": 0.066267617, "Mot_power_ratio_MxSpd": 0.066267617, "Power_MFD": 1277.14893, "Power_MxSpd": 1277.14893, "Speed_MFD": 23.0}