{"Interferences": 6, "Mass": 3.4096253628714632, "Batt_amps_ratio_MFD": 0.567184031, "Batt_amps_ratio_MxSpd": 0.567184031, "Distance_MxSpd": 1083.24634, "Max_Distance": 1083.24634, "Hover_Time": 74.9129868, "Max_Speed": 16.0, "Max_uc_at_MFD": 0.99969542, "Mot_amps_ratio_MFD": 0.233513027, "Mot_amps_ratio_MxSpd": 0.233513027, "Mot_power_ratio_MFD": 0.10869655, "Mot_power_ratio_MxSpd": 0.10869655, "Power_MFD": 634.707886, "Power_MxSpd": 634.707886, "Speed_MFD": 16.0}