{"Interferences": 16, "Mass": 3.198794105149715, "Batt_amps_ratio_MFD": 0.764616132, "Batt_amps_ratio_MxSpd": 1.24939573, "Distance_MxSpd": 891.310852, "Max_Distance": 1004.42554, "Hover_Time": 0.0, "Max_Speed": 29.0, "Max_uc_at_MFD": 0.660736322, "Mot_amps_ratio_MFD": 0.456728399, "Mot_amps_ratio_MxSpd": 0.838571429, "Mot_power_ratio_MFD": 0.405574799, "Mot_power_ratio_MxSpd": 0.744651437, "Power_MFD": 650.776245, "Power_MxSpd": 1537.71606, "Speed_MFD": 20.0}