{
  "generator_version":"UAV2_gen12",
  "name":"design_5712_35b2d31dba5446b9959f1eebd061f34e_dw",
  "hub":{
    "node_type":"ConnectedHub4_1_2_1",
    "frontSegment":{
      "node_type":"BranchSegment_Sym",
      "armLength":68.55300273459734,
      "angle":142.44868113670836,
      "mainSegment":{
        "node_type":"BranchSegment_Sym",
        "armLength":383.0230730692596,
        "angle":180.0,
        "mainSegment":{
          "node_type":"PropArm",
          "armLength":96.28653587918345,
          "motor":{
            "motorType":"kde_direct_KDE3520XF_400"
          },
          "prop":{
            "propType":"apc_propellers_15x8"
          },
          "flange":{
            "offset":-42.194095731664184,
            "angle":180.0
          }
        }
      }
    },
    "middleSegment":{
      "node_type":"WingArm",
      "armLength":368.1435587692556,
      "wing":{
        "wingType":"Wing_vert_hole",
        "nacaProfile":"4515",
        "span":1887.212078495789,
        "chordInner":311.3308201879436,
        "chordOuter":135.15715946637096,
        "taperOffset":true,
        "aileronBias":0.3380096177135833,
        "flapBias":0.25464648163744286,
        "load":258.74387497355053,
        "tubeOffset":48.88356099948102,
        "tubeRot":282.02762567821577
      },
      "servo":{
        "servoType":"Hitec_D89MW"
      }
    },
    "rearSegment":{
      "node_type":"PropArm",
      "armLength":56.29120094672571,
      "motor":{
        "motorType":"t_motor_MN3520KV400"
      },
      "prop":{
        "propType":"apc_propellers_16x8E"
      },
      "flange":{
        "offset":18.0000523864814,
        "angle":126.28927417341355
      }
    }
  },
  "fuselageWithComponents":{
    "node_type":"DualBatteryFuselageWithComponents",
    "battery":{
      "batteryType":"TurnigyGraphene5000mAh3S75C"
    },
    "fuselage":{
      "length":144.0,
      "vertDiameter":76.5,
      "horzDiameter":384.9,
      "floorHeight":12.75,
      "battery1X":0.0,
      "battery1Y":-10.5,
      "battery2X":0.0,
      "battery2Y":23.5,
      "rpmX":0.0,
      "rpmY":-118.3,
      "autoPilotX":0.0,
      "autoPilotY":62.0,
      "currentX":0.0,
      "currentY":-98.15,
      "voltageX":0.0,
      "voltageY":115.8,
      "gpsX":0.0,
      "gpsY":-58.0,
      "varioX":0.0,
      "varioY":94.15
    }
  }
}