{"Interferences": 22, "Mass": 3.835993786391717, "Batt_amps_ratio_MFD": 0.971120894, "Batt_amps_ratio_MxSpd": 0.971120894, "Distance_MxSpd": 395.419373, "Max_Distance": 395.419373, "Hover_Time": 0.0, "Max_Speed": 10.0, "Max_uc_at_MFD": 0.996525764, "Mot_amps_ratio_MFD": 0.887486219, "Mot_amps_ratio_MxSpd": 0.887486219, "Mot_power_ratio_MFD": 0.394043893, "Mot_power_ratio_MxSpd": 0.394043893, "Power_MFD": 1024.5719, "Power_MxSpd": 1024.5719, "Speed_MFD": 10.0}