{"Interferences": 8, "Mass": 5.182138439291709, "Batt_amps_ratio_MFD": 0.316206813, "Batt_amps_ratio_MxSpd": 0.597340107, "Distance_MxSpd": 2249.97461, "Max_Distance": 2550.22974, "Hover_Time": 154.750778, "Max_Speed": 35.0, "Max_uc_at_MFD": 0.467316836, "Mot_amps_ratio_MFD": 0.555247784, "Mot_amps_ratio_MxSpd": 0.669637918, "Mot_power_ratio_MFD": 0.555813134, "Mot_power_ratio_MxSpd": 0.670319676, "Power_MFD": 1055.40234, "Power_MxSpd": 2645.58179, "Speed_MFD": 21.0}