{"Interferences": 6, "Mass": 8.569523014767729, "Batt_amps_ratio_MFD": 3.07503295, "Batt_amps_ratio_MxSpd": 3.07503295, "Distance_MxSpd": 112.389038, "Max_Distance": 112.389038, "Hover_Time": 0.0, "Max_Speed": 9.0, "Max_uc_at_MFD": 0.999897838, "Mot_amps_ratio_MFD": 0.99161011, "Mot_amps_ratio_MxSpd": 0.99161011, "Mot_power_ratio_MFD": 0.568076074, "Mot_power_ratio_MxSpd": 0.568076074, "Power_MFD": 4551.45752, "Power_MxSpd": 4551.45752, "Speed_MFD": 9.0}