{"Interferences": 0, "Mass": 6.486520552253383, "Batt_amps_ratio_MFD": 0.352437705, "Batt_amps_ratio_MxSpd": 0.352437705, "Distance_MxSpd": 4902.99414, "Max_Distance": 4902.99414, "Hover_Time": 245.884079, "Max_Speed": 21.0, "Max_uc_at_MFD": 0.999999464, "Mot_amps_ratio_MFD": 0.271282375, "Mot_amps_ratio_MxSpd": 0.271282375, "Mot_power_ratio_MFD": 0.252555162, "Mot_power_ratio_MxSpd": 0.252555162, "Power_MFD": 1483.82996, "Power_MxSpd": 1483.82996, "Speed_MFD": 21.0}