{"Interferences": 7, "Mass": 3.8118000387264, "Batt_amps_ratio_MFD": 0.341965765, "Batt_amps_ratio_MxSpd": 0.544309795, "Distance_MxSpd": 2398.63403, "Max_Distance": 2695.00659, "Hover_Time": 170.971878, "Max_Speed": 34.0, "Max_uc_at_MFD": 0.62883991, "Mot_amps_ratio_MFD": 0.464155167, "Mot_amps_ratio_MxSpd": 0.819547236, "Mot_power_ratio_MFD": 0.303066015, "Mot_power_ratio_MxSpd": 0.535116136, "Power_MFD": 932.378601, "Power_MxSpd": 2136.15454, "Speed_MFD": 24.0}