{"Interferences": 34, "Mass": 5.594238446349486, "Batt_amps_ratio_MFD": 2.42960954, "Batt_amps_ratio_MxSpd": 2.42960954, "Distance_MxSpd": 47.4150276, "Max_Distance": 47.4150276, "Hover_Time": 20.7806721, "Max_Speed": 3.0, "Max_uc_at_MFD": 0.639671564, "Mot_amps_ratio_MFD": 0.646283686, "Mot_amps_ratio_MxSpd": 0.646283686, "Mot_power_ratio_MFD": 0.215549275, "Mot_power_ratio_MxSpd": 0.215549275, "Power_MFD": 1437.87573, "Power_MxSpd": 1437.87573, "Speed_MFD": 3.0}