{"Interferences": 8, "Mass": 5.300579035323845, "Batt_amps_ratio_MFD": 0.282217503, "Batt_amps_ratio_MxSpd": 0.282217503, "Distance_MxSpd": 4081.95801, "Max_Distance": 4081.95801, "Hover_Time": 411.024689, "Max_Speed": 10.0, "Max_uc_at_MFD": 0.999060214, "Mot_amps_ratio_MFD": 0.749356806, "Mot_amps_ratio_MxSpd": 0.749356806, "Mot_power_ratio_MFD": 0.554524064, "Mot_power_ratio_MxSpd": 0.554524064, "Power_MFD": 857.909058, "Power_MxSpd": 857.909058, "Speed_MFD": 10.0}