{"Interferences": 6, "Mass": 4.882190909013704, "Batt_amps_ratio_MFD": 0.341149688, "Batt_amps_ratio_MxSpd": 0.341149688, "Distance_MxSpd": 1800.96899, "Max_Distance": 1800.96899, "Hover_Time": 0.0, "Max_Speed": 16.0, "Max_uc_at_MFD": 0.995505035, "Mot_amps_ratio_MFD": 0.831167638, "Mot_amps_ratio_MxSpd": 0.831167638, "Mot_power_ratio_MFD": 0.432466924, "Mot_power_ratio_MxSpd": 0.432466924, "Power_MFD": 2370.79443, "Power_MxSpd": 2370.79443, "Speed_MFD": 16.0}