{"Interferences": 51, "Mass": 7.491553597108924, "Batt_amps_ratio_MFD": 0.906938493, "Batt_amps_ratio_MxSpd": 1.14716709, "Distance_MxSpd": 6025.27783, "Max_Distance": 6986.14062, "Hover_Time": 238.503159, "Max_Speed": 36.0, "Max_uc_at_MFD": 0.96680814, "Mot_amps_ratio_MFD": 0.764318824, "Mot_amps_ratio_MxSpd": 0.784449875, "Mot_power_ratio_MFD": 0.254745632, "Mot_power_ratio_MxSpd": 0.261455238, "Power_MFD": 2617.09644, "Power_MxSpd": 3557.43506, "Speed_MFD": 33.0}