{"Interferences": 77, "Mass": 8.86284545393804, "Batt_amps_ratio_MFD": 0.1487533, "Batt_amps_ratio_MxSpd": 0.1487533, "Distance_MxSpd": 7099.00195, "Max_Distance": 7099.00195, "Hover_Time": 0.0, "Max_Speed": 11.0, "Max_uc_at_MFD": 0.740380049, "Mot_amps_ratio_MFD": 0.967310667, "Mot_amps_ratio_MxSpd": 0.967310667, "Mot_power_ratio_MFD": 0.954413176, "Mot_power_ratio_MxSpd": 0.954413176, "Power_MFD": 1472.80652, "Power_MxSpd": 1472.80652, "Speed_MFD": 11.0}