{"Interferences": 0, "Mass": 12.96695972861272, "Batt_amps_ratio_MFD": 0.378864497, "Batt_amps_ratio_MxSpd": 0.378864497, "Distance_MxSpd": 8209.79492, "Max_Distance": 8209.79492, "Hover_Time": 313.774445, "Max_Speed": 27.0, "Max_uc_at_MFD": 0.999925435, "Mot_amps_ratio_MFD": 0.763082683, "Mot_amps_ratio_MxSpd": 0.763082683, "Mot_power_ratio_MFD": 0.71040535, "Mot_power_ratio_MxSpd": 0.71040535, "Power_MFD": 5651.88721, "Power_MxSpd": 5651.88721, "Speed_MFD": 27.0}