{"Interferences": 4, "Mass": 3.4000114616527446, "Batt_amps_ratio_MFD": 0.998752534, "Batt_amps_ratio_MxSpd": 0.998752534, "Distance_MxSpd": 615.167419, "Max_Distance": 615.167419, "Hover_Time": 44.4821968, "Max_Speed": 16.0, "Max_uc_at_MFD": 0.736316264, "Mot_amps_ratio_MFD": 0.989802897, "Mot_amps_ratio_MxSpd": 0.989802897, "Mot_power_ratio_MFD": 0.742508948, "Mot_power_ratio_MxSpd": 0.742508948, "Power_MFD": 1002.98975, "Power_MxSpd": 1002.98975, "Speed_MFD": 16.0}