{"Interferences": 24, "Mass": 5.295531405658731, "Batt_amps_ratio_MFD": 0.536726058, "Batt_amps_ratio_MxSpd": 0.609845698, "Distance_MxSpd": 9759.8457, "Max_Distance": 10016.2822, "Hover_Time": 560.060852, "Max_Speed": 31.0, "Max_uc_at_MFD": 0.969931901, "Mot_amps_ratio_MFD": 0.832334757, "Mot_amps_ratio_MxSpd": 0.850017011, "Mot_power_ratio_MFD": 0.416401833, "Mot_power_ratio_MxSpd": 0.425247967, "Power_MFD": 1694.67322, "Power_MxSpd": 1957.53809, "Speed_MFD": 28.0}