{"Interferences": 35, "Mass": 6.20125371910666, "Batt_amps_ratio_MFD": 0.672583699, "Batt_amps_ratio_MxSpd": 0.672583699, "Distance_MxSpd": 1541.51819, "Max_Distance": 1541.51819, "Hover_Time": 0.0, "Max_Speed": 27.0, "Max_uc_at_MFD": 0.383619815, "Mot_amps_ratio_MFD": 0.99526149, "Mot_amps_ratio_MxSpd": 0.99526149, "Mot_power_ratio_MFD": 0.939029217, "Mot_power_ratio_MxSpd": 0.939029217, "Power_MFD": 1461.91638, "Power_MxSpd": 1461.91638, "Speed_MFD": 27.0}