{"Interferences": 29, "Mass": 6.546115189709412, "Batt_amps_ratio_MFD": 0.225302815, "Batt_amps_ratio_MxSpd": 0.225302815, "Distance_MxSpd": 5624.43018, "Max_Distance": 5624.43018, "Hover_Time": 0.0, "Max_Speed": 11.0, "Max_uc_at_MFD": 0.914320886, "Mot_amps_ratio_MFD": 0.843832493, "Mot_amps_ratio_MxSpd": 0.843832493, "Mot_power_ratio_MFD": 0.42334646, "Mot_power_ratio_MxSpd": 0.42334646, "Power_MFD": 1226.50659, "Power_MxSpd": 1226.50659, "Speed_MFD": 11.0}