{"Interferences": 31, "Mass": 3.01797510792396, "Batt_amps_ratio_MFD": 0.717463255, "Batt_amps_ratio_MxSpd": 0.717463255, "Distance_MxSpd": 749.306641, "Max_Distance": 749.306641, "Hover_Time": 63.0915527, "Max_Speed": 14.0, "Max_uc_at_MFD": 0.999147773, "Mot_amps_ratio_MFD": 0.303349912, "Mot_amps_ratio_MxSpd": 0.303349912, "Mot_power_ratio_MFD": 0.124710523, "Mot_power_ratio_MxSpd": 0.124710523, "Power_MFD": 383.07724, "Power_MxSpd": 383.07724, "Speed_MFD": 14.0}