{"Interferences": 21, "Mass": 5.102594779258944, "Batt_amps_ratio_MFD": 0.367014349, "Batt_amps_ratio_MxSpd": 0.460986584, "Distance_MxSpd": 2498.98804, "Max_Distance": 2615.70166, "Hover_Time": 133.824219, "Max_Speed": 30.0, "Max_uc_at_MFD": 0.913622916, "Mot_amps_ratio_MFD": 0.572128534, "Mot_amps_ratio_MxSpd": 0.610805631, "Mot_power_ratio_MFD": 0.243504137, "Mot_power_ratio_MxSpd": 0.306053817, "Power_MFD": 1241.54956, "Power_MxSpd": 1766.99609, "Speed_MFD": 25.0}