{"Interferences": 11, "Mass": 3.650513209141261, "Batt_amps_ratio_MFD": 1.00915217, "Batt_amps_ratio_MxSpd": 1.00915217, "Distance_MxSpd": 799.086609, "Max_Distance": 799.086609, "Hover_Time": 49.3741188, "Max_Speed": 21.0, "Max_uc_at_MFD": 0.911026895, "Mot_amps_ratio_MFD": 0.295398533, "Mot_amps_ratio_MxSpd": 0.295398533, "Mot_power_ratio_MFD": 0.148014113, "Mot_power_ratio_MxSpd": 0.148014113, "Power_MFD": 705.862549, "Power_MxSpd": 705.862549, "Speed_MFD": 21.0}