{"Interferences": 12, "Mass": 12.534155672031895, "Batt_amps_ratio_MFD": 0.658366024, "Batt_amps_ratio_MxSpd": 0.658366024, "Distance_MxSpd": 10061.2725, "Max_Distance": 10061.2725, "Hover_Time": 0.0, "Max_Speed": 23.0, "Max_uc_at_MFD": 0.826842308, "Mot_amps_ratio_MFD": 0.928056717, "Mot_amps_ratio_MxSpd": 0.928056717, "Mot_power_ratio_MFD": 0.954109788, "Mot_power_ratio_MxSpd": 0.954109788, "Power_MFD": 3472.50635, "Power_MxSpd": 3472.50635, "Speed_MFD": 23.0}