{"Interferences": 53, "Mass": 5.273278953553052, "Batt_amps_ratio_MFD": 0.230971351, "Batt_amps_ratio_MxSpd": 0.230971351, "Distance_MxSpd": 3491.34204, "Max_Distance": 3491.34204, "Hover_Time": 184.515976, "Max_Speed": 21.0, "Max_uc_at_MFD": 1.0, "Mot_amps_ratio_MFD": 0.576213598, "Mot_amps_ratio_MxSpd": 0.576213598, "Mot_power_ratio_MFD": 0.288106799, "Mot_power_ratio_MxSpd": 0.288106799, "Power_MFD": 1111.7168, "Power_MxSpd": 1111.7168, "Speed_MFD": 21.0}