{"Interferences": 0, "Mass": 4.800903478387037, "Batt_amps_ratio_MFD": 0.299425811, "Batt_amps_ratio_MxSpd": 0.315342367, "Distance_MxSpd": 3166.08252, "Max_Distance": 3206.13647, "Hover_Time": 194.306915, "Max_Speed": 26.0, "Max_uc_at_MFD": 0.768878698, "Mot_amps_ratio_MFD": 0.758436143, "Mot_amps_ratio_MxSpd": 0.695339262, "Mot_power_ratio_MFD": 0.935404539, "Mot_power_ratio_MxSpd": 0.857585132, "Power_MFD": 1325.68445, "Power_MxSpd": 1401.33716, "Speed_MFD": 25.0}