{"Interferences": 88, "Mass": 4.506938987153142, "Batt_amps_ratio_MFD": 1.05080843, "Batt_amps_ratio_MxSpd": 1.05080843, "Distance_MxSpd": 803.952454, "Max_Distance": 803.952454, "Hover_Time": 33.5002632, "Max_Speed": 22.0, "Max_uc_at_MFD": 0.735523701, "Mot_amps_ratio_MFD": 0.469505072, "Mot_amps_ratio_MxSpd": 0.469505072, "Mot_power_ratio_MFD": 0.470505893, "Mot_power_ratio_MxSpd": 0.470505893, "Power_MFD": 1174.95972, "Power_MxSpd": 1174.95972, "Speed_MFD": 22.0}