{"Interferences": 56, "Mass": 5.589147229631335, "Batt_amps_ratio_MFD": 3.16897917, "Batt_amps_ratio_MxSpd": 3.69594121, "Distance_MxSpd": 238.964844, "Max_Distance": 242.349335, "Hover_Time": 14.5123873, "Max_Speed": 23.0, "Max_uc_at_MFD": 0.999719083, "Mot_amps_ratio_MFD": 0.859519482, "Mot_amps_ratio_MxSpd": 0.972079098, "Mot_power_ratio_MFD": 0.868138671, "Mot_power_ratio_MxSpd": 0.981827021, "Power_MFD": 2817.92432, "Power_MxSpd": 3492.11963, "Speed_MFD": 20.0}