{"Interferences": 11, "Mass": 5.275408246303876, "Batt_amps_ratio_MFD": 0.495703578, "Batt_amps_ratio_MxSpd": 0.6287328, "Distance_MxSpd": 6229.67334, "Max_Distance": 6507.11475, "Hover_Time": 314.05954, "Max_Speed": 34.0, "Max_uc_at_MFD": 0.726976752, "Mot_amps_ratio_MFD": 0.630519211, "Mot_amps_ratio_MxSpd": 0.945466697, "Mot_power_ratio_MFD": 0.63422811, "Mot_power_ratio_MxSpd": 0.951028287, "Power_MFD": 1583.05969, "Power_MxSpd": 2486.19873, "Speed_MFD": 28.0}