{"Interferences": 24, "Mass": 4.37590139549056, "Batt_amps_ratio_MFD": 0.31559357, "Batt_amps_ratio_MxSpd": 0.31559357, "Distance_MxSpd": 2555.18506, "Max_Distance": 2555.18506, "Hover_Time": 180.671326, "Max_Speed": 21.0, "Max_uc_at_MFD": 0.989663363, "Mot_amps_ratio_MFD": 0.48676604, "Mot_amps_ratio_MxSpd": 0.48676604, "Mot_power_ratio_MFD": 0.181453541, "Mot_power_ratio_MxSpd": 0.181453541, "Power_MFD": 1537.00806, "Power_MxSpd": 1537.00806, "Speed_MFD": 21.0}