{"Interferences": 36, "Mass": 6.933717953707203, "Batt_amps_ratio_MFD": 3.92497277, "Batt_amps_ratio_MxSpd": 3.92497277, "Distance_MxSpd": 136.969101, "Max_Distance": 136.969101, "Hover_Time": 0.0, "Max_Speed": 14.0, "Max_uc_at_MFD": 0.889133513, "Mot_amps_ratio_MFD": 0.94436878, "Mot_amps_ratio_MxSpd": 0.94436878, "Mot_power_ratio_MFD": 0.630921245, "Mot_power_ratio_MxSpd": 0.630921245, "Power_MFD": 4578.93213, "Power_MxSpd": 4578.93213, "Speed_MFD": 14.0}