{"Interferences": 17, "Mass": 5.566293416700344, "Batt_amps_ratio_MFD": 0.368382305, "Batt_amps_ratio_MxSpd": 0.428444445, "Distance_MxSpd": 2509.54346, "Max_Distance": 2605.98853, "Hover_Time": 147.666443, "Max_Speed": 28.0, "Max_uc_at_MFD": 0.929315329, "Mot_amps_ratio_MFD": 0.459694743, "Mot_amps_ratio_MxSpd": 0.457581222, "Mot_power_ratio_MFD": 0.225115225, "Mot_power_ratio_MxSpd": 0.22408022, "Power_MFD": 1306.54358, "Power_MxSpd": 1585.21216, "Speed_MFD": 25.0}