{"Interferences": 12, "Mass": 2.989252241130516, "Batt_amps_ratio_MFD": 0.71042645, "Batt_amps_ratio_MxSpd": 0.71042645, "Distance_MxSpd": 1243.1969, "Max_Distance": 1243.1969, "Hover_Time": 0.0, "Max_Speed": 23.0, "Max_uc_at_MFD": 0.987778127, "Mot_amps_ratio_MFD": 0.423686653, "Mot_amps_ratio_MxSpd": 0.423686653, "Mot_power_ratio_MFD": 0.212059021, "Mot_power_ratio_MxSpd": 0.212059021, "Power_MFD": 706.851196, "Power_MxSpd": 706.851196, "Speed_MFD": 23.0}