{"Interferences": 14, "Mass": 2.3385707489217205, "Batt_amps_ratio_MFD": 0.455829561, "Batt_amps_ratio_MxSpd": 0.455829561, "Distance_MxSpd": 1600.59827, "Max_Distance": 1600.59827, "Hover_Time": 98.0651016, "Max_Speed": 19.0, "Max_uc_at_MFD": 0.994225085, "Mot_amps_ratio_MFD": 0.506381214, "Mot_amps_ratio_MxSpd": 0.506381214, "Mot_power_ratio_MFD": 0.249814734, "Mot_power_ratio_MxSpd": 0.249814734, "Power_MFD": 506.995148, "Power_MxSpd": 506.995148, "Speed_MFD": 19.0}