{"Interferences": 62, "Mass": 4.074687700950167, "Batt_amps_ratio_MFD": 0.248020932, "Batt_amps_ratio_MxSpd": 0.248020932, "Distance_MxSpd": 1083.77954, "Max_Distance": 1083.77954, "Hover_Time": 150.541031, "Max_Speed": 7.0, "Max_uc_at_MFD": 0.999077916, "Mot_amps_ratio_MFD": 0.282500386, "Mot_amps_ratio_MxSpd": 0.282500386, "Mot_power_ratio_MFD": 0.172159061, "Mot_power_ratio_MxSpd": 0.172159061, "Power_MFD": 553.762024, "Power_MxSpd": 553.762024, "Speed_MFD": 7.0}