{"Interferences": 9, "Mass": 6.369150106592803, "Batt_amps_ratio_MFD": 1.83592832, "Batt_amps_ratio_MxSpd": 2.2375772, "Distance_MxSpd": 600.649658, "Max_Distance": 648.391296, "Hover_Time": 26.9106121, "Max_Speed": 35.0, "Max_uc_at_MFD": 0.820319772, "Mot_amps_ratio_MFD": 0.530262291, "Mot_amps_ratio_MxSpd": 0.76693356, "Mot_power_ratio_MFD": 0.176735148, "Mot_power_ratio_MxSpd": 0.255617112, "Power_MFD": 2303.06982, "Power_MxSpd": 3317.11621, "Speed_MFD": 31.0}