{"Interferences": 4, "Mass": 4.079934009059227, "Batt_amps_ratio_MFD": 1.13391626, "Batt_amps_ratio_MxSpd": 1.69041991, "Distance_MxSpd": 726.919983, "Max_Distance": 914.353271, "Hover_Time": 34.4461899, "Max_Speed": 32.0, "Max_uc_at_MFD": 0.899465859, "Mot_amps_ratio_MFD": 0.573305607, "Mot_amps_ratio_MxSpd": 0.913009882, "Mot_power_ratio_MFD": 0.424246132, "Mot_power_ratio_MxSpd": 0.675627291, "Power_MFD": 1676.04077, "Power_MxSpd": 2953.51318, "Speed_MFD": 27.0}