{"Interferences": 7, "Mass": 5.497394830311582, "Batt_amps_ratio_MFD": 0.186535046, "Batt_amps_ratio_MxSpd": 0.186535046, "Distance_MxSpd": 4117.18896, "Max_Distance": 4117.18896, "Hover_Time": 517.210693, "Max_Speed": 8.0, "Max_uc_at_MFD": 0.99999994, "Mot_amps_ratio_MFD": 0.428169966, "Mot_amps_ratio_MxSpd": 0.428169966, "Mot_power_ratio_MFD": 0.316845775, "Mot_power_ratio_MxSpd": 0.316845775, "Power_MFD": 883.907104, "Power_MxSpd": 883.907104, "Speed_MFD": 8.0}