{"Interferences": 7, "Mass": 7.180791163788595, "Batt_amps_ratio_MFD": 0.511961222, "Batt_amps_ratio_MxSpd": 0.565753818, "Distance_MxSpd": 5938.979, "Max_Distance": 6000.45459, "Hover_Time": 260.395874, "Max_Speed": 35.0, "Max_uc_at_MFD": 0.902769923, "Mot_amps_ratio_MFD": 0.784840822, "Mot_amps_ratio_MxSpd": 0.908491254, "Mot_power_ratio_MFD": 0.740497291, "Mot_power_ratio_MxSpd": 0.857161522, "Power_MFD": 2491.34424, "Power_MxSpd": 2996.13843, "Speed_MFD": 32.0}