{"Interferences": 6, "Mass": 4.342901255928398, "Batt_amps_ratio_MFD": 0.113990657, "Batt_amps_ratio_MxSpd": 0.152911246, "Distance_MxSpd": 2762.38672, "Max_Distance": 3031.82739, "Hover_Time": 0.0, "Max_Speed": 11.0, "Max_uc_at_MFD": 0.917066991, "Mot_amps_ratio_MFD": 0.0409379229, "Mot_amps_ratio_MxSpd": 0.068994768, "Mot_power_ratio_MFD": 0.0151431626, "Mot_power_ratio_MxSpd": 0.0345219374, "Power_MFD": 130.613327, "Power_MxSpd": 186.310669, "Speed_MFD": 9.0}