{"Interferences": 20, "Mass": 3.70626770013627, "Batt_amps_ratio_MFD": 1.2732743, "Batt_amps_ratio_MxSpd": 1.2732743, "Distance_MxSpd": 784.120117, "Max_Distance": 784.120117, "Hover_Time": 33.8565674, "Max_Speed": 26.0, "Max_uc_at_MFD": 0.889629543, "Mot_amps_ratio_MFD": 0.959076345, "Mot_amps_ratio_MxSpd": 0.959076345, "Mot_power_ratio_MFD": 0.479639441, "Mot_power_ratio_MxSpd": 0.479639441, "Power_MFD": 1082.9386, "Power_MxSpd": 1082.9386, "Speed_MFD": 26.0}