{"Interferences": 4, "Mass": 5.737223899905094, "Batt_amps_ratio_MFD": 0.299783975, "Batt_amps_ratio_MxSpd": 0.354220212, "Distance_MxSpd": 3360.62134, "Max_Distance": 3586.58252, "Hover_Time": 159.857529, "Max_Speed": 31.0, "Max_uc_at_MFD": 0.894838333, "Mot_amps_ratio_MFD": 0.939109564, "Mot_amps_ratio_MxSpd": 0.992637455, "Mot_power_ratio_MFD": 0.704480946, "Mot_power_ratio_MxSpd": 0.744635284, "Power_MFD": 1735.8269, "Power_MxSpd": 2309.59888, "Speed_MFD": 28.0}