{
  "generator_version":"UAV2_gen12",
  "name":"design_2347_54cbc4bc769144e8a1c17203ba482bc6_s",
  "hub":{
    "node_type":"ConnectedHub4_2_2",
    "frontSegment":{
      "node_type":"PropArm",
      "armLength":211.89060291835796,
      "motor":{
        "motorType":"kde_direct_KDE700XF_455_G3"
      },
      "prop":{
        "propType":"apc_propellers_16x4W"
      },
      "flange":{
        "offset":16.333575505335872,
        "angle":270.0
      }
    },
    "rearSegment":{
      "node_type":"AngledWingArm",
      "arm1Length":394.13864768494153,
      "arm2Length":72.76849341958889,
      "wing":{
        "wingType":"Wing_vert_hole",
        "nacaProfile":"2512",
        "span":1278.8893042788632,
        "chordInner":175.3690330731522,
        "chordOuter":55.52386826177775,
        "taperOffset":false,
        "aileronBias":0.9837330431156286,
        "flapBias":0.5557509491406065,
        "load":639.9201103407919,
        "tubeOffset":15.14375305650372,
        "tubeRot":299.0484598883412
      },
      "servo":{
        "servoType":"Hitec_HS_85MG"
      }
    }
  },
  "fuselageWithComponents":{
    "node_type":"SingleBatteryFuselageWithComponents",
    "battery":{
      "batteryType":"TurnigyGraphene3000mAh3S75C"
    },
    "fuselage":{
      "length":137.0,
      "vertDiameter":67.5,
      "horzDiameter":324.9,
      "floorHeight":11.25,
      "batteryX":0.0,
      "batteryY":6.0,
      "rpmX":0.0,
      "rpmY":-98.3,
      "autoPilotX":0.0,
      "autoPilotY":42.0,
      "currentX":0.0,
      "currentY":-78.15,
      "voltageX":0.0,
      "voltageY":95.8,
      "gpsX":0.0,
      "gpsY":-38.0,
      "varioX":0.0,
      "varioY":74.15
    }
  }
}