{"Interferences": 12, "Mass": 11.643185276368904, "Batt_amps_ratio_MFD": 1.21711707, "Batt_amps_ratio_MxSpd": 1.5418036, "Distance_MxSpd": 5852.88574, "Max_Distance": 5994.49316, "Hover_Time": 200.155365, "Max_Speed": 47.0, "Max_uc_at_MFD": 0.38767454, "Mot_amps_ratio_MFD": 0.983191192, "Mot_amps_ratio_MxSpd": 0.944399357, "Mot_power_ratio_MFD": 0.983745098, "Mot_power_ratio_MxSpd": 0.944931388, "Power_MFD": 4264.71973, "Power_MxSpd": 6165.28125, "Speed_MFD": 38.0}