{
  "generator_version":"UAV2_gen12",
  "name":"design_6090_d0545f1935294f3da60bcaa0b2496a29_s",
  "hub":{
    "node_type":"ConnectedHub4_2_2",
    "frontSegment":{
      "node_type":"PropArm",
      "armLength":136.9796804338886,
      "motor":{
        "motorType":"t_motor_AntigravityMN5008KV400"
      },
      "prop":{
        "propType":"apc_propellers_15x5_5MR"
      },
      "flange":{
        "offset":-11.523692115597719,
        "angle":180.0
      }
    },
    "rearSegment":{
      "node_type":"AngledWingArm",
      "arm1Length":495.9743532338832,
      "arm2Length":138.00780800327647,
      "wing":{
        "wingType":"Wing_horiz_hole",
        "nacaProfile":"2406",
        "span":1505.4163770286164,
        "chordInner":493.5522089518783,
        "chordOuter":77.54012449122737,
        "taperOffset":true,
        "aileronBias":0.7059607477401953,
        "flapBias":0.9372939028880644,
        "load":312.1855670995456,
        "tubeOffset":74.8391086764304,
        "tubeRot":318.4537613007526
      },
      "servo":{
        "servoType":"Hitec_HS_5087MH"
      }
    }
  },
  "fuselageWithComponents":{
    "node_type":"SingleBatteryFuselageWithComponents",
    "battery":{
      "batteryType":"TurnigyGraphene2200mAh4S75C"
    },
    "fuselage":{
      "length":106.0,
      "vertDiameter":52.5,
      "horzDiameter":347.4,
      "floorHeight":8.75,
      "batteryX":0.0,
      "batteryY":6.0,
      "rpmX":0.0,
      "rpmY":-105.8,
      "autoPilotX":0.0,
      "autoPilotY":49.5,
      "currentX":0.0,
      "currentY":-85.65,
      "voltageX":0.0,
      "voltageY":103.3,
      "gpsX":0.0,
      "gpsY":-45.5,
      "varioX":0.0,
      "varioY":81.65
    }
  }
}