{"Interferences": 5, "Mass": 12.643083141234404, "Batt_amps_ratio_MFD": 0.536034405, "Batt_amps_ratio_MxSpd": 0.915174842, "Distance_MxSpd": 6042.12402, "Max_Distance": 7092.08203, "Hover_Time": 257.989471, "Max_Speed": 48.0, "Max_uc_at_MFD": 0.678556681, "Mot_amps_ratio_MFD": 0.662248552, "Mot_amps_ratio_MxSpd": 0.979922473, "Mot_power_ratio_MFD": 0.340037137, "Mot_power_ratio_MxSpd": 0.50314945, "Power_MFD": 4217.49902, "Power_MxSpd": 9309.04004, "Speed_MFD": 33.0}