{"Interferences": 33, "Mass": 3.226665901097615, "Batt_amps_ratio_MFD": 0.395389825, "Batt_amps_ratio_MxSpd": 0.395389825, "Distance_MxSpd": 776.954773, "Max_Distance": 776.954773, "Hover_Time": 98.8590317, "Max_Speed": 8.0, "Max_uc_at_MFD": 1.0, "Mot_amps_ratio_MFD": 0.195418388, "Mot_amps_ratio_MxSpd": 0.195418388, "Mot_power_ratio_MFD": 0.0998947918, "Mot_power_ratio_MxSpd": 0.0998947918, "Power_MFD": 449.104156, "Power_MxSpd": 449.104156, "Speed_MFD": 8.0}