{"Interferences": 2, "Mass": 4.91357917951543, "Batt_amps_ratio_MFD": 0.894907594, "Batt_amps_ratio_MxSpd": 0.894907594, "Distance_MxSpd": 643.641846, "Max_Distance": 643.641846, "Hover_Time": 50.9085426, "Max_Speed": 15.0, "Max_uc_at_MFD": 0.999629498, "Mot_amps_ratio_MFD": 0.75576818, "Mot_amps_ratio_MxSpd": 0.75576818, "Mot_power_ratio_MFD": 0.37284562, "Mot_power_ratio_MxSpd": 0.37284562, "Power_MFD": 1314.24182, "Power_MxSpd": 1314.24182, "Speed_MFD": 15.0}