{"Interferences": 67, "Mass": 6.074721314782815, "Batt_amps_ratio_MFD": 0.502630413, "Batt_amps_ratio_MxSpd": 0.502630413, "Distance_MxSpd": 6875.82715, "Max_Distance": 6875.82715, "Hover_Time": 341.697327, "Max_Speed": 30.0, "Max_uc_at_MFD": 0.972937942, "Mot_amps_ratio_MFD": 0.969958007, "Mot_amps_ratio_MxSpd": 0.969958007, "Mot_power_ratio_MFD": 0.484979004, "Mot_power_ratio_MxSpd": 0.484979004, "Power_MFD": 1725.7196, "Power_MxSpd": 1725.7196, "Speed_MFD": 30.0}