{"Interferences": 16, "Mass": 4.418175193353536, "Batt_amps_ratio_MFD": 0.373901218, "Batt_amps_ratio_MxSpd": 0.389371157, "Distance_MxSpd": 2662.75513, "Max_Distance": 2670.22412, "Hover_Time": 0.0, "Max_Speed": 27.0, "Max_uc_at_MFD": 0.772374094, "Mot_amps_ratio_MFD": 0.604534686, "Mot_amps_ratio_MxSpd": 0.632316232, "Mot_power_ratio_MFD": 0.605150223, "Mot_power_ratio_MxSpd": 0.632960021, "Power_MFD": 1314.60522, "Power_MxSpd": 1415.92798, "Speed_MFD": 26.0}