{
  "generator_version":"UAV2_gen12",
  "name":"design_30058_7b609b2f34154a67b80c79e5ac117f1b_dw_dl",
  "hub":{
    "node_type":"ConnectedHub6_2_2_2",
    "frontSegment":{
      "node_type":"PropArm",
      "armLength":171.16044292368434,
      "motor":{
        "motorType":"t_motor_AT4130KV450"
      },
      "prop":{
        "propType":"apc_propellers_16x7"
      },
      "flange":{
        "offset":-25.210473860418915,
        "angle":0.0
      }
    },
    "middleSegment":{
      "node_type":"PropArm",
      "armLength":303.28826983562016,
      "motor":{
        "motorType":"kde_direct_KDE5215XF_435"
      },
      "prop":{
        "propType":"apc_propellers_17x12E"
      },
      "flange":{
        "offset":-31.343048101533043,
        "angle":90.0
      }
    },
    "rearSegment":{
      "node_type":"AngledWingArm",
      "arm1Length":260.50139358966715,
      "arm2Length":184.28618875228582,
      "wing":{
        "wingType":"Wing_vert_hole",
        "nacaProfile":"2509",
        "span":1819.8859277153351,
        "chordInner":138.2785912362972,
        "chordOuter":110.448135537686,
        "taperOffset":true,
        "aileronBias":0.46677104671672365,
        "flapBias":0.38993543786398266,
        "load":730.0293108564789,
        "tubeOffset":52.71810339687957,
        "tubeRot":265.6418889738411
      },
      "servo":{
        "servoType":"Hitec_HS_225BB"
      }
    }
  },
  "fuselageWithComponents":{
    "node_type":"DualBatteryFuselageWithComponents",
    "battery":{
      "batteryType":"Tattu25C22000mAh4S1P"
    },
    "fuselage":{
      "length":391.0,
      "vertDiameter":136.5,
      "horzDiameter":350.4,
      "floorHeight":22.75,
      "battery1X":-97.75,
      "battery1Y":6.0,
      "battery2X":98.75,
      "battery2Y":6.0,
      "rpmX":0.0,
      "rpmY":-106.8,
      "autoPilotX":0.0,
      "autoPilotY":50.5,
      "currentX":0.0,
      "currentY":-86.65,
      "voltageX":0.0,
      "voltageY":104.3,
      "gpsX":0.0,
      "gpsY":-46.5,
      "varioX":0.0,
      "varioY":82.65
    }
  }
}