{"Interferences": 10, "Mass": 6.830316667102009, "Batt_amps_ratio_MFD": 0.313140929, "Batt_amps_ratio_MxSpd": 0.313140929, "Distance_MxSpd": 8583.99414, "Max_Distance": 8583.99414, "Hover_Time": 0.0, "Max_Speed": 28.0, "Max_uc_at_MFD": 0.970950186, "Mot_amps_ratio_MFD": 0.98602742, "Mot_amps_ratio_MxSpd": 0.98602742, "Mot_power_ratio_MFD": 0.729660273, "Mot_power_ratio_MxSpd": 0.729660273, "Power_MFD": 2018.93188, "Power_MxSpd": 2018.93188, "Speed_MFD": 28.0}