{"Interferences": 31, "Mass": 6.719030907031898, "Batt_amps_ratio_MFD": 1.78969836, "Batt_amps_ratio_MxSpd": 1.78969836, "Distance_MxSpd": 686.596191, "Max_Distance": 686.596191, "Hover_Time": 17.5306492, "Max_Speed": 32.0, "Max_uc_at_MFD": 0.999007702, "Mot_amps_ratio_MFD": 0.827162266, "Mot_amps_ratio_MxSpd": 0.827162266, "Mot_power_ratio_MFD": 0.612100065, "Mot_power_ratio_MxSpd": 0.612100065, "Power_MFD": 3093.94604, "Power_MxSpd": 3093.94604, "Speed_MFD": 32.0}