{"Interferences": 18, "Mass": 6.147731123077154, "Batt_amps_ratio_MFD": 0.698760271, "Batt_amps_ratio_MxSpd": 0.698760271, "Distance_MxSpd": 2308.08789, "Max_Distance": 2308.08789, "Hover_Time": 0.0, "Max_Speed": 14.0, "Max_uc_at_MFD": 0.688105464, "Mot_amps_ratio_MFD": 0.484311521, "Mot_amps_ratio_MxSpd": 0.484311521, "Mot_power_ratio_MFD": 0.207502738, "Mot_power_ratio_MxSpd": 0.207502738, "Power_MFD": 2085.59766, "Power_MxSpd": 2085.59766, "Speed_MFD": 14.0}