{"Interferences": 12, "Mass": 4.897061098401675, "Batt_amps_ratio_MFD": 0.419878662, "Batt_amps_ratio_MxSpd": 0.419878662, "Distance_MxSpd": 2286.375, "Max_Distance": 2286.375, "Hover_Time": 113.239761, "Max_Speed": 25.0, "Max_uc_at_MFD": 0.701153874, "Mot_amps_ratio_MFD": 0.970177472, "Mot_amps_ratio_MxSpd": 0.970177472, "Mot_power_ratio_MFD": 0.485984296, "Mot_power_ratio_MxSpd": 0.485984296, "Power_MFD": 1290.58191, "Power_MxSpd": 1290.58191, "Speed_MFD": 25.0}