{"Interferences": 19, "Mass": 4.8859322742009645, "Batt_amps_ratio_MFD": 0.899760425, "Batt_amps_ratio_MxSpd": 0.977013648, "Distance_MxSpd": 1061.19299, "Max_Distance": 1066.95068, "Hover_Time": 62.282692, "Max_Speed": 27.0, "Max_uc_at_MFD": 0.996704817, "Mot_amps_ratio_MFD": 0.315906614, "Mot_amps_ratio_MxSpd": 0.309754729, "Mot_power_ratio_MFD": 0.196065918, "Mot_power_ratio_MxSpd": 0.192247778, "Power_MFD": 1330.59888, "Power_MxSpd": 1522.1145, "Speed_MFD": 25.0}