{"Interferences": 21, "Mass": 12.961041509617472, "Batt_amps_ratio_MFD": 1.74007809, "Batt_amps_ratio_MxSpd": 2.14806771, "Distance_MxSpd": 10994.0674, "Max_Distance": 11585.6865, "Hover_Time": 431.664734, "Max_Speed": 41.0, "Max_uc_at_MFD": 0.990731359, "Mot_amps_ratio_MFD": 0.533607006, "Mot_amps_ratio_MxSpd": 0.462676823, "Mot_power_ratio_MFD": 0.228623331, "Mot_power_ratio_MxSpd": 0.198233366, "Power_MFD": 4715.50244, "Power_MxSpd": 5890.49365, "Speed_MFD": 35.0}