{
  "generator_version":"UAV2_gen12",
  "name":"design_7208_015f3fe6b90741e081d1db0cf0a05ec1_s",
  "hub":{
    "node_type":"ConnectedHub2_Sym_Wide",
    "mainSegment":{
      "node_type":"BranchWithTopSegment_Asym",
      "armLength":164.46045075648104,
      "angle":180.0,
      "leftSegment":{
        "node_type":"PropArm",
        "armLength":104.08659490880868,
        "motor":{
          "motorType":"kde_direct_KDE4215XF_465"
        },
        "prop":{
          "propType":"apc_propellers_18x10"
        },
        "flange":{
          "offset":31.913375160914654,
          "angle":0.0
        }
      },
      "rightSegment":{
        "node_type":"AngledWingArm",
        "arm1Length":149.2539059107488,
        "arm2Length":118.47890440390533,
        "wing":{
          "wingType":"Wing_vert_hole",
          "nacaProfile":"6321",
          "span":734.1465877149744,
          "chordInner":256.8498112227129,
          "chordOuter":104.65632828004047,
          "taperOffset":true,
          "aileronBias":0.44463622381437484,
          "flapBias":0.7065007538588263,
          "load":569.6893411782127,
          "tubeOffset":58.309747148301014,
          "tubeRot":231.16500125990797
        },
        "servo":{
          "servoType":"Hitec_HS_7245MH"
        }
      },
      "topSegment":{
        "node_type":"PropArm",
        "armLength":358.6061961645986,
        "motor":{
          "motorType":"t_motor_AT4130KV450"
        },
        "prop":{
          "propType":"apc_propellers_17x6E"
        },
        "flange":{
          "offset":-40.45515054643186,
          "angle":237.4388737084398
        }
      }
    }
  },
  "fuselageWithComponents":{
    "node_type":"SingleBatteryFuselageWithComponents",
    "battery":{
      "batteryType":"Tattu25C30000mAh6S1P"
    },
    "fuselage":{
      "length":217.0,
      "vertDiameter":180.0,
      "horzDiameter":383.4,
      "floorHeight":30.0,
      "batteryX":0.0,
      "batteryY":6.0,
      "rpmX":0.0,
      "rpmY":-117.8,
      "autoPilotX":0.0,
      "autoPilotY":61.5,
      "currentX":0.0,
      "currentY":-97.65,
      "voltageX":0.0,
      "voltageY":115.3,
      "gpsX":0.0,
      "gpsY":-57.5,
      "varioX":0.0,
      "varioY":93.65
    }
  }
}