{"Interferences": 1, "Mass": 4.850594253179068, "Batt_amps_ratio_MFD": 0.370304137, "Batt_amps_ratio_MxSpd": 0.664300382, "Distance_MxSpd": 1907.57068, "Max_Distance": 2385.06641, "Hover_Time": 145.257446, "Max_Speed": 33.0, "Max_uc_at_MFD": 0.720797598, "Mot_amps_ratio_MFD": 0.388496608, "Mot_amps_ratio_MxSpd": 0.702834964, "Mot_power_ratio_MFD": 0.359359354, "Mot_power_ratio_MxSpd": 0.650122344, "Power_MFD": 1235.67151, "Power_MxSpd": 3105.99878, "Speed_MFD": 23.0}