{"Interferences": 3, "Mass": 5.0818605790332745, "Batt_amps_ratio_MFD": 1.86555457, "Batt_amps_ratio_MxSpd": 3.54510379, "Distance_MxSpd": 411.609955, "Max_Distance": 514.592285, "Hover_Time": 30.0510807, "Max_Speed": 38.0, "Max_uc_at_MFD": 0.693959534, "Mot_amps_ratio_MFD": 0.646778226, "Mot_amps_ratio_MxSpd": 0.970164299, "Mot_power_ratio_MFD": 0.305117637, "Mot_power_ratio_MxSpd": 0.45767501, "Power_MFD": 1325.63586, "Power_MxSpd": 3800.41016, "Speed_MFD": 25.0}