{"Interferences": 10, "Mass": 6.241596470562479, "Batt_amps_ratio_MFD": 0.302815408, "Batt_amps_ratio_MxSpd": 0.302815408, "Distance_MxSpd": 3043.43848, "Max_Distance": 3043.43848, "Hover_Time": 179.770828, "Max_Speed": 24.0, "Max_uc_at_MFD": 0.999996245, "Mot_amps_ratio_MFD": 0.551454842, "Mot_amps_ratio_MxSpd": 0.551454842, "Mot_power_ratio_MFD": 0.207177341, "Mot_power_ratio_MxSpd": 0.207177341, "Power_MFD": 1438.32092, "Power_MxSpd": 1438.32092, "Speed_MFD": 24.0}