{"Interferences": 5, "Mass": 7.394790711363652, "Batt_amps_ratio_MFD": 0.462373316, "Batt_amps_ratio_MxSpd": 0.462373316, "Distance_MxSpd": 2242.34399, "Max_Distance": 2242.34399, "Hover_Time": 99.8947449, "Max_Speed": 27.0, "Max_uc_at_MFD": 0.50727278, "Mot_amps_ratio_MFD": 0.920346975, "Mot_amps_ratio_MxSpd": 0.920346975, "Mot_power_ratio_MFD": 0.948614776, "Mot_power_ratio_MxSpd": 0.948614776, "Power_MFD": 1871.43433, "Power_MxSpd": 1871.43433, "Speed_MFD": 27.0}