{"Interferences": 6, "Mass": 4.118779938677259, "Batt_amps_ratio_MFD": 0.815865397, "Batt_amps_ratio_MxSpd": 0.815865397, "Distance_MxSpd": 1129.59802, "Max_Distance": 1129.59802, "Hover_Time": 67.7932816, "Max_Speed": 24.0, "Max_uc_at_MFD": 0.999833047, "Mot_amps_ratio_MFD": 0.608112037, "Mot_amps_ratio_MxSpd": 0.608112037, "Mot_power_ratio_MFD": 0.370590657, "Mot_power_ratio_MxSpd": 0.370590657, "Power_MFD": 1199.32397, "Power_MxSpd": 1199.32397, "Speed_MFD": 24.0}