{"Interferences": 0, "Mass": 4.016218370721352, "Batt_amps_ratio_MFD": 0.280784309, "Batt_amps_ratio_MxSpd": 0.280784309, "Distance_MxSpd": 1504.35754, "Max_Distance": 1504.35754, "Hover_Time": 0.0, "Max_Speed": 11.0, "Max_uc_at_MFD": 0.820600927, "Mot_amps_ratio_MFD": 0.916449666, "Mot_amps_ratio_MxSpd": 0.916449666, "Mot_power_ratio_MFD": 0.856639266, "Mot_power_ratio_MxSpd": 0.856639266, "Power_MFD": 1295.89026, "Power_MxSpd": 1295.89026, "Speed_MFD": 11.0}