{"Interferences": 13, "Mass": 6.886832289418592, "Batt_amps_ratio_MFD": 0.418809533, "Batt_amps_ratio_MxSpd": 0.418809533, "Distance_MxSpd": 366.753845, "Max_Distance": 366.753845, "Hover_Time": 0.0, "Max_Speed": 4.0, "Max_uc_at_MFD": 0.99971509, "Mot_amps_ratio_MFD": 0.741661191, "Mot_amps_ratio_MxSpd": 0.741661191, "Mot_power_ratio_MFD": 0.726391673, "Mot_power_ratio_MxSpd": 0.726391673, "Power_MFD": 1857.80273, "Power_MxSpd": 1857.80273, "Speed_MFD": 4.0}