{"Interferences": 12, "Mass": 5.361044333782919, "Batt_amps_ratio_MFD": 1.23702848, "Batt_amps_ratio_MxSpd": 1.49940288, "Distance_MxSpd": 12677.0469, "Max_Distance": 13037.6953, "Hover_Time": 587.983643, "Max_Speed": 33.0, "Max_uc_at_MFD": 0.810630977, "Mot_amps_ratio_MFD": 0.72250253, "Mot_amps_ratio_MxSpd": 0.955626667, "Mot_power_ratio_MFD": 0.701730549, "Mot_power_ratio_MxSpd": 0.928152442, "Power_MFD": 1581.16687, "Power_MxSpd": 2272.53467, "Speed_MFD": 28.0}