{"Interferences": 16, "Mass": 6.818687100266924, "Batt_amps_ratio_MFD": 0.941227019, "Batt_amps_ratio_MxSpd": 1.21061409, "Distance_MxSpd": 2283.79956, "Max_Distance": 2447.86841, "Hover_Time": 115.064674, "Max_Speed": 24.0, "Max_uc_at_MFD": 0.828239441, "Mot_amps_ratio_MFD": 0.85109961, "Mot_amps_ratio_MxSpd": 0.9467507, "Mot_power_ratio_MFD": 0.80301249, "Mot_power_ratio_MxSpd": 0.893259287, "Power_MFD": 2389.38647, "Power_MxSpd": 3685.82886, "Speed_MFD": 20.0}