{"Interferences": 31, "Mass": 10.51498053413199, "Batt_amps_ratio_MFD": 0.491723269, "Batt_amps_ratio_MxSpd": 0.491723269, "Distance_MxSpd": 9136.84668, "Max_Distance": 9136.84668, "Hover_Time": 0.0, "Max_Speed": 39.0, "Max_uc_at_MFD": 0.574781179, "Mot_amps_ratio_MFD": 0.766417801, "Mot_amps_ratio_MxSpd": 0.766417801, "Mot_power_ratio_MFD": 0.770926118, "Mot_power_ratio_MxSpd": 0.770926118, "Power_MFD": 3415.33643, "Power_MxSpd": 3415.33643, "Speed_MFD": 39.0}