{"Interferences": 7, "Mass": 4.419049173303985, "Batt_amps_ratio_MFD": 0.275704324, "Batt_amps_ratio_MxSpd": 0.300448209, "Distance_MxSpd": 5751.40723, "Max_Distance": 5849.74512, "Hover_Time": 0.0, "Max_Speed": 15.0, "Max_uc_at_MFD": 0.945782244, "Mot_amps_ratio_MFD": 0.481391966, "Mot_amps_ratio_MxSpd": 0.541800022, "Mot_power_ratio_MFD": 0.36104396, "Mot_power_ratio_MxSpd": 0.406350017, "Power_MFD": 614.087708, "Power_MxSpd": 759.622375, "Speed_MFD": 14.0}