{"Interferences": 102, "Mass": 3.2294176854522223, "Batt_amps_ratio_MFD": 0.7701177, "Batt_amps_ratio_MxSpd": 1.0955056, "Distance_MxSpd": 665.993835, "Max_Distance": 747.937622, "Hover_Time": 67.5034103, "Max_Speed": 19.0, "Max_uc_at_MFD": 0.837905645, "Mot_amps_ratio_MFD": 0.427303195, "Mot_amps_ratio_MxSpd": 0.530795991, "Mot_power_ratio_MFD": 0.167402312, "Mot_power_ratio_MxSpd": 0.207947135, "Power_MFD": 456.642578, "Power_MxSpd": 821.116333, "Speed_MFD": 15.0}