{"Interferences": 10, "Mass": 3.662013526002278, "Batt_amps_ratio_MFD": 0.589143038, "Batt_amps_ratio_MxSpd": 0.616385162, "Distance_MxSpd": 1557.46765, "Max_Distance": 1564.30603, "Hover_Time": 77.6221848, "Max_Speed": 25.0, "Max_uc_at_MFD": 0.934072316, "Mot_amps_ratio_MFD": 0.555053771, "Mot_amps_ratio_MxSpd": 0.580755174, "Mot_power_ratio_MFD": 0.27382654, "Mot_power_ratio_MxSpd": 0.286505878, "Power_MFD": 910.380371, "Power_MxSpd": 988.828552, "Speed_MFD": 24.0}