{"Interferences": 48, "Mass": 7.072142554769328, "Batt_amps_ratio_MFD": 1.31601238, "Batt_amps_ratio_MxSpd": 1.31601238, "Distance_MxSpd": 2013.35498, "Max_Distance": 2013.35498, "Hover_Time": 120.363586, "Max_Speed": 23.0, "Max_uc_at_MFD": 0.893929482, "Mot_amps_ratio_MFD": 0.97454226, "Mot_amps_ratio_MxSpd": 0.97454226, "Mot_power_ratio_MFD": 0.86915797, "Mot_power_ratio_MxSpd": 0.86915797, "Power_MFD": 4888.70654, "Power_MxSpd": 4888.70654, "Speed_MFD": 23.0}