{"Interferences": 21, "Mass": 10.892811651113012, "Batt_amps_ratio_MFD": 0.768363237, "Batt_amps_ratio_MxSpd": 0.768363237, "Distance_MxSpd": 5622.34082, "Max_Distance": 5622.34082, "Hover_Time": 377.936218, "Max_Speed": 15.0, "Max_uc_at_MFD": 0.56609261, "Mot_amps_ratio_MFD": 0.871874154, "Mot_amps_ratio_MxSpd": 0.871874154, "Mot_power_ratio_MFD": 0.673855245, "Mot_power_ratio_MxSpd": 0.673855245, "Power_MFD": 2359.72412, "Power_MxSpd": 2359.72412, "Speed_MFD": 15.0}