{"Interferences": 16, "Mass": 10.015329839572614, "Batt_amps_ratio_MFD": 1.22922325, "Batt_amps_ratio_MxSpd": 1.22922325, "Distance_MxSpd": 624.78479, "Max_Distance": 624.78479, "Hover_Time": 0.0, "Max_Speed": 4.0, "Max_uc_at_MFD": 0.990722597, "Mot_amps_ratio_MFD": 0.894558311, "Mot_amps_ratio_MxSpd": 0.894558311, "Mot_power_ratio_MFD": 0.58842057, "Mot_power_ratio_MxSpd": 0.58842057, "Power_MFD": 3488.35107, "Power_MxSpd": 3488.35107, "Speed_MFD": 4.0}