{"Interferences": 20, "Mass": 4.958987751719363, "Batt_amps_ratio_MFD": 0.469087303, "Batt_amps_ratio_MxSpd": 0.552697897, "Distance_MxSpd": 5836.1001, "Max_Distance": 5893.99854, "Hover_Time": 306.612091, "Max_Speed": 28.0, "Max_uc_at_MFD": 0.626328647, "Mot_amps_ratio_MFD": 0.728565097, "Mot_amps_ratio_MxSpd": 0.976510465, "Mot_power_ratio_MFD": 0.547432601, "Mot_power_ratio_MxSpd": 0.838034272, "Power_MFD": 1174.40759, "Power_MxSpd": 1611.13379, "Speed_MFD": 24.0}