{"Interferences": 30, "Mass": 5.844518519934402, "Batt_amps_ratio_MFD": 0.603698075, "Batt_amps_ratio_MxSpd": 0.603698075, "Distance_MxSpd": 1653.80688, "Max_Distance": 1653.80688, "Hover_Time": 90.7482529, "Max_Speed": 26.0, "Max_uc_at_MFD": 0.352268189, "Mot_amps_ratio_MFD": 0.866186261, "Mot_amps_ratio_MxSpd": 0.866186261, "Mot_power_ratio_MFD": 0.650839031, "Mot_power_ratio_MxSpd": 0.650839031, "Power_MFD": 1281.3595, "Power_MxSpd": 1281.3595, "Speed_MFD": 26.0}