{"Interferences": 3, "Mass": 4.952914764236717, "Batt_amps_ratio_MFD": 1.12569189, "Batt_amps_ratio_MxSpd": 1.12569189, "Distance_MxSpd": 409.348267, "Max_Distance": 409.348267, "Hover_Time": 34.524334, "Max_Speed": 12.0, "Max_uc_at_MFD": 0.999034703, "Mot_amps_ratio_MFD": 0.153880388, "Mot_amps_ratio_MxSpd": 0.153880388, "Mot_power_ratio_MFD": 0.0329649411, "Mot_power_ratio_MxSpd": 0.0329649411, "Power_MFD": 922.184448, "Power_MxSpd": 922.184448, "Speed_MFD": 12.0}