{"Interferences": 16, "Mass": 8.497313579713333, "Batt_amps_ratio_MFD": 2.10041833, "Batt_amps_ratio_MxSpd": 2.10041833, "Distance_MxSpd": 36.5641441, "Max_Distance": 36.5641441, "Hover_Time": 18.7104645, "Max_Speed": 2.0, "Max_uc_at_MFD": 1.0, "Mot_amps_ratio_MFD": 0.961536229, "Mot_amps_ratio_MxSpd": 0.961536229, "Mot_power_ratio_MFD": 0.889421046, "Mot_power_ratio_MxSpd": 0.889421046, "Power_MFD": 2134.19751, "Power_MxSpd": 2134.19751, "Speed_MFD": 2.0}