{"Interferences": 48, "Mass": 5.838862653769732, "Batt_amps_ratio_MFD": 0.35496977, "Batt_amps_ratio_MxSpd": 0.35496977, "Distance_MxSpd": 3137.1687, "Max_Distance": 3137.1687, "Hover_Time": 143.512512, "Max_Speed": 29.0, "Max_uc_at_MFD": 0.703524411, "Mot_amps_ratio_MFD": 0.991031289, "Mot_amps_ratio_MxSpd": 0.991031289, "Mot_power_ratio_MFD": 0.733363152, "Mot_power_ratio_MxSpd": 0.733363152, "Power_MFD": 1885.44775, "Power_MxSpd": 1885.44775, "Speed_MFD": 29.0}