{
  "generator_version":"UAV2_gen12",
  "name":"design_5861_34b7e6d574e14e7286d04d0dacb4b343_dw_dl",
  "hub":{
    "node_type":"ConnectedHub4_2_2",
    "frontSegment":{
      "node_type":"PropArm",
      "armLength":389.091547659763,
      "motor":{
        "motorType":"kde_direct_KDE3520XF_400"
      },
      "prop":{
        "propType":"apc_propellers_15x7E"
      },
      "flange":{
        "offset":36.62888063772505,
        "angle":0.0
      }
    },
    "rearSegment":{
      "node_type":"AngledWingArm",
      "arm1Length":152.97851904526235,
      "arm2Length":78.01066581372939,
      "wing":{
        "wingType":"Wing_horiz_hole",
        "nacaProfile":"2712",
        "span":1012.0958354136387,
        "chordInner":381.77067426546864,
        "chordOuter":96.90248277874159,
        "taperOffset":true,
        "aileronBias":0.34434432952106186,
        "flapBias":0.45083733596005726,
        "load":764.0097602387033,
        "tubeOffset":24.737492048642995,
        "tubeRot":286.40309690853013
      },
      "servo":{
        "servoType":"Hitec_HS_625MG"
      }
    }
  },
  "fuselageWithComponents":{
    "node_type":"DualBatteryFuselageWithComponents",
    "battery":{
      "batteryType":"Tattu25C28000mAh6S1P"
    },
    "fuselage":{
      "length":411.0,
      "vertDiameter":181.5,
      "horzDiameter":386.4,
      "floorHeight":30.25,
      "battery1X":-102.75,
      "battery1Y":6.0,
      "battery2X":103.75,
      "battery2Y":6.0,
      "rpmX":0.0,
      "rpmY":-118.8,
      "autoPilotX":0.0,
      "autoPilotY":62.5,
      "currentX":0.0,
      "currentY":-98.65,
      "voltageX":0.0,
      "voltageY":116.3,
      "gpsX":0.0,
      "gpsY":-58.5,
      "varioX":0.0,
      "varioY":94.65
    }
  }
}