{"Interferences": 43, "Mass": 4.475566098652851, "Batt_amps_ratio_MFD": 1.35716128, "Batt_amps_ratio_MxSpd": 1.35716128, "Distance_MxSpd": 594.181396, "Max_Distance": 594.181396, "Hover_Time": 30.6409664, "Max_Speed": 21.0, "Max_uc_at_MFD": 0.974029779, "Mot_amps_ratio_MFD": 0.448307782, "Mot_amps_ratio_MxSpd": 0.448307782, "Mot_power_ratio_MFD": 0.224631712, "Mot_power_ratio_MxSpd": 0.224631712, "Power_MFD": 953.755188, "Power_MxSpd": 953.755188, "Speed_MFD": 21.0}