{"Interferences": 22, "Mass": 6.755404541403374, "Batt_amps_ratio_MFD": 2.01044726, "Batt_amps_ratio_MxSpd": 2.01044726, "Distance_MxSpd": 114.601364, "Max_Distance": 114.601364, "Hover_Time": 0.0, "Max_Speed": 6.0, "Max_uc_at_MFD": 0.916469157, "Mot_amps_ratio_MFD": 0.868019462, "Mot_amps_ratio_MxSpd": 0.868019462, "Mot_power_ratio_MFD": 0.535278678, "Mot_power_ratio_MxSpd": 0.535278678, "Power_MFD": 2286.44385, "Power_MxSpd": 2286.44385, "Speed_MFD": 6.0}