{"Interferences": 75, "Mass": 13.40218267766501, "Batt_amps_ratio_MFD": 0.693524599, "Batt_amps_ratio_MxSpd": 0.693524599, "Distance_MxSpd": 1273.49487, "Max_Distance": 1273.49487, "Hover_Time": 45.6531982, "Max_Speed": 23.0, "Max_uc_at_MFD": 0.999812961, "Mot_amps_ratio_MFD": 0.776729584, "Mot_amps_ratio_MxSpd": 0.776729584, "Mot_power_ratio_MFD": 0.399992049, "Mot_power_ratio_MxSpd": 0.399992049, "Power_MFD": 3498.99292, "Power_MxSpd": 3498.99292, "Speed_MFD": 23.0}