{"Interferences": 5, "Mass": 5.14925522203459, "Batt_amps_ratio_MFD": 0.367425412, "Batt_amps_ratio_MxSpd": 0.42316547, "Distance_MxSpd": 3694.60327, "Max_Distance": 4031.13892, "Hover_Time": 202.310394, "Max_Speed": 19.0, "Max_uc_at_MFD": 0.614816904, "Mot_amps_ratio_MFD": 0.489369512, "Mot_amps_ratio_MxSpd": 0.881069124, "Mot_power_ratio_MFD": 0.447341323, "Mot_power_ratio_MxSpd": 0.805400848, "Power_MFD": 993.140015, "Power_MxSpd": 1329.26514, "Speed_MFD": 18.0}