{"Interferences": 1, "Mass": 5.727035354539014, "Batt_amps_ratio_MFD": 1.05665743, "Batt_amps_ratio_MxSpd": 1.19672811, "Distance_MxSpd": 1251.41199, "Max_Distance": 1308.27637, "Hover_Time": 45.5504875, "Max_Speed": 39.0, "Max_uc_at_MFD": 0.878907204, "Mot_amps_ratio_MFD": 0.842756689, "Mot_amps_ratio_MxSpd": 0.965442657, "Mot_power_ratio_MFD": 0.42161575, "Mot_power_ratio_MxSpd": 0.482993305, "Power_MFD": 3631.25049, "Power_MxSpd": 4439.72461, "Speed_MFD": 36.0}