{"Interferences": 8, "Mass": 5.463094290471658, "Batt_amps_ratio_MFD": 0.324388862, "Batt_amps_ratio_MxSpd": 0.324388862, "Distance_MxSpd": 3432.91699, "Max_Distance": 3432.91699, "Hover_Time": 176.499954, "Max_Speed": 29.0, "Max_uc_at_MFD": 0.721436918, "Mot_amps_ratio_MFD": 0.998969555, "Mot_amps_ratio_MxSpd": 0.998969555, "Mot_power_ratio_MFD": 0.739237487, "Mot_power_ratio_MxSpd": 0.739237487, "Power_MFD": 1634.99329, "Power_MxSpd": 1634.99329, "Speed_MFD": 29.0}