{"Interferences": 13, "Mass": 5.886601107618456, "Batt_amps_ratio_MFD": 0.382810056, "Batt_amps_ratio_MxSpd": 0.382810056, "Distance_MxSpd": 1604.97351, "Max_Distance": 1604.97351, "Hover_Time": 0.0, "Max_Speed": 16.0, "Max_uc_at_MFD": 0.787250698, "Mot_amps_ratio_MFD": 0.878817201, "Mot_amps_ratio_MxSpd": 0.878817201, "Mot_power_ratio_MFD": 0.812905908, "Mot_power_ratio_MxSpd": 0.812905908, "Power_MFD": 1860.27173, "Power_MxSpd": 1860.27173, "Speed_MFD": 16.0}