{"Interferences": 20, "Mass": 8.920552941712772, "Batt_amps_ratio_MFD": 1.74221432, "Batt_amps_ratio_MxSpd": 1.74221432, "Distance_MxSpd": 3416.34204, "Max_Distance": 3416.34204, "Hover_Time": 108.197227, "Max_Speed": 31.0, "Max_uc_at_MFD": 0.762911081, "Mot_amps_ratio_MFD": 0.792689383, "Mot_amps_ratio_MxSpd": 0.792689383, "Mot_power_ratio_MFD": 0.803258538, "Mot_power_ratio_MxSpd": 0.803258538, "Power_MFD": 5674.09033, "Power_MxSpd": 5674.09033, "Speed_MFD": 31.0}