{"Interferences": 16, "Mass": 8.20727339412162, "Batt_amps_ratio_MFD": 1.77401507, "Batt_amps_ratio_MxSpd": 1.77401507, "Distance_MxSpd": 602.99054, "Max_Distance": 602.99054, "Hover_Time": 0.0, "Max_Speed": 13.0, "Max_uc_at_MFD": 0.695880353, "Mot_amps_ratio_MFD": 0.911342859, "Mot_amps_ratio_MxSpd": 0.911342859, "Mot_power_ratio_MFD": 0.878609419, "Mot_power_ratio_MxSpd": 0.878609419, "Power_MFD": 3871.57861, "Power_MxSpd": 3871.57861, "Speed_MFD": 13.0}