{"Interferences": 32, "Mass": 15.56985247481152, "Batt_amps_ratio_MFD": 1.02262747, "Batt_amps_ratio_MxSpd": 1.02262747, "Distance_MxSpd": 1689.76489, "Max_Distance": 1689.76489, "Hover_Time": 0.0, "Max_Speed": 9.0, "Max_uc_at_MFD": 0.30645746, "Mot_amps_ratio_MFD": 0.51879704, "Mot_amps_ratio_MxSpd": 0.51879704, "Mot_power_ratio_MFD": 0.959774554, "Mot_power_ratio_MxSpd": 0.959774554, "Power_MFD": 3060.59912, "Power_MxSpd": 3060.59912, "Speed_MFD": 9.0}