{"Interferences": 4, "Mass": 2.728189397379801, "Batt_amps_ratio_MFD": 0.713551998, "Batt_amps_ratio_MxSpd": 0.713551998, "Distance_MxSpd": 1183.93616, "Max_Distance": 1183.93616, "Hover_Time": 71.696373, "Max_Speed": 22.0, "Max_uc_at_MFD": 0.992163181, "Mot_amps_ratio_MFD": 0.686735213, "Mot_amps_ratio_MxSpd": 0.686735213, "Mot_power_ratio_MFD": 0.451719135, "Mot_power_ratio_MxSpd": 0.451719135, "Power_MFD": 745.669373, "Power_MxSpd": 745.669373, "Speed_MFD": 22.0}