{"Interferences": 9, "Mass": 6.09037379711555, "Batt_amps_ratio_MFD": 0.750310719, "Batt_amps_ratio_MxSpd": 1.00317776, "Distance_MxSpd": 1263.18591, "Max_Distance": 1433.00623, "Hover_Time": 75.7727966, "Max_Speed": 33.0, "Max_uc_at_MFD": 0.600782275, "Mot_amps_ratio_MFD": 0.62300539, "Mot_amps_ratio_MxSpd": 0.837020457, "Mot_power_ratio_MFD": 0.610178769, "Mot_power_ratio_MxSpd": 0.819787681, "Power_MFD": 2009.30847, "Power_MxSpd": 3237.48438, "Speed_MFD": 28.0}