{"Interferences": 6, "Mass": 3.672284350681265, "Batt_amps_ratio_MFD": 1.15168142, "Batt_amps_ratio_MxSpd": 1.30077732, "Distance_MxSpd": 797.06189, "Max_Distance": 800.221313, "Hover_Time": 52.659584, "Max_Speed": 27.0, "Max_uc_at_MFD": 0.563797176, "Mot_amps_ratio_MFD": 0.840505481, "Mot_amps_ratio_MxSpd": 0.983465612, "Mot_power_ratio_MFD": 0.421028584, "Mot_power_ratio_MxSpd": 0.492640644, "Power_MFD": 902.977356, "Power_MxSpd": 1152.94495, "Speed_MFD": 24.0}