{"Interferences": 8, "Mass": 21.71275551296798, "Batt_amps_ratio_MFD": 1.10249376, "Batt_amps_ratio_MxSpd": 1.10249376, "Distance_MxSpd": 5224.51953, "Max_Distance": 5224.51953, "Hover_Time": 0.0, "Max_Speed": 50.0, "Max_uc_at_MFD": 0.406286478, "Mot_amps_ratio_MFD": 0.872440696, "Mot_amps_ratio_MxSpd": 0.872440696, "Mot_power_ratio_MFD": 0.747592449, "Mot_power_ratio_MxSpd": 0.747592449, "Power_MFD": 10224.25, "Power_MxSpd": 10224.25, "Speed_MFD": 50.0}