{"Interferences": 16, "Mass": 3.63887826874365, "Batt_amps_ratio_MFD": 0.33164376, "Batt_amps_ratio_MxSpd": 0.506621242, "Distance_MxSpd": 2349.68433, "Max_Distance": 2547.31177, "Hover_Time": 145.662796, "Max_Speed": 31.0, "Max_uc_at_MFD": 0.834086716, "Mot_amps_ratio_MFD": 0.455411911, "Mot_amps_ratio_MxSpd": 0.750078619, "Mot_power_ratio_MFD": 0.351702839, "Mot_power_ratio_MxSpd": 0.57926631, "Power_MFD": 1176.69482, "Power_MxSpd": 2217.86279, "Speed_MFD": 22.0}