{"Interferences": 64, "Mass": 3.9634644845082194, "Batt_amps_ratio_MFD": 0.493158907, "Batt_amps_ratio_MxSpd": 0.594123662, "Distance_MxSpd": 1938.99023, "Max_Distance": 1946.63428, "Hover_Time": 115.1091, "Max_Speed": 30.0, "Max_uc_at_MFD": 0.834759116, "Mot_amps_ratio_MFD": 0.492945194, "Mot_amps_ratio_MxSpd": 0.575520515, "Mot_power_ratio_MFD": 0.246472597, "Mot_power_ratio_MxSpd": 0.287760258, "Power_MFD": 937.25708, "Power_MxSpd": 1351.95483, "Speed_MFD": 25.0}