{"Interferences": 22, "Mass": 5.585607371107088, "Batt_amps_ratio_MFD": 1.08145368, "Batt_amps_ratio_MxSpd": 1.43395889, "Distance_MxSpd": 589.138245, "Max_Distance": 710.155273, "Hover_Time": 38.1500015, "Max_Speed": 22.0, "Max_uc_at_MFD": 0.998948455, "Mot_amps_ratio_MFD": 0.727247477, "Mot_amps_ratio_MxSpd": 0.898797572, "Mot_power_ratio_MFD": 0.358775437, "Mot_power_ratio_MxSpd": 0.449718624, "Power_MFD": 1423.73877, "Power_MxSpd": 2073.60278, "Speed_MFD": 20.0}