{"Interferences": 15, "Mass": 4.723541521814217, "Batt_amps_ratio_MFD": 1.45835209, "Batt_amps_ratio_MxSpd": 2.23357844, "Distance_MxSpd": 567.340698, "Max_Distance": 631.946167, "Hover_Time": 36.9614792, "Max_Speed": 33.0, "Max_uc_at_MFD": 0.887149632, "Mot_amps_ratio_MFD": 0.949977219, "Mot_amps_ratio_MxSpd": 0.955720484, "Mot_power_ratio_MFD": 0.489577532, "Mot_power_ratio_MxSpd": 0.492537379, "Power_MFD": 1251.91418, "Power_MxSpd": 2347.12524, "Speed_MFD": 24.0}