{"Interferences": 38, "Mass": 9.455926003202205, "Batt_amps_ratio_MFD": 0.936110139, "Batt_amps_ratio_MxSpd": 0.936110139, "Distance_MxSpd": 4512.28955, "Max_Distance": 4512.28955, "Hover_Time": 0.0, "Max_Speed": 22.0, "Max_uc_at_MFD": 0.999289393, "Mot_amps_ratio_MFD": 0.761459827, "Mot_amps_ratio_MxSpd": 0.761459827, "Mot_power_ratio_MFD": 0.49666509, "Mot_power_ratio_MxSpd": 0.49666509, "Power_MFD": 3043.81738, "Power_MxSpd": 3043.81738, "Speed_MFD": 22.0}