{"Interferences": 25, "Mass": 5.2651835416808455, "Batt_amps_ratio_MFD": 1.56694496, "Batt_amps_ratio_MxSpd": 2.12682033, "Distance_MxSpd": 595.81897, "Max_Distance": 661.669678, "Hover_Time": 40.3717155, "Max_Speed": 33.0, "Max_uc_at_MFD": 0.936977267, "Mot_amps_ratio_MFD": 0.564165175, "Mot_amps_ratio_MxSpd": 0.527166843, "Mot_power_ratio_MFD": 0.282683879, "Mot_power_ratio_MxSpd": 0.264145315, "Power_MFD": 1605.27673, "Power_MxSpd": 2375.92383, "Speed_MFD": 27.0}