{"Interferences": 3, "Mass": 3.4763276103691303, "Batt_amps_ratio_MFD": 1.05042088, "Batt_amps_ratio_MxSpd": 1.05042088, "Distance_MxSpd": 804.249084, "Max_Distance": 804.249084, "Hover_Time": 45.2107201, "Max_Speed": 22.0, "Max_uc_at_MFD": 0.997028589, "Mot_amps_ratio_MFD": 0.236866534, "Mot_amps_ratio_MxSpd": 0.236866534, "Mot_power_ratio_MFD": 0.0882975906, "Mot_power_ratio_MxSpd": 0.0882975906, "Power_MFD": 1084.72229, "Power_MxSpd": 1084.72229, "Speed_MFD": 22.0}