{
  "generator_version":"UAV2_gen12",
  "name":"design_5166_e98ef8f2141c45d79a8064de1e7d3c2f_s",
  "hub":{
    "node_type":"ConnectedHub4_Sym",
    "mainSegment":{
      "node_type":"CrossSegment",
      "armLength":390.44453775871807,
      "sideSegment":{
        "node_type":"AngledPropArm",
        "armLength":394.6409828946153,
        "motor":{
          "motorType":"t_motor_MN4012KV480"
        },
        "prop":{
          "propType":"apc_propellers_18x6W"
        }
      },
      "centerSegment":{
        "node_type":"SidewaysBendWithTopSegment",
        "angle":-90.0,
        "armLength":328.38464925899325,
        "mainSegment":{
          "node_type":"WingArm",
          "armLength":365.3633456300075,
          "wing":{
            "wingType":"Wing_horiz_hole",
            "nacaProfile":"4612",
            "span":1735.9718868260047,
            "chordInner":459.4069216188864,
            "chordOuter":197.4261170158124,
            "taperOffset":false,
            "aileronBias":0.14981366043593036,
            "flapBias":0.3898665910970365,
            "load":132.76303499266368,
            "tubeOffset":43.237336465759384,
            "tubeRot":270.0
          },
          "servo":{
            "servoType":"Hitec_HS_645MG"
          }
        },
        "topSegment":{
          "node_type":"AngledWingArm",
          "arm1Length":226.19557570959452,
          "arm2Length":85.3704142235299,
          "wing":{
            "wingType":"Wing_vert_hole",
            "nacaProfile":"4409",
            "span":454.01348677117835,
            "chordInner":256.0011554371907,
            "chordOuter":195.14132135136742,
            "taperOffset":false,
            "aileronBias":0.2676452985961012,
            "flapBias":0.6483409675704073,
            "load":200.270823126197,
            "tubeOffset":51.88717437071422,
            "tubeRot":270.0
          },
          "servo":{
            "servoType":"Hitec_HS_82MG"
          }
        }
      }
    }
  },
  "fuselageWithComponents":{
    "node_type":"SingleBatteryFuselageWithComponents",
    "battery":{
      "batteryType":"TattuPlus15C16000mAh12S1P"
    },
    "fuselage":{
      "length":224.0,
      "vertDiameter":244.5,
      "horzDiameter":420.9,
      "floorHeight":40.75,
      "batteryX":0.0,
      "batteryY":6.0,
      "rpmX":0.0,
      "rpmY":-130.3,
      "autoPilotX":0.0,
      "autoPilotY":74.0,
      "currentX":0.0,
      "currentY":-110.15,
      "voltageX":0.0,
      "voltageY":127.8,
      "gpsX":0.0,
      "gpsY":-70.0,
      "varioX":0.0,
      "varioY":106.15
    }
  }
}