{"Interferences": 2, "Mass": 2.7348560189532827, "Batt_amps_ratio_MFD": 0.733304203, "Batt_amps_ratio_MxSpd": 0.845737934, "Distance_MxSpd": 1180.50757, "Max_Distance": 1204.4115, "Hover_Time": 82.9298706, "Max_Speed": 26.0, "Max_uc_at_MFD": 0.866608739, "Mot_amps_ratio_MFD": 0.413124204, "Mot_amps_ratio_MxSpd": 0.506947279, "Mot_power_ratio_MFD": 0.20667848, "Mot_power_ratio_MxSpd": 0.253616422, "Power_MFD": 667.224609, "Power_MxSpd": 872.691406, "Speed_MFD": 23.0}