{"Interferences": 0, "Mass": 2.802312932512622, "Batt_amps_ratio_MFD": 0.208799437, "Batt_amps_ratio_MxSpd": 0.208799437, "Distance_MxSpd": 3310.35376, "Max_Distance": 3310.35376, "Hover_Time": 266.901001, "Max_Speed": 18.0, "Max_uc_at_MFD": 0.984063685, "Mot_amps_ratio_MFD": 0.485602051, "Mot_amps_ratio_MxSpd": 0.485602051, "Mot_power_ratio_MFD": 0.226955056, "Mot_power_ratio_MxSpd": 0.226955056, "Power_MFD": 501.427582, "Power_MxSpd": 501.427582, "Speed_MFD": 18.0}