{"Interferences": 5, "Mass": 3.73644074099109, "Batt_amps_ratio_MFD": 1.26669264, "Batt_amps_ratio_MxSpd": 2.61726713, "Distance_MxSpd": 557.528137, "Max_Distance": 697.24884, "Hover_Time": 44.9138985, "Max_Speed": 38.0, "Max_uc_at_MFD": 0.595292628, "Mot_amps_ratio_MFD": 0.483266711, "Mot_amps_ratio_MxSpd": 0.948585629, "Mot_power_ratio_MFD": 0.447021723, "Mot_power_ratio_MxSpd": 0.877441704, "Power_MFD": 870.306946, "Power_MxSpd": 3090.57446, "Speed_MFD": 23.0}