{"Interferences": 24, "Mass": 11.79721449168893, "Batt_amps_ratio_MFD": 0.562477171, "Batt_amps_ratio_MxSpd": 0.562477171, "Distance_MxSpd": 3242.7981, "Max_Distance": 3242.7981, "Hover_Time": 0.0, "Max_Speed": 19.0, "Max_uc_at_MFD": 0.779906511, "Mot_amps_ratio_MFD": 0.865207076, "Mot_amps_ratio_MxSpd": 0.865207076, "Mot_power_ratio_MFD": 0.970087051, "Mot_power_ratio_MxSpd": 0.970087051, "Power_MFD": 3827.97803, "Power_MxSpd": 3827.97803, "Speed_MFD": 19.0}