{"Interferences": 49, "Mass": 4.506842239648662, "Batt_amps_ratio_MFD": 0.372730285, "Batt_amps_ratio_MxSpd": 0.505255699, "Distance_MxSpd": 6840.10107, "Max_Distance": 7726.76709, "Hover_Time": 443.49704, "Max_Speed": 30.0, "Max_uc_at_MFD": 0.820534885, "Mot_amps_ratio_MFD": 0.977599084, "Mot_amps_ratio_MxSpd": 0.820837438, "Mot_power_ratio_MFD": 0.94949311, "Mot_power_ratio_MxSpd": 0.79723835, "Power_MFD": 1285.33899, "Power_MxSpd": 1725.24255, "Speed_MFD": 25.0}