{"Interferences": 1, "Mass": 7.246217145923081, "Batt_amps_ratio_MFD": 0.348588079, "Batt_amps_ratio_MxSpd": 0.421975613, "Distance_MxSpd": 2730.01562, "Max_Distance": 2974.28418, "Hover_Time": 142.723267, "Max_Speed": 30.0, "Max_uc_at_MFD": 0.951353014, "Mot_amps_ratio_MFD": 0.593308806, "Mot_amps_ratio_MxSpd": 0.605348468, "Mot_power_ratio_MFD": 0.197881028, "Mot_power_ratio_MxSpd": 0.201896504, "Power_MFD": 1863.724, "Power_MxSpd": 2382.84155, "Speed_MFD": 27.0}