{"Interferences": 18, "Mass": 9.236361124534104, "Batt_amps_ratio_MFD": 1.14587796, "Batt_amps_ratio_MxSpd": 1.14587796, "Distance_MxSpd": 201.068527, "Max_Distance": 201.068527, "Hover_Time": 0.0, "Max_Speed": 6.0, "Max_uc_at_MFD": 0.999998152, "Mot_amps_ratio_MFD": 0.830281734, "Mot_amps_ratio_MxSpd": 0.830281734, "Mot_power_ratio_MFD": 0.368645102, "Mot_power_ratio_MxSpd": 0.368645102, "Power_MFD": 1834.51514, "Power_MxSpd": 1834.51514, "Speed_MFD": 6.0}