{"Interferences": 23, "Mass": 13.283473420859329, "Batt_amps_ratio_MFD": 0.560395002, "Batt_amps_ratio_MxSpd": 0.560395002, "Distance_MxSpd": 4625.30908, "Max_Distance": 4625.30908, "Hover_Time": 494.431854, "Max_Speed": 9.0, "Max_uc_at_MFD": 0.871799707, "Mot_amps_ratio_MFD": 0.871484876, "Mot_amps_ratio_MxSpd": 0.871484876, "Mot_power_ratio_MFD": 0.565514505, "Mot_power_ratio_MxSpd": 0.565514505, "Power_MFD": 2877.13232, "Power_MxSpd": 2877.13232, "Speed_MFD": 9.0}