{"Interferences": 16, "Mass": 5.33806677632789, "Batt_amps_ratio_MFD": 0.331282377, "Batt_amps_ratio_MxSpd": 0.365832329, "Distance_MxSpd": 7085.21289, "Max_Distance": 7534.35791, "Hover_Time": 404.403351, "Max_Speed": 27.0, "Max_uc_at_MFD": 0.812993824, "Mot_amps_ratio_MFD": 0.560087264, "Mot_amps_ratio_MxSpd": 0.696665943, "Mot_power_ratio_MFD": 0.561281145, "Mot_power_ratio_MxSpd": 0.52260977, "Power_MFD": 1485.84045, "Power_MxSpd": 1500.86438, "Speed_MFD": 26.0}