{"Interferences": 1, "Mass": 5.721019327390802, "Batt_amps_ratio_MFD": 0.274622113, "Batt_amps_ratio_MxSpd": 0.554603636, "Distance_MxSpd": 6404.57373, "Max_Distance": 8389.71094, "Hover_Time": 421.823181, "Max_Speed": 37.0, "Max_uc_at_MFD": 0.834626734, "Mot_amps_ratio_MFD": 0.96052283, "Mot_amps_ratio_MxSpd": 0.941020489, "Mot_power_ratio_MFD": 0.720544279, "Mot_power_ratio_MxSpd": 0.705914438, "Power_MFD": 1512.01196, "Power_MxSpd": 3473.87427, "Speed_MFD": 24.0}