{"Interferences": 0, "Mass": 5.631321215442499, "Batt_amps_ratio_MFD": 0.392693549, "Batt_amps_ratio_MxSpd": 0.650084317, "Distance_MxSpd": 5463.90674, "Max_Distance": 6356.10156, "Hover_Time": 318.60611, "Max_Speed": 37.0, "Max_uc_at_MFD": 0.729222894, "Mot_amps_ratio_MFD": 0.53417629, "Mot_amps_ratio_MxSpd": 0.798676491, "Mot_power_ratio_MFD": 0.494113058, "Mot_power_ratio_MxSpd": 0.73877573, "Power_MFD": 1682.11023, "Power_MxSpd": 3716.65234, "Speed_MFD": 26.0}