{"Interferences": 34, "Mass": 7.618652941707788, "Batt_amps_ratio_MFD": 0.464465439, "Batt_amps_ratio_MxSpd": 0.464465439, "Distance_MxSpd": 1736.18945, "Max_Distance": 1736.18945, "Hover_Time": 0.0, "Max_Speed": 21.0, "Max_uc_at_MFD": 0.844122469, "Mot_amps_ratio_MFD": 0.921760261, "Mot_amps_ratio_MxSpd": 0.921760261, "Mot_power_ratio_MFD": 0.921760261, "Mot_power_ratio_MxSpd": 0.921760261, "Power_MFD": 1781.38721, "Power_MxSpd": 1781.38721, "Speed_MFD": 21.0}