{"Interferences": 33, "Mass": 4.40095671300949, "Batt_amps_ratio_MFD": 0.527331769, "Batt_amps_ratio_MxSpd": 0.527331769, "Distance_MxSpd": 4150.70752, "Max_Distance": 4150.70752, "Hover_Time": 0.0, "Max_Speed": 19.0, "Max_uc_at_MFD": 0.970784843, "Mot_amps_ratio_MFD": 0.728965759, "Mot_amps_ratio_MxSpd": 0.728965759, "Mot_power_ratio_MFD": 0.539434671, "Mot_power_ratio_MxSpd": 0.539434671, "Power_MFD": 1596.26733, "Power_MxSpd": 1596.26733, "Speed_MFD": 19.0}