{"Interferences": 16, "Mass": 4.580453115802518, "Batt_amps_ratio_MFD": 0.230272025, "Batt_amps_ratio_MxSpd": 0.230272025, "Distance_MxSpd": 1834.35229, "Max_Distance": 1834.35229, "Hover_Time": 169.044373, "Max_Speed": 11.0, "Max_uc_at_MFD": 0.567004561, "Mot_amps_ratio_MFD": 0.993912697, "Mot_amps_ratio_MxSpd": 0.993912697, "Mot_power_ratio_MFD": 0.735495389, "Mot_power_ratio_MxSpd": 0.735495389, "Power_MFD": 927.194519, "Power_MxSpd": 927.194519, "Speed_MFD": 11.0}