{"Interferences": 33, "Mass": 8.365699152204117, "Batt_amps_ratio_MFD": 0.342674494, "Batt_amps_ratio_MxSpd": 0.342674494, "Distance_MxSpd": 560.298462, "Max_Distance": 560.298462, "Hover_Time": 279.103607, "Max_Speed": 2.0, "Max_uc_at_MFD": 0.91960603, "Mot_amps_ratio_MFD": 0.604466319, "Mot_amps_ratio_MxSpd": 0.604466319, "Mot_power_ratio_MFD": 0.559131384, "Mot_power_ratio_MxSpd": 0.559131384, "Power_MFD": 1914.64404, "Power_MxSpd": 1914.64404, "Speed_MFD": 2.0}