{"Interferences": 18, "Mass": 10.745514842777942, "Batt_amps_ratio_MFD": 0.526914597, "Batt_amps_ratio_MxSpd": 0.526914597, "Distance_MxSpd": 5028.51904, "Max_Distance": 5028.51904, "Hover_Time": 0.0, "Max_Speed": 23.0, "Max_uc_at_MFD": 0.820201874, "Mot_amps_ratio_MFD": 0.817002296, "Mot_amps_ratio_MxSpd": 0.817002296, "Mot_power_ratio_MFD": 0.483495027, "Mot_power_ratio_MxSpd": 0.483495027, "Power_MFD": 2767.34839, "Power_MxSpd": 2767.34839, "Speed_MFD": 23.0}