{"Interferences": 27, "Mass": 8.545955069833115, "Batt_amps_ratio_MFD": 0.498825401, "Batt_amps_ratio_MxSpd": 0.498825401, "Distance_MxSpd": 5773.56348, "Max_Distance": 5773.56348, "Hover_Time": 261.178467, "Max_Speed": 25.0, "Max_uc_at_MFD": 0.920057774, "Mot_amps_ratio_MFD": 0.965894103, "Mot_amps_ratio_MxSpd": 0.965894103, "Mot_power_ratio_MFD": 0.744418681, "Mot_power_ratio_MxSpd": 0.744418681, "Power_MFD": 2114.71021, "Power_MxSpd": 2114.71021, "Speed_MFD": 25.0}