{"Interferences": 23, "Mass": 7.647268604202783, "Batt_amps_ratio_MFD": 0.150066808, "Batt_amps_ratio_MxSpd": 0.150066808, "Distance_MxSpd": 16120.8193, "Max_Distance": 16120.8193, "Hover_Time": 905.453491, "Max_Speed": 21.0, "Max_uc_at_MFD": 0.683006585, "Mot_amps_ratio_MFD": 0.680271268, "Mot_amps_ratio_MxSpd": 0.680271268, "Mot_power_ratio_MFD": 0.839001238, "Mot_power_ratio_MxSpd": 0.839001238, "Power_MFD": 1440.24463, "Power_MxSpd": 1440.24463, "Speed_MFD": 21.0}