{"Interferences": 12, "Mass": 9.157313526681593, "Batt_amps_ratio_MFD": 0.942056179, "Batt_amps_ratio_MxSpd": 0.942056179, "Distance_MxSpd": 122.285698, "Max_Distance": 122.285698, "Hover_Time": 45.3277588, "Max_Speed": 3.0, "Max_uc_at_MFD": 0.647850931, "Mot_amps_ratio_MFD": 0.856914222, "Mot_amps_ratio_MxSpd": 0.856914222, "Mot_power_ratio_MFD": 0.760939837, "Mot_power_ratio_MxSpd": 0.760939837, "Power_MFD": 4231.43506, "Power_MxSpd": 4231.43506, "Speed_MFD": 3.0}