{"Interferences": 14, "Mass": 7.862393683655045, "Batt_amps_ratio_MFD": 0.56915313, "Batt_amps_ratio_MxSpd": 0.56915313, "Distance_MxSpd": 5060.1499, "Max_Distance": 5060.1499, "Hover_Time": 0.0, "Max_Speed": 30.0, "Max_uc_at_MFD": 0.999652863, "Mot_amps_ratio_MFD": 0.630451918, "Mot_amps_ratio_MxSpd": 0.630451918, "Mot_power_ratio_MFD": 0.58316803, "Mot_power_ratio_MxSpd": 0.58316803, "Power_MFD": 2929.83472, "Power_MxSpd": 2929.83472, "Speed_MFD": 30.0}