{"Interferences": 0, "Mass": 7.045499099606317, "Batt_amps_ratio_MFD": 0.269968897, "Batt_amps_ratio_MxSpd": 0.269968897, "Distance_MxSpd": 3200.36865, "Max_Distance": 3200.36865, "Hover_Time": 0.0, "Max_Speed": 9.0, "Max_uc_at_MFD": 0.984767079, "Mot_amps_ratio_MFD": 0.788348258, "Mot_amps_ratio_MxSpd": 0.788348258, "Mot_power_ratio_MFD": 0.790028751, "Mot_power_ratio_MxSpd": 0.790028751, "Power_MFD": 2396.76514, "Power_MxSpd": 2396.76514, "Speed_MFD": 9.0}