{"Interferences": 115, "Mass": 10.606206044472088, "Batt_amps_ratio_MFD": 0.647693932, "Batt_amps_ratio_MxSpd": 0.647693932, "Distance_MxSpd": 1126.45801, "Max_Distance": 1126.45801, "Hover_Time": 65.353714, "Max_Speed": 19.0, "Max_uc_at_MFD": 0.926499307, "Mot_amps_ratio_MFD": 0.924388945, "Mot_amps_ratio_MxSpd": 0.924388945, "Mot_power_ratio_MFD": 0.952780902, "Mot_power_ratio_MxSpd": 0.952780902, "Power_MFD": 3355.26416, "Power_MxSpd": 3355.26416, "Speed_MFD": 19.0}