{"Interferences": 13, "Mass": 11.64026145433076, "Batt_amps_ratio_MFD": 0.714552581, "Batt_amps_ratio_MxSpd": 0.777381599, "Distance_MxSpd": 16300.875, "Max_Distance": 16525.0254, "Hover_Time": 371.276398, "Max_Speed": 44.0, "Max_uc_at_MFD": 0.948011935, "Mot_amps_ratio_MFD": 0.698664427, "Mot_amps_ratio_MxSpd": 0.919414639, "Mot_power_ratio_MFD": 0.670717835, "Mot_power_ratio_MxSpd": 0.882638097, "Power_MFD": 5709.59229, "Power_MxSpd": 6515.40771, "Speed_MFD": 41.0}