{"Interferences": 12, "Mass": 7.484996672921049, "Batt_amps_ratio_MFD": 0.25511682, "Batt_amps_ratio_MxSpd": 0.472695768, "Distance_MxSpd": 8935.98047, "Max_Distance": 11288.9463, "Hover_Time": 511.931488, "Max_Speed": 44.0, "Max_uc_at_MFD": 0.84599328, "Mot_amps_ratio_MFD": 0.991342664, "Mot_amps_ratio_MxSpd": 0.999734223, "Mot_power_ratio_MFD": 0.970932662, "Mot_power_ratio_MxSpd": 0.979151487, "Power_MFD": 2767.88843, "Power_MxSpd": 5960.7793, "Speed_MFD": 30.0}