{"Interferences": 36, "Mass": 7.309860827196035, "Batt_amps_ratio_MFD": 0.820033669, "Batt_amps_ratio_MxSpd": 0.820033669, "Distance_MxSpd": 702.410156, "Max_Distance": 702.410156, "Hover_Time": 48.7011223, "Max_Speed": 15.0, "Max_uc_at_MFD": 0.642973602, "Mot_amps_ratio_MFD": 0.993737519, "Mot_amps_ratio_MxSpd": 0.993737519, "Mot_power_ratio_MFD": 0.682839632, "Mot_power_ratio_MxSpd": 0.682839632, "Power_MFD": 2016.09021, "Power_MxSpd": 2016.09021, "Speed_MFD": 15.0}