{"Interferences": 80, "Mass": 8.396315437309589, "Batt_amps_ratio_MFD": 0.5439803, "Batt_amps_ratio_MxSpd": 0.5439803, "Distance_MxSpd": 4941.35498, "Max_Distance": 4941.35498, "Hover_Time": 170.520935, "Max_Speed": 28.0, "Max_uc_at_MFD": 0.999960721, "Mot_amps_ratio_MFD": 0.391420454, "Mot_amps_ratio_MxSpd": 0.391420454, "Mot_power_ratio_MFD": 0.167872861, "Mot_power_ratio_MxSpd": 0.167872861, "Power_MFD": 3999.96582, "Power_MxSpd": 3999.96582, "Speed_MFD": 28.0}