{"Interferences": 76, "Mass": 5.37723033188657, "Batt_amps_ratio_MFD": 0.671943307, "Batt_amps_ratio_MxSpd": 0.671943307, "Distance_MxSpd": 2000.1687, "Max_Distance": 2000.1687, "Hover_Time": 97.7349472, "Max_Speed": 35.0, "Max_uc_at_MFD": 0.989478767, "Mot_amps_ratio_MFD": 0.520554781, "Mot_amps_ratio_MxSpd": 0.520554781, "Mot_power_ratio_MFD": 0.321008801, "Mot_power_ratio_MxSpd": 0.321008801, "Power_MFD": 2041.84534, "Power_MxSpd": 2041.84534, "Speed_MFD": 35.0}