{"Interferences": 0, "Mass": 5.628398396233977, "Batt_amps_ratio_MFD": 0.217588499, "Batt_amps_ratio_MxSpd": 0.217588499, "Distance_MxSpd": 4764.95752, "Max_Distance": 4764.95752, "Hover_Time": 258.459106, "Max_Speed": 27.0, "Max_uc_at_MFD": 0.99995923, "Mot_amps_ratio_MFD": 0.186560214, "Mot_amps_ratio_MxSpd": 0.186560214, "Mot_power_ratio_MFD": 0.0970696062, "Mot_power_ratio_MxSpd": 0.0970696062, "Power_MFD": 1743.65149, "Power_MxSpd": 1743.65149, "Speed_MFD": 27.0}