{"Interferences": 17, "Mass": 8.010172294273035, "Batt_amps_ratio_MFD": 1.62331331, "Batt_amps_ratio_MxSpd": 1.62331331, "Distance_MxSpd": 520.417114, "Max_Distance": 520.417114, "Hover_Time": 23.6165257, "Max_Speed": 22.0, "Max_uc_at_MFD": 0.996088088, "Mot_amps_ratio_MFD": 0.882543147, "Mot_amps_ratio_MxSpd": 0.882543147, "Mot_power_ratio_MFD": 0.33946535, "Mot_power_ratio_MxSpd": 0.33946535, "Power_MFD": 3154.94092, "Power_MxSpd": 3154.94092, "Speed_MFD": 22.0}