{"Interferences": 41, "Mass": 5.421890354935595, "Batt_amps_ratio_MFD": 0.338876456, "Batt_amps_ratio_MxSpd": 0.338876456, "Distance_MxSpd": 2719.5752, "Max_Distance": 2719.5752, "Hover_Time": 138.441086, "Max_Speed": 24.0, "Max_uc_at_MFD": 0.96963346, "Mot_amps_ratio_MFD": 0.521843135, "Mot_amps_ratio_MxSpd": 0.521843135, "Mot_power_ratio_MFD": 0.261477768, "Mot_power_ratio_MxSpd": 0.261477768, "Power_MFD": 1215.05298, "Power_MxSpd": 1215.05298, "Speed_MFD": 24.0}