{"Interferences": 7, "Mass": 5.073962956011833, "Batt_amps_ratio_MFD": 0.412112325, "Batt_amps_ratio_MxSpd": 0.412112325, "Distance_MxSpd": 2422.64038, "Max_Distance": 2422.64038, "Hover_Time": 157.008972, "Max_Speed": 26.0, "Max_uc_at_MFD": 0.865738273, "Mot_amps_ratio_MFD": 0.902997196, "Mot_amps_ratio_MxSpd": 0.902997196, "Mot_power_ratio_MFD": 0.593971491, "Mot_power_ratio_MxSpd": 0.593971491, "Power_MFD": 1694.69312, "Power_MxSpd": 1694.69312, "Speed_MFD": 26.0}