{
  "generator_version":"UAV2_gen12",
  "name":"design_9672_02f51455f7214ee39623822e0d067a48_s",
  "hub":{
    "node_type":"ConnectedHub4_2_2",
    "frontSegment":{
      "node_type":"AngledWingArm",
      "arm1Length":496.7744561921157,
      "arm2Length":80.2716404409251,
      "wing":{
        "wingType":"Wing_vert_hole",
        "nacaProfile":"4712",
        "span":1959.593026580357,
        "chordInner":375.92983844778325,
        "chordOuter":57.170135331461516,
        "taperOffset":true,
        "aileronBias":0.1998780551942914,
        "flapBias":0.4318409760378803,
        "load":216.22621823887658,
        "tubeOffset":78.7710888489889,
        "tubeRot":270.0
      },
      "servo":{
        "servoType":"Hitec_HS_5565MH"
      }
    },
    "rearSegment":{
      "node_type":"PropArm",
      "armLength":468.1981866207656,
      "motor":{
        "motorType":"t_motor_MN4012KV480"
      },
      "prop":{
        "propType":"apc_propellers_17x6E"
      },
      "flange":{
        "offset":-38.153615796294105,
        "angle":180.0
      }
    }
  },
  "fuselageWithComponents":{
    "node_type":"SingleBatteryFuselageWithComponents",
    "battery":{
      "batteryType":"Tattu10C32000mAh6S1PHV"
    },
    "fuselage":{
      "length":216.0,
      "vertDiameter":187.5,
      "horzDiameter":377.4,
      "floorHeight":31.25,
      "batteryX":0.0,
      "batteryY":6.0,
      "rpmX":0.0,
      "rpmY":-115.8,
      "autoPilotX":0.0,
      "autoPilotY":59.5,
      "currentX":0.0,
      "currentY":-95.65,
      "voltageX":0.0,
      "voltageY":113.3,
      "gpsX":0.0,
      "gpsY":-55.5,
      "varioX":0.0,
      "varioY":91.65
    }
  }
}