{"Interferences": 5, "Mass": 4.523071698489803, "Batt_amps_ratio_MFD": 0.964179933, "Batt_amps_ratio_MxSpd": 0.964179933, "Distance_MxSpd": 517.745667, "Max_Distance": 517.745667, "Hover_Time": 0.0, "Max_Speed": 13.0, "Max_uc_at_MFD": 0.944113135, "Mot_amps_ratio_MFD": 0.428978831, "Mot_amps_ratio_MxSpd": 0.428978831, "Mot_power_ratio_MFD": 0.280761272, "Mot_power_ratio_MxSpd": 0.280761272, "Power_MFD": 701.587646, "Power_MxSpd": 701.587646, "Speed_MFD": 13.0}