{"Interferences": 16, "Mass": 7.527341455342286, "Batt_amps_ratio_MFD": 0.545918286, "Batt_amps_ratio_MxSpd": 0.545918286, "Distance_MxSpd": 5099.66455, "Max_Distance": 5099.66455, "Hover_Time": 0.0, "Max_Speed": 29.0, "Max_uc_at_MFD": 0.968115032, "Mot_amps_ratio_MFD": 0.998259723, "Mot_amps_ratio_MxSpd": 0.998259723, "Mot_power_ratio_MFD": 0.768882871, "Mot_power_ratio_MxSpd": 0.768882871, "Power_MFD": 2616.19678, "Power_MxSpd": 2616.19678, "Speed_MFD": 29.0}