{"Interferences": 20, "Mass": 4.774649489102347, "Batt_amps_ratio_MFD": 0.190560937, "Batt_amps_ratio_MxSpd": 0.201213956, "Distance_MxSpd": 4007.67432, "Max_Distance": 4030.20679, "Hover_Time": 275.207336, "Max_Speed": 21.0, "Max_uc_at_MFD": 0.699284911, "Mot_amps_ratio_MFD": 0.926826358, "Mot_amps_ratio_MxSpd": 0.991116583, "Mot_power_ratio_MFD": 0.726195693, "Mot_power_ratio_MxSpd": 0.776568949, "Power_MFD": 1095.04065, "Power_MxSpd": 1199.35083, "Speed_MFD": 20.0}