{
  "generator_version":"UAV2_gen12",
  "name":"design_37423_18f70424f7e94350ae53f09f768de17a_dw",
  "hub":{
    "node_type":"ConnectedHub6_2_2_2",
    "frontSegment":{
      "node_type":"PropArm",
      "armLength":214.9593515673883,
      "motor":{
        "motorType":"t_motor_U5KV400"
      },
      "prop":{
        "propType":"apc_propellers_20x8E"
      },
      "flange":{
        "offset":28.233943732122967,
        "angle":0.0
      }
    },
    "middleSegment":{
      "node_type":"PropArm",
      "armLength":467.4894226364106,
      "motor":{
        "motorType":"t_motor_MN3515KV400"
      },
      "prop":{
        "propType":"apc_propellers_15x6"
      },
      "flange":{
        "offset":-30.699278336944992,
        "angle":318.0492821734554
      }
    },
    "rearSegment":{
      "node_type":"AngledWingArm",
      "arm1Length":464.3466615800105,
      "arm2Length":119.99584318745978,
      "wing":{
        "wingType":"Wing_vert_hole",
        "nacaProfile":"0015",
        "span":1706.1817453527462,
        "chordInner":350.1940795937479,
        "chordOuter":133.34171072489994,
        "taperOffset":true,
        "aileronBias":0.885375828764065,
        "flapBias":0.2711625104670877,
        "load":958.4780943839825,
        "tubeOffset":30.826880729565367,
        "tubeRot":234.80593923424857
      },
      "servo":{
        "servoType":"Hitec_D954SW"
      }
    }
  },
  "fuselageWithComponents":{
    "node_type":"DualBatteryFuselageWithComponents",
    "battery":{
      "batteryType":"Tattu25C10000mAh4S1P"
    },
    "fuselage":{
      "length":169.0,
      "vertDiameter":97.5,
      "horzDiameter":405.9,
      "floorHeight":16.25,
      "battery1X":0.0,
      "battery1Y":-14.0,
      "battery2X":0.0,
      "battery2Y":27.0,
      "rpmX":0.0,
      "rpmY":-125.3,
      "autoPilotX":0.0,
      "autoPilotY":69.0,
      "currentX":0.0,
      "currentY":-105.15,
      "voltageX":0.0,
      "voltageY":122.8,
      "gpsX":0.0,
      "gpsY":-65.0,
      "varioX":0.0,
      "varioY":101.15
    }
  }
}