{"Interferences": 29, "Mass": 13.43301771897592, "Batt_amps_ratio_MFD": 0.433870375, "Batt_amps_ratio_MxSpd": 0.433870375, "Distance_MxSpd": 6372.41016, "Max_Distance": 6372.41016, "Hover_Time": 0.0, "Max_Speed": 24.0, "Max_uc_at_MFD": 0.487945616, "Mot_amps_ratio_MFD": 0.880706847, "Mot_amps_ratio_MxSpd": 0.880706847, "Mot_power_ratio_MFD": 0.862574637, "Mot_power_ratio_MxSpd": 0.862574637, "Power_MFD": 3198.87012, "Power_MxSpd": 3198.87012, "Speed_MFD": 24.0}