{"Interferences": 53, "Mass": 7.100428495260067, "Batt_amps_ratio_MFD": 0.546160996, "Batt_amps_ratio_MxSpd": 0.546160996, "Distance_MxSpd": 6749.65771, "Max_Distance": 6749.65771, "Hover_Time": 289.491547, "Max_Speed": 32.0, "Max_uc_at_MFD": 0.762899101, "Mot_amps_ratio_MFD": 0.94712466, "Mot_amps_ratio_MxSpd": 0.94712466, "Mot_power_ratio_MFD": 0.730061233, "Mot_power_ratio_MxSpd": 0.730061233, "Power_MFD": 2227.2688, "Power_MxSpd": 2227.2688, "Speed_MFD": 32.0}