{"Interferences": 34, "Mass": 12.227297352639322, "Batt_amps_ratio_MFD": 0.227504864, "Batt_amps_ratio_MxSpd": 0.227504864, "Distance_MxSpd": 9620.89355, "Max_Distance": 9620.89355, "Hover_Time": 530.711243, "Max_Speed": 19.0, "Max_uc_at_MFD": 0.999923229, "Mot_amps_ratio_MFD": 0.969097793, "Mot_amps_ratio_MxSpd": 0.969097793, "Mot_power_ratio_MFD": 0.72682333, "Mot_power_ratio_MxSpd": 0.72682333, "Power_MFD": 3175.86279, "Power_MxSpd": 3175.86279, "Speed_MFD": 19.0}