{"Interferences": 21, "Mass": 8.581952299642529, "Batt_amps_ratio_MFD": 0.706348181, "Batt_amps_ratio_MxSpd": 0.911121249, "Distance_MxSpd": 3540.25342, "Max_Distance": 4077.30908, "Hover_Time": 0.0, "Max_Speed": 28.0, "Max_uc_at_MFD": 0.909869015, "Mot_amps_ratio_MFD": 0.892988563, "Mot_amps_ratio_MxSpd": 0.921462297, "Mot_power_ratio_MFD": 0.84833914, "Mot_power_ratio_MxSpd": 0.875389159, "Power_MFD": 3633.28809, "Power_MxSpd": 3930.54956, "Speed_MFD": 25.0}