{"Interferences": 16, "Mass": 3.6142316973371726, "Batt_amps_ratio_MFD": 0.727515221, "Batt_amps_ratio_MxSpd": 0.761053503, "Distance_MxSpd": 1261.4093, "Max_Distance": 1266.77759, "Hover_Time": 80.657814, "Max_Speed": 25.0, "Max_uc_at_MFD": 0.903048873, "Mot_amps_ratio_MFD": 0.899380386, "Mot_amps_ratio_MxSpd": 0.952942848, "Mot_power_ratio_MFD": 0.739490509, "Mot_power_ratio_MxSpd": 0.783530831, "Power_MFD": 1000.07068, "Power_MxSpd": 1093.51245, "Speed_MFD": 24.0}