{"Interferences": 34, "Mass": 6.229986881584483, "Batt_amps_ratio_MFD": 0.945649981, "Batt_amps_ratio_MxSpd": 0.945649981, "Distance_MxSpd": 162.427963, "Max_Distance": 162.427963, "Hover_Time": 0.0, "Max_Speed": 4.0, "Max_uc_at_MFD": 0.873798609, "Mot_amps_ratio_MFD": 0.977210939, "Mot_amps_ratio_MxSpd": 0.977210939, "Mot_power_ratio_MFD": 0.361568063, "Mot_power_ratio_MxSpd": 0.361568063, "Power_MFD": 1374.7865, "Power_MxSpd": 1374.7865, "Speed_MFD": 4.0}