{"Interferences": 15, "Mass": 5.134699694297734, "Batt_amps_ratio_MFD": 0.248821765, "Batt_amps_ratio_MxSpd": 0.248821765, "Distance_MxSpd": 2777.89209, "Max_Distance": 2777.89209, "Hover_Time": 198.493439, "Max_Speed": 18.0, "Max_uc_at_MFD": 0.981173992, "Mot_amps_ratio_MFD": 0.283407211, "Mot_amps_ratio_MxSpd": 0.283407211, "Mot_power_ratio_MFD": 0.131075829, "Mot_power_ratio_MxSpd": 0.131075829, "Power_MFD": 1103.74609, "Power_MxSpd": 1103.74609, "Speed_MFD": 18.0}