{"Interferences": 2, "Mass": 2.793392763610314, "Batt_amps_ratio_MFD": 0.421878844, "Batt_amps_ratio_MxSpd": 0.443203568, "Distance_MxSpd": 1992.76379, "Max_Distance": 2002.47058, "Hover_Time": 137.269714, "Max_Speed": 23.0, "Max_uc_at_MFD": 0.999975204, "Mot_amps_ratio_MFD": 0.429922849, "Mot_amps_ratio_MxSpd": 0.397556692, "Mot_power_ratio_MFD": 0.262000054, "Mot_power_ratio_MxSpd": 0.242275715, "Power_MFD": 678.619385, "Power_MxSpd": 735.079651, "Speed_MFD": 22.0}