{"Interferences": 13, "Mass": 3.782473500318938, "Batt_amps_ratio_MFD": 0.474330902, "Batt_amps_ratio_MxSpd": 0.611898482, "Distance_MxSpd": 1757.15417, "Max_Distance": 1861.99121, "Hover_Time": 120.232338, "Max_Speed": 28.0, "Max_uc_at_MFD": 0.780409813, "Mot_amps_ratio_MFD": 0.443323553, "Mot_amps_ratio_MxSpd": 0.600936353, "Mot_power_ratio_MFD": 0.221661776, "Mot_power_ratio_MxSpd": 0.300468177, "Power_MFD": 865.610474, "Power_MxSpd": 1370.05896, "Speed_MFD": 23.0}