{"Interferences": 20, "Mass": 8.748060768324217, "Batt_amps_ratio_MFD": 0.592310369, "Batt_amps_ratio_MxSpd": 0.592310369, "Distance_MxSpd": 453.816132, "Max_Distance": 453.816132, "Hover_Time": 48.2342453, "Max_Speed": 7.0, "Max_uc_at_MFD": 0.99990356, "Mot_amps_ratio_MFD": 0.677866518, "Mot_amps_ratio_MxSpd": 0.677866518, "Mot_power_ratio_MFD": 0.226082802, "Mot_power_ratio_MxSpd": 0.226082802, "Power_MFD": 1278.49512, "Power_MxSpd": 1278.49512, "Speed_MFD": 7.0}