{"Interferences": 38, "Mass": 8.032799669350432, "Batt_amps_ratio_MFD": 0.913454652, "Batt_amps_ratio_MxSpd": 0.913454652, "Distance_MxSpd": 1177.06995, "Max_Distance": 1177.06995, "Hover_Time": 0.0, "Max_Speed": 28.0, "Max_uc_at_MFD": 0.991253793, "Mot_amps_ratio_MFD": 0.961690843, "Mot_amps_ratio_MxSpd": 0.961690843, "Mot_power_ratio_MFD": 0.711651206, "Mot_power_ratio_MxSpd": 0.711651206, "Power_MFD": 4552.93652, "Power_MxSpd": 4552.93652, "Speed_MFD": 28.0}