{"Interferences": 58, "Mass": 7.732827793078322, "Batt_amps_ratio_MFD": 0.754549146, "Batt_amps_ratio_MxSpd": 0.754549146, "Distance_MxSpd": 4885.56641, "Max_Distance": 4885.56641, "Hover_Time": 150.059402, "Max_Speed": 32.0, "Max_uc_at_MFD": 0.998392761, "Mot_amps_ratio_MFD": 0.539644063, "Mot_amps_ratio_MxSpd": 0.539644063, "Mot_power_ratio_MFD": 0.502391219, "Mot_power_ratio_MxSpd": 0.502391219, "Power_MFD": 2964.34204, "Power_MxSpd": 2964.34204, "Speed_MFD": 32.0}