{"Interferences": 14, "Mass": 4.654173140731851, "Batt_amps_ratio_MFD": 0.223003089, "Batt_amps_ratio_MxSpd": 0.223003089, "Distance_MxSpd": 4132.67822, "Max_Distance": 4132.67822, "Hover_Time": 266.827209, "Max_Speed": 24.0, "Max_uc_at_MFD": 0.958720803, "Mot_amps_ratio_MFD": 0.509537518, "Mot_amps_ratio_MxSpd": 0.509537518, "Mot_power_ratio_MFD": 0.339691669, "Mot_power_ratio_MxSpd": 0.339691669, "Power_MFD": 1120.14868, "Power_MxSpd": 1120.14868, "Speed_MFD": 24.0}