{"Interferences": 4, "Mass": 2.95075409032326, "Batt_amps_ratio_MFD": 0.374618948, "Batt_amps_ratio_MxSpd": 0.374618948, "Distance_MxSpd": 717.529114, "Max_Distance": 717.529114, "Hover_Time": 0.0, "Max_Speed": 7.0, "Max_uc_at_MFD": 0.990366757, "Mot_amps_ratio_MFD": 0.689696074, "Mot_amps_ratio_MxSpd": 0.689696074, "Mot_power_ratio_MFD": 0.340250045, "Mot_power_ratio_MxSpd": 0.340250045, "Power_MFD": 578.577148, "Power_MxSpd": 578.577148, "Speed_MFD": 7.0}