{"Interferences": 45, "Mass": 6.765671718075833, "Batt_amps_ratio_MFD": 0.836337447, "Batt_amps_ratio_MxSpd": 1.07782722, "Distance_MxSpd": 6591.03809, "Max_Distance": 7116.74463, "Hover_Time": 308.780823, "Max_Speed": 37.0, "Max_uc_at_MFD": 0.542053521, "Mot_amps_ratio_MFD": 0.919458926, "Mot_amps_ratio_MxSpd": 0.941390157, "Mot_power_ratio_MFD": 0.931718409, "Mot_power_ratio_MxSpd": 0.953942001, "Power_MFD": 2273.41626, "Power_MxSpd": 3160.75659, "Speed_MFD": 31.0}