{"Interferences": 15, "Mass": 4.344240870101133, "Batt_amps_ratio_MFD": 0.530639946, "Batt_amps_ratio_MxSpd": 0.554994822, "Distance_MxSpd": 2214.07471, "Max_Distance": 2243.3291, "Hover_Time": 118.136871, "Max_Speed": 32.0, "Max_uc_at_MFD": 0.961145103, "Mot_amps_ratio_MFD": 0.570986867, "Mot_amps_ratio_MxSpd": 0.597871423, "Mot_power_ratio_MFD": 0.375582457, "Mot_power_ratio_MxSpd": 0.393266529, "Power_MFD": 1768.97986, "Power_MxSpd": 1921.65662, "Speed_MFD": 31.0}