{"Interferences": 10, "Mass": 4.352067346633636, "Batt_amps_ratio_MFD": 0.163409159, "Batt_amps_ratio_MxSpd": 0.163409159, "Distance_MxSpd": 3289.90137, "Max_Distance": 3289.90137, "Hover_Time": 225.999039, "Max_Speed": 14.0, "Max_uc_at_MFD": 0.996000946, "Mot_amps_ratio_MFD": 0.50980562, "Mot_amps_ratio_MxSpd": 0.50980562, "Mot_power_ratio_MFD": 0.25490281, "Mot_power_ratio_MxSpd": 0.25490281, "Power_MFD": 786.226807, "Power_MxSpd": 786.226807, "Speed_MFD": 14.0}