{"Interferences": 3, "Mass": 6.329438906727461, "Batt_amps_ratio_MFD": 1.67633331, "Batt_amps_ratio_MxSpd": 1.67633331, "Distance_MxSpd": 595.585632, "Max_Distance": 595.585632, "Hover_Time": 27.1937714, "Max_Speed": 26.0, "Max_uc_at_MFD": 0.982653558, "Mot_amps_ratio_MFD": 0.319547743, "Mot_amps_ratio_MxSpd": 0.319547743, "Mot_power_ratio_MFD": 0.0798783675, "Mot_power_ratio_MxSpd": 0.0798783675, "Power_MFD": 1674.57043, "Power_MxSpd": 1674.57043, "Speed_MFD": 26.0}