{"Interferences": 45, "Mass": 8.34863886143254, "Batt_amps_ratio_MFD": 0.80747056, "Batt_amps_ratio_MxSpd": 0.80747056, "Distance_MxSpd": 142.66774, "Max_Distance": 142.66774, "Hover_Time": 0.0, "Max_Speed": 3.0, "Max_uc_at_MFD": 0.820649028, "Mot_amps_ratio_MFD": 0.98664552, "Mot_amps_ratio_MxSpd": 0.98664552, "Mot_power_ratio_MFD": 0.912647128, "Mot_power_ratio_MxSpd": 0.912647128, "Power_MFD": 2994.67944, "Power_MxSpd": 2994.67944, "Speed_MFD": 3.0}