{"Interferences": 12, "Mass": 6.570466799856973, "Batt_amps_ratio_MFD": 0.481156617, "Batt_amps_ratio_MxSpd": 0.481156617, "Distance_MxSpd": 5746.15381, "Max_Distance": 5746.15381, "Hover_Time": 329.372345, "Max_Speed": 24.0, "Max_uc_at_MFD": 0.541772544, "Mot_amps_ratio_MFD": 0.942859709, "Mot_amps_ratio_MxSpd": 0.942859709, "Mot_power_ratio_MFD": 0.968342423, "Mot_power_ratio_MxSpd": 0.968342423, "Power_MFD": 1425.36646, "Power_MxSpd": 1425.36646, "Speed_MFD": 24.0}