{"Interferences": 25, "Mass": 3.700419691908514, "Batt_amps_ratio_MFD": 0.405018747, "Batt_amps_ratio_MxSpd": 0.578073323, "Distance_MxSpd": 1992.82678, "Max_Distance": 2180.63989, "Hover_Time": 143.610611, "Max_Speed": 30.0, "Max_uc_at_MFD": 0.807835877, "Mot_amps_ratio_MFD": 0.83326894, "Mot_amps_ratio_MxSpd": 0.964673221, "Mot_power_ratio_MFD": 0.685132265, "Mot_power_ratio_MxSpd": 0.793175757, "Power_MFD": 956.810303, "Power_MxSpd": 1785.76184, "Speed_MFD": 23.0}