{"Interferences": 12, "Mass": 10.222966831037516, "Batt_amps_ratio_MFD": 0.29427436, "Batt_amps_ratio_MxSpd": 0.29427436, "Distance_MxSpd": 11091.6904, "Max_Distance": 11091.6904, "Hover_Time": 407.865662, "Max_Speed": 34.0, "Max_uc_at_MFD": 0.911428094, "Mot_amps_ratio_MFD": 0.958894253, "Mot_amps_ratio_MxSpd": 0.958894253, "Mot_power_ratio_MFD": 0.886977196, "Mot_power_ratio_MxSpd": 0.886977196, "Power_MFD": 3366.52368, "Power_MxSpd": 3366.52368, "Speed_MFD": 34.0}