{"Interferences": 12, "Mass": 3.5093529403828376, "Batt_amps_ratio_MFD": 0.743423164, "Batt_amps_ratio_MxSpd": 0.864588022, "Distance_MxSpd": 1110.35535, "Max_Distance": 1136.36487, "Hover_Time": 63.9483528, "Max_Speed": 25.0, "Max_uc_at_MFD": 0.86307627, "Mot_amps_ratio_MFD": 0.62848109, "Mot_amps_ratio_MxSpd": 0.754596889, "Mot_power_ratio_MFD": 0.310050666, "Mot_power_ratio_MxSpd": 0.372267783, "Power_MFD": 814.451782, "Power_MxSpd": 1033.73816, "Speed_MFD": 22.0}