{"Interferences": 28, "Mass": 4.444153098875276, "Batt_amps_ratio_MFD": 0.267877191, "Batt_amps_ratio_MxSpd": 0.267877191, "Distance_MxSpd": 1146.79419, "Max_Distance": 1146.79419, "Hover_Time": 0.0, "Max_Speed": 8.0, "Max_uc_at_MFD": 0.772599995, "Mot_amps_ratio_MFD": 0.743601024, "Mot_amps_ratio_MxSpd": 0.743601024, "Mot_power_ratio_MFD": 0.485527724, "Mot_power_ratio_MxSpd": 0.485527724, "Power_MFD": 1305.60999, "Power_MxSpd": 1305.60999, "Speed_MFD": 8.0}