{"Interferences": 2, "Mass": 4.16558635556647, "Batt_amps_ratio_MFD": 0.652167976, "Batt_amps_ratio_MxSpd": 0.797880888, "Distance_MxSpd": 1203.18713, "Max_Distance": 1236.49121, "Hover_Time": 65.0004425, "Max_Speed": 25.0, "Max_uc_at_MFD": 0.976653576, "Mot_amps_ratio_MFD": 0.524597943, "Mot_amps_ratio_MxSpd": 0.493579358, "Mot_power_ratio_MFD": 0.262298971, "Mot_power_ratio_MxSpd": 0.246789679, "Power_MFD": 844.476929, "Power_MxSpd": 1128.74219, "Speed_MFD": 21.0}