{"Interferences": 3, "Mass": 3.216046314160053, "Batt_amps_ratio_MFD": 0.862277687, "Batt_amps_ratio_MxSpd": 1.06072199, "Distance_MxSpd": 941.245728, "Max_Distance": 979.730774, "Hover_Time": 69.8891602, "Max_Speed": 26.0, "Max_uc_at_MFD": 0.878747404, "Mot_amps_ratio_MFD": 0.463474095, "Mot_amps_ratio_MxSpd": 0.530177891, "Mot_power_ratio_MFD": 0.231972992, "Mot_power_ratio_MxSpd": 0.265358835, "Power_MFD": 718.092896, "Power_MxSpd": 1033.49255, "Speed_MFD": 22.0}