{"Interferences": 7, "Mass": 5.260063255529352, "Batt_amps_ratio_MFD": 0.945603371, "Batt_amps_ratio_MxSpd": 0.945603371, "Distance_MxSpd": 324.871948, "Max_Distance": 324.871948, "Hover_Time": 34.3300018, "Max_Speed": 8.0, "Max_uc_at_MFD": 0.999641657, "Mot_amps_ratio_MFD": 0.333884746, "Mot_amps_ratio_MxSpd": 0.333884746, "Mot_power_ratio_MFD": 0.116736546, "Mot_power_ratio_MxSpd": 0.116736546, "Power_MFD": 982.708984, "Power_MxSpd": 982.708984, "Speed_MFD": 8.0}