{"Interferences": 82, "Mass": 6.192515371647763, "Batt_amps_ratio_MFD": 0.343815863, "Batt_amps_ratio_MxSpd": 0.343815863, "Distance_MxSpd": 3574.0061, "Max_Distance": 3574.0061, "Hover_Time": 121.383652, "Max_Speed": 32.0, "Max_uc_at_MFD": 0.880393505, "Mot_amps_ratio_MFD": 0.932533085, "Mot_amps_ratio_MxSpd": 0.932533085, "Mot_power_ratio_MFD": 0.933482587, "Mot_power_ratio_MxSpd": 0.933482587, "Power_MFD": 2221.20239, "Power_MxSpd": 2221.20239, "Speed_MFD": 32.0}