{"Interferences": 26, "Mass": 2.8020491214062835, "Batt_amps_ratio_MFD": 0.33134836, "Batt_amps_ratio_MxSpd": 0.33134836, "Distance_MxSpd": 2201.91211, "Max_Distance": 2201.91211, "Hover_Time": 163.57222, "Max_Speed": 19.0, "Max_uc_at_MFD": 0.987158, "Mot_amps_ratio_MFD": 0.389312685, "Mot_amps_ratio_MxSpd": 0.389312685, "Mot_power_ratio_MFD": 0.172854841, "Mot_power_ratio_MxSpd": 0.172854841, "Power_MFD": 561.748901, "Power_MxSpd": 561.748901, "Speed_MFD": 19.0}