{"Interferences": 4, "Mass": 4.679325592164557, "Batt_amps_ratio_MFD": 0.312991798, "Batt_amps_ratio_MxSpd": 0.32989186, "Distance_MxSpd": 2560.83911, "Max_Distance": 2576.42529, "Hover_Time": 158.258713, "Max_Speed": 22.0, "Max_uc_at_MFD": 0.532850623, "Mot_amps_ratio_MFD": 0.795097232, "Mot_amps_ratio_MxSpd": 0.837348878, "Mot_power_ratio_MFD": 0.588371992, "Mot_power_ratio_MxSpd": 0.619638205, "Power_MFD": 978.960754, "Power_MxSpd": 1029.52356, "Speed_MFD": 21.0}