{"Interferences": 12, "Mass": 4.133366356586035, "Batt_amps_ratio_MFD": 0.38049686, "Batt_amps_ratio_MxSpd": 0.38049686, "Distance_MxSpd": 2018.41357, "Max_Distance": 2018.41357, "Hover_Time": 135.577652, "Max_Speed": 20.0, "Max_uc_at_MFD": 0.983611822, "Mot_amps_ratio_MFD": 0.4727467, "Mot_amps_ratio_MxSpd": 0.4727467, "Mot_power_ratio_MFD": 0.229577616, "Mot_power_ratio_MxSpd": 0.229577616, "Power_MFD": 760.700317, "Power_MxSpd": 760.700317, "Speed_MFD": 20.0}