{"Interferences": 29, "Mass": 2.798317912515866, "Batt_amps_ratio_MFD": 0.696016073, "Batt_amps_ratio_MxSpd": 0.730512142, "Distance_MxSpd": 1156.44897, "Max_Distance": 1158.59387, "Hover_Time": 0.0, "Max_Speed": 22.0, "Max_uc_at_MFD": 0.955454528, "Mot_amps_ratio_MFD": 0.755679011, "Mot_amps_ratio_MxSpd": 0.764109731, "Mot_power_ratio_MFD": 0.372801661, "Mot_power_ratio_MxSpd": 0.376960784, "Power_MFD": 628.189148, "Power_MxSpd": 676.942871, "Speed_MFD": 21.0}