{"Interferences": 3, "Mass": 4.750246861713069, "Batt_amps_ratio_MFD": 0.450761944, "Batt_amps_ratio_MxSpd": 0.450761944, "Distance_MxSpd": 1874.16003, "Max_Distance": 1874.16003, "Hover_Time": 93.2004395, "Max_Speed": 22.0, "Max_uc_at_MFD": 0.994937599, "Mot_amps_ratio_MFD": 0.468470007, "Mot_amps_ratio_MxSpd": 0.468470007, "Mot_power_ratio_MFD": 0.11710494, "Mot_power_ratio_MxSpd": 0.11710494, "Power_MFD": 1436.27856, "Power_MxSpd": 1436.27856, "Speed_MFD": 22.0}