{"Interferences": 28, "Mass": 6.397623535998057, "Batt_amps_ratio_MFD": 0.266486704, "Batt_amps_ratio_MxSpd": 0.266486704, "Distance_MxSpd": 10807.2939, "Max_Distance": 10807.2939, "Hover_Time": 0.0, "Max_Speed": 30.0, "Max_uc_at_MFD": 0.90248698, "Mot_amps_ratio_MFD": 0.915531754, "Mot_amps_ratio_MxSpd": 0.915531754, "Mot_power_ratio_MFD": 0.686648786, "Mot_power_ratio_MxSpd": 0.686648786, "Power_MFD": 2201.12769, "Power_MxSpd": 2201.12769, "Speed_MFD": 30.0}