{"Interferences": 43, "Mass": 5.110424191011416, "Batt_amps_ratio_MFD": 0.53195256, "Batt_amps_ratio_MxSpd": 0.705117464, "Distance_MxSpd": 1851.60645, "Max_Distance": 1949.0459, "Hover_Time": 108.968903, "Max_Speed": 34.0, "Max_uc_at_MFD": 0.843814433, "Mot_amps_ratio_MFD": 0.435570002, "Mot_amps_ratio_MxSpd": 0.514578998, "Mot_power_ratio_MFD": 0.290998995, "Mot_power_ratio_MxSpd": 0.343783945, "Power_MFD": 1330.8678, "Power_MxSpd": 2119.5791, "Speed_MFD": 27.0}