{"Interferences": 2, "Mass": 4.0592562365222005, "Batt_amps_ratio_MFD": 0.895845234, "Batt_amps_ratio_MxSpd": 1.07821167, "Distance_MxSpd": 498.603424, "Max_Distance": 514.374573, "Hover_Time": 54.8940582, "Max_Speed": 14.0, "Max_uc_at_MFD": 0.999996603, "Mot_amps_ratio_MFD": 0.579770744, "Mot_amps_ratio_MxSpd": 0.56984508, "Mot_power_ratio_MFD": 0.227133721, "Mot_power_ratio_MxSpd": 0.223245189, "Power_MFD": 593.987549, "Power_MxSpd": 772.420898, "Speed_MFD": 12.0}