{"Interferences": 14, "Mass": 4.851355032548546, "Batt_amps_ratio_MFD": 0.59482789, "Batt_amps_ratio_MxSpd": 0.734681189, "Distance_MxSpd": 836.281128, "Max_Distance": 903.790894, "Hover_Time": 74.8698578, "Max_Speed": 16.0, "Max_uc_at_MFD": 0.846144676, "Mot_amps_ratio_MFD": 0.696565509, "Mot_amps_ratio_MxSpd": 0.758049309, "Mot_power_ratio_MFD": 0.458185285, "Mot_power_ratio_MxSpd": 0.49862799, "Power_MFD": 1283.2345, "Power_MxSpd": 1757.37195, "Speed_MFD": 14.0}