{"Interferences": 2, "Mass": 2.097844119803214, "Batt_amps_ratio_MFD": 0.294876993, "Batt_amps_ratio_MxSpd": 0.294876993, "Distance_MxSpd": 0.0, "Max_Distance": 0.0, "Hover_Time": 130.223801, "Max_Speed": 0.0, "Max_uc_at_MFD": 0.856590152, "Mot_amps_ratio_MFD": 0.387174278, "Mot_amps_ratio_MxSpd": 0.387174278, "Mot_power_ratio_MFD": 0.143254489, "Mot_power_ratio_MxSpd": 0.143254489, "Power_MFD": 294.770782, "Power_MxSpd": 294.770782, "Speed_MFD": 0.0}