{
  "generator_version":"UAV2_gen12",
  "name":"design_1063_be37153baf1048149e0c3e84dbe93e59_dw_dl",
  "hub":{
    "node_type":"ConnectedHub6_2_2_2",
    "frontSegment":{
      "node_type":"PropArm",
      "armLength":88.82028622668597,
      "motor":{
        "motorType":"kde_direct_KDE4014XF_380"
      },
      "prop":{
        "propType":"apc_propellers_15x10E"
      },
      "flange":{
        "offset":-5.123140667310231,
        "angle":128.1478996801373
      }
    },
    "middleSegment":{
      "node_type":"WingArm",
      "armLength":420.95247867416145,
      "wing":{
        "wingType":"Wing_vert_hole",
        "nacaProfile":"0025",
        "span":734.1738106165819,
        "chordInner":381.30890492545996,
        "chordOuter":171.05455192446655,
        "taperOffset":false,
        "aileronBias":0.2446809792622412,
        "flapBias":0.9614653747632929,
        "load":773.7701585125972,
        "tubeOffset":17.224212585246494,
        "tubeRot":270.0
      },
      "servo":{
        "servoType":"Hitec_HS_225MG"
      }
    },
    "rearSegment":{
      "node_type":"AngledWingArm",
      "arm1Length":81.93968616126062,
      "arm2Length":98.0644244582265,
      "wing":{
        "wingType":"Wing_horiz_hole",
        "nacaProfile":"4418",
        "span":686.2230642516869,
        "chordInner":142.27319280226993,
        "chordOuter":141.3010858745768,
        "taperOffset":false,
        "aileronBias":0.7415995357728687,
        "flapBias":0.3926529424661568,
        "load":342.1764089285492,
        "tubeOffset":80.93271485620859,
        "tubeRot":265.78254152479377
      },
      "servo":{
        "servoType":"Hitec_HS_5070MH"
      }
    }
  },
  "fuselageWithComponents":{
    "node_type":"DualBatteryFuselageWithComponents",
    "battery":{
      "batteryType":"Tattu30C12000mAh6S1P"
    },
    "fuselage":{
      "length":381.0,
      "vertDiameter":106.5,
      "horzDiameter":366.9,
      "floorHeight":17.75,
      "battery1X":-95.25,
      "battery1Y":6.0,
      "battery2X":96.25,
      "battery2Y":6.0,
      "rpmX":0.0,
      "rpmY":-112.3,
      "autoPilotX":0.0,
      "autoPilotY":56.0,
      "currentX":0.0,
      "currentY":-92.15,
      "voltageX":0.0,
      "voltageY":109.8,
      "gpsX":0.0,
      "gpsY":-52.0,
      "varioX":0.0,
      "varioY":88.15
    }
  }
}