{"Interferences": 35, "Mass": 4.812195734872828, "Batt_amps_ratio_MFD": 0.276446968, "Batt_amps_ratio_MxSpd": 0.276446968, "Distance_MxSpd": 3750.44824, "Max_Distance": 3750.44824, "Hover_Time": 0.0, "Max_Speed": 27.0, "Max_uc_at_MFD": 0.996776342, "Mot_amps_ratio_MFD": 0.745461345, "Mot_amps_ratio_MxSpd": 0.745461345, "Mot_power_ratio_MFD": 0.497480214, "Mot_power_ratio_MxSpd": 0.497480214, "Power_MFD": 1312.64722, "Power_MxSpd": 1312.64722, "Speed_MFD": 27.0}