{
  "generator_version":"UAV2_gen12",
  "name":"design_9101_8c04d4e378064f8f9cd80629c7c05a25_s",
  "hub":{
    "node_type":"ConnectedHub6_1_2_2_1",
    "frontCenterSegment":{
      "node_type":"AngledPropArm",
      "armLength":102.93623501093654,
      "motor":{
        "motorType":"kde_direct_KDE4213XF_360"
      },
      "prop":{
        "propType":"apc_propellers_16x10"
      }
    },
    "frontSegment":{
      "node_type":"AngledWingArm",
      "arm1Length":179.43482687364244,
      "arm2Length":165.6636449356134,
      "wing":{
        "wingType":"Wing_horiz_hole",
        "nacaProfile":"2506",
        "span":1801.675050900917,
        "chordInner":122.3949549493276,
        "chordOuter":163.02384000622254,
        "taperOffset":false,
        "aileronBias":0.9971332992425853,
        "flapBias":0.8160454252592467,
        "load":558.3219624710352,
        "tubeOffset":81.73548317983035,
        "tubeRot":270.0
      },
      "servo":{
        "servoType":"Hitec_HS_53"
      }
    },
    "rearSegment":{
      "node_type":"AngledWingArm",
      "arm1Length":499.1922546759731,
      "arm2Length":82.53862282633446,
      "wing":{
        "wingType":"Wing_horiz_hole",
        "nacaProfile":"6515",
        "span":307.6229196683787,
        "chordInner":324.51096763714565,
        "chordOuter":145.41963648273696,
        "taperOffset":false,
        "aileronBias":0.8663082842720229,
        "flapBias":0.4675121538811339,
        "load":250.5857073864998,
        "tubeOffset":63.90656201205768,
        "tubeRot":270.0
      },
      "servo":{
        "servoType":"Hitec_HS_645MG"
      }
    },
    "rearCenterSegment":{
      "node_type":"AngledPropArm",
      "armLength":102.7811804470679,
      "motor":{
        "motorType":"kde_direct_KDE700XF_455_G3"
      },
      "prop":{
        "propType":"apc_propellers_15x7"
      }
    }
  },
  "fuselageWithComponents":{
    "node_type":"SingleBatteryFuselageWithComponents",
    "battery":{
      "batteryType":"TurnigyGraphene5000mAh3S75C"
    },
    "fuselage":{
      "length":144.0,
      "vertDiameter":76.5,
      "horzDiameter":333.9,
      "floorHeight":12.75,
      "batteryX":0.0,
      "batteryY":6.0,
      "rpmX":0.0,
      "rpmY":-101.3,
      "autoPilotX":0.0,
      "autoPilotY":45.0,
      "currentX":0.0,
      "currentY":-81.15,
      "voltageX":0.0,
      "voltageY":98.8,
      "gpsX":0.0,
      "gpsY":-41.0,
      "varioX":0.0,
      "varioY":77.15
    }
  }
}