{"Interferences": 2, "Mass": 3.651497695149569, "Batt_amps_ratio_MFD": 0.738137484, "Batt_amps_ratio_MxSpd": 0.738137484, "Distance_MxSpd": 0.0, "Max_Distance": 0.0, "Hover_Time": 52.0228271, "Max_Speed": 0.0, "Max_uc_at_MFD": 0.416460425, "Mot_amps_ratio_MFD": 0.496110827, "Mot_amps_ratio_MxSpd": 0.496110827, "Mot_power_ratio_MFD": 0.326330692, "Mot_power_ratio_MxSpd": 0.326330692, "Power_MFD": 516.804565, "Power_MxSpd": 516.804565, "Speed_MFD": 0.0}