{"Interferences": 7, "Mass": 4.414369790763332, "Batt_amps_ratio_MFD": 0.785835028, "Batt_amps_ratio_MxSpd": 0.785835028, "Distance_MxSpd": 684.113098, "Max_Distance": 684.113098, "Hover_Time": 56.5631638, "Max_Speed": 14.0, "Max_uc_at_MFD": 0.99942416, "Mot_amps_ratio_MFD": 0.734372377, "Mot_amps_ratio_MxSpd": 0.734372377, "Mot_power_ratio_MFD": 0.378464043, "Mot_power_ratio_MxSpd": 0.378464043, "Power_MFD": 1041.65869, "Power_MxSpd": 1041.65869, "Speed_MFD": 14.0}