{"Interferences": 16, "Mass": 3.826274188140762, "Batt_amps_ratio_MFD": 0.22458148, "Batt_amps_ratio_MxSpd": 0.22458148, "Distance_MxSpd": 3248.70947, "Max_Distance": 3248.70947, "Hover_Time": 213.250992, "Max_Speed": 19.0, "Max_uc_at_MFD": 0.99460417, "Mot_amps_ratio_MFD": 0.624753654, "Mot_amps_ratio_MxSpd": 0.624753654, "Mot_power_ratio_MFD": 0.308211803, "Mot_power_ratio_MxSpd": 0.308211803, "Power_MFD": 680.511292, "Power_MxSpd": 680.511292, "Speed_MFD": 19.0}