{"Interferences": 5, "Mass": 7.420057686048167, "Batt_amps_ratio_MFD": 2.41948724, "Batt_amps_ratio_MxSpd": 3.86458445, "Distance_MxSpd": 387.519043, "Max_Distance": 444.391693, "Hover_Time": 17.1029663, "Max_Speed": 39.0, "Max_uc_at_MFD": 0.860698283, "Mot_amps_ratio_MFD": 0.934133172, "Mot_amps_ratio_MxSpd": 0.926486015, "Mot_power_ratio_MFD": 0.311344326, "Mot_power_ratio_MxSpd": 0.308795542, "Power_MFD": 3073.01562, "Power_MxSpd": 6024.44873, "Speed_MFD": 28.0}