{"Interferences": 62, "Mass": 12.75988717672593, "Batt_amps_ratio_MFD": 1.3657378, "Batt_amps_ratio_MxSpd": 1.3657378, "Distance_MxSpd": 702.916809, "Max_Distance": 702.916809, "Hover_Time": 0.0, "Max_Speed": 5.0, "Max_uc_at_MFD": 0.984339774, "Mot_amps_ratio_MFD": 0.983229578, "Mot_amps_ratio_MxSpd": 0.983229578, "Mot_power_ratio_MFD": 0.485059917, "Mot_power_ratio_MxSpd": 0.485059917, "Power_MFD": 3776.29639, "Power_MxSpd": 3776.29639, "Speed_MFD": 5.0}