{"Interferences": 26, "Mass": 5.097129803636584, "Batt_amps_ratio_MFD": 0.4231489, "Batt_amps_ratio_MxSpd": 0.4231489, "Distance_MxSpd": 1905.71216, "Max_Distance": 1905.71216, "Hover_Time": 99.7768402, "Max_Speed": 21.0, "Max_uc_at_MFD": 0.941568971, "Mot_amps_ratio_MFD": 0.794914246, "Mot_amps_ratio_MxSpd": 0.794914246, "Mot_power_ratio_MFD": 0.38927418, "Mot_power_ratio_MxSpd": 0.38927418, "Power_MFD": 1298.98022, "Power_MxSpd": 1298.98022, "Speed_MFD": 21.0}