{"Interferences": 12, "Mass": 9.484569046084069, "Batt_amps_ratio_MFD": 1.17475665, "Batt_amps_ratio_MxSpd": 1.17475665, "Distance_MxSpd": 1274.81714, "Max_Distance": 1274.81714, "Hover_Time": 0.0, "Max_Speed": 13.0, "Max_uc_at_MFD": 0.598809183, "Mot_amps_ratio_MFD": 0.866379321, "Mot_amps_ratio_MxSpd": 0.866379321, "Mot_power_ratio_MFD": 0.848542094, "Mot_power_ratio_MxSpd": 0.848542094, "Power_MFD": 2451.70801, "Power_MxSpd": 2451.70801, "Speed_MFD": 13.0}