{"Interferences": 46, "Mass": 4.637802307334527, "Batt_amps_ratio_MFD": 1.42279685, "Batt_amps_ratio_MxSpd": 1.42279685, "Distance_MxSpd": 566.770996, "Max_Distance": 566.770996, "Hover_Time": 30.5845966, "Max_Speed": 21.0, "Max_uc_at_MFD": 0.999241889, "Mot_amps_ratio_MFD": 0.477855623, "Mot_amps_ratio_MxSpd": 0.477855623, "Mot_power_ratio_MFD": 0.239437133, "Mot_power_ratio_MxSpd": 0.239437133, "Power_MFD": 1026.09863, "Power_MxSpd": 1026.09863, "Speed_MFD": 21.0}