{
  "generator_version":"UAV2_gen12",
  "name":"design_6526_c69f7c9e836f40b6ad3d43e1887d4152_dw_dl",
  "hub":{
    "node_type":"ConnectedHub4_2_2",
    "frontSegment":{
      "node_type":"PropArm",
      "armLength":61.970481727835,
      "motor":{
        "motorType":"t_motor_MN5212KV420"
      },
      "prop":{
        "propType":"apc_propellers_18x8"
      },
      "flange":{
        "offset":0.20562017290512102,
        "angle":0.0
      }
    },
    "rearSegment":{
      "node_type":"AngledWingArm",
      "arm1Length":122.1418908722584,
      "arm2Length":99.09340355071706,
      "wing":{
        "wingType":"Wing_vert_hole",
        "nacaProfile":"0012",
        "span":973.5828477755589,
        "chordInner":384.74299936707735,
        "chordOuter":167.3583502979086,
        "taperOffset":true,
        "aileronBias":0.7057878232524726,
        "flapBias":0.24075347674507516,
        "load":355.9762771571352,
        "tubeOffset":60.451755008631885,
        "tubeRot":268.03868810416316
      },
      "servo":{
        "servoType":"Hitec_D89MW"
      }
    }
  },
  "fuselageWithComponents":{
    "node_type":"DualBatteryFuselageWithComponents",
    "battery":{
      "batteryType":"Tattu25C23000mAh6S1PHV"
    },
    "fuselage":{
      "length":421.0,
      "vertDiameter":139.5,
      "horzDiameter":384.9,
      "floorHeight":23.25,
      "battery1X":-105.25,
      "battery1Y":6.0,
      "battery2X":106.25,
      "battery2Y":6.0,
      "rpmX":0.0,
      "rpmY":-118.3,
      "autoPilotX":0.0,
      "autoPilotY":62.0,
      "currentX":0.0,
      "currentY":-98.15,
      "voltageX":0.0,
      "voltageY":115.8,
      "gpsX":0.0,
      "gpsY":-58.0,
      "varioX":0.0,
      "varioY":94.15
    }
  }
}