{"Interferences": 5, "Mass": 13.890005781667693, "Batt_amps_ratio_MFD": 0.980860472, "Batt_amps_ratio_MxSpd": 1.20990908, "Distance_MxSpd": 9759.41113, "Max_Distance": 9983.07129, "Hover_Time": 367.417084, "Max_Speed": 41.0, "Max_uc_at_MFD": 0.662808239, "Mot_amps_ratio_MFD": 0.762147248, "Mot_amps_ratio_MxSpd": 0.962174475, "Mot_power_ratio_MFD": 0.738520682, "Mot_power_ratio_MxSpd": 0.932347059, "Power_MFD": 4296.7749, "Power_MxSpd": 6059.08301, "Speed_MFD": 34.0}