{"Interferences": 11, "Mass": 9.106670053195684, "Batt_amps_ratio_MFD": 0.504573166, "Batt_amps_ratio_MxSpd": 0.558302522, "Distance_MxSpd": 7015.55127, "Max_Distance": 7077.66504, "Hover_Time": 308.891022, "Max_Speed": 34.0, "Max_uc_at_MFD": 0.79210043, "Mot_amps_ratio_MFD": 0.871456027, "Mot_amps_ratio_MxSpd": 0.954756021, "Mot_power_ratio_MFD": 0.573224425, "Mot_power_ratio_MxSpd": 0.628017247, "Power_MFD": 2980.36255, "Power_MxSpd": 3223.85498, "Speed_MFD": 31.0}