{"Interferences": 15, "Mass": 7.882254350905709, "Batt_amps_ratio_MFD": 0.620319366, "Batt_amps_ratio_MxSpd": 0.620319366, "Distance_MxSpd": 17642.5254, "Max_Distance": 17642.5254, "Hover_Time": 606.411926, "Max_Speed": 38.0, "Max_uc_at_MFD": 0.879787803, "Mot_amps_ratio_MFD": 0.986235857, "Mot_amps_ratio_MxSpd": 0.986235857, "Mot_power_ratio_MFD": 0.992037296, "Mot_power_ratio_MxSpd": 0.992037296, "Power_MFD": 2840.26465, "Power_MxSpd": 2840.26465, "Speed_MFD": 38.0}