{"Interferences": 8, "Mass": 4.247513408301982, "Batt_amps_ratio_MFD": 1.55381536, "Batt_amps_ratio_MxSpd": 2.30481529, "Distance_MxSpd": 449.84082, "Max_Distance": 469.553833, "Hover_Time": 30.3375263, "Max_Speed": 27.0, "Max_uc_at_MFD": 0.98076272, "Mot_amps_ratio_MFD": 0.639853239, "Mot_amps_ratio_MxSpd": 0.680147231, "Mot_power_ratio_MFD": 0.160258636, "Mot_power_ratio_MxSpd": 0.170350716, "Power_MFD": 748.319946, "Power_MxSpd": 1232.07422, "Speed_MFD": 19.0}