{
  "generator_version":"UAV2_gen12",
  "name":"design_28644_169e69747b9840728365fc3be33d99f3_dw",
  "hub":{
    "node_type":"ConnectedHub6_Sym",
    "mainSegment":{
      "node_type":"CrossSegment",
      "armLength":284.90769017868354,
      "sideSegment":{
        "node_type":"PropArm",
        "armLength":171.18729945667218,
        "motor":{
          "motorType":"kde_direct_KDE4215XF_465"
        },
        "prop":{
          "propType":"apc_propellers_19x8W"
        },
        "flange":{
          "offset":49.41637998859102,
          "angle":0.0
        }
      },
      "centerSegment":{
        "node_type":"AngledWingArm",
        "arm1Length":135.8547792432218,
        "arm2Length":187.91130639657715,
        "wing":{
          "wingType":"Wing_vert_hole",
          "nacaProfile":"2518",
          "span":298.6346025781299,
          "chordInner":236.56951194559267,
          "chordOuter":179.49502123731605,
          "taperOffset":true,
          "aileronBias":0.5085140049316168,
          "flapBias":0.4102167217720759,
          "load":720.0879454248206,
          "tubeOffset":71.60324248434941,
          "tubeRot":319.6485245651893
        },
        "servo":{
          "servoType":"Hitec_HS_53"
        }
      }
    }
  },
  "fuselageWithComponents":{
    "node_type":"DualBatteryFuselageWithComponents",
    "battery":{
      "batteryType":"Tattu25C10000mAh4S1P"
    },
    "fuselage":{
      "length":169.0,
      "vertDiameter":97.5,
      "horzDiameter":405.9,
      "floorHeight":16.25,
      "battery1X":0.0,
      "battery1Y":-14.0,
      "battery2X":0.0,
      "battery2Y":27.0,
      "rpmX":0.0,
      "rpmY":-125.3,
      "autoPilotX":0.0,
      "autoPilotY":69.0,
      "currentX":0.0,
      "currentY":-105.15,
      "voltageX":0.0,
      "voltageY":122.8,
      "gpsX":0.0,
      "gpsY":-65.0,
      "varioX":0.0,
      "varioY":101.15
    }
  }
}