{
  "generator_version":"UAV2_gen12",
  "name":"design_6744_1a6e44d3e1a742148c88ba382e25bbc5_dw_dl",
  "hub":{
    "node_type":"ConnectedHub4_2_2",
    "frontSegment":{
      "node_type":"PropArm",
      "armLength":194.53124629334025,
      "motor":{
        "motorType":"kde_direct_KDE700XF_295_G3"
      },
      "prop":{
        "propType":"apc_propellers_13_5x9"
      },
      "flange":{
        "offset":-39.49486339830196,
        "angle":0.0
      }
    },
    "rearSegment":{
      "node_type":"AngledWingArm",
      "arm1Length":160.4482463641933,
      "arm2Length":154.23443697954497,
      "wing":{
        "wingType":"Wing_horiz_hole",
        "nacaProfile":"6509",
        "span":1176.5420992930988,
        "chordInner":160.28741881064474,
        "chordOuter":197.56070820409218,
        "taperOffset":true,
        "aileronBias":0.43309865932580527,
        "flapBias":0.6412354474342109,
        "load":438.2813502950146,
        "tubeOffset":14.00742310424139,
        "tubeRot":270.0
      },
      "servo":{
        "servoType":"Hitec_D89MW"
      }
    }
  },
  "fuselageWithComponents":{
    "node_type":"DualBatteryFuselageWithComponents",
    "battery":{
      "batteryType":"Tattu25C30000mAh6S1P"
    },
    "fuselage":{
      "length":435.0,
      "vertDiameter":180.0,
      "horzDiameter":383.4,
      "floorHeight":30.0,
      "battery1X":-108.75,
      "battery1Y":6.0,
      "battery2X":109.75,
      "battery2Y":6.0,
      "rpmX":0.0,
      "rpmY":-117.8,
      "autoPilotX":0.0,
      "autoPilotY":61.5,
      "currentX":0.0,
      "currentY":-97.65,
      "voltageX":0.0,
      "voltageY":115.3,
      "gpsX":0.0,
      "gpsY":-57.5,
      "varioX":0.0,
      "varioY":93.65
    }
  }
}