{"Interferences": 16, "Mass": 3.48082882293049, "Batt_amps_ratio_MFD": 0.94267565, "Batt_amps_ratio_MxSpd": 1.09118176, "Distance_MxSpd": 1126.11853, "Max_Distance": 1140.58325, "Hover_Time": 48.83255, "Max_Speed": 32.0, "Max_uc_at_MFD": 0.802826166, "Mot_amps_ratio_MFD": 0.582553327, "Mot_amps_ratio_MxSpd": 0.679257631, "Mot_power_ratio_MFD": 0.542338371, "Mot_power_ratio_MxSpd": 0.632366955, "Power_MFD": 1330.4375, "Power_MxSpd": 1732.99475, "Speed_MFD": 28.0}