{"Interferences": 0, "Mass": 4.755658931191026, "Batt_amps_ratio_MFD": 0.648445249, "Batt_amps_ratio_MxSpd": 0.648445249, "Distance_MxSpd": 2309.52417, "Max_Distance": 2309.52417, "Hover_Time": 0.0, "Max_Speed": 13.0, "Max_uc_at_MFD": 0.738781452, "Mot_amps_ratio_MFD": 0.950534403, "Mot_amps_ratio_MxSpd": 0.950534403, "Mot_power_ratio_MFD": 0.703395486, "Mot_power_ratio_MxSpd": 0.703395486, "Power_MFD": 1435.74573, "Power_MxSpd": 1435.74573, "Speed_MFD": 13.0}