{"Interferences": 20, "Mass": 5.007571449153445, "Batt_amps_ratio_MFD": 0.269090652, "Batt_amps_ratio_MxSpd": 0.269090652, "Distance_MxSpd": 2711.354, "Max_Distance": 2711.354, "Hover_Time": 183.815186, "Max_Speed": 19.0, "Max_uc_at_MFD": 0.999998808, "Mot_amps_ratio_MFD": 0.322176933, "Mot_amps_ratio_MxSpd": 0.322176933, "Mot_power_ratio_MFD": 0.157771945, "Mot_power_ratio_MxSpd": 0.157771945, "Power_MFD": 1098.65149, "Power_MxSpd": 1098.65149, "Speed_MFD": 19.0}