{"Interferences": 87, "Mass": 3.770932468069287, "Batt_amps_ratio_MFD": 0.240694121, "Batt_amps_ratio_MxSpd": 0.240694121, "Distance_MxSpd": 3509.84888, "Max_Distance": 3509.84888, "Hover_Time": 209.224274, "Max_Speed": 22.0, "Max_uc_at_MFD": 0.999097705, "Mot_amps_ratio_MFD": 0.653157055, "Mot_amps_ratio_MxSpd": 0.653157055, "Mot_power_ratio_MFD": 0.29000175, "Mot_power_ratio_MxSpd": 0.29000175, "Power_MFD": 745.466614, "Power_MxSpd": 745.466614, "Speed_MFD": 22.0}