{"Interferences": 21, "Mass": 6.65014895100189, "Batt_amps_ratio_MFD": 0.522974551, "Batt_amps_ratio_MxSpd": 0.522974551, "Distance_MxSpd": 8811.13574, "Max_Distance": 8811.13574, "Hover_Time": 469.835388, "Max_Speed": 24.0, "Max_uc_at_MFD": 0.907756805, "Mot_amps_ratio_MFD": 0.995423377, "Mot_amps_ratio_MxSpd": 0.995423377, "Mot_power_ratio_MFD": 0.491075546, "Mot_power_ratio_MxSpd": 0.491075546, "Power_MFD": 1383.99805, "Power_MxSpd": 1383.99805, "Speed_MFD": 24.0}