{"Interferences": 0, "Mass": 15.570556250249016, "Batt_amps_ratio_MFD": 0.58694613, "Batt_amps_ratio_MxSpd": 0.58694613, "Distance_MxSpd": 5103.02344, "Max_Distance": 5103.02344, "Hover_Time": 0.0, "Max_Speed": 26.0, "Max_uc_at_MFD": 0.355684191, "Mot_amps_ratio_MFD": 0.833827913, "Mot_amps_ratio_MxSpd": 0.833827913, "Mot_power_ratio_MFD": 0.972694874, "Mot_power_ratio_MxSpd": 0.972694874, "Power_MFD": 4710.40723, "Power_MxSpd": 4710.40723, "Speed_MFD": 26.0}