{"Interferences": 54, "Mass": 15.53361455682874, "Batt_amps_ratio_MFD": 0.822137773, "Batt_amps_ratio_MxSpd": 0.822137773, "Distance_MxSpd": 11209.8008, "Max_Distance": 11209.8008, "Hover_Time": 423.155823, "Max_Speed": 32.0, "Max_uc_at_MFD": 0.633482873, "Mot_amps_ratio_MFD": 0.853843808, "Mot_amps_ratio_MxSpd": 0.853843808, "Mot_power_ratio_MFD": 0.827374637, "Mot_power_ratio_MxSpd": 0.827374637, "Power_MFD": 4203.55322, "Power_MxSpd": 4203.55322, "Speed_MFD": 32.0}