{
  "generator_version":"UAV2_gen12",
  "name":"design_26944_cabb514fc6c04e3eabdd6470d2455b97_dw",
  "hub":{
    "node_type":"ConnectedHub6_2_2_2",
    "frontSegment":{
      "node_type":"DoubleBendSegment",
      "angle":-90.0,
      "arm1Length":115.26833767224355,
      "arm2Length":230.4844733546038,
      "mainSegment":{
        "node_type":"WingArm",
        "armLength":417.41283083744423,
        "wing":{
          "wingType":"Wing_vert_hole",
          "nacaProfile":"2406",
          "span":515.6973693224772,
          "chordInner":118.91327082673726,
          "chordOuter":111.40606352449947,
          "taperOffset":false,
          "aileronBias":0.38611132988103036,
          "flapBias":0.1033290855711506,
          "load":436.76454264134316,
          "tubeOffset":43.75262047197748,
          "tubeRot":292.75922831757146
        },
        "servo":{
          "servoType":"Hitec_HS_5065MG"
        }
      }
    },
    "middleSegment":{
      "node_type":"PropArm",
      "armLength":300.54846109371374,
      "motor":{
        "motorType":"t_motor_MN4012KV400"
      },
      "prop":{
        "propType":"apc_propellers_15x4W"
      },
      "flange":{
        "offset":3.2579068984746726,
        "angle":0.0
      }
    },
    "rearSegment":{
      "node_type":"PropArm",
      "armLength":187.4904183879232,
      "motor":{
        "motorType":"kde_direct_KDE700XF_295_G3"
      },
      "prop":{
        "propType":"apc_propellers_13x13_5N"
      },
      "flange":{
        "offset":-37.74175805122273,
        "angle":180.0
      }
    }
  },
  "fuselageWithComponents":{
    "node_type":"DualBatteryFuselageWithComponents",
    "battery":{
      "batteryType":"Tattu15C17000mAh6S1PHV"
    },
    "fuselage":{
      "length":195.0,
      "vertDiameter":117.0,
      "horzDiameter":482.4,
      "floorHeight":19.5,
      "battery1X":0.0,
      "battery1Y":-26.75,
      "battery2X":0.0,
      "battery2Y":39.75,
      "rpmX":0.0,
      "rpmY":-150.8,
      "autoPilotX":0.0,
      "autoPilotY":94.5,
      "currentX":0.0,
      "currentY":-130.65,
      "voltageX":0.0,
      "voltageY":148.3,
      "gpsX":0.0,
      "gpsY":-90.5,
      "varioX":0.0,
      "varioY":126.65
    }
  }
}