{"Interferences": 9, "Mass": 6.12003773416425, "Batt_amps_ratio_MFD": 2.04156399, "Batt_amps_ratio_MxSpd": 3.78951478, "Distance_MxSpd": 445.861816, "Max_Distance": 620.700623, "Hover_Time": 34.2190323, "Max_Speed": 44.0, "Max_uc_at_MFD": 0.939225435, "Mot_amps_ratio_MFD": 0.822012067, "Mot_amps_ratio_MxSpd": 0.616713285, "Mot_power_ratio_MFD": 0.273974627, "Mot_power_ratio_MxSpd": 0.205549046, "Power_MFD": 2932.48364, "Power_MxSpd": 6074.91797, "Speed_MFD": 33.0}