{"Interferences": 7, "Mass": 6.425492016258111, "Batt_amps_ratio_MFD": 0.195458591, "Batt_amps_ratio_MxSpd": 0.195458591, "Distance_MxSpd": 13261.1211, "Max_Distance": 13261.1211, "Hover_Time": 635.539917, "Max_Speed": 27.0, "Max_uc_at_MFD": 0.638547957, "Mot_amps_ratio_MFD": 0.973383605, "Mot_amps_ratio_MxSpd": 0.973383605, "Mot_power_ratio_MFD": 0.720303893, "Mot_power_ratio_MxSpd": 0.720303893, "Power_MFD": 1714.44446, "Power_MxSpd": 1714.44446, "Speed_MFD": 27.0}