{"Interferences": 33, "Mass": 3.891835599583512, "Batt_amps_ratio_MFD": 1.78454316, "Batt_amps_ratio_MxSpd": 2.28132844, "Distance_MxSpd": 504.968933, "Max_Distance": 516.434692, "Hover_Time": 28.1946411, "Max_Speed": 30.0, "Max_uc_at_MFD": 0.703692675, "Mot_amps_ratio_MFD": 0.719808161, "Mot_amps_ratio_MxSpd": 0.904110014, "Mot_power_ratio_MFD": 0.370958269, "Mot_power_ratio_MxSpd": 0.465939552, "Power_MFD": 884.284912, "Power_MxSpd": 1446.44543, "Speed_MFD": 24.0}