{"Interferences": 4, "Mass": 3.9093910932409135, "Batt_amps_ratio_MFD": 0.287947297, "Batt_amps_ratio_MxSpd": 0.287947297, "Distance_MxSpd": 3067.22803, "Max_Distance": 3067.22803, "Hover_Time": 198.874695, "Max_Speed": 23.0, "Max_uc_at_MFD": 0.532801211, "Mot_amps_ratio_MFD": 0.925270021, "Mot_amps_ratio_MxSpd": 0.925270021, "Mot_power_ratio_MFD": 0.821639776, "Mot_power_ratio_MxSpd": 0.821639776, "Power_MFD": 886.748535, "Power_MxSpd": 886.748535, "Speed_MFD": 23.0}