{"Interferences": 42, "Mass": 12.791591951636992, "Batt_amps_ratio_MFD": 3.47803426, "Batt_amps_ratio_MxSpd": 3.47803426, "Distance_MxSpd": 3146.60498, "Max_Distance": 3146.60498, "Hover_Time": 0.0, "Max_Speed": 19.0, "Max_uc_at_MFD": 0.761199534, "Mot_amps_ratio_MFD": 0.986502111, "Mot_amps_ratio_MxSpd": 0.986502111, "Mot_power_ratio_MFD": 0.742384672, "Mot_power_ratio_MxSpd": 0.742384672, "Power_MFD": 4772.65332, "Power_MxSpd": 4772.65332, "Speed_MFD": 19.0}