{"Interferences": 16, "Mass": 5.341451031107929, "Batt_amps_ratio_MFD": 0.247678339, "Batt_amps_ratio_MxSpd": 0.287314683, "Distance_MxSpd": 9021.46777, "Max_Distance": 9689.9873, "Hover_Time": 492.698669, "Max_Speed": 27.0, "Max_uc_at_MFD": 0.911089182, "Mot_amps_ratio_MFD": 0.48058179, "Mot_amps_ratio_MxSpd": 0.547344089, "Mot_power_ratio_MFD": 0.36043635, "Mot_power_ratio_MxSpd": 0.410508066, "Power_MFD": 1330.07104, "Power_MxSpd": 1653.4447, "Speed_MFD": 25.0}