{"Interferences": 22, "Mass": 7.747626817181859, "Batt_amps_ratio_MFD": 0.565487981, "Batt_amps_ratio_MxSpd": 0.705851853, "Distance_MxSpd": 2502.50806, "Max_Distance": 2852.05005, "Hover_Time": 114.357864, "Max_Speed": 46.0, "Max_uc_at_MFD": 0.880633354, "Mot_amps_ratio_MFD": 0.744761109, "Mot_amps_ratio_MxSpd": 0.894960165, "Mot_power_ratio_MFD": 0.668727338, "Mot_power_ratio_MxSpd": 0.788502097, "Power_MFD": 4227.2749, "Power_MxSpd": 5923.44531, "Speed_MFD": 42.0}