{"Interferences": 19, "Mass": 4.593581081786732, "Batt_amps_ratio_MFD": 0.206235811, "Batt_amps_ratio_MxSpd": 0.206235811, "Distance_MxSpd": 4468.67139, "Max_Distance": 4468.67139, "Hover_Time": 272.52597, "Max_Speed": 24.0, "Max_uc_at_MFD": 0.984165967, "Mot_amps_ratio_MFD": 0.570309997, "Mot_amps_ratio_MxSpd": 0.570309997, "Mot_power_ratio_MFD": 0.281352937, "Mot_power_ratio_MxSpd": 0.281352937, "Power_MFD": 1081.90369, "Power_MxSpd": 1081.90369, "Speed_MFD": 24.0}