{"Interferences": 11, "Mass": 5.774842321316828, "Batt_amps_ratio_MFD": 1.83380723, "Batt_amps_ratio_MxSpd": 1.83380723, "Distance_MxSpd": 565.381104, "Max_Distance": 565.381104, "Hover_Time": 25.2891998, "Max_Speed": 27.0, "Max_uc_at_MFD": 0.943072796, "Mot_amps_ratio_MFD": 0.749808013, "Mot_amps_ratio_MxSpd": 0.749808013, "Mot_power_ratio_MFD": 0.489580512, "Mot_power_ratio_MxSpd": 0.489580512, "Power_MFD": 2428.40088, "Power_MxSpd": 2428.40088, "Speed_MFD": 27.0}