{"Interferences": 8, "Mass": 4.498221319484574, "Batt_amps_ratio_MFD": 0.352722079, "Batt_amps_ratio_MxSpd": 0.716653824, "Distance_MxSpd": 2036.12952, "Max_Distance": 2612.82202, "Hover_Time": 146.571915, "Max_Speed": 38.0, "Max_uc_at_MFD": 0.834061086, "Mot_amps_ratio_MFD": 0.996116817, "Mot_amps_ratio_MxSpd": 0.885077894, "Mot_power_ratio_MFD": 0.967478454, "Mot_power_ratio_MxSpd": 0.859631896, "Power_MFD": 1303.39368, "Power_MxSpd": 3309.68921, "Speed_MFD": 24.0}