{"Interferences": 16, "Mass": 2.6294138806024554, "Batt_amps_ratio_MFD": 0.547768772, "Batt_amps_ratio_MxSpd": 0.603641868, "Distance_MxSpd": 1590.34692, "Max_Distance": 1612.35913, "Hover_Time": 0.0, "Max_Speed": 25.0, "Max_uc_at_MFD": 0.90224427, "Mot_amps_ratio_MFD": 0.615661681, "Mot_amps_ratio_MxSpd": 0.645512164, "Mot_power_ratio_MFD": 0.307895869, "Mot_power_ratio_MxSpd": 0.32282424, "Power_MFD": 671.717285, "Power_MxSpd": 801.259949, "Speed_MFD": 23.0}