{"Interferences": 18, "Mass": 5.835471451376741, "Batt_amps_ratio_MFD": 0.724877656, "Batt_amps_ratio_MxSpd": 0.724877656, "Distance_MxSpd": 847.591309, "Max_Distance": 847.591309, "Hover_Time": 0.0, "Max_Speed": 16.0, "Max_uc_at_MFD": 0.973831832, "Mot_amps_ratio_MFD": 0.320427686, "Mot_amps_ratio_MxSpd": 0.320427686, "Mot_power_ratio_MFD": 0.148197815, "Mot_power_ratio_MxSpd": 0.148197815, "Power_MFD": 693.122559, "Power_MxSpd": 693.122559, "Speed_MFD": 16.0}