{"Interferences": 8, "Mass": 3.683428171590749, "Batt_amps_ratio_MFD": 1.048172, "Batt_amps_ratio_MxSpd": 1.048172, "Distance_MxSpd": 622.798523, "Max_Distance": 622.798523, "Hover_Time": 44.5605164, "Max_Speed": 17.0, "Max_uc_at_MFD": 0.999926329, "Mot_amps_ratio_MFD": 0.34703514, "Mot_amps_ratio_MxSpd": 0.34703514, "Mot_power_ratio_MFD": 0.0856020004, "Mot_power_ratio_MxSpd": 0.0856020004, "Power_MFD": 561.766296, "Power_MxSpd": 561.766296, "Speed_MFD": 17.0}