{"Interferences": 19, "Mass": 2.651746284008147, "Batt_amps_ratio_MFD": 0.462118655, "Batt_amps_ratio_MxSpd": 0.649218559, "Distance_MxSpd": 1005.5166, "Max_Distance": 1246.43311, "Hover_Time": 113.02681, "Max_Speed": 17.0, "Max_uc_at_MFD": 0.900002182, "Mot_amps_ratio_MFD": 0.601032913, "Mot_amps_ratio_MxSpd": 0.937879622, "Mot_power_ratio_MFD": 0.300579906, "Mot_power_ratio_MxSpd": 0.469038844, "Power_MFD": 479.315796, "Power_MxSpd": 817.094604, "Speed_MFD": 15.0}