{"Interferences": 24, "Mass": 5.178525270691158, "Batt_amps_ratio_MFD": 0.134172514, "Batt_amps_ratio_MxSpd": 0.134172514, "Distance_MxSpd": 3148.18555, "Max_Distance": 3148.18555, "Hover_Time": 0.0, "Max_Speed": 11.0, "Max_uc_at_MFD": 0.978724897, "Mot_amps_ratio_MFD": 0.514009655, "Mot_amps_ratio_MxSpd": 0.514009655, "Mot_power_ratio_MFD": 0.192753613, "Mot_power_ratio_MxSpd": 0.192753613, "Power_MFD": 527.046265, "Power_MxSpd": 527.046265, "Speed_MFD": 11.0}