{"Interferences": 21, "Mass": 4.258213884167864, "Batt_amps_ratio_MFD": 0.2955589, "Batt_amps_ratio_MxSpd": 0.425909281, "Distance_MxSpd": 3335.92163, "Max_Distance": 3637.85352, "Hover_Time": 185.094803, "Max_Speed": 37.0, "Max_uc_at_MFD": 0.654524207, "Mot_amps_ratio_MFD": 0.640372694, "Mot_amps_ratio_MxSpd": 0.977913737, "Mot_power_ratio_MFD": 0.641024709, "Mot_power_ratio_MxSpd": 0.978909433, "Power_MFD": 1396.88159, "Power_MxSpd": 2776.51514, "Speed_MFD": 28.0}