{"Interferences": 8, "Mass": 5.384135460722661, "Batt_amps_ratio_MFD": 0.535522342, "Batt_amps_ratio_MxSpd": 0.560689151, "Distance_MxSpd": 1849.15295, "Max_Distance": 1864.34802, "Hover_Time": 64.5071182, "Max_Speed": 27.0, "Max_uc_at_MFD": 0.975993395, "Mot_amps_ratio_MFD": 0.343448728, "Mot_amps_ratio_MxSpd": 0.355400443, "Mot_power_ratio_MFD": 0.319739699, "Mot_power_ratio_MxSpd": 0.330866367, "Power_MFD": 1845.00916, "Power_MxSpd": 1956.30225, "Speed_MFD": 26.0}