{"Interferences": 20, "Mass": 5.862494955077157, "Batt_amps_ratio_MFD": 0.956494987, "Batt_amps_ratio_MxSpd": 0.956494987, "Distance_MxSpd": 441.612335, "Max_Distance": 441.612335, "Hover_Time": 0.0, "Max_Speed": 11.0, "Max_uc_at_MFD": 0.99576211, "Mot_amps_ratio_MFD": 0.81110096, "Mot_amps_ratio_MxSpd": 0.81110096, "Mot_power_ratio_MFD": 0.529601216, "Mot_power_ratio_MxSpd": 0.529601216, "Power_MFD": 1785.6875, "Power_MxSpd": 1785.6875, "Speed_MFD": 11.0}