{"Interferences": 10, "Mass": 3.777759659142759, "Batt_amps_ratio_MFD": 0.910681784, "Batt_amps_ratio_MxSpd": 1.18527639, "Distance_MxSpd": 971.925232, "Max_Distance": 1054.15527, "Hover_Time": 65.1068573, "Max_Speed": 30.0, "Max_uc_at_MFD": 0.731728554, "Mot_amps_ratio_MFD": 0.928318799, "Mot_amps_ratio_MxSpd": 0.738759696, "Mot_power_ratio_MFD": 0.686955929, "Mot_power_ratio_MxSpd": 0.546682179, "Power_MFD": 1155.48694, "Power_MxSpd": 1643.43872, "Speed_MFD": 25.0}