{"Interferences": 40, "Mass": 4.67760281640282, "Batt_amps_ratio_MFD": 0.789079666, "Batt_amps_ratio_MxSpd": 0.789079666, "Distance_MxSpd": 194.65715, "Max_Distance": 194.65715, "Hover_Time": 0.0, "Max_Speed": 4.0, "Max_uc_at_MFD": 0.999835968, "Mot_amps_ratio_MFD": 0.498016238, "Mot_amps_ratio_MxSpd": 0.498016238, "Mot_power_ratio_MFD": 0.186795533, "Mot_power_ratio_MxSpd": 0.186795533, "Power_MFD": 729.637207, "Power_MxSpd": 729.637207, "Speed_MFD": 4.0}