{"Interferences": 9, "Mass": 2.931210953635238, "Batt_amps_ratio_MFD": 0.448077977, "Batt_amps_ratio_MxSpd": 0.663067818, "Distance_MxSpd": 1737.37891, "Max_Distance": 1885.38611, "Hover_Time": 131.052887, "Max_Speed": 30.0, "Max_uc_at_MFD": 0.681143641, "Mot_amps_ratio_MFD": 0.474404603, "Mot_amps_ratio_MxSpd": 0.6964553, "Mot_power_ratio_MFD": 0.269843459, "Mot_power_ratio_MxSpd": 0.408136308, "Power_MFD": 649.642822, "Power_MxSpd": 1328.91187, "Speed_MFD": 22.0}