{"Interferences": 8, "Mass": 5.868814055918073, "Batt_amps_ratio_MFD": 0.379478365, "Batt_amps_ratio_MxSpd": 0.379478365, "Distance_MxSpd": 505.957703, "Max_Distance": 505.957703, "Hover_Time": 0.0, "Max_Speed": 5.0, "Max_uc_at_MFD": 0.909544945, "Mot_amps_ratio_MFD": 0.980865061, "Mot_amps_ratio_MxSpd": 0.980865061, "Mot_power_ratio_MFD": 0.725840151, "Mot_power_ratio_MxSpd": 0.725840151, "Power_MFD": 1535.13245, "Power_MxSpd": 1535.13245, "Speed_MFD": 5.0}