{"Interferences": 34, "Mass": 2.937288845560438, "Batt_amps_ratio_MFD": 1.0945003, "Batt_amps_ratio_MxSpd": 1.0945003, "Distance_MxSpd": 947.281616, "Max_Distance": 947.281616, "Hover_Time": 0.0, "Max_Speed": 27.0, "Max_uc_at_MFD": 0.785477877, "Mot_amps_ratio_MFD": 0.508866668, "Mot_amps_ratio_MxSpd": 0.508866668, "Mot_power_ratio_MFD": 0.332260013, "Mot_power_ratio_MxSpd": 0.332260013, "Power_MFD": 907.028687, "Power_MxSpd": 907.028687, "Speed_MFD": 27.0}