{"Interferences": 18, "Mass": 5.610113100434562, "Batt_amps_ratio_MFD": 1.79045331, "Batt_amps_ratio_MxSpd": 1.79045331, "Distance_MxSpd": 321.706238, "Max_Distance": 321.706238, "Hover_Time": 13.2813025, "Max_Speed": 15.0, "Max_uc_at_MFD": 0.976078153, "Mot_amps_ratio_MFD": 0.652523756, "Mot_amps_ratio_MxSpd": 0.652523756, "Mot_power_ratio_MFD": 0.579441071, "Mot_power_ratio_MxSpd": 0.579441071, "Power_MFD": 2171.26025, "Power_MxSpd": 2171.26025, "Speed_MFD": 15.0}