{"Interferences": 10, "Mass": 3.2675956131308546, "Batt_amps_ratio_MFD": 0.862450242, "Batt_amps_ratio_MxSpd": 1.07151055, "Distance_MxSpd": 1003.44324, "Max_Distance": 1024.05908, "Hover_Time": 68.8556747, "Max_Speed": 28.0, "Max_uc_at_MFD": 0.53527838, "Mot_amps_ratio_MFD": 0.627680898, "Mot_amps_ratio_MxSpd": 0.965148151, "Mot_power_ratio_MFD": 0.314419866, "Mot_power_ratio_MxSpd": 0.483464986, "Power_MFD": 711.769409, "Power_MxSpd": 1116.505, "Speed_MFD": 23.0}