{"Interferences": 15, "Mass": 2.898887319505328, "Batt_amps_ratio_MFD": 0.475655079, "Batt_amps_ratio_MxSpd": 0.569919825, "Distance_MxSpd": 1819.20325, "Max_Distance": 1856.80762, "Hover_Time": 123.786263, "Max_Speed": 27.0, "Max_uc_at_MFD": 0.85130018, "Mot_amps_ratio_MFD": 0.783694923, "Mot_amps_ratio_MxSpd": 0.936610043, "Mot_power_ratio_MFD": 0.28996712, "Mot_power_ratio_MxSpd": 0.346545726, "Power_MFD": 712.903015, "Power_MxSpd": 1009.59174, "Speed_MFD": 23.0}