{"Interferences": 4, "Mass": 4.401885076706892, "Batt_amps_ratio_MFD": 1.08422315, "Batt_amps_ratio_MxSpd": 1.08422315, "Distance_MxSpd": 425.004791, "Max_Distance": 425.004791, "Hover_Time": 35.9660492, "Max_Speed": 12.0, "Max_uc_at_MFD": 0.999999702, "Mot_amps_ratio_MFD": 0.365317732, "Mot_amps_ratio_MxSpd": 0.365317732, "Mot_power_ratio_MFD": 0.177407429, "Mot_power_ratio_MxSpd": 0.177407429, "Power_MFD": 1130.52417, "Power_MxSpd": 1130.52417, "Speed_MFD": 12.0}