{"Interferences": 22, "Mass": 6.4225759517307, "Batt_amps_ratio_MFD": 2.39658165, "Batt_amps_ratio_MxSpd": 2.39658165, "Distance_MxSpd": 160.228226, "Max_Distance": 160.228226, "Hover_Time": 0.0, "Max_Speed": 10.0, "Max_uc_at_MFD": 0.999999881, "Mot_amps_ratio_MFD": 0.826669335, "Mot_amps_ratio_MxSpd": 0.826669335, "Mot_power_ratio_MFD": 0.206645176, "Mot_power_ratio_MxSpd": 0.206645176, "Power_MFD": 1612.2522, "Power_MxSpd": 1612.2522, "Speed_MFD": 10.0}