{"Interferences": 2, "Mass": 4.551644549491354, "Batt_amps_ratio_MFD": 1.04832649, "Batt_amps_ratio_MxSpd": 1.04832649, "Distance_MxSpd": 842.485596, "Max_Distance": 842.485596, "Hover_Time": 51.2309113, "Max_Speed": 23.0, "Max_uc_at_MFD": 0.989240587, "Mot_amps_ratio_MFD": 0.234762609, "Mot_amps_ratio_MxSpd": 0.234762609, "Mot_power_ratio_MFD": 0.108577706, "Mot_power_ratio_MxSpd": 0.108577706, "Power_MFD": 1076.84363, "Power_MxSpd": 1076.84363, "Speed_MFD": 23.0}