{"Interferences": 17, "Mass": 4.064866703494508, "Batt_amps_ratio_MFD": 0.898079515, "Batt_amps_ratio_MxSpd": 0.898079515, "Distance_MxSpd": 171.031631, "Max_Distance": 171.031631, "Hover_Time": 38.3725739, "Max_Speed": 4.0, "Max_uc_at_MFD": 0.986194909, "Mot_amps_ratio_MFD": 0.463771969, "Mot_amps_ratio_MxSpd": 0.463771969, "Mot_power_ratio_MFD": 0.174012467, "Mot_power_ratio_MxSpd": 0.174012467, "Power_MFD": 531.566528, "Power_MxSpd": 531.566528, "Speed_MFD": 4.0}