{"Interferences": 2, "Mass": 3.030445698391364, "Batt_amps_ratio_MFD": 0.668984294, "Batt_amps_ratio_MxSpd": 0.909605622, "Distance_MxSpd": 1182.05078, "Max_Distance": 1205.40942, "Hover_Time": 83.8111954, "Max_Speed": 28.0, "Max_uc_at_MFD": 0.698068976, "Mot_amps_ratio_MFD": 0.315623313, "Mot_amps_ratio_MxSpd": 0.466293901, "Mot_power_ratio_MFD": 0.210629791, "Mot_power_ratio_MxSpd": 0.311179131, "Power_MFD": 612.39093, "Power_MxSpd": 1154.70129, "Speed_MFD": 21.0}