{"Interferences": 40, "Mass": 6.421224897516822, "Batt_amps_ratio_MFD": 1.45212781, "Batt_amps_ratio_MxSpd": 1.45212781, "Distance_MxSpd": 713.986755, "Max_Distance": 713.986755, "Hover_Time": 94.3989029, "Max_Speed": 9.0, "Max_uc_at_MFD": 0.673036933, "Mot_amps_ratio_MFD": 0.896447003, "Mot_amps_ratio_MxSpd": 0.896447003, "Mot_power_ratio_MFD": 0.702392578, "Mot_power_ratio_MxSpd": 0.702392578, "Power_MFD": 2425.98584, "Power_MxSpd": 2425.98584, "Speed_MFD": 9.0}