{"Interferences": 14, "Mass": 4.890873126281946, "Batt_amps_ratio_MFD": 1.14307165, "Batt_amps_ratio_MxSpd": 1.14307165, "Distance_MxSpd": 167.968475, "Max_Distance": 167.968475, "Hover_Time": 0.0, "Max_Speed": 5.0, "Max_uc_at_MFD": 0.884703755, "Mot_amps_ratio_MFD": 0.905720234, "Mot_amps_ratio_MxSpd": 0.905720234, "Mot_power_ratio_MFD": 0.604428291, "Mot_power_ratio_MxSpd": 0.604428291, "Power_MFD": 1265.79578, "Power_MxSpd": 1265.79578, "Speed_MFD": 5.0}