{"Interferences": 12, "Mass": 3.773836460073202, "Batt_amps_ratio_MFD": 0.20150575, "Batt_amps_ratio_MxSpd": 0.20150575, "Distance_MxSpd": 3620.74048, "Max_Distance": 3620.74048, "Hover_Time": 259.316986, "Max_Speed": 19.0, "Max_uc_at_MFD": 0.965321302, "Mot_amps_ratio_MFD": 0.328953296, "Mot_amps_ratio_MxSpd": 0.328953296, "Mot_power_ratio_MFD": 0.123383537, "Mot_power_ratio_MxSpd": 0.123383537, "Power_MFD": 616.162476, "Power_MxSpd": 616.162476, "Speed_MFD": 19.0}