{"Interferences": 19, "Mass": 7.655602632344741, "Batt_amps_ratio_MFD": 2.84759283, "Batt_amps_ratio_MxSpd": 3.38466644, "Distance_MxSpd": 260.941528, "Max_Distance": 283.186554, "Hover_Time": 16.8945007, "Max_Speed": 23.0, "Max_uc_at_MFD": 0.987723112, "Mot_amps_ratio_MFD": 0.718785226, "Mot_amps_ratio_MxSpd": 0.91937691, "Mot_power_ratio_MFD": 0.452115893, "Mot_power_ratio_MxSpd": 0.578288078, "Power_MFD": 2265.90552, "Power_MxSpd": 2821.25635, "Speed_MFD": 21.0}