{
  "generator_version":"UAV2_gen12",
  "name":"design_5740_1f78282a5fe04ea2b8527ab92deef8d0_dw",
  "hub":{
    "node_type":"ConnectedHub6_2_2_2",
    "frontSegment":{
      "node_type":"DoubleBendSegment",
      "angle":-90.0,
      "arm1Length":433.5587762036357,
      "arm2Length":295.0196623732504,
      "mainSegment":{
        "node_type":"AngledPropArm",
        "armLength":83.50907801212716,
        "motor":{
          "motorType":"t_motor_U7_V2.0KV490"
        },
        "prop":{
          "propType":"apc_propellers_16x7"
        }
      }
    },
    "middleSegment":{
      "node_type":"AngledWingArm",
      "arm1Length":104.9831170208054,
      "arm2Length":146.76601231782178,
      "wing":{
        "wingType":"Wing_vert_hole",
        "nacaProfile":"6312",
        "span":724.3505886906914,
        "chordInner":146.46304197597485,
        "chordOuter":185.2078999843961,
        "taperOffset":true,
        "aileronBias":0.8794912404212584,
        "flapBias":0.35402477290673484,
        "load":585.626473666196,
        "tubeOffset":48.70119858341808,
        "tubeRot":238.06732697925696
      },
      "servo":{
        "servoType":"Hitec_HS_625MG"
      }
    },
    "rearSegment":{
      "node_type":"PropArm",
      "armLength":344.7650675882581,
      "motor":{
        "motorType":"t_motor_MN4012KV400"
      },
      "prop":{
        "propType":"apc_propellers_16x8E"
      },
      "flange":{
        "offset":-17.856904840364997,
        "angle":270.0
      }
    }
  },
  "fuselageWithComponents":{
    "node_type":"DualBatteryFuselageWithComponents",
    "battery":{
      "batteryType":"TattuPro25C22000mAh14S1P"
    },
    "fuselage":{
      "length":238.0,
      "vertDiameter":261.0,
      "horzDiameter":639.9,
      "floorHeight":43.5,
      "battery1X":0.0,
      "battery1Y":-53.0,
      "battery2X":0.0,
      "battery2Y":66.0,
      "rpmX":0.0,
      "rpmY":-203.3,
      "autoPilotX":0.0,
      "autoPilotY":147.0,
      "currentX":0.0,
      "currentY":-183.15,
      "voltageX":0.0,
      "voltageY":200.8,
      "gpsX":0.0,
      "gpsY":-143.0,
      "varioX":0.0,
      "varioY":179.15
    }
  }
}