{"Interferences": 12, "Mass": 5.629914014262046, "Batt_amps_ratio_MFD": 0.46436283, "Batt_amps_ratio_MxSpd": 0.537234783, "Distance_MxSpd": 2430.22241, "Max_Distance": 2563.5127, "Hover_Time": 141.422043, "Max_Speed": 34.0, "Max_uc_at_MFD": 0.725703835, "Mot_amps_ratio_MFD": 0.87799865, "Mot_amps_ratio_MxSpd": 0.92451483, "Mot_power_ratio_MFD": 0.649719, "Mot_power_ratio_MxSpd": 0.68414098, "Power_MFD": 2092.61597, "Power_MxSpd": 2456.5166, "Speed_MFD": 31.0}