{"Interferences": 15, "Mass": 3.869885919382077, "Batt_amps_ratio_MFD": 0.558649182, "Batt_amps_ratio_MxSpd": 0.558649182, "Distance_MxSpd": 756.109558, "Max_Distance": 756.109558, "Hover_Time": 0.0, "Max_Speed": 11.0, "Max_uc_at_MFD": 0.832386434, "Mot_amps_ratio_MFD": 0.243482754, "Mot_amps_ratio_MxSpd": 0.243482754, "Mot_power_ratio_MFD": 0.0900886208, "Mot_power_ratio_MxSpd": 0.0900886208, "Power_MFD": 450.233307, "Power_MxSpd": 450.233307, "Speed_MFD": 11.0}