{"Interferences": 31, "Mass": 6.7919481309212735, "Batt_amps_ratio_MFD": 0.288378268, "Batt_amps_ratio_MxSpd": 0.288378268, "Distance_MxSpd": 5193.1792, "Max_Distance": 5193.1792, "Hover_Time": 0.0, "Max_Speed": 13.0, "Max_uc_at_MFD": 0.999624491, "Mot_amps_ratio_MFD": 0.915509999, "Mot_amps_ratio_MxSpd": 0.915509999, "Mot_power_ratio_MFD": 0.47821933, "Mot_power_ratio_MxSpd": 0.47821933, "Power_MFD": 803.78418, "Power_MxSpd": 803.78418, "Speed_MFD": 13.0}