{"Interferences": 54, "Mass": 13.319353873490735, "Batt_amps_ratio_MFD": 1.29286397, "Batt_amps_ratio_MxSpd": 1.29286397, "Distance_MxSpd": 594.030029, "Max_Distance": 594.030029, "Hover_Time": 0.0, "Max_Speed": 4.0, "Max_uc_at_MFD": 0.999627709, "Mot_amps_ratio_MFD": 0.915833294, "Mot_amps_ratio_MxSpd": 0.915833294, "Mot_power_ratio_MFD": 0.47300306, "Mot_power_ratio_MxSpd": 0.47300306, "Power_MFD": 3691.38403, "Power_MxSpd": 3691.38403, "Speed_MFD": 4.0}