{"Interferences": 18, "Mass": 5.501946776280543, "Batt_amps_ratio_MFD": 0.721193612, "Batt_amps_ratio_MxSpd": 1.27304316, "Distance_MxSpd": 2908.66602, "Max_Distance": 3536.99341, "Hover_Time": 182.555557, "Max_Speed": 45.0, "Max_uc_at_MFD": 0.75073266, "Mot_amps_ratio_MFD": 0.709030747, "Mot_amps_ratio_MxSpd": 0.980566978, "Mot_power_ratio_MFD": 0.65585345, "Mot_power_ratio_MxSpd": 0.907024443, "Power_MFD": 2131.24023, "Power_MxSpd": 5168.11572, "Speed_MFD": 31.0}