{"Interferences": 22, "Mass": 7.816211605710499, "Batt_amps_ratio_MFD": 1.05570281, "Batt_amps_ratio_MxSpd": 1.05570281, "Distance_MxSpd": 545.608093, "Max_Distance": 545.608093, "Hover_Time": 43.9355545, "Max_Speed": 15.0, "Max_uc_at_MFD": 0.998183548, "Mot_amps_ratio_MFD": 0.603959441, "Mot_amps_ratio_MxSpd": 0.603959441, "Mot_power_ratio_MFD": 0.205796301, "Mot_power_ratio_MxSpd": 0.205796301, "Power_MFD": 2217.63818, "Power_MxSpd": 2217.63818, "Speed_MFD": 15.0}