{"Interferences": 9, "Mass": 3.7494107519669946, "Batt_amps_ratio_MFD": 0.713750601, "Batt_amps_ratio_MxSpd": 0.921931982, "Distance_MxSpd": 1124.59485, "Max_Distance": 1183.60669, "Hover_Time": 80.1431808, "Max_Speed": 27.0, "Max_uc_at_MFD": 0.966390729, "Mot_amps_ratio_MFD": 0.57912159, "Mot_amps_ratio_MxSpd": 0.517390966, "Mot_power_ratio_MFD": 0.289621949, "Mot_power_ratio_MxSpd": 0.258750111, "Power_MFD": 824.717224, "Power_MxSpd": 1246.30078, "Speed_MFD": 22.0}