{"Interferences": 2, "Mass": 4.021608182205427, "Batt_amps_ratio_MFD": 2.17181826, "Batt_amps_ratio_MxSpd": 2.17181826, "Distance_MxSpd": 17.681036, "Max_Distance": 17.681036, "Hover_Time": 0.0, "Max_Speed": 1.0, "Max_uc_at_MFD": 0.993486404, "Mot_amps_ratio_MFD": 0.723620653, "Mot_amps_ratio_MxSpd": 0.723620653, "Mot_power_ratio_MFD": 0.341368049, "Mot_power_ratio_MxSpd": 0.341368049, "Power_MFD": 1552.24451, "Power_MxSpd": 1552.24451, "Speed_MFD": 1.0}