{"Interferences": 42, "Mass": 6.9903882223719975, "Batt_amps_ratio_MFD": 0.369568974, "Batt_amps_ratio_MxSpd": 0.369568974, "Distance_MxSpd": 1766.38196, "Max_Distance": 1766.38196, "Hover_Time": 122.799141, "Max_Speed": 17.0, "Max_uc_at_MFD": 1.0, "Mot_amps_ratio_MFD": 0.435772836, "Mot_amps_ratio_MxSpd": 0.435772836, "Mot_power_ratio_MFD": 0.161235943, "Mot_power_ratio_MxSpd": 0.161235943, "Power_MFD": 1092.14099, "Power_MxSpd": 1092.14099, "Speed_MFD": 17.0}