{"Interferences": 5, "Mass": 13.94549417683242, "Batt_amps_ratio_MFD": 1.28610182, "Batt_amps_ratio_MxSpd": 1.28610182, "Distance_MxSpd": 2687.18994, "Max_Distance": 2687.18994, "Hover_Time": 0.0, "Max_Speed": 12.0, "Max_uc_at_MFD": 0.474004, "Mot_amps_ratio_MFD": 0.960525334, "Mot_amps_ratio_MxSpd": 0.960525334, "Mot_power_ratio_MFD": 0.966175497, "Mot_power_ratio_MxSpd": 0.966175497, "Power_MFD": 4321.79248, "Power_MxSpd": 4321.79248, "Speed_MFD": 12.0}