{"Interferences": 0, "Mass": 6.487182538003847, "Batt_amps_ratio_MFD": 0.613500714, "Batt_amps_ratio_MxSpd": 1.22315717, "Distance_MxSpd": 1569.70825, "Max_Distance": 2065.52319, "Hover_Time": 105.554329, "Max_Speed": 50.0, "Max_uc_at_MFD": 0.700784624, "Mot_amps_ratio_MFD": 0.723786533, "Mot_amps_ratio_MxSpd": 0.8959409, "Mot_power_ratio_MFD": 0.669502556, "Mot_power_ratio_MxSpd": 0.828745306, "Power_MFD": 2546.60229, "Power_MxSpd": 7416.84961, "Speed_MFD": 33.0}