{"Interferences": 22, "Mass": 4.944743529792764, "Batt_amps_ratio_MFD": 0.186235726, "Batt_amps_ratio_MxSpd": 0.186235726, "Distance_MxSpd": 2061.90308, "Max_Distance": 2061.90308, "Hover_Time": 0.0, "Max_Speed": 10.0, "Max_uc_at_MFD": 0.956104696, "Mot_amps_ratio_MFD": 0.657051265, "Mot_amps_ratio_MxSpd": 0.657051265, "Mot_power_ratio_MFD": 0.425440699, "Mot_power_ratio_MxSpd": 0.425440699, "Power_MFD": 627.992676, "Power_MxSpd": 627.992676, "Speed_MFD": 10.0}