{"Interferences": 15, "Mass": 8.2647324149925, "Batt_amps_ratio_MFD": 0.722365737, "Batt_amps_ratio_MxSpd": 0.722365737, "Distance_MxSpd": 3721.10669, "Max_Distance": 3721.10669, "Hover_Time": 123.666588, "Max_Speed": 28.0, "Max_uc_at_MFD": 0.957145631, "Mot_amps_ratio_MFD": 0.909885526, "Mot_amps_ratio_MxSpd": 0.909885526, "Mot_power_ratio_MFD": 0.454893976, "Mot_power_ratio_MxSpd": 0.454893976, "Power_MFD": 2943.23438, "Power_MxSpd": 2943.23438, "Speed_MFD": 28.0}