{"Interferences": 18, "Mass": 5.930516821150804, "Batt_amps_ratio_MFD": 0.386637628, "Batt_amps_ratio_MxSpd": 0.672845542, "Distance_MxSpd": 3253.0498, "Max_Distance": 5363.16113, "Hover_Time": 238.373291, "Max_Speed": 19.0, "Max_uc_at_MFD": 0.650409102, "Mot_amps_ratio_MFD": 0.951994896, "Mot_amps_ratio_MxSpd": 0.941989124, "Mot_power_ratio_MFD": 0.734647095, "Mot_power_ratio_MxSpd": 0.72692579, "Power_MFD": 1339.03406, "Power_MxSpd": 2584.84058, "Speed_MFD": 18.0}