{"Interferences": 5, "Mass": 8.292592834001619, "Batt_amps_ratio_MFD": 0.405702382, "Batt_amps_ratio_MxSpd": 0.405702382, "Distance_MxSpd": 5205.78662, "Max_Distance": 5205.78662, "Hover_Time": 270.01709, "Max_Speed": 22.0, "Max_uc_at_MFD": 0.896537125, "Mot_amps_ratio_MFD": 0.981645882, "Mot_amps_ratio_MxSpd": 0.981645882, "Mot_power_ratio_MFD": 0.982645392, "Mot_power_ratio_MxSpd": 0.982645392, "Power_MFD": 2552.52783, "Power_MxSpd": 2552.52783, "Speed_MFD": 22.0}