{"Interferences": 38, "Mass": 12.287908880376014, "Batt_amps_ratio_MFD": 0.517348289, "Batt_amps_ratio_MxSpd": 0.517348289, "Distance_MxSpd": 15030.4922, "Max_Distance": 15030.4922, "Hover_Time": 0.0, "Max_Speed": 27.0, "Max_uc_at_MFD": 0.814701736, "Mot_amps_ratio_MFD": 0.948665559, "Mot_amps_ratio_MxSpd": 0.948665559, "Mot_power_ratio_MFD": 0.94629389, "Mot_power_ratio_MxSpd": 0.94629389, "Power_MFD": 2770.22729, "Power_MxSpd": 2770.22729, "Speed_MFD": 27.0}