{"Interferences": 3, "Mass": 3.730854321826168, "Batt_amps_ratio_MFD": 0.906665266, "Batt_amps_ratio_MxSpd": 1.23174453, "Distance_MxSpd": 841.732971, "Max_Distance": 974.119141, "Hover_Time": 58.3196564, "Max_Speed": 27.0, "Max_uc_at_MFD": 0.841444254, "Mot_amps_ratio_MFD": 0.456727952, "Mot_amps_ratio_MxSpd": 0.612508655, "Mot_power_ratio_MFD": 0.430922836, "Mot_power_ratio_MxSpd": 0.5779019, "Power_MFD": 1069.76221, "Power_MxSpd": 1650.39893, "Speed_MFD": 23.0}