{"Interferences": 63, "Mass": 4.773338758335695, "Batt_amps_ratio_MFD": 0.456528038, "Batt_amps_ratio_MxSpd": 0.5319224, "Distance_MxSpd": 2454.49341, "Max_Distance": 2523.3938, "Hover_Time": 138.992645, "Max_Speed": 34.0, "Max_uc_at_MFD": 0.81291151, "Mot_amps_ratio_MFD": 0.89100951, "Mot_amps_ratio_MxSpd": 0.946711004, "Mot_power_ratio_MFD": 0.668732762, "Mot_power_ratio_MxSpd": 0.710538626, "Power_MFD": 1583.74683, "Power_MxSpd": 2033.65674, "Speed_MFD": 30.0}