{"Interferences": 12, "Mass": 7.227471287022998, "Batt_amps_ratio_MFD": 1.14458632, "Batt_amps_ratio_MxSpd": 1.14458632, "Distance_MxSpd": 503.238556, "Max_Distance": 503.238556, "Hover_Time": 0.0, "Max_Speed": 15.0, "Max_uc_at_MFD": 0.999951124, "Mot_amps_ratio_MFD": 0.571190536, "Mot_amps_ratio_MxSpd": 0.571190536, "Mot_power_ratio_MFD": 0.281787336, "Mot_power_ratio_MxSpd": 0.281787336, "Power_MFD": 935.540344, "Power_MxSpd": 935.540344, "Speed_MFD": 15.0}