{"Interferences": 48, "Mass": 8.342897184980357, "Batt_amps_ratio_MFD": 0.86464256, "Batt_amps_ratio_MxSpd": 1.168486, "Distance_MxSpd": 920.165039, "Max_Distance": 932.639709, "Hover_Time": 29.4716187, "Max_Speed": 28.0, "Max_uc_at_MFD": 0.997631431, "Mot_amps_ratio_MFD": 0.832324326, "Mot_amps_ratio_MxSpd": 0.728169262, "Mot_power_ratio_MFD": 0.769900024, "Mot_power_ratio_MxSpd": 0.673556566, "Power_MFD": 2763.91431, "Power_MxSpd": 3319.4021, "Speed_MFD": 21.0}