{"Interferences": 29, "Mass": 3.3609796259215248, "Batt_amps_ratio_MFD": 0.786686063, "Batt_amps_ratio_MxSpd": 0.786686063, "Distance_MxSpd": 829.809998, "Max_Distance": 829.809998, "Hover_Time": 0.0, "Max_Speed": 17.0, "Max_uc_at_MFD": 0.929837167, "Mot_amps_ratio_MFD": 0.513582408, "Mot_amps_ratio_MxSpd": 0.513582408, "Mot_power_ratio_MFD": 0.19324626, "Mot_power_ratio_MxSpd": 0.19324626, "Power_MFD": 518.777649, "Power_MxSpd": 518.777649, "Speed_MFD": 17.0}