{"Interferences": 24, "Mass": 6.598362731901748, "Batt_amps_ratio_MFD": 1.94649541, "Batt_amps_ratio_MxSpd": 1.94649541, "Distance_MxSpd": 9765.24219, "Max_Distance": 9765.24219, "Hover_Time": 402.444672, "Max_Speed": 33.0, "Max_uc_at_MFD": 0.641188681, "Mot_amps_ratio_MFD": 0.962498724, "Mot_amps_ratio_MxSpd": 0.962498724, "Mot_power_ratio_MFD": 0.890311301, "Mot_power_ratio_MxSpd": 0.890311301, "Power_MFD": 2408.87524, "Power_MxSpd": 2408.87524, "Speed_MFD": 33.0}