{"Interferences": 0, "Mass": 4.108356666515875, "Batt_amps_ratio_MFD": 0.165596768, "Batt_amps_ratio_MxSpd": 0.165596768, "Distance_MxSpd": 5101.54883, "Max_Distance": 5101.54883, "Hover_Time": 302.037231, "Max_Speed": 22.0, "Max_uc_at_MFD": 0.990546584, "Mot_amps_ratio_MFD": 0.550702751, "Mot_amps_ratio_MxSpd": 0.550702751, "Mot_power_ratio_MFD": 0.271680027, "Mot_power_ratio_MxSpd": 0.271680027, "Power_MFD": 860.170166, "Power_MxSpd": 860.170166, "Speed_MFD": 22.0}