{"Interferences": 30, "Mass": 4.258150852509803, "Batt_amps_ratio_MFD": 0.571563065, "Batt_amps_ratio_MxSpd": 0.63051188, "Distance_MxSpd": 1461.66956, "Max_Distance": 1478.05212, "Hover_Time": 0.0, "Max_Speed": 24.0, "Max_uc_at_MFD": 0.362425953, "Mot_amps_ratio_MFD": 0.532329202, "Mot_amps_ratio_MxSpd": 0.750356257, "Mot_power_ratio_MFD": 0.502252638, "Mot_power_ratio_MxSpd": 0.707961142, "Power_MFD": 856.484436, "Power_MxSpd": 1072.61841, "Speed_MFD": 22.0}