{"Interferences": 15, "Mass": 5.259609270033564, "Batt_amps_ratio_MFD": 0.977047324, "Batt_amps_ratio_MxSpd": 0.977047324, "Distance_MxSpd": 314.416718, "Max_Distance": 314.416718, "Hover_Time": 44.6283226, "Max_Speed": 8.0, "Max_uc_at_MFD": 0.999997735, "Mot_amps_ratio_MFD": 0.521243632, "Mot_amps_ratio_MxSpd": 0.521243632, "Mot_power_ratio_MFD": 0.25234288, "Mot_power_ratio_MxSpd": 0.25234288, "Power_MFD": 1352.96753, "Power_MxSpd": 1352.96753, "Speed_MFD": 8.0}