{"Interferences": 83, "Mass": 6.664790248778216, "Batt_amps_ratio_MFD": 0.460757315, "Batt_amps_ratio_MxSpd": 0.495887041, "Distance_MxSpd": 8130.88379, "Max_Distance": 8250.76465, "Hover_Time": 393.987457, "Max_Speed": 35.0, "Max_uc_at_MFD": 0.794621229, "Mot_amps_ratio_MFD": 0.878521264, "Mot_amps_ratio_MxSpd": 0.996836364, "Mot_power_ratio_MFD": 0.677080035, "Mot_power_ratio_MxSpd": 0.768265963, "Power_MFD": 2045.29822, "Power_MxSpd": 2300.07935, "Speed_MFD": 33.0}