{"Interferences": 26, "Mass": 7.832167514105066, "Batt_amps_ratio_MFD": 0.680538595, "Batt_amps_ratio_MxSpd": 0.87864244, "Distance_MxSpd": 10816.6865, "Max_Distance": 12272.6318, "Hover_Time": 465.754791, "Max_Speed": 33.0, "Max_uc_at_MFD": 0.755157888, "Mot_amps_ratio_MFD": 0.736083388, "Mot_amps_ratio_MxSpd": 0.865537345, "Mot_power_ratio_MFD": 0.74589783, "Mot_power_ratio_MxSpd": 0.877077818, "Power_MFD": 2354.94946, "Power_MxSpd": 3397.32642, "Speed_MFD": 29.0}