{"Interferences": 6, "Mass": 6.85063213091679, "Batt_amps_ratio_MFD": 2.8916378, "Batt_amps_ratio_MxSpd": 2.8916378, "Distance_MxSpd": 331.991791, "Max_Distance": 331.991791, "Hover_Time": 15.060174, "Max_Speed": 25.0, "Max_uc_at_MFD": 0.981877685, "Mot_amps_ratio_MFD": 0.984081328, "Mot_amps_ratio_MxSpd": 0.984081328, "Mot_power_ratio_MFD": 0.910084188, "Mot_power_ratio_MxSpd": 0.910084188, "Power_MFD": 4153.64453, "Power_MxSpd": 4153.64453, "Speed_MFD": 25.0}