{"Interferences": 5, "Mass": 4.85725350819772, "Batt_amps_ratio_MFD": 0.713846266, "Batt_amps_ratio_MxSpd": 0.713846266, "Distance_MxSpd": 1291.0343, "Max_Distance": 1291.0343, "Hover_Time": 72.4342575, "Max_Speed": 24.0, "Max_uc_at_MFD": 0.944152355, "Mot_amps_ratio_MFD": 0.742926061, "Mot_amps_ratio_MxSpd": 0.742926061, "Mot_power_ratio_MFD": 0.366510212, "Mot_power_ratio_MxSpd": 0.366510212, "Power_MFD": 1336.01575, "Power_MxSpd": 1336.01575, "Speed_MFD": 24.0}