{"Interferences": 9, "Mass": 6.908133569482808, "Batt_amps_ratio_MFD": 1.33811963, "Batt_amps_ratio_MxSpd": 1.67480052, "Distance_MxSpd": 12037.2549, "Max_Distance": 12483.1895, "Hover_Time": 643.189697, "Max_Speed": 35.0, "Max_uc_at_MFD": 0.605912268, "Mot_amps_ratio_MFD": 0.7506603, "Mot_amps_ratio_MxSpd": 0.95760268, "Mot_power_ratio_MFD": 0.694360733, "Mot_power_ratio_MxSpd": 0.88578248, "Power_MFD": 1958.74695, "Power_MxSpd": 2939.06787, "Speed_MFD": 29.0}