{
  "generator_version":"UAV2_gen12",
  "name":"design_40027_5204ac64d3f048c5a2acdaa02aee1c8b_dw",
  "hub":{
    "node_type":"ConnectedHub4_2_2",
    "frontSegment":{
      "node_type":"WingArm",
      "armLength":416.2656181489592,
      "wing":{
        "wingType":"Wing_vert_hole",
        "nacaProfile":"2306",
        "span":1962.6801630783089,
        "chordInner":492.0452772050001,
        "chordOuter":69.02133259541353,
        "taperOffset":true,
        "aileronBias":0.459323503906622,
        "flapBias":0.36932811676610744,
        "load":167.8366737462252,
        "tubeOffset":29.97669323997514,
        "tubeRot":286.0679660978972
      },
      "servo":{
        "servoType":"Hitec_HS_7235MH"
      }
    },
    "rearSegment":{
      "node_type":"BranchSegment_Sym",
      "armLength":77.02586733392991,
      "angle":144.62746805798906,
      "mainSegment":{
        "node_type":"PropArm",
        "armLength":344.2918905401318,
        "motor":{
          "motorType":"t_motor_U5KV400"
        },
        "prop":{
          "propType":"apc_propellers_17x6"
        },
        "flange":{
          "offset":-39.969194841510124,
          "angle":0.0
        }
      }
    }
  },
  "fuselageWithComponents":{
    "node_type":"DualBatteryFuselageWithComponents",
    "battery":{
      "batteryType":"TattuPlus25C22000mAh12S1PAGRI"
    },
    "fuselage":{
      "length":235.0,
      "vertDiameter":258.0,
      "horzDiameter":636.9,
      "floorHeight":43.0,
      "battery1X":0.0,
      "battery1Y":-52.5,
      "battery2X":0.0,
      "battery2Y":65.5,
      "rpmX":0.0,
      "rpmY":-202.3,
      "autoPilotX":0.0,
      "autoPilotY":146.0,
      "currentX":0.0,
      "currentY":-182.15,
      "voltageX":0.0,
      "voltageY":199.8,
      "gpsX":0.0,
      "gpsY":-142.0,
      "varioX":0.0,
      "varioY":178.15
    }
  }
}