{"Interferences": 2, "Mass": 4.895341068081926, "Batt_amps_ratio_MFD": 0.220226899, "Batt_amps_ratio_MxSpd": 0.285249084, "Distance_MxSpd": 2423.14526, "Max_Distance": 2789.84985, "Hover_Time": 155.414871, "Max_Speed": 18.0, "Max_uc_at_MFD": 0.616469026, "Mot_amps_ratio_MFD": 0.827564955, "Mot_amps_ratio_MxSpd": 0.941543281, "Mot_power_ratio_MFD": 0.816530764, "Mot_power_ratio_MxSpd": 0.928989351, "Power_MFD": 878.991394, "Power_MxSpd": 1214.62964, "Speed_MFD": 16.0}