{"Interferences": 126, "Mass": 10.05209128751988, "Batt_amps_ratio_MFD": 1.99601007, "Batt_amps_ratio_MxSpd": 1.99601007, "Distance_MxSpd": 3270.52441, "Max_Distance": 3270.52441, "Hover_Time": 102.676468, "Max_Speed": 34.0, "Max_uc_at_MFD": 0.998736322, "Mot_amps_ratio_MFD": 0.999065101, "Mot_amps_ratio_MxSpd": 0.999065101, "Mot_power_ratio_MFD": 0.759289503, "Mot_power_ratio_MxSpd": 0.759289503, "Power_MFD": 6083.38232, "Power_MxSpd": 6083.38232, "Speed_MFD": 34.0}