{"Interferences": 84, "Mass": 6.768892813098138, "Batt_amps_ratio_MFD": 0.3181189, "Batt_amps_ratio_MxSpd": 0.3181189, "Distance_MxSpd": 2293.48218, "Max_Distance": 2293.48218, "Hover_Time": 137.444183, "Max_Speed": 19.0, "Max_uc_at_MFD": 0.441402614, "Mot_amps_ratio_MFD": 0.911565185, "Mot_amps_ratio_MxSpd": 0.911565185, "Mot_power_ratio_MFD": 0.684936047, "Mot_power_ratio_MxSpd": 0.684936047, "Power_MFD": 1219.84192, "Power_MxSpd": 1219.84192, "Speed_MFD": 19.0}