{"Interferences": 6, "Mass": 2.5403883721965856, "Batt_amps_ratio_MFD": 0.537558973, "Batt_amps_ratio_MxSpd": 0.626430392, "Distance_MxSpd": 612.99707, "Max_Distance": 642.906189, "Hover_Time": 0.0, "Max_Speed": 10.0, "Max_uc_at_MFD": 1.0, "Mot_amps_ratio_MFD": 0.760226369, "Mot_amps_ratio_MxSpd": 0.741375804, "Mot_power_ratio_MFD": 0.337540507, "Mot_power_ratio_MxSpd": 0.329170853, "Power_MFD": 409.913879, "Power_MxSpd": 458.164001, "Speed_MFD": 9.0}