{"Interferences": 12, "Mass": 7.679578001250791, "Batt_amps_ratio_MFD": 0.291183233, "Batt_amps_ratio_MxSpd": 0.355278552, "Distance_MxSpd": 2161.68408, "Max_Distance": 2241.88721, "Hover_Time": 0.0, "Max_Speed": 20.0, "Max_uc_at_MFD": 0.899394929, "Mot_amps_ratio_MFD": 0.911673725, "Mot_amps_ratio_MxSpd": 0.990797222, "Mot_power_ratio_MFD": 0.455933124, "Mot_power_ratio_MxSpd": 0.495503247, "Power_MFD": 1551.94617, "Power_MxSpd": 1894.23181, "Speed_MFD": 17.0}