{"Interferences": 8, "Mass": 5.793634206673538, "Batt_amps_ratio_MFD": 1.41227019, "Batt_amps_ratio_MxSpd": 1.41227019, "Distance_MxSpd": 706.946899, "Max_Distance": 706.946899, "Hover_Time": 40.8251648, "Max_Speed": 26.0, "Max_uc_at_MFD": 0.986245275, "Mot_amps_ratio_MFD": 0.202228904, "Mot_amps_ratio_MxSpd": 0.202228904, "Mot_power_ratio_MFD": 0.0505518056, "Mot_power_ratio_MxSpd": 0.0505518056, "Power_MFD": 1577.6272, "Power_MxSpd": 1577.6272, "Speed_MFD": 26.0}