{"Interferences": 36, "Mass": 11.897573231112275, "Batt_amps_ratio_MFD": 0.872071683, "Batt_amps_ratio_MxSpd": 0.872071683, "Distance_MxSpd": 440.33078, "Max_Distance": 440.33078, "Hover_Time": 0.0, "Max_Speed": 4.0, "Max_uc_at_MFD": 0.632244825, "Mot_amps_ratio_MFD": 0.988278151, "Mot_amps_ratio_MxSpd": 0.988278151, "Mot_power_ratio_MFD": 0.494086087, "Mot_power_ratio_MxSpd": 0.494086087, "Power_MFD": 4508.0791, "Power_MxSpd": 4508.0791, "Speed_MFD": 4.0}