{"Interferences": 2, "Mass": 4.764329245499523, "Batt_amps_ratio_MFD": 1.93547165, "Batt_amps_ratio_MxSpd": 1.93547165, "Distance_MxSpd": 39.6802521, "Max_Distance": 39.6802521, "Hover_Time": 19.8089886, "Max_Speed": 2.0, "Max_uc_at_MFD": 0.788245738, "Mot_amps_ratio_MFD": 0.494563252, "Mot_amps_ratio_MxSpd": 0.494563252, "Mot_power_ratio_MFD": 0.141263381, "Mot_power_ratio_MxSpd": 0.141263381, "Power_MFD": 1640.04712, "Power_MxSpd": 1640.04712, "Speed_MFD": 2.0}