{"Interferences": 28, "Mass": 6.333732889492546, "Batt_amps_ratio_MFD": 0.366466999, "Batt_amps_ratio_MxSpd": 0.366466999, "Distance_MxSpd": 2619.6084, "Max_Distance": 2619.6084, "Hover_Time": 158.253662, "Max_Speed": 25.0, "Max_uc_at_MFD": 0.71050185, "Mot_amps_ratio_MFD": 0.999479234, "Mot_amps_ratio_MxSpd": 0.999479234, "Mot_power_ratio_MFD": 0.501433671, "Mot_power_ratio_MxSpd": 0.501433671, "Power_MFD": 1473.94189, "Power_MxSpd": 1473.94189, "Speed_MFD": 25.0}