{"Interferences": 21, "Mass": 17.95310714817983, "Batt_amps_ratio_MFD": 1.52029681, "Batt_amps_ratio_MxSpd": 2.04685616, "Distance_MxSpd": 4690.11963, "Max_Distance": 5051.64551, "Hover_Time": 144.402939, "Max_Speed": 50.0, "Max_uc_at_MFD": 0.511238158, "Mot_amps_ratio_MFD": 0.653706431, "Mot_amps_ratio_MxSpd": 0.822361827, "Mot_power_ratio_MFD": 0.560159564, "Mot_power_ratio_MxSpd": 0.704680026, "Power_MFD": 7510.84033, "Power_MxSpd": 11769.8555, "Speed_MFD": 40.0}