{"Interferences": 65, "Mass": 4.55227030462825, "Batt_amps_ratio_MFD": 2.10664248, "Batt_amps_ratio_MxSpd": 3.38693404, "Distance_MxSpd": 453.507507, "Max_Distance": 528.613708, "Hover_Time": 28.198904, "Max_Speed": 40.0, "Max_uc_at_MFD": 0.747418761, "Mot_amps_ratio_MFD": 0.78066498, "Mot_amps_ratio_MxSpd": 0.904510081, "Mot_power_ratio_MFD": 0.491038263, "Mot_power_ratio_MxSpd": 0.568936825, "Power_MFD": 1459.79333, "Power_MxSpd": 3199.04443, "Speed_MFD": 29.0}