{"Interferences": 4, "Mass": 4.223622685099657, "Batt_amps_ratio_MFD": 0.570490539, "Batt_amps_ratio_MxSpd": 0.570490539, "Distance_MxSpd": 942.346863, "Max_Distance": 942.346863, "Hover_Time": 75.4763718, "Max_Speed": 14.0, "Max_uc_at_MFD": 0.999837279, "Mot_amps_ratio_MFD": 0.400706679, "Mot_amps_ratio_MxSpd": 0.400706679, "Mot_power_ratio_MFD": 0.189033374, "Mot_power_ratio_MxSpd": 0.189033374, "Power_MFD": 1004.80237, "Power_MxSpd": 1004.80237, "Speed_MFD": 14.0}