{"Interferences": 12, "Mass": 5.600193796078942, "Batt_amps_ratio_MFD": 0.391907573, "Batt_amps_ratio_MxSpd": 0.391907573, "Distance_MxSpd": 3919.2915, "Max_Distance": 3919.2915, "Hover_Time": 260.747284, "Max_Speed": 16.0, "Max_uc_at_MFD": 0.38523069, "Mot_amps_ratio_MFD": 0.728037357, "Mot_amps_ratio_MxSpd": 0.728037357, "Mot_power_ratio_MFD": 0.750398517, "Mot_power_ratio_MxSpd": 0.750398517, "Power_MFD": 927.033813, "Power_MxSpd": 927.033813, "Speed_MFD": 16.0}