{"Interferences": 21, "Mass": 5.891272102940927, "Batt_amps_ratio_MFD": 1.02033758, "Batt_amps_ratio_MxSpd": 1.02033758, "Distance_MxSpd": 3612.92188, "Max_Distance": 3612.92188, "Hover_Time": 155.272171, "Max_Speed": 32.0, "Max_uc_at_MFD": 0.686478674, "Mot_amps_ratio_MFD": 0.979901969, "Mot_amps_ratio_MxSpd": 0.979901969, "Mot_power_ratio_MFD": 0.981990755, "Mot_power_ratio_MxSpd": 0.981990755, "Power_MFD": 2339.45142, "Power_MxSpd": 2339.45142, "Speed_MFD": 32.0}