{"Interferences": 9, "Mass": 6.4867080367623, "Batt_amps_ratio_MFD": 1.85263503, "Batt_amps_ratio_MxSpd": 2.3393023, "Distance_MxSpd": 525.28479, "Max_Distance": 538.908081, "Hover_Time": 30.5619812, "Max_Speed": 32.0, "Max_uc_at_MFD": 0.966801345, "Mot_amps_ratio_MFD": 0.31012696, "Mot_amps_ratio_MxSpd": 0.310225487, "Mot_power_ratio_MFD": 0.0664367825, "Mot_power_ratio_MxSpd": 0.0664578825, "Power_MFD": 1756.28003, "Power_MxSpd": 2374.28345, "Speed_MFD": 26.0}