{"Interferences": 74, "Mass": 13.65250419704006, "Batt_amps_ratio_MFD": 0.418560088, "Batt_amps_ratio_MxSpd": 0.418560088, "Distance_MxSpd": 6055.04443, "Max_Distance": 6055.04443, "Hover_Time": 0.0, "Max_Speed": 22.0, "Max_uc_at_MFD": 0.532954454, "Mot_amps_ratio_MFD": 0.856162369, "Mot_amps_ratio_MxSpd": 0.856162369, "Mot_power_ratio_MFD": 0.838535547, "Mot_power_ratio_MxSpd": 0.838535547, "Power_MFD": 3115.42261, "Power_MxSpd": 3115.42261, "Speed_MFD": 22.0}