{"Interferences": 90, "Mass": 7.346651055119664, "Batt_amps_ratio_MFD": 0.438087553, "Batt_amps_ratio_MxSpd": 0.438087553, "Distance_MxSpd": 4820.9541, "Max_Distance": 4820.9541, "Hover_Time": 242.558624, "Max_Speed": 22.0, "Max_uc_at_MFD": 0.976708412, "Mot_amps_ratio_MFD": 0.974983513, "Mot_amps_ratio_MxSpd": 0.974983513, "Mot_power_ratio_MFD": 0.90185976, "Mot_power_ratio_MxSpd": 0.90185976, "Power_MFD": 2445.95215, "Power_MxSpd": 2445.95215, "Speed_MFD": 22.0}