{"Interferences": 14, "Mass": 6.0067557119761865, "Batt_amps_ratio_MFD": 0.683260202, "Batt_amps_ratio_MxSpd": 1.18483377, "Distance_MxSpd": 1490.84204, "Max_Distance": 1854.63757, "Hover_Time": 91.8781662, "Max_Speed": 46.0, "Max_uc_at_MFD": 0.8425349, "Mot_amps_ratio_MFD": 0.801867247, "Mot_amps_ratio_MxSpd": 0.681405187, "Mot_power_ratio_MFD": 0.401159495, "Mot_power_ratio_MxSpd": 0.34089455, "Power_MFD": 2525.61255, "Power_MxSpd": 5249.78809, "Speed_MFD": 33.0}