{"Interferences": 21, "Mass": 5.5428637578304345, "Batt_amps_ratio_MFD": 0.39278239, "Batt_amps_ratio_MxSpd": 0.657217264, "Distance_MxSpd": 993.278809, "Max_Distance": 1368.69678, "Hover_Time": 80.2669525, "Max_Speed": 17.0, "Max_uc_at_MFD": 0.998305142, "Mot_amps_ratio_MFD": 0.553936064, "Mot_amps_ratio_MxSpd": 0.659917772, "Mot_power_ratio_MFD": 0.204956338, "Mot_power_ratio_MxSpd": 0.244169578, "Power_MFD": 1040.32629, "Power_MxSpd": 2046.25708, "Speed_MFD": 14.0}