{"Interferences": 9, "Mass": 4.986706133618303, "Batt_amps_ratio_MFD": 0.249204949, "Batt_amps_ratio_MxSpd": 0.249204949, "Distance_MxSpd": 2465.44067, "Max_Distance": 2465.44067, "Hover_Time": 171.841858, "Max_Speed": 16.0, "Max_uc_at_MFD": 0.988220811, "Mot_amps_ratio_MFD": 0.439544469, "Mot_amps_ratio_MxSpd": 0.439544469, "Mot_power_ratio_MFD": 0.195157751, "Mot_power_ratio_MxSpd": 0.195157751, "Power_MFD": 713.816711, "Power_MxSpd": 713.816711, "Speed_MFD": 16.0}