{"Interferences": 16, "Mass": 7.996741067332802, "Batt_amps_ratio_MFD": 0.607479751, "Batt_amps_ratio_MxSpd": 0.790882409, "Distance_MxSpd": 5972.06348, "Max_Distance": 6447.62207, "Hover_Time": 305.246582, "Max_Speed": 41.0, "Max_uc_at_MFD": 0.765506208, "Mot_amps_ratio_MFD": 0.872978985, "Mot_amps_ratio_MxSpd": 0.850608289, "Mot_power_ratio_MFD": 0.290961802, "Mot_power_ratio_MxSpd": 0.283505678, "Power_MFD": 3299.87524, "Power_MxSpd": 4798.56396, "Speed_MFD": 34.0}