{"Interferences": 5, "Mass": 30.97285162553044, "Batt_amps_ratio_MFD": 0.995081782, "Batt_amps_ratio_MxSpd": 0.995081782, "Distance_MxSpd": 4283.46729, "Max_Distance": 4283.46729, "Hover_Time": 106.874062, "Max_Speed": 37.0, "Max_uc_at_MFD": 0.521667659, "Mot_amps_ratio_MFD": 0.873810709, "Mot_amps_ratio_MxSpd": 0.873810709, "Mot_power_ratio_MFD": 0.873560846, "Mot_power_ratio_MxSpd": 0.873560846, "Power_MFD": 14954.4551, "Power_MxSpd": 14954.4551, "Speed_MFD": 37.0}