{"Interferences": 12, "Mass": 5.559454116761544, "Batt_amps_ratio_MFD": 0.476663709, "Batt_amps_ratio_MxSpd": 0.57142055, "Distance_MxSpd": 2016.02832, "Max_Distance": 2094.55835, "Hover_Time": 121.339485, "Max_Speed": 30.0, "Max_uc_at_MFD": 0.568213582, "Mot_amps_ratio_MFD": 0.884434581, "Mot_amps_ratio_MxSpd": 0.765676618, "Mot_power_ratio_MFD": 0.577483773, "Mot_power_ratio_MxSpd": 0.499941766, "Power_MFD": 1484.09937, "Power_MxSpd": 1903.23108, "Speed_MFD": 26.0}