{"Interferences": 17, "Mass": 4.06522464452838, "Batt_amps_ratio_MFD": 0.738956392, "Batt_amps_ratio_MxSpd": 0.738956392, "Distance_MxSpd": 311.791077, "Max_Distance": 311.791077, "Hover_Time": 50.7856331, "Max_Speed": 6.0, "Max_uc_at_MFD": 0.875765145, "Mot_amps_ratio_MFD": 0.384712905, "Mot_amps_ratio_MxSpd": 0.384712905, "Mot_power_ratio_MFD": 0.181488305, "Mot_power_ratio_MxSpd": 0.181488305, "Power_MFD": 675.364319, "Power_MxSpd": 675.364319, "Speed_MFD": 6.0}