{"Interferences": 44, "Mass": 4.256744240346276, "Batt_amps_ratio_MFD": 1.25248003, "Batt_amps_ratio_MxSpd": 1.25248003, "Distance_MxSpd": 643.84259, "Max_Distance": 643.84259, "Hover_Time": 34.1508904, "Max_Speed": 21.0, "Max_uc_at_MFD": 0.99999994, "Mot_amps_ratio_MFD": 0.755977333, "Mot_amps_ratio_MxSpd": 0.755977333, "Mot_power_ratio_MFD": 0.284452498, "Mot_power_ratio_MxSpd": 0.284452498, "Power_MFD": 906.329102, "Power_MxSpd": 906.329102, "Speed_MFD": 21.0}