{"Interferences": 9, "Mass": 4.637324464071392, "Batt_amps_ratio_MFD": 0.259163857, "Batt_amps_ratio_MxSpd": 0.259163857, "Distance_MxSpd": 1185.35046, "Max_Distance": 1185.35046, "Hover_Time": 0.0, "Max_Speed": 8.0, "Max_uc_at_MFD": 0.923397243, "Mot_amps_ratio_MFD": 0.32551384, "Mot_amps_ratio_MxSpd": 0.32551384, "Mot_power_ratio_MFD": 0.159406051, "Mot_power_ratio_MxSpd": 0.159406051, "Power_MFD": 377.520599, "Power_MxSpd": 377.520599, "Speed_MFD": 8.0}