{"Interferences": 58, "Mass": 6.947316621423538, "Batt_amps_ratio_MFD": 0.305531979, "Batt_amps_ratio_MxSpd": 0.305531979, "Distance_MxSpd": 3519.10791, "Max_Distance": 3519.10791, "Hover_Time": 171.631683, "Max_Speed": 28.0, "Max_uc_at_MFD": 0.743745148, "Mot_amps_ratio_MFD": 0.95890969, "Mot_amps_ratio_MxSpd": 0.95890969, "Mot_power_ratio_MFD": 0.719587445, "Mot_power_ratio_MxSpd": 0.719587445, "Power_MFD": 1908.33276, "Power_MxSpd": 1908.33276, "Speed_MFD": 28.0}