{"Interferences": 37, "Mass": 3.624372296968647, "Batt_amps_ratio_MFD": 1.22102582, "Batt_amps_ratio_MxSpd": 1.22102582, "Distance_MxSpd": 817.673096, "Max_Distance": 817.673096, "Hover_Time": 0.0, "Max_Speed": 26.0, "Max_uc_at_MFD": 0.650064409, "Mot_amps_ratio_MFD": 0.873472095, "Mot_amps_ratio_MxSpd": 0.873472095, "Mot_power_ratio_MFD": 0.798456252, "Mot_power_ratio_MxSpd": 0.798456252, "Power_MFD": 1190.13342, "Power_MxSpd": 1190.13342, "Speed_MFD": 26.0}