{"Interferences": 16, "Mass": 4.492824717267896, "Batt_amps_ratio_MFD": 0.207382858, "Batt_amps_ratio_MxSpd": 0.207382858, "Distance_MxSpd": 4073.625, "Max_Distance": 4073.625, "Hover_Time": 263.290955, "Max_Speed": 22.0, "Max_uc_at_MFD": 0.999996722, "Mot_amps_ratio_MFD": 0.483576924, "Mot_amps_ratio_MxSpd": 0.483576924, "Mot_power_ratio_MFD": 0.221023098, "Mot_power_ratio_MxSpd": 0.221023098, "Power_MFD": 966.087341, "Power_MxSpd": 966.087341, "Speed_MFD": 22.0}