{"Interferences": 5, "Mass": 3.776357147890912, "Batt_amps_ratio_MFD": 1.21361971, "Batt_amps_ratio_MxSpd": 1.58437526, "Distance_MxSpd": 824.04718, "Max_Distance": 854.303833, "Hover_Time": 50.8627434, "Max_Speed": 34.0, "Max_uc_at_MFD": 0.765212297, "Mot_amps_ratio_MFD": 0.405709118, "Mot_amps_ratio_MxSpd": 0.532628596, "Mot_power_ratio_MFD": 0.255191028, "Mot_power_ratio_MxSpd": 0.335023373, "Power_MFD": 1112.64697, "Power_MxSpd": 1871.76074, "Speed_MFD": 27.0}