{"Interferences": 21, "Mass": 8.35711580265304, "Batt_amps_ratio_MFD": 1.04383183, "Batt_amps_ratio_MxSpd": 1.04383183, "Distance_MxSpd": 404.662903, "Max_Distance": 404.662903, "Hover_Time": 0.0, "Max_Speed": 11.0, "Max_uc_at_MFD": 0.870973885, "Mot_amps_ratio_MFD": 0.953579128, "Mot_amps_ratio_MxSpd": 0.953579128, "Mot_power_ratio_MFD": 0.8877514, "Mot_power_ratio_MxSpd": 0.8877514, "Power_MFD": 5761.86719, "Power_MxSpd": 5761.86719, "Speed_MFD": 11.0}