{"Interferences": 12, "Mass": 6.915797485877996, "Batt_amps_ratio_MFD": 1.11193144, "Batt_amps_ratio_MxSpd": 1.11193144, "Distance_MxSpd": 13468.457, "Max_Distance": 13468.457, "Hover_Time": 634.356689, "Max_Speed": 26.0, "Max_uc_at_MFD": 0.689174294, "Mot_amps_ratio_MFD": 0.956264257, "Mot_amps_ratio_MxSpd": 0.956264257, "Mot_power_ratio_MFD": 0.874138057, "Mot_power_ratio_MxSpd": 0.874138057, "Power_MFD": 2123.63721, "Power_MxSpd": 2123.63721, "Speed_MFD": 26.0}