{"Interferences": 67, "Mass": 5.360682710965276, "Batt_amps_ratio_MFD": 0.618815124, "Batt_amps_ratio_MxSpd": 0.849534214, "Distance_MxSpd": 1853.25085, "Max_Distance": 2047.78442, "Hover_Time": 112.295227, "Max_Speed": 41.0, "Max_uc_at_MFD": 0.917808652, "Mot_amps_ratio_MFD": 0.979953229, "Mot_amps_ratio_MxSpd": 0.883418679, "Mot_power_ratio_MFD": 0.326835126, "Mot_power_ratio_MxSpd": 0.294638783, "Power_MFD": 2078.21973, "Power_MxSpd": 3410.48779, "Speed_MFD": 33.0}