{"Interferences": 10, "Mass": 4.6852322748821305, "Batt_amps_ratio_MFD": 1.13170278, "Batt_amps_ratio_MxSpd": 1.13170278, "Distance_MxSpd": 576.829895, "Max_Distance": 576.829895, "Hover_Time": 45.1538773, "Max_Speed": 17.0, "Max_uc_at_MFD": 0.999444425, "Mot_amps_ratio_MFD": 0.975117624, "Mot_amps_ratio_MxSpd": 0.975117624, "Mot_power_ratio_MFD": 0.608666718, "Mot_power_ratio_MxSpd": 0.608666718, "Power_MFD": 2135.87183, "Power_MxSpd": 2135.87183, "Speed_MFD": 17.0}