{"Interferences": 9, "Mass": 4.115418179287461, "Batt_amps_ratio_MFD": 1.21198368, "Batt_amps_ratio_MxSpd": 2.10125041, "Distance_MxSpd": 639.619141, "Max_Distance": 823.773499, "Hover_Time": 53.8786583, "Max_Speed": 35.0, "Max_uc_at_MFD": 0.907804608, "Mot_amps_ratio_MFD": 0.779628873, "Mot_amps_ratio_MxSpd": 0.690891981, "Mot_power_ratio_MFD": 0.520281792, "Mot_power_ratio_MxSpd": 0.461063623, "Power_MFD": 1394.58911, "Power_MxSpd": 2873.32129, "Speed_MFD": 26.0}