{"Interferences": 0, "Mass": 5.4654747613203885, "Batt_amps_ratio_MFD": 1.11498463, "Batt_amps_ratio_MxSpd": 1.24247718, "Distance_MxSpd": 2966.97583, "Max_Distance": 2996.27466, "Hover_Time": 103.549988, "Max_Speed": 32.0, "Max_uc_at_MFD": 0.915939987, "Mot_amps_ratio_MFD": 0.800006092, "Mot_amps_ratio_MxSpd": 0.959312856, "Mot_power_ratio_MFD": 0.397628218, "Mot_power_ratio_MxSpd": 0.476808697, "Power_MFD": 3336.08569, "Power_MxSpd": 3967.8938, "Speed_MFD": 29.0}