{"Interferences": 97, "Mass": 12.986829014113214, "Batt_amps_ratio_MFD": 0.304872513, "Batt_amps_ratio_MxSpd": 0.304872513, "Distance_MxSpd": 11335.8867, "Max_Distance": 11335.8867, "Hover_Time": 0.0, "Max_Speed": 30.0, "Max_uc_at_MFD": 0.968161523, "Mot_amps_ratio_MFD": 0.949287653, "Mot_amps_ratio_MxSpd": 0.949287653, "Mot_power_ratio_MFD": 0.951311231, "Mot_power_ratio_MxSpd": 0.951311231, "Power_MFD": 4060.00781, "Power_MxSpd": 4060.00781, "Speed_MFD": 30.0}