{"Interferences": 10, "Mass": 3.7898390162271407, "Batt_amps_ratio_MFD": 1.50036979, "Batt_amps_ratio_MxSpd": 1.50036979, "Distance_MxSpd": 844.591797, "Max_Distance": 844.591797, "Hover_Time": 42.9971962, "Max_Speed": 33.0, "Max_uc_at_MFD": 0.973225057, "Mot_amps_ratio_MFD": 0.587252557, "Mot_amps_ratio_MxSpd": 0.587252557, "Mot_power_ratio_MFD": 0.380246043, "Mot_power_ratio_MxSpd": 0.380246043, "Power_MFD": 1827.04089, "Power_MxSpd": 1827.04089, "Speed_MFD": 33.0}