{"Interferences": 18, "Mass": 4.033724831488854, "Batt_amps_ratio_MFD": 1.75836539, "Batt_amps_ratio_MxSpd": 1.75836539, "Distance_MxSpd": 21.8384647, "Max_Distance": 21.8384647, "Hover_Time": 0.0, "Max_Speed": 1.0, "Max_uc_at_MFD": 0.999994516, "Mot_amps_ratio_MFD": 0.896692872, "Mot_amps_ratio_MxSpd": 0.896692872, "Mot_power_ratio_MFD": 0.560328007, "Mot_power_ratio_MxSpd": 0.560328007, "Power_MFD": 1649.03601, "Power_MxSpd": 1649.03601, "Speed_MFD": 1.0}