{"Interferences": 0, "Mass": 4.861363995462534, "Batt_amps_ratio_MFD": 0.283410221, "Batt_amps_ratio_MxSpd": 0.498822868, "Distance_MxSpd": 2694.34326, "Max_Distance": 3116.33057, "Hover_Time": 189.95961, "Max_Speed": 35.0, "Max_uc_at_MFD": 0.652427614, "Mot_amps_ratio_MFD": 0.422011256, "Mot_amps_ratio_MxSpd": 0.682087004, "Mot_power_ratio_MFD": 0.277589619, "Mot_power_ratio_MxSpd": 0.448661655, "Power_MFD": 1173.82495, "Power_MxSpd": 3264.83838, "Speed_MFD": 23.0}