{"Interferences": 7, "Mass": 4.272531309441347, "Batt_amps_ratio_MFD": 1.15950644, "Batt_amps_ratio_MxSpd": 1.15950644, "Distance_MxSpd": 0.0, "Max_Distance": 0.0, "Hover_Time": 33.1175385, "Max_Speed": 0.0, "Max_uc_at_MFD": 0.989816725, "Mot_amps_ratio_MFD": 0.461110443, "Mot_amps_ratio_MxSpd": 0.461110443, "Mot_power_ratio_MFD": 0.151654094, "Mot_power_ratio_MxSpd": 0.151654094, "Power_MFD": 583.96991, "Power_MxSpd": 583.96991, "Speed_MFD": 0.0}