{"Interferences": 21, "Mass": 5.6317393523314285, "Batt_amps_ratio_MFD": 0.377991438, "Batt_amps_ratio_MxSpd": 0.377991438, "Distance_MxSpd": 7365.24609, "Max_Distance": 7365.24609, "Hover_Time": 0.0, "Max_Speed": 29.0, "Max_uc_at_MFD": 0.945735633, "Mot_amps_ratio_MFD": 0.680443168, "Mot_amps_ratio_MxSpd": 0.680443168, "Mot_power_ratio_MFD": 0.681893647, "Mot_power_ratio_MxSpd": 0.681893647, "Power_MFD": 2206.28003, "Power_MxSpd": 2206.28003, "Speed_MFD": 29.0}