{"Interferences": 9, "Mass": 4.8762931336008615, "Batt_amps_ratio_MFD": 1.03478062, "Batt_amps_ratio_MxSpd": 1.73143828, "Distance_MxSpd": 776.233276, "Max_Distance": 890.623535, "Hover_Time": 49.2125587, "Max_Speed": 35.0, "Max_uc_at_MFD": 0.901774764, "Mot_amps_ratio_MFD": 0.425232977, "Mot_amps_ratio_MxSpd": 0.485443383, "Mot_power_ratio_MFD": 0.211354181, "Mot_power_ratio_MxSpd": 0.241280645, "Power_MFD": 1820.01257, "Power_MxSpd": 3891.99487, "Speed_MFD": 24.0}