{"Interferences": 7, "Mass": 4.061720826815152, "Batt_amps_ratio_MFD": 0.360238552, "Batt_amps_ratio_MxSpd": 0.360238552, "Distance_MxSpd": 959.364258, "Max_Distance": 959.364258, "Hover_Time": 0.0, "Max_Speed": 9.0, "Max_uc_at_MFD": 0.939663649, "Mot_amps_ratio_MFD": 0.663651824, "Mot_amps_ratio_MxSpd": 0.663651824, "Mot_power_ratio_MFD": 0.332438529, "Mot_power_ratio_MxSpd": 0.332438529, "Power_MFD": 424.61499, "Power_MxSpd": 424.61499, "Speed_MFD": 9.0}