{"Interferences": 56, "Mass": 8.256283252274514, "Batt_amps_ratio_MFD": 1.31044376, "Batt_amps_ratio_MxSpd": 1.31044376, "Distance_MxSpd": 13186.3721, "Max_Distance": 13186.3721, "Hover_Time": 0.0, "Max_Speed": 30.0, "Max_uc_at_MFD": 0.867388546, "Mot_amps_ratio_MFD": 0.977560461, "Mot_amps_ratio_MxSpd": 0.977560461, "Mot_power_ratio_MFD": 0.723394752, "Mot_power_ratio_MxSpd": 0.723394752, "Power_MFD": 2231.18799, "Power_MxSpd": 2231.18799, "Speed_MFD": 30.0}