{"Interferences": 14, "Mass": 9.690870564786987, "Batt_amps_ratio_MFD": 0.927477956, "Batt_amps_ratio_MxSpd": 1.6908766, "Distance_MxSpd": 1975.77979, "Max_Distance": 2980.9873, "Hover_Time": 67.6624222, "Max_Speed": 29.0, "Max_uc_at_MFD": 0.999635339, "Mot_amps_ratio_MFD": 0.821989417, "Mot_amps_ratio_MxSpd": 0.807106435, "Mot_power_ratio_MFD": 0.805066109, "Mot_power_ratio_MxSpd": 0.746573448, "Power_MFD": 3430.76343, "Power_MxSpd": 6396.50684, "Speed_MFD": 24.0}