{"Interferences": 3, "Mass": 4.586279602041839, "Batt_amps_ratio_MFD": 0.617702186, "Batt_amps_ratio_MxSpd": 0.617702186, "Distance_MxSpd": 186.49765, "Max_Distance": 186.49765, "Hover_Time": 0.0, "Max_Speed": 3.0, "Max_uc_at_MFD": 0.866600931, "Mot_amps_ratio_MFD": 0.612576187, "Mot_amps_ratio_MxSpd": 0.612576187, "Mot_power_ratio_MFD": 0.506478667, "Mot_power_ratio_MxSpd": 0.506478667, "Power_MFD": 1391.67456, "Power_MxSpd": 1391.67456, "Speed_MFD": 3.0}