{"Interferences": 8, "Mass": 7.595410442142837, "Batt_amps_ratio_MFD": 0.833750188, "Batt_amps_ratio_MxSpd": 1.34127533, "Distance_MxSpd": 887.513489, "Max_Distance": 921.139221, "Hover_Time": 21.541399, "Max_Speed": 31.0, "Max_uc_at_MFD": 0.999629676, "Mot_amps_ratio_MFD": 0.881679237, "Mot_amps_ratio_MxSpd": 0.810944855, "Mot_power_ratio_MFD": 0.434961766, "Mot_power_ratio_MxSpd": 0.400066137, "Power_MFD": 1600.22083, "Power_MxSpd": 2999.62378, "Speed_MFD": 20.0}