{"Interferences": 10, "Mass": 9.755242982464212, "Batt_amps_ratio_MFD": 0.657994747, "Batt_amps_ratio_MxSpd": 0.657994747, "Distance_MxSpd": 12255.417, "Max_Distance": 12255.417, "Hover_Time": 861.39856, "Max_Speed": 14.0, "Max_uc_at_MFD": 0.998939157, "Mot_amps_ratio_MFD": 0.609374821, "Mot_amps_ratio_MxSpd": 0.609374821, "Mot_power_ratio_MFD": 0.457356393, "Mot_power_ratio_MxSpd": 0.457356393, "Power_MFD": 1916.23499, "Power_MxSpd": 1916.23499, "Speed_MFD": 14.0}