{"Interferences": 19, "Mass": 4.976295986933434, "Batt_amps_ratio_MFD": 0.24245809, "Batt_amps_ratio_MxSpd": 0.24245809, "Distance_MxSpd": 12670.2305, "Max_Distance": 12670.2305, "Hover_Time": 874.1026, "Max_Speed": 16.0, "Max_uc_at_MFD": 0.999721646, "Mot_amps_ratio_MFD": 0.26275444, "Mot_amps_ratio_MxSpd": 0.26275444, "Mot_power_ratio_MFD": 0.162031904, "Mot_power_ratio_MxSpd": 0.162031904, "Power_MFD": 814.892822, "Power_MxSpd": 814.892822, "Speed_MFD": 16.0}