{"Interferences": 19, "Mass": 3.651769176008387, "Batt_amps_ratio_MFD": 0.745073974, "Batt_amps_ratio_MxSpd": 1.53807104, "Distance_MxSpd": 898.788086, "Max_Distance": 1185.38562, "Hover_Time": 76.676384, "Max_Speed": 36.0, "Max_uc_at_MFD": 0.768712282, "Mot_amps_ratio_MFD": 0.83962816, "Mot_amps_ratio_MxSpd": 0.946781516, "Mot_power_ratio_MFD": 0.629854143, "Mot_power_ratio_MxSpd": 0.710236073, "Power_MFD": 977.965393, "Power_MxSpd": 2902.5918, "Speed_MFD": 23.0}