{"Interferences": 0, "Mass": 5.293880542768282, "Batt_amps_ratio_MFD": 0.620746255, "Batt_amps_ratio_MxSpd": 1.47105277, "Distance_MxSpd": 1252.98022, "Max_Distance": 1855.83081, "Hover_Time": 98.2969513, "Max_Speed": 48.0, "Max_uc_at_MFD": 0.78665489, "Mot_amps_ratio_MFD": 0.805358708, "Mot_amps_ratio_MxSpd": 0.802283347, "Mot_power_ratio_MFD": 0.788777769, "Mot_power_ratio_MxSpd": 0.785765707, "Power_MFD": 2202.17725, "Power_MxSpd": 7124.25684, "Speed_MFD": 30.0}