{"Interferences": 4, "Mass": 6.706137331572851, "Batt_amps_ratio_MFD": 0.4081209, "Batt_amps_ratio_MxSpd": 0.541054785, "Distance_MxSpd": 2555.00928, "Max_Distance": 3293.14185, "Hover_Time": 113.352448, "Max_Speed": 36.0, "Max_uc_at_MFD": 0.947555602, "Mot_amps_ratio_MFD": 0.613819182, "Mot_amps_ratio_MxSpd": 0.679412663, "Mot_power_ratio_MFD": 0.615127623, "Mot_power_ratio_MxSpd": 0.680860937, "Power_MFD": 3474.64795, "Power_MxSpd": 4747.48779, "Speed_MFD": 35.0}