{"Interferences": 26, "Mass": 3.2116983788924527, "Batt_amps_ratio_MFD": 0.907074511, "Batt_amps_ratio_MxSpd": 0.907074511, "Distance_MxSpd": 381.005066, "Max_Distance": 381.005066, "Hover_Time": 0.0, "Max_Speed": 9.0, "Max_uc_at_MFD": 0.995991826, "Mot_amps_ratio_MFD": 0.887371659, "Mot_amps_ratio_MxSpd": 0.887371659, "Mot_power_ratio_MFD": 0.333378702, "Mot_power_ratio_MxSpd": 0.333378702, "Power_MFD": 520.491699, "Power_MxSpd": 520.491699, "Speed_MFD": 9.0}