{"Interferences": 52, "Mass": 8.71497467663366, "Batt_amps_ratio_MFD": 0.442485332, "Batt_amps_ratio_MxSpd": 0.442485332, "Distance_MxSpd": 781.042847, "Max_Distance": 781.042847, "Hover_Time": 93.864296, "Max_Speed": 9.0, "Max_uc_at_MFD": 0.999985993, "Mot_amps_ratio_MFD": 0.289408833, "Mot_amps_ratio_MxSpd": 0.289408833, "Mot_power_ratio_MFD": 0.103229828, "Mot_power_ratio_MxSpd": 0.103229828, "Power_MFD": 1760.76819, "Power_MxSpd": 1760.76819, "Speed_MFD": 9.0}