{"Interferences": 5, "Mass": 2.957089370002272, "Batt_amps_ratio_MFD": 0.943070889, "Batt_amps_ratio_MxSpd": 1.19607496, "Distance_MxSpd": 931.045349, "Max_Distance": 977.233032, "Hover_Time": 61.7299271, "Max_Speed": 29.0, "Max_uc_at_MFD": 0.78249383, "Mot_amps_ratio_MFD": 0.386085957, "Mot_amps_ratio_MxSpd": 0.49852103, "Mot_power_ratio_MFD": 0.190469071, "Mot_power_ratio_MxSpd": 0.245937049, "Power_MFD": 974.298218, "Power_MxSpd": 1426.81909, "Speed_MFD": 24.0}