{
  "generator_version":"UAV2_gen12",
  "name":"design_7214_771f158133594c489da10d1634221c91_s",
  "hub":{
    "node_type":"ConnectedHub3_2_1",
    "angle":120.0,
    "centerSegment":{
      "node_type":"AngledPropArm",
      "armLength":142.7382166212913,
      "motor":{
        "motorType":"t_motor_AT4120KV500"
      },
      "prop":{
        "propType":"apc_propellers_18x10E"
      }
    },
    "mainSegment":{
      "node_type":"AngledWingArm",
      "arm1Length":290.560612762932,
      "arm2Length":156.3211294352255,
      "wing":{
        "wingType":"Wing_horiz_hole",
        "nacaProfile":"0006",
        "span":1016.9143298729775,
        "chordInner":430.23763391145013,
        "chordOuter":197.69704627230988,
        "taperOffset":false,
        "aileronBias":0.9973721810882663,
        "flapBias":0.11562771993763588,
        "load":254.1614701341012,
        "tubeOffset":37.75129621885103,
        "tubeRot":282.1186089599828
      },
      "servo":{
        "servoType":"Hitec_HS_5065MG"
      }
    }
  },
  "fuselageWithComponents":{
    "node_type":"SingleBatteryFuselageWithComponents",
    "battery":{
      "batteryType":"Tattu25C7000mAh6S1P"
    },
    "fuselage":{
      "length":138.0,
      "vertDiameter":63.0,
      "horzDiameter":383.4,
      "floorHeight":10.5,
      "batteryX":0.0,
      "batteryY":6.0,
      "rpmX":0.0,
      "rpmY":-117.8,
      "autoPilotX":0.0,
      "autoPilotY":61.5,
      "currentX":0.0,
      "currentY":-97.65,
      "voltageX":0.0,
      "voltageY":115.3,
      "gpsX":0.0,
      "gpsY":-57.5,
      "varioX":0.0,
      "varioY":93.65
    }
  }
}