{"Interferences": 9, "Mass": 3.439631997935191, "Batt_amps_ratio_MFD": 0.27284053, "Batt_amps_ratio_MxSpd": 0.327222049, "Distance_MxSpd": 7041.09033, "Max_Distance": 7238.13721, "Hover_Time": 441.430511, "Max_Speed": 28.0, "Max_uc_at_MFD": 0.844989777, "Mot_amps_ratio_MFD": 0.599669278, "Mot_amps_ratio_MxSpd": 0.731018662, "Mot_power_ratio_MFD": 0.443755269, "Mot_power_ratio_MxSpd": 0.540953815, "Power_MFD": 910.665161, "Power_MxSpd": 1260.60767, "Speed_MFD": 24.0}