{"Interferences": 31, "Mass": 7.4070920158812, "Batt_amps_ratio_MFD": 1.10618997, "Batt_amps_ratio_MxSpd": 1.10618997, "Distance_MxSpd": 4165.6499, "Max_Distance": 4165.6499, "Hover_Time": 200.392822, "Max_Speed": 24.0, "Max_uc_at_MFD": 0.928024948, "Mot_amps_ratio_MFD": 0.921404541, "Mot_amps_ratio_MxSpd": 0.921404541, "Mot_power_ratio_MFD": 0.579563439, "Mot_power_ratio_MxSpd": 0.579563439, "Power_MFD": 3350.99756, "Power_MxSpd": 3350.99756, "Speed_MFD": 24.0}