{"Interferences": 9, "Mass": 6.12440689971307, "Batt_amps_ratio_MFD": 1.91163445, "Batt_amps_ratio_MxSpd": 3.63121176, "Distance_MxSpd": 444.149261, "Max_Distance": 542.363098, "Hover_Time": 29.5779896, "Max_Speed": 42.0, "Max_uc_at_MFD": 0.545529008, "Mot_amps_ratio_MFD": 0.460898101, "Mot_amps_ratio_MxSpd": 0.960521162, "Mot_power_ratio_MFD": 0.15361622, "Mot_power_ratio_MxSpd": 0.320139408, "Power_MFD": 1743.46558, "Power_MxSpd": 5290.18359, "Speed_MFD": 27.0}