{"Interferences": 21, "Mass": 11.549645880832522, "Batt_amps_ratio_MFD": 0.4502846, "Batt_amps_ratio_MxSpd": 0.4502846, "Distance_MxSpd": 6182.75635, "Max_Distance": 6182.75635, "Hover_Time": 272.842346, "Max_Speed": 29.0, "Max_uc_at_MFD": 0.582462013, "Mot_amps_ratio_MFD": 0.909376562, "Mot_amps_ratio_MxSpd": 0.909376562, "Mot_power_ratio_MFD": 0.911315024, "Mot_power_ratio_MxSpd": 0.911315024, "Power_MFD": 3432.81909, "Power_MxSpd": 3432.81909, "Speed_MFD": 29.0}