{"Interferences": 2, "Mass": 3.2259636760287327, "Batt_amps_ratio_MFD": 1.1377368, "Batt_amps_ratio_MxSpd": 1.1377368, "Distance_MxSpd": 0.0, "Max_Distance": 0.0, "Hover_Time": 33.7512169, "Max_Speed": 0.0, "Max_uc_at_MFD": 0.726511717, "Mot_amps_ratio_MFD": 0.512928605, "Mot_amps_ratio_MxSpd": 0.512928605, "Mot_power_ratio_MFD": 0.254941672, "Mot_power_ratio_MxSpd": 0.254941672, "Power_MFD": 1300.01892, "Power_MxSpd": 1300.01892, "Speed_MFD": 0.0}