{"Interferences": 8, "Mass": 3.628394566479759, "Batt_amps_ratio_MFD": 0.51690352, "Batt_amps_ratio_MxSpd": 0.51690352, "Distance_MxSpd": 742.885193, "Max_Distance": 742.885193, "Hover_Time": 0.0, "Max_Speed": 10.0, "Max_uc_at_MFD": 1.0, "Mot_amps_ratio_MFD": 0.249449626, "Mot_amps_ratio_MxSpd": 0.249449626, "Mot_power_ratio_MFD": 0.0936101899, "Mot_power_ratio_MxSpd": 0.0936101899, "Power_MFD": 449.64743, "Power_MxSpd": 449.64743, "Speed_MFD": 10.0}