{"Interferences": 8, "Mass": 4.210803046685717, "Batt_amps_ratio_MFD": 1.41744232, "Batt_amps_ratio_MxSpd": 1.54079151, "Distance_MxSpd": 672.900879, "Max_Distance": 677.276245, "Hover_Time": 42.5739021, "Max_Speed": 27.0, "Max_uc_at_MFD": 0.707816541, "Mot_amps_ratio_MFD": 0.844403923, "Mot_amps_ratio_MxSpd": 0.909283161, "Mot_power_ratio_MFD": 0.317236066, "Mot_power_ratio_MxSpd": 0.34161067, "Power_MFD": 1089.98108, "Power_MxSpd": 1272.64819, "Speed_MFD": 25.0}