{"Interferences": 6, "Mass": 5.758807808539511, "Batt_amps_ratio_MFD": 2.12902212, "Batt_amps_ratio_MxSpd": 2.12902212, "Distance_MxSpd": 396.80188, "Max_Distance": 396.80188, "Hover_Time": 19.4271317, "Max_Speed": 22.0, "Max_uc_at_MFD": 0.621822536, "Mot_amps_ratio_MFD": 0.912357986, "Mot_amps_ratio_MxSpd": 0.912357986, "Mot_power_ratio_MFD": 0.940380394, "Mot_power_ratio_MxSpd": 0.940380394, "Power_MFD": 1735.95581, "Power_MxSpd": 1735.95581, "Speed_MFD": 22.0}