{
  "generator_version":"UAV2_gen12",
  "name":"design_567_9019d096c1604a27ae17c70c894c6d7e_dw",
  "hub":{
    "node_type":"ConnectedHub6_2_2_2",
    "frontSegment":{
      "node_type":"DoubleBendSegment",
      "angle":85.17762636695338,
      "arm1Length":182.72820554623482,
      "arm2Length":243.06400840061488,
      "mainSegment":{
        "node_type":"WingArm",
        "armLength":343.3799280066515,
        "wing":{
          "wingType":"Wing_vert_hole",
          "nacaProfile":"2712",
          "span":1064.5972894646443,
          "chordInner":309.3846342001326,
          "chordOuter":142.37529763681152,
          "taperOffset":false,
          "aileronBias":0.6372436486343943,
          "flapBias":0.7185184910212227,
          "load":867.9315573834344,
          "tubeOffset":66.77541308252927,
          "tubeRot":262.89251032466905
        },
        "servo":{
          "servoType":"Hitec_HS_53"
        }
      }
    },
    "middleSegment":{
      "node_type":"AngledWingArm",
      "arm1Length":444.8654499251722,
      "arm2Length":80.56518035503626,
      "wing":{
        "wingType":"Wing_horiz_hole",
        "nacaProfile":"6415",
        "span":873.3701998812253,
        "chordInner":483.35881080076655,
        "chordOuter":112.02219401865327,
        "taperOffset":false,
        "aileronBias":0.7755543445882651,
        "flapBias":0.1845372147891669,
        "load":210.61636650445203,
        "tubeOffset":78.86144401291367,
        "tubeRot":291.18856244204864
      },
      "servo":{
        "servoType":"Hitec_HS_65HB"
      }
    },
    "rearSegment":{
      "node_type":"PropArm",
      "armLength":190.50684341987377,
      "motor":{
        "motorType":"kde_direct_KDE600XF_1100_G3"
      },
      "prop":{
        "propType":"apc_propellers_9x4_5MR"
      },
      "flange":{
        "offset":-24.570895320830523,
        "angle":0.0
      }
    }
  },
  "fuselageWithComponents":{
    "node_type":"DualBatteryFuselageWithComponents",
    "battery":{
      "batteryType":"Tattu25C30000mAh6S1P"
    },
    "fuselage":{
      "length":217.0,
      "vertDiameter":180.0,
      "horzDiameter":483.9,
      "floorHeight":30.0,
      "battery1X":0.0,
      "battery1Y":-27.0,
      "battery2X":0.0,
      "battery2Y":40.0,
      "rpmX":0.0,
      "rpmY":-151.3,
      "autoPilotX":0.0,
      "autoPilotY":95.0,
      "currentX":0.0,
      "currentY":-131.15,
      "voltageX":0.0,
      "voltageY":148.8,
      "gpsX":0.0,
      "gpsY":-91.0,
      "varioX":0.0,
      "varioY":127.15
    }
  }
}