{"Interferences": 0, "Mass": 3.2091715753715038, "Batt_amps_ratio_MFD": 0.267288238, "Batt_amps_ratio_MxSpd": 0.267288238, "Distance_MxSpd": 0.0, "Max_Distance": 0.0, "Hover_Time": 430.995422, "Max_Speed": 0.0, "Max_uc_at_MFD": 0.601632476, "Mot_amps_ratio_MFD": 0.619101822, "Mot_amps_ratio_MxSpd": 0.619101822, "Mot_power_ratio_MFD": 0.464587957, "Mot_power_ratio_MxSpd": 0.464587957, "Power_MFD": 624.670593, "Power_MxSpd": 624.670593, "Speed_MFD": 0.0}