{"Interferences": 2, "Mass": 3.032865038701573, "Batt_amps_ratio_MFD": 1.04955649, "Batt_amps_ratio_MxSpd": 1.04955649, "Distance_MxSpd": 695.150757, "Max_Distance": 695.150757, "Hover_Time": 49.6345863, "Max_Speed": 19.0, "Max_uc_at_MFD": 0.999786377, "Mot_amps_ratio_MFD": 0.319035053, "Mot_amps_ratio_MxSpd": 0.319035053, "Mot_power_ratio_MFD": 0.109611332, "Mot_power_ratio_MxSpd": 0.109611332, "Power_MFD": 552.319031, "Power_MxSpd": 552.319031, "Speed_MFD": 19.0}