{
  "generator_version":"UAV2_gen12",
  "name":"design_5361_03d5366c6c5a4b27bcdb84da800517cf_dw",
  "hub":{
    "node_type":"ConnectedHub4_2_2",
    "frontSegment":{
      "node_type":"AngledWingArm",
      "arm1Length":151.89009002126818,
      "arm2Length":171.8685000441181,
      "wing":{
        "wingType":"Wing_vert_hole",
        "nacaProfile":"4212",
        "span":1438.5917508563857,
        "chordInner":159.73393494771054,
        "chordOuter":162.41791804787613,
        "taperOffset":false,
        "aileronBias":0.8175107105963435,
        "flapBias":0.818030723897952,
        "load":923.4722654455509,
        "tubeOffset":77.35502514092529,
        "tubeRot":278.708176876874
      },
      "servo":{
        "servoType":"Hitec_HS_5496MH"
      }
    },
    "rearSegment":{
      "node_type":"AngledPropArm",
      "armLength":378.5061781459369,
      "motor":{
        "motorType":"t_motor_AT4130KV450"
      },
      "prop":{
        "propType":"apc_propellers_17x8N"
      }
    }
  },
  "fuselageWithComponents":{
    "node_type":"DualBatteryFuselageWithComponents",
    "battery":{
      "batteryType":"Tattu30C22000mAh6S1P"
    },
    "fuselage":{
      "length":206.0,
      "vertDiameter":136.5,
      "horzDiameter":471.9,
      "floorHeight":22.75,
      "battery1X":0.0,
      "battery1Y":-25.0,
      "battery2X":0.0,
      "battery2Y":38.0,
      "rpmX":0.0,
      "rpmY":-147.3,
      "autoPilotX":0.0,
      "autoPilotY":91.0,
      "currentX":0.0,
      "currentY":-127.15,
      "voltageX":0.0,
      "voltageY":144.8,
      "gpsX":0.0,
      "gpsY":-87.0,
      "varioX":0.0,
      "varioY":123.15
    }
  }
}