{"Interferences": 17, "Mass": 7.44457400425081, "Batt_amps_ratio_MFD": 0.491506219, "Batt_amps_ratio_MxSpd": 0.491506219, "Distance_MxSpd": 2187.56128, "Max_Distance": 2187.56128, "Hover_Time": 119.548172, "Max_Speed": 28.0, "Max_uc_at_MFD": 0.586644471, "Mot_amps_ratio_MFD": 0.889220178, "Mot_amps_ratio_MxSpd": 0.889220178, "Mot_power_ratio_MFD": 0.870912671, "Mot_power_ratio_MxSpd": 0.870912671, "Power_MFD": 2378.63501, "Power_MxSpd": 2378.63501, "Speed_MFD": 28.0}