{"Interferences": 2, "Mass": 2.618542297354074, "Batt_amps_ratio_MFD": 0.361794531, "Batt_amps_ratio_MxSpd": 0.361794531, "Distance_MxSpd": 0.0, "Max_Distance": 0.0, "Hover_Time": 106.137589, "Max_Speed": 0.0, "Max_uc_at_MFD": 0.377419919, "Mot_amps_ratio_MFD": 0.354776233, "Mot_amps_ratio_MxSpd": 0.354776233, "Mot_power_ratio_MFD": 0.233363926, "Mot_power_ratio_MxSpd": 0.233363926, "Power_MFD": 334.697662, "Power_MxSpd": 334.697662, "Speed_MFD": 0.0}