{
  "generator_version":"UAV2_gen12",
  "name":"design_9428_857d7bdc91fc420c84fe2056d925ed77_s",
  "hub":{
    "node_type":"ConnectedHub4_2_2",
    "frontSegment":{
      "node_type":"BranchSegment_Asym",
      "armLength":171.63085292574965,
      "angle":120.0,
      "frontSegment":{
        "node_type":"PropArm",
        "armLength":164.7524492029498,
        "motor":{
          "motorType":"kde_direct_KDE600XF_1100_G3"
        },
        "prop":{
          "propType":"apc_propellers_9_3x3"
        },
        "flange":{
          "offset":8.50615134833513,
          "angle":6.742237131930935
        }
      },
      "rearSegment":{
        "node_type":"BendSegment",
        "angle":-90.0,
        "armLength":240.86399123923977,
        "mainSegment":{
          "node_type":"AngledWingArm",
          "arm1Length":367.61943624331525,
          "arm2Length":104.31745882880621,
          "wing":{
            "wingType":"Wing_vert_hole",
            "nacaProfile":"6612",
            "span":950.0335291909838,
            "chordInner":172.73989497703224,
            "chordOuter":70.68271597312335,
            "taperOffset":true,
            "aileronBias":0.13757321627204003,
            "flapBias":0.8014926153445117,
            "load":235.50145428864292,
            "tubeOffset":57.31531197570596,
            "tubeRot":264.80387255605876
          },
          "servo":{
            "servoType":"Hitec_HS_645MG"
          }
        }
      }
    },
    "rearSegment":{
      "node_type":"DoubleBendSegment",
      "angle":-90.0,
      "arm1Length":461.01656740303144,
      "arm2Length":347.84011191753086,
      "mainSegment":{
        "node_type":"PropArm",
        "armLength":277.9095694264554,
        "motor":{
          "motorType":"t_motor_MN4012KV400"
        },
        "prop":{
          "propType":"apc_propellers_17x8N"
        },
        "flange":{
          "offset":-47.819746153810335,
          "angle":0.0
        }
      }
    }
  },
  "fuselageWithComponents":{
    "node_type":"SingleBatteryFuselageWithComponents",
    "battery":{
      "batteryType":"Tattu30C16000mAh6S1P"
    },
    "fuselage":{
      "length":190.0,
      "vertDiameter":114.0,
      "horzDiameter":383.4,
      "floorHeight":19.0,
      "batteryX":0.0,
      "batteryY":6.0,
      "rpmX":0.0,
      "rpmY":-117.8,
      "autoPilotX":0.0,
      "autoPilotY":61.5,
      "currentX":0.0,
      "currentY":-97.65,
      "voltageX":0.0,
      "voltageY":115.3,
      "gpsX":0.0,
      "gpsY":-57.5,
      "varioX":0.0,
      "varioY":93.65
    }
  }
}