{"Interferences": 6, "Mass": 4.685696775792354, "Batt_amps_ratio_MFD": 1.06671524, "Batt_amps_ratio_MxSpd": 1.06671524, "Distance_MxSpd": 503.977051, "Max_Distance": 503.977051, "Hover_Time": 0.0, "Max_Speed": 14.0, "Max_uc_at_MFD": 0.976493657, "Mot_amps_ratio_MFD": 0.449673772, "Mot_amps_ratio_MxSpd": 0.449673772, "Mot_power_ratio_MFD": 0.30008775, "Mot_power_ratio_MxSpd": 0.30008775, "Power_MFD": 774.713745, "Power_MxSpd": 774.713745, "Speed_MFD": 14.0}