{"Interferences": 17, "Mass": 5.469444514382658, "Batt_amps_ratio_MFD": 0.26920253, "Batt_amps_ratio_MxSpd": 0.305673569, "Distance_MxSpd": 3517.47803, "Max_Distance": 3566.08813, "Hover_Time": 212.074738, "Max_Speed": 28.0, "Max_uc_at_MFD": 0.99167943, "Mot_amps_ratio_MFD": 0.54202354, "Mot_amps_ratio_MxSpd": 0.527417421, "Mot_power_ratio_MFD": 0.27101177, "Mot_power_ratio_MxSpd": 0.263708711, "Power_MFD": 1257.32666, "Power_MxSpd": 1503.91309, "Speed_MFD": 25.0}