{"Interferences": 2, "Mass": 5.444699283427169, "Batt_amps_ratio_MFD": 1.26215088, "Batt_amps_ratio_MxSpd": 1.32982779, "Distance_MxSpd": 750.773865, "Max_Distance": 760.606384, "Hover_Time": 35.8867455, "Max_Speed": 26.0, "Max_uc_at_MFD": 0.974071681, "Mot_amps_ratio_MFD": 0.279545546, "Mot_amps_ratio_MxSpd": 0.28630656, "Mot_power_ratio_MFD": 0.0698788911, "Mot_power_ratio_MxSpd": 0.0715689659, "Power_MFD": 1294.39294, "Power_MxSpd": 1415.77283, "Speed_MFD": 25.0}