{"Interferences": 10, "Mass": 5.504881534451558, "Batt_amps_ratio_MFD": 0.847774506, "Batt_amps_ratio_MxSpd": 1.25088966, "Distance_MxSpd": 3223.30591, "Max_Distance": 3668.90015, "Hover_Time": 166.387665, "Max_Speed": 35.0, "Max_uc_at_MFD": 0.512069404, "Mot_amps_ratio_MFD": 0.731013656, "Mot_amps_ratio_MxSpd": 0.918961763, "Mot_power_ratio_MFD": 0.721266806, "Mot_power_ratio_MxSpd": 0.906708896, "Power_MFD": 1594.04395, "Power_MxSpd": 2985.91992, "Speed_MFD": 27.0}