{"Interferences": 12, "Mass": 4.757553104906408, "Batt_amps_ratio_MFD": 0.218563586, "Batt_amps_ratio_MxSpd": 0.218563586, "Distance_MxSpd": 4040.92944, "Max_Distance": 4040.92944, "Hover_Time": 252.178818, "Max_Speed": 23.0, "Max_uc_at_MFD": 0.990961611, "Mot_amps_ratio_MFD": 0.305606037, "Mot_amps_ratio_MxSpd": 0.305606037, "Mot_power_ratio_MFD": 0.152958587, "Mot_power_ratio_MxSpd": 0.152958587, "Power_MFD": 986.80304, "Power_MxSpd": 986.80304, "Speed_MFD": 23.0}