{"Interferences": 7, "Mass": 3.813604659564181, "Batt_amps_ratio_MFD": 0.813269615, "Batt_amps_ratio_MxSpd": 1.06017077, "Distance_MxSpd": 1014.17627, "Max_Distance": 1085.98669, "Hover_Time": 67.2658844, "Max_Speed": 28.0, "Max_uc_at_MFD": 0.710734785, "Mot_amps_ratio_MFD": 0.618455946, "Mot_amps_ratio_MxSpd": 0.977516353, "Mot_power_ratio_MFD": 0.31027621, "Mot_power_ratio_MxSpd": 0.490414977, "Power_MFD": 873.327332, "Power_MxSpd": 1324.23108, "Speed_MFD": 23.0}