{"Interferences": 0, "Mass": 4.18096101885111, "Batt_amps_ratio_MFD": 0.581305087, "Batt_amps_ratio_MxSpd": 0.703151464, "Distance_MxSpd": 1583.72705, "Max_Distance": 1585.39819, "Hover_Time": 92.6500549, "Max_Speed": 29.0, "Max_uc_at_MFD": 0.798250854, "Mot_amps_ratio_MFD": 0.594797611, "Mot_amps_ratio_MxSpd": 0.778789282, "Mot_power_ratio_MFD": 0.293433487, "Mot_power_ratio_MxSpd": 0.384202719, "Power_MFD": 1020.84955, "Power_MxSpd": 1530.35181, "Speed_MFD": 24.0}