{"Interferences": 50, "Mass": 24.264520899907147, "Batt_amps_ratio_MFD": 0.213158637, "Batt_amps_ratio_MxSpd": 0.213158637, "Distance_MxSpd": 3783.0979, "Max_Distance": 3783.0979, "Hover_Time": 0.0, "Max_Speed": 7.0, "Max_uc_at_MFD": 0.563928545, "Mot_amps_ratio_MFD": 0.273576587, "Mot_amps_ratio_MxSpd": 0.273576587, "Mot_power_ratio_MFD": 0.475916624, "Mot_power_ratio_MxSpd": 0.475916624, "Power_MFD": 1191.43372, "Power_MxSpd": 1191.43372, "Speed_MFD": 7.0}