{"Interferences": 14, "Mass": 8.037259451220322, "Batt_amps_ratio_MFD": 0.616795957, "Batt_amps_ratio_MxSpd": 0.663665056, "Distance_MxSpd": 5207.44629, "Max_Distance": 5229.60596, "Hover_Time": 0.0, "Max_Speed": 30.0, "Max_uc_at_MFD": 0.944967687, "Mot_amps_ratio_MFD": 0.790949762, "Mot_amps_ratio_MxSpd": 0.853816926, "Mot_power_ratio_MFD": 0.731628537, "Mot_power_ratio_MxSpd": 0.789780676, "Power_MFD": 2712.51318, "Power_MxSpd": 3055.10181, "Speed_MFD": 28.0}