{"Interferences": 5, "Mass": 10.029093616673272, "Batt_amps_ratio_MFD": 0.296874195, "Batt_amps_ratio_MxSpd": 0.296874195, "Distance_MxSpd": 10477.166, "Max_Distance": 10477.166, "Hover_Time": 384.183685, "Max_Speed": 27.0, "Max_uc_at_MFD": 0.998540938, "Mot_amps_ratio_MFD": 0.734302402, "Mot_amps_ratio_MxSpd": 0.734302402, "Mot_power_ratio_MFD": 0.71153903, "Mot_power_ratio_MxSpd": 0.71153903, "Power_MFD": 3660.82056, "Power_MxSpd": 3660.82056, "Speed_MFD": 27.0}