{"Interferences": 10, "Mass": 2.6082209926982736, "Batt_amps_ratio_MFD": 0.756133616, "Batt_amps_ratio_MxSpd": 0.83741188, "Distance_MxSpd": 1054.6781, "Max_Distance": 1066.47815, "Hover_Time": 74.8776093, "Max_Speed": 23.0, "Max_uc_at_MFD": 0.924959123, "Mot_amps_ratio_MFD": 0.395405859, "Mot_amps_ratio_MxSpd": 0.448206186, "Mot_power_ratio_MFD": 0.148382723, "Mot_power_ratio_MxSpd": 0.168196946, "Power_MFD": 550.982422, "Power_MxSpd": 654.83374, "Speed_MFD": 21.0}