{"Interferences": 3, "Mass": 3.227372942004049, "Batt_amps_ratio_MFD": 1.3159337, "Batt_amps_ratio_MxSpd": 2.18904829, "Distance_MxSpd": 543.797913, "Max_Distance": 612.796875, "Hover_Time": 38.316082, "Max_Speed": 31.0, "Max_uc_at_MFD": 0.43526879, "Mot_amps_ratio_MFD": 0.400199026, "Mot_amps_ratio_MxSpd": 0.598633826, "Mot_power_ratio_MFD": 0.61812669, "Mot_power_ratio_MxSpd": 0.9246189, "Power_MFD": 1021.64996, "Power_MxSpd": 2216.27515, "Speed_MFD": 21.0}