{"Interferences": 1, "Mass": 15.414111280434737, "Batt_amps_ratio_MFD": 1.39798343, "Batt_amps_ratio_MxSpd": 1.39798343, "Distance_MxSpd": 8446.45215, "Max_Distance": 8446.45215, "Hover_Time": 255.688034, "Max_Speed": 41.0, "Max_uc_at_MFD": 0.964415133, "Mot_amps_ratio_MFD": 0.793383598, "Mot_amps_ratio_MxSpd": 0.793383598, "Mot_power_ratio_MFD": 0.437912494, "Mot_power_ratio_MxSpd": 0.437912494, "Power_MFD": 7565.10449, "Power_MxSpd": 7565.10449, "Speed_MFD": 41.0}