{"Interferences": 28, "Mass": 5.556480383160182, "Batt_amps_ratio_MFD": 0.215712145, "Batt_amps_ratio_MxSpd": 0.215712145, "Distance_MxSpd": 3916.33032, "Max_Distance": 3916.33032, "Hover_Time": 188.440063, "Max_Speed": 22.0, "Max_uc_at_MFD": 0.998846471, "Mot_amps_ratio_MFD": 0.707587123, "Mot_amps_ratio_MxSpd": 0.707587123, "Mot_power_ratio_MFD": 0.349076301, "Mot_power_ratio_MxSpd": 0.349076301, "Power_MFD": 1245.16687, "Power_MxSpd": 1245.16687, "Speed_MFD": 22.0}