{"Interferences": 1, "Mass": 5.920957891427671, "Batt_amps_ratio_MFD": 0.468213558, "Batt_amps_ratio_MxSpd": 0.89815259, "Distance_MxSpd": 1795.68591, "Max_Distance": 2214.37427, "Hover_Time": 125.474518, "Max_Speed": 42.0, "Max_uc_at_MFD": 0.785859525, "Mot_amps_ratio_MFD": 0.844674528, "Mot_amps_ratio_MxSpd": 0.932990551, "Mot_power_ratio_MFD": 0.58041209, "Mot_power_ratio_MxSpd": 0.641097784, "Power_MFD": 1677.36548, "Power_MxSpd": 4819.33643, "Speed_MFD": 27.0}