{"Interferences": 46, "Mass": 5.326074527112497, "Batt_amps_ratio_MFD": 0.238274783, "Batt_amps_ratio_MxSpd": 0.238274783, "Distance_MxSpd": 4190.12012, "Max_Distance": 4190.12012, "Hover_Time": 223.478882, "Max_Speed": 26.0, "Max_uc_at_MFD": 0.999054551, "Mot_amps_ratio_MFD": 0.169476628, "Mot_amps_ratio_MxSpd": 0.169476628, "Mot_power_ratio_MFD": 0.0881808102, "Mot_power_ratio_MxSpd": 0.0881808102, "Power_MFD": 1495.9928, "Power_MxSpd": 1495.9928, "Speed_MFD": 26.0}