{"Interferences": 16, "Mass": 4.694534652949481, "Batt_amps_ratio_MFD": 0.76897949, "Batt_amps_ratio_MxSpd": 1.17609739, "Distance_MxSpd": 718.307861, "Max_Distance": 749.044678, "Hover_Time": 40.0095825, "Max_Speed": 22.0, "Max_uc_at_MFD": 0.825130284, "Mot_amps_ratio_MFD": 0.54305923, "Mot_amps_ratio_MxSpd": 0.891725361, "Mot_power_ratio_MFD": 0.351630837, "Mot_power_ratio_MxSpd": 0.582244217, "Power_MFD": 855.752869, "Power_MxSpd": 1734.88281, "Speed_MFD": 15.0}