{"Interferences": 6, "Mass": 3.399641503536984, "Batt_amps_ratio_MFD": 1.28729999, "Batt_amps_ratio_MxSpd": 1.60944498, "Distance_MxSpd": 715.774719, "Max_Distance": 715.917053, "Hover_Time": 47.4920197, "Max_Speed": 30.0, "Max_uc_at_MFD": 0.34879756, "Mot_amps_ratio_MFD": 0.393329501, "Mot_amps_ratio_MxSpd": 0.637926638, "Mot_power_ratio_MFD": 0.371106386, "Mot_power_ratio_MxSpd": 0.601883769, "Power_MFD": 832.674744, "Power_MxSpd": 1414.48291, "Speed_MFD": 24.0}