{"Interferences": 7, "Mass": 9.904401417069336, "Batt_amps_ratio_MFD": 0.936342418, "Batt_amps_ratio_MxSpd": 1.02174401, "Distance_MxSpd": 1503.31201, "Max_Distance": 1558.4043, "Hover_Time": 0.0, "Max_Speed": 40.0, "Max_uc_at_MFD": 0.919163167, "Mot_amps_ratio_MFD": 0.928893089, "Mot_amps_ratio_MxSpd": 0.968470573, "Mot_power_ratio_MFD": 0.876410663, "Mot_power_ratio_MxSpd": 0.91375196, "Power_MFD": 6596.03174, "Power_MxSpd": 7144.48633, "Speed_MFD": 38.0}