{"Interferences": 32, "Mass": 5.147447153348658, "Batt_amps_ratio_MFD": 0.974440277, "Batt_amps_ratio_MxSpd": 1.19137764, "Distance_MxSpd": 709.095093, "Max_Distance": 748.737488, "Hover_Time": 35.6241875, "Max_Speed": 22.0, "Max_uc_at_MFD": 0.721640468, "Mot_amps_ratio_MFD": 0.969136715, "Mot_amps_ratio_MxSpd": 0.962328374, "Mot_power_ratio_MFD": 0.478107423, "Mot_power_ratio_MxSpd": 0.474748671, "Power_MFD": 1080.4043, "Power_MxSpd": 1463.44238, "Speed_MFD": 19.0}