{"Interferences": 1, "Mass": 6.434485098410449, "Batt_amps_ratio_MFD": 0.808737874, "Batt_amps_ratio_MxSpd": 0.840051234, "Distance_MxSpd": 3976.90015, "Max_Distance": 3988.43677, "Hover_Time": 226.125687, "Max_Speed": 29.0, "Max_uc_at_MFD": 0.70784682, "Mot_amps_ratio_MFD": 0.91396296, "Mot_amps_ratio_MxSpd": 0.985759437, "Mot_power_ratio_MFD": 0.685960114, "Mot_power_ratio_MxSpd": 0.739845812, "Power_MFD": 1871.89917, "Power_MxSpd": 2012.84546, "Speed_MFD": 28.0}