{"Interferences": 37, "Mass": 4.005605163797889, "Batt_amps_ratio_MFD": 1.42224467, "Batt_amps_ratio_MxSpd": 1.86980772, "Distance_MxSpd": 616.10614, "Max_Distance": 647.989746, "Hover_Time": 38.9470329, "Max_Speed": 30.0, "Max_uc_at_MFD": 0.974552929, "Mot_amps_ratio_MFD": 0.608248651, "Mot_amps_ratio_MxSpd": 0.510754943, "Mot_power_ratio_MFD": 0.304433972, "Mot_power_ratio_MxSpd": 0.255637497, "Power_MFD": 940.435364, "Power_MxSpd": 1435.26416, "Speed_MFD": 24.0}