{
  "generator_version":"UAV2_gen12",
  "name":"design_1766_a3450dce42854418a90cfbfc262e5e35_dw_dl",
  "hub":{
    "node_type":"ConnectedHub4_2_2",
    "frontSegment":{
      "node_type":"AngledWingArm",
      "arm1Length":478.8842314020972,
      "arm2Length":191.91371114233098,
      "wing":{
        "wingType":"Wing_horiz_hole",
        "nacaProfile":"4321",
        "span":212.76607616819265,
        "chordInner":494.6832499599171,
        "chordOuter":142.5264364808491,
        "taperOffset":false,
        "aileronBias":0.47112798473106177,
        "flapBias":0.7074487575400821,
        "load":815.3564051338134,
        "tubeOffset":23.79383253691426,
        "tubeRot":289.83673284514117
      },
      "servo":{
        "servoType":"Hitec_HS_5055MG"
      }
    },
    "rearSegment":{
      "node_type":"PropArm",
      "armLength":197.4044991237331,
      "motor":{
        "motorType":"kde_direct_KDE700XF_535_G3"
      },
      "prop":{
        "propType":"apc_propellers_17x10E"
      },
      "flange":{
        "offset":37.811014338968064,
        "angle":310.90163714293067
      }
    }
  },
  "fuselageWithComponents":{
    "node_type":"DualBatteryFuselageWithComponents",
    "battery":{
      "batteryType":"Tattu30C12000mAh6S1P"
    },
    "fuselage":{
      "length":381.0,
      "vertDiameter":106.5,
      "horzDiameter":366.9,
      "floorHeight":17.75,
      "battery1X":-95.25,
      "battery1Y":6.0,
      "battery2X":96.25,
      "battery2Y":6.0,
      "rpmX":0.0,
      "rpmY":-112.3,
      "autoPilotX":0.0,
      "autoPilotY":56.0,
      "currentX":0.0,
      "currentY":-92.15,
      "voltageX":0.0,
      "voltageY":109.8,
      "gpsX":0.0,
      "gpsY":-52.0,
      "varioX":0.0,
      "varioY":88.15
    }
  }
}