{"Interferences": 17, "Mass": 9.855256239884683, "Batt_amps_ratio_MFD": 1.21793461, "Batt_amps_ratio_MxSpd": 1.21793461, "Distance_MxSpd": 5202.24951, "Max_Distance": 5202.24951, "Hover_Time": 176.244675, "Max_Speed": 33.0, "Max_uc_at_MFD": 0.612848639, "Mot_amps_ratio_MFD": 0.936951578, "Mot_amps_ratio_MxSpd": 0.936951578, "Mot_power_ratio_MFD": 0.964325786, "Mot_power_ratio_MxSpd": 0.964325786, "Power_MFD": 3962.90381, "Power_MxSpd": 3962.90381, "Speed_MFD": 33.0}