{"Interferences": 21, "Mass": 9.748290377553149, "Batt_amps_ratio_MFD": 0.4823291, "Batt_amps_ratio_MxSpd": 0.4823291, "Distance_MxSpd": 4060.29834, "Max_Distance": 4060.29834, "Hover_Time": 0.0, "Max_Speed": 17.0, "Max_uc_at_MFD": 0.642699182, "Mot_amps_ratio_MFD": 0.853554487, "Mot_amps_ratio_MxSpd": 0.853554487, "Mot_power_ratio_MFD": 0.284678459, "Mot_power_ratio_MxSpd": 0.284678459, "Power_MFD": 2247.65332, "Power_MxSpd": 2247.65332, "Speed_MFD": 17.0}