{"Interferences": 10, "Mass": 2.749781185347313, "Batt_amps_ratio_MFD": 0.443175286, "Batt_amps_ratio_MxSpd": 0.443175286, "Distance_MxSpd": 173.294861, "Max_Distance": 173.294861, "Hover_Time": 86.5531616, "Max_Speed": 2.0, "Max_uc_at_MFD": 0.496089786, "Mot_amps_ratio_MFD": 0.512441099, "Mot_amps_ratio_MxSpd": 0.512441099, "Mot_power_ratio_MFD": 0.384547353, "Mot_power_ratio_MxSpd": 0.384547353, "Power_MFD": 428.037628, "Power_MxSpd": 428.037628, "Speed_MFD": 2.0}