{"Interferences": 9, "Mass": 4.669975834811354, "Batt_amps_ratio_MFD": 1.52790916, "Batt_amps_ratio_MxSpd": 2.94031692, "Distance_MxSpd": 522.392639, "Max_Distance": 678.574402, "Hover_Time": 41.9748001, "Max_Speed": 40.0, "Max_uc_at_MFD": 0.86717689, "Mot_amps_ratio_MFD": 0.742223263, "Mot_amps_ratio_MxSpd": 0.738491833, "Mot_power_ratio_MFD": 0.495870292, "Mot_power_ratio_MxSpd": 0.493377358, "Power_MFD": 1650.00037, "Power_MxSpd": 3979.63062, "Speed_MFD": 27.0}