{"Interferences": 0, "Mass": 7.502811694961239, "Batt_amps_ratio_MFD": 0.309964985, "Batt_amps_ratio_MxSpd": 0.309964985, "Distance_MxSpd": 6689.78809, "Max_Distance": 6689.78809, "Hover_Time": 384.872345, "Max_Speed": 18.0, "Max_uc_at_MFD": 0.529515803, "Mot_amps_ratio_MFD": 0.621137202, "Mot_amps_ratio_MxSpd": 0.621137202, "Mot_power_ratio_MFD": 0.959376395, "Mot_power_ratio_MxSpd": 0.959376395, "Power_MFD": 2389.55225, "Power_MxSpd": 2389.55225, "Speed_MFD": 18.0}