{"Interferences": 4, "Mass": 5.4183725000401, "Batt_amps_ratio_MFD": 0.460594267, "Batt_amps_ratio_MxSpd": 0.460594267, "Distance_MxSpd": 833.705566, "Max_Distance": 833.705566, "Hover_Time": 0.0, "Max_Speed": 10.0, "Max_uc_at_MFD": 0.999552906, "Mot_amps_ratio_MFD": 0.476794809, "Mot_amps_ratio_MxSpd": 0.476794809, "Mot_power_ratio_MFD": 0.313625008, "Mot_power_ratio_MxSpd": 0.313625008, "Power_MFD": 773.794373, "Power_MxSpd": 773.794373, "Speed_MFD": 10.0}