{"Interferences": 5, "Mass": 5.312040636883189, "Batt_amps_ratio_MFD": 0.428261042, "Batt_amps_ratio_MxSpd": 0.428261042, "Distance_MxSpd": 2241.62329, "Max_Distance": 2241.62329, "Hover_Time": 133.204437, "Max_Speed": 25.0, "Max_uc_at_MFD": 0.99999994, "Mot_amps_ratio_MFD": 0.63740617, "Mot_amps_ratio_MxSpd": 0.63740617, "Mot_power_ratio_MFD": 0.285895079, "Mot_power_ratio_MxSpd": 0.285895079, "Power_MFD": 1270.22363, "Power_MxSpd": 1270.22363, "Speed_MFD": 25.0}