{"Interferences": 67, "Mass": 7.569109409234369, "Batt_amps_ratio_MFD": 0.277186096, "Batt_amps_ratio_MxSpd": 0.277186096, "Distance_MxSpd": 1939.49121, "Max_Distance": 1939.49121, "Hover_Time": 143.530212, "Max_Speed": 14.0, "Max_uc_at_MFD": 0.987806559, "Mot_amps_ratio_MFD": 0.134091914, "Mot_amps_ratio_MxSpd": 0.134091914, "Mot_power_ratio_MFD": 0.0287257638, "Mot_power_ratio_MxSpd": 0.0287257638, "Power_MFD": 1082.40271, "Power_MxSpd": 1082.40271, "Speed_MFD": 14.0}