{
  "generator_version":"UAV2_gen12",
  "name":"design_2901_682c691079424afa8469f06d8663b0b1_dw_dl",
  "hub":{
    "node_type":"ConnectedHub4_Sym",
    "mainSegment":{
      "node_type":"SidewaysBendWithTopSegment",
      "angle":38.63190027156347,
      "armLength":57.549323502159055,
      "mainSegment":{
        "node_type":"PropArm",
        "armLength":201.057107825605,
        "motor":{
          "motorType":"t_motor_MN5208KV340"
        },
        "prop":{
          "propType":"apc_propellers_15x4W"
        },
        "flange":{
          "offset":-41.345043011226636,
          "angle":90.0
        }
      },
      "topSegment":{
        "node_type":"AngledWingArm",
        "arm1Length":304.62794814463285,
        "arm2Length":161.09704677190624,
        "wing":{
          "wingType":"Wing_horiz_hole",
          "nacaProfile":"6509",
          "span":1354.31037224252,
          "chordInner":247.19064921515888,
          "chordOuter":53.85990224518588,
          "taperOffset":false,
          "aileronBias":0.26165907335226457,
          "flapBias":0.6408392766213185,
          "load":855.505312818467,
          "tubeOffset":77.90033365785462,
          "tubeRot":270.0
        },
        "servo":{
          "servoType":"Hitec_HS_5070MH"
        }
      }
    }
  },
  "fuselageWithComponents":{
    "node_type":"DualBatteryFuselageWithComponents",
    "battery":{
      "batteryType":"Tattu25C30000mAh6S1P"
    },
    "fuselage":{
      "length":435.0,
      "vertDiameter":180.0,
      "horzDiameter":383.4,
      "floorHeight":30.0,
      "battery1X":-108.75,
      "battery1Y":6.0,
      "battery2X":109.75,
      "battery2Y":6.0,
      "rpmX":0.0,
      "rpmY":-117.8,
      "autoPilotX":0.0,
      "autoPilotY":61.5,
      "currentX":0.0,
      "currentY":-97.65,
      "voltageX":0.0,
      "voltageY":115.3,
      "gpsX":0.0,
      "gpsY":-57.5,
      "varioX":0.0,
      "varioY":93.65
    }
  }
}