{"Interferences": 96, "Mass": 9.64554266851645, "Batt_amps_ratio_MFD": 0.522909284, "Batt_amps_ratio_MxSpd": 0.522909284, "Distance_MxSpd": 14319.8828, "Max_Distance": 14319.8828, "Hover_Time": 566.287781, "Max_Speed": 26.0, "Max_uc_at_MFD": 0.998745561, "Mot_amps_ratio_MFD": 0.7952407, "Mot_amps_ratio_MxSpd": 0.7952407, "Mot_power_ratio_MFD": 0.75547868, "Mot_power_ratio_MxSpd": 0.75547868, "Power_MFD": 2665.40381, "Power_MxSpd": 2665.40381, "Speed_MFD": 26.0}