{"Interferences": 10, "Mass": 3.834515651831334, "Batt_amps_ratio_MFD": 0.392131448, "Batt_amps_ratio_MxSpd": 0.392131448, "Distance_MxSpd": 195.852692, "Max_Distance": 195.852692, "Hover_Time": 0.0, "Max_Speed": 2.0, "Max_uc_at_MFD": 0.878830373, "Mot_amps_ratio_MFD": 0.350891292, "Mot_amps_ratio_MxSpd": 0.350891292, "Mot_power_ratio_MFD": 0.234165698, "Mot_power_ratio_MxSpd": 0.234165698, "Power_MFD": 651.670837, "Power_MxSpd": 651.670837, "Speed_MFD": 2.0}