{"Interferences": 2, "Mass": 3.2460758103648404, "Batt_amps_ratio_MFD": 0.446767837, "Batt_amps_ratio_MxSpd": 0.446767837, "Distance_MxSpd": 945.45752, "Max_Distance": 945.45752, "Hover_Time": 86.8725052, "Max_Speed": 11.0, "Max_uc_at_MFD": 0.985984325, "Mot_amps_ratio_MFD": 0.248357847, "Mot_amps_ratio_MxSpd": 0.248357847, "Mot_power_ratio_MFD": 0.0925812498, "Mot_power_ratio_MxSpd": 0.0925812498, "Power_MFD": 689.659607, "Power_MxSpd": 689.659607, "Speed_MFD": 11.0}