{"Interferences": 2, "Mass": 2.906597642901082, "Batt_amps_ratio_MFD": 0.291748673, "Batt_amps_ratio_MxSpd": 0.291748673, "Distance_MxSpd": 2764.02295, "Max_Distance": 2764.02295, "Hover_Time": 192.011551, "Max_Speed": 21.0, "Max_uc_at_MFD": 1.0, "Mot_amps_ratio_MFD": 0.321600616, "Mot_amps_ratio_MxSpd": 0.321600616, "Mot_power_ratio_MFD": 0.158656299, "Mot_power_ratio_MxSpd": 0.158656299, "Power_MFD": 690.601196, "Power_MxSpd": 690.601196, "Speed_MFD": 21.0}