{"Interferences": 11, "Mass": 9.251757463744092, "Batt_amps_ratio_MFD": 0.298628718, "Batt_amps_ratio_MxSpd": 0.298628718, "Distance_MxSpd": 9258.31934, "Max_Distance": 9258.31934, "Hover_Time": 422.339905, "Max_Speed": 24.0, "Max_uc_at_MFD": 0.46047768, "Mot_amps_ratio_MFD": 0.863319457, "Mot_amps_ratio_MxSpd": 0.863319457, "Mot_power_ratio_MFD": 0.814541936, "Mot_power_ratio_MxSpd": 0.814541936, "Power_MFD": 1967.22107, "Power_MxSpd": 1967.22107, "Speed_MFD": 24.0}