{"Interferences": 17, "Mass": 7.96178567584999, "Batt_amps_ratio_MFD": 0.19854863, "Batt_amps_ratio_MxSpd": 0.19854863, "Distance_MxSpd": 21467.7871, "Max_Distance": 21467.7871, "Hover_Time": 947.393066, "Max_Speed": 37.0, "Max_uc_at_MFD": 0.961489081, "Mot_amps_ratio_MFD": 0.988571107, "Mot_amps_ratio_MxSpd": 0.988571107, "Mot_power_ratio_MFD": 0.741584957, "Mot_power_ratio_MxSpd": 0.741584957, "Power_MFD": 2871.86377, "Power_MxSpd": 2871.86377, "Speed_MFD": 37.0}