{"Interferences": 13, "Mass": 7.746834922795277, "Batt_amps_ratio_MFD": 0.440536141, "Batt_amps_ratio_MxSpd": 0.440536141, "Distance_MxSpd": 6275.98877, "Max_Distance": 6275.98877, "Hover_Time": 0.0, "Max_Speed": 24.0, "Max_uc_at_MFD": 0.87809056, "Mot_amps_ratio_MFD": 0.827497661, "Mot_amps_ratio_MxSpd": 0.827497661, "Mot_power_ratio_MFD": 0.786122799, "Mot_power_ratio_MxSpd": 0.786122799, "Power_MFD": 2263.66675, "Power_MxSpd": 2263.66675, "Speed_MFD": 24.0}