{"Interferences": 44, "Mass": 8.455341187073916, "Batt_amps_ratio_MFD": 5.2939744, "Batt_amps_ratio_MxSpd": 5.2939744, "Distance_MxSpd": 21.7605896, "Max_Distance": 21.7605896, "Hover_Time": 8.99212551, "Max_Speed": 3.0, "Max_uc_at_MFD": 0.998853207, "Mot_amps_ratio_MFD": 0.901254833, "Mot_amps_ratio_MxSpd": 0.901254833, "Mot_power_ratio_MFD": 0.469473422, "Mot_power_ratio_MxSpd": 0.469473422, "Power_MFD": 3789.22168, "Power_MxSpd": 3789.22168, "Speed_MFD": 3.0}