{"Interferences": 22, "Mass": 6.175160722302988, "Batt_amps_ratio_MFD": 0.376053512, "Batt_amps_ratio_MxSpd": 0.419286728, "Distance_MxSpd": 2839.10718, "Max_Distance": 2961.28052, "Hover_Time": 138.183517, "Max_Speed": 31.0, "Max_uc_at_MFD": 0.665688157, "Mot_amps_ratio_MFD": 0.806365788, "Mot_amps_ratio_MxSpd": 0.943982482, "Mot_power_ratio_MFD": 0.606824398, "Mot_power_ratio_MxSpd": 0.710386813, "Power_MFD": 1740.24219, "Power_MxSpd": 2097.35327, "Speed_MFD": 29.0}