{"Interferences": 13, "Mass": 5.184013020244367, "Batt_amps_ratio_MFD": 0.203062817, "Batt_amps_ratio_MxSpd": 0.203062817, "Distance_MxSpd": 3592.97681, "Max_Distance": 3592.97681, "Hover_Time": 204.583984, "Max_Speed": 19.0, "Max_uc_at_MFD": 0.99876076, "Mot_amps_ratio_MFD": 0.796432793, "Mot_amps_ratio_MxSpd": 0.796432793, "Mot_power_ratio_MFD": 0.392906845, "Mot_power_ratio_MxSpd": 0.392906845, "Power_MFD": 967.080383, "Power_MxSpd": 967.080383, "Speed_MFD": 19.0}