{"Interferences": 1, "Mass": 7.546615358765865, "Batt_amps_ratio_MFD": 0.719141662, "Batt_amps_ratio_MxSpd": 0.719141662, "Distance_MxSpd": 2082.48267, "Max_Distance": 2082.48267, "Hover_Time": 130.717758, "Max_Speed": 13.0, "Max_uc_at_MFD": 0.943650842, "Mot_amps_ratio_MFD": 0.60109663, "Mot_amps_ratio_MxSpd": 0.60109663, "Mot_power_ratio_MFD": 0.300516099, "Mot_power_ratio_MxSpd": 0.300516099, "Power_MFD": 2399.04028, "Power_MxSpd": 2399.04028, "Speed_MFD": 13.0}