{"Interferences": 11, "Mass": 5.716025074472361, "Batt_amps_ratio_MFD": 1.42966199, "Batt_amps_ratio_MxSpd": 1.89187217, "Distance_MxSpd": 669.812683, "Max_Distance": 778.925354, "Hover_Time": 30.4419975, "Max_Speed": 33.0, "Max_uc_at_MFD": 0.830857337, "Mot_amps_ratio_MFD": 0.454712182, "Mot_amps_ratio_MxSpd": 0.583326995, "Mot_power_ratio_MFD": 0.151656121, "Mot_power_ratio_MxSpd": 0.194551885, "Power_MFD": 1906.37048, "Power_MxSpd": 2913.72266, "Speed_MFD": 29.0}