{"Interferences": 22, "Mass": 7.767088327445305, "Batt_amps_ratio_MFD": 0.332885116, "Batt_amps_ratio_MxSpd": 0.332885116, "Distance_MxSpd": 7267.37207, "Max_Distance": 7267.37207, "Hover_Time": 0.0, "Max_Speed": 21.0, "Max_uc_at_MFD": 0.999523818, "Mot_amps_ratio_MFD": 0.7534796, "Mot_amps_ratio_MxSpd": 0.7534796, "Mot_power_ratio_MFD": 0.796535552, "Mot_power_ratio_MxSpd": 0.796535552, "Power_MFD": 2369.66333, "Power_MxSpd": 2369.66333, "Speed_MFD": 21.0}