{"Interferences": 3, "Mass": 3.4112595749149737, "Batt_amps_ratio_MFD": 1.0273056, "Batt_amps_ratio_MxSpd": 1.0273056, "Distance_MxSpd": 299.034668, "Max_Distance": 299.034668, "Hover_Time": 0.0, "Max_Speed": 8.0, "Max_uc_at_MFD": 0.999999881, "Mot_amps_ratio_MFD": 0.18606095, "Mot_amps_ratio_MxSpd": 0.18606095, "Mot_power_ratio_MFD": 0.0693586096, "Mot_power_ratio_MxSpd": 0.0693586096, "Power_MFD": 790.357056, "Power_MxSpd": 790.357056, "Speed_MFD": 8.0}