{"Interferences": 6, "Mass": 8.690094385568095, "Batt_amps_ratio_MFD": 2.58243966, "Batt_amps_ratio_MxSpd": 2.58243966, "Distance_MxSpd": 104.087624, "Max_Distance": 104.087624, "Hover_Time": 14.9383583, "Max_Speed": 7.0, "Max_uc_at_MFD": 1.0, "Mot_amps_ratio_MFD": 0.724395394, "Mot_amps_ratio_MxSpd": 0.724395394, "Mot_power_ratio_MFD": 0.181079417, "Mot_power_ratio_MxSpd": 0.181079417, "Power_MFD": 4557.19434, "Power_MxSpd": 4557.19434, "Speed_MFD": 7.0}