{"Interferences": 2, "Mass": 4.765934048567518, "Batt_amps_ratio_MFD": 1.85171771, "Batt_amps_ratio_MxSpd": 1.85171771, "Distance_MxSpd": 746.55011, "Max_Distance": 746.55011, "Hover_Time": 38.6521835, "Max_Speed": 36.0, "Max_uc_at_MFD": 0.938897371, "Mot_amps_ratio_MFD": 0.462516516, "Mot_amps_ratio_MxSpd": 0.462516516, "Mot_power_ratio_MFD": 0.198164687, "Mot_power_ratio_MxSpd": 0.198164687, "Power_MFD": 2723.33936, "Power_MxSpd": 2723.33936, "Speed_MFD": 36.0}