{"Interferences": 51, "Mass": 7.181407895664261, "Batt_amps_ratio_MFD": 0.767122567, "Batt_amps_ratio_MxSpd": 1.15050721, "Distance_MxSpd": 6675.31641, "Max_Distance": 7508.57861, "Hover_Time": 354.870605, "Max_Speed": 40.0, "Max_uc_at_MFD": 0.985934019, "Mot_amps_ratio_MFD": 0.60491997, "Mot_amps_ratio_MxSpd": 0.495895714, "Mot_power_ratio_MFD": 0.201618373, "Mot_power_ratio_MxSpd": 0.165280849, "Power_MFD": 2289.58691, "Power_MxSpd": 3838.70776, "Speed_MFD": 30.0}