{"Interferences": 8, "Mass": 9.204143726485858, "Batt_amps_ratio_MFD": 3.84468412, "Batt_amps_ratio_MxSpd": 3.84468412, "Distance_MxSpd": 149.817245, "Max_Distance": 149.817245, "Hover_Time": 9.94958115, "Max_Speed": 15.0, "Max_uc_at_MFD": 0.99862963, "Mot_amps_ratio_MFD": 0.83942467, "Mot_amps_ratio_MxSpd": 0.83942467, "Mot_power_ratio_MFD": 0.395998597, "Mot_power_ratio_MxSpd": 0.395998597, "Power_MFD": 2882.20435, "Power_MxSpd": 2882.20435, "Speed_MFD": 15.0}