{"Interferences": 22, "Mass": 5.781304231840277, "Batt_amps_ratio_MFD": 0.499401808, "Batt_amps_ratio_MxSpd": 0.499401808, "Distance_MxSpd": 1230.27185, "Max_Distance": 1230.27185, "Hover_Time": 70.2651291, "Max_Speed": 16.0, "Max_uc_at_MFD": 0.999958038, "Mot_amps_ratio_MFD": 0.755855441, "Mot_amps_ratio_MxSpd": 0.755855441, "Mot_power_ratio_MFD": 0.447466403, "Mot_power_ratio_MxSpd": 0.447466403, "Power_MFD": 1293.68286, "Power_MxSpd": 1293.68286, "Speed_MFD": 16.0}