{"Interferences": 2, "Mass": 2.9870375310764765, "Batt_amps_ratio_MFD": 0.837913513, "Batt_amps_ratio_MxSpd": 0.960364878, "Distance_MxSpd": 959.635254, "Max_Distance": 1008.21863, "Hover_Time": 75.1834564, "Max_Speed": 24.0, "Max_uc_at_MFD": 0.972787857, "Mot_amps_ratio_MFD": 0.664760768, "Mot_amps_ratio_MxSpd": 0.604183197, "Mot_power_ratio_MFD": 0.245961487, "Mot_power_ratio_MxSpd": 0.223547786, "Power_MFD": 813.829773, "Power_MxSpd": 960.219055, "Speed_MFD": 22.0}