{"Interferences": 29, "Mass": 3.914644249712134, "Batt_amps_ratio_MFD": 1.27195203, "Batt_amps_ratio_MxSpd": 1.27195203, "Distance_MxSpd": 392.467651, "Max_Distance": 392.467651, "Hover_Time": 29.6411839, "Max_Speed": 13.0, "Max_uc_at_MFD": 0.998513699, "Mot_amps_ratio_MFD": 0.343506396, "Mot_amps_ratio_MxSpd": 0.343506396, "Mot_power_ratio_MFD": 0.112144731, "Mot_power_ratio_MxSpd": 0.112144731, "Power_MFD": 619.770874, "Power_MxSpd": 619.770874, "Speed_MFD": 13.0}