{"Interferences": 29, "Mass": 5.610857046028389, "Batt_amps_ratio_MFD": 0.373317927, "Batt_amps_ratio_MxSpd": 0.373317927, "Distance_MxSpd": 11829.0596, "Max_Distance": 11829.0596, "Hover_Time": 0.0, "Max_Speed": 23.0, "Max_uc_at_MFD": 0.973483503, "Mot_amps_ratio_MFD": 0.667175353, "Mot_amps_ratio_MxSpd": 0.667175353, "Mot_power_ratio_MFD": 0.445236444, "Mot_power_ratio_MxSpd": 0.445236444, "Power_MFD": 1243.125, "Power_MxSpd": 1243.125, "Speed_MFD": 23.0}