{"Interferences": 14, "Mass": 3.326087307844805, "Batt_amps_ratio_MFD": 0.841290474, "Batt_amps_ratio_MxSpd": 1.06333351, "Distance_MxSpd": 975.046814, "Max_Distance": 1004.17157, "Hover_Time": 61.7090683, "Max_Speed": 27.0, "Max_uc_at_MFD": 0.80183357, "Mot_amps_ratio_MFD": 0.470328689, "Mot_amps_ratio_MxSpd": 0.595751703, "Mot_power_ratio_MFD": 0.230322734, "Mot_power_ratio_MxSpd": 0.2917431, "Power_MFD": 729.856812, "Power_MxSpd": 1123.14661, "Speed_MFD": 22.0}