{
  "generator_version":"UAV2_gen12",
  "name":"design_5526_3cc1aedbf6b04724a31a251d33014115_s",
  "hub":{
    "node_type":"ConnectedHub6_1_2_2_1",
    "frontCenterSegment":{
      "node_type":"AngledPropArm",
      "armLength":368.1289909307114,
      "motor":{
        "motorType":"kde_direct_KDE4215XF_465"
      },
      "prop":{
        "propType":"apc_propellers_16x4W"
      }
    },
    "frontSegment":{
      "node_type":"WingArm",
      "armLength":318.5344999662686,
      "wing":{
        "wingType":"Wing_horiz_hole",
        "nacaProfile":"2315",
        "span":1580.8297375593104,
        "chordInner":142.39836840187067,
        "chordOuter":126.77335292618147,
        "taperOffset":false,
        "aileronBias":0.7707129144737036,
        "flapBias":0.2915873503443944,
        "load":998.3826835674174,
        "tubeOffset":14.5905197675466,
        "tubeRot":270.0
      },
      "servo":{
        "servoType":"Hitec_HS_5565MH"
      }
    },
    "rearSegment":{
      "node_type":"WingArm",
      "armLength":455.7484118343434,
      "wing":{
        "wingType":"Wing_vert_hole",
        "nacaProfile":"6518",
        "span":1978.1331071674724,
        "chordInner":142.91044997201357,
        "chordOuter":191.06683239669042,
        "taperOffset":true,
        "aileronBias":0.5322176825324283,
        "flapBias":0.9213441609182317,
        "load":232.08698745838848,
        "tubeOffset":44.28655883285725,
        "tubeRot":302.1520516975554
      },
      "servo":{
        "servoType":"Hitec_HS_7245MH"
      }
    },
    "rearCenterSegment":{
      "node_type":"AngledPropArm",
      "armLength":375.07774953631593,
      "motor":{
        "motorType":"kde_direct_KDE700XF_455_G3"
      },
      "prop":{
        "propType":"apc_propellers_15x7E"
      }
    }
  },
  "fuselageWithComponents":{
    "node_type":"SingleBatteryFuselageWithComponents",
    "battery":{
      "batteryType":"TurnigyGraphene4000mAh3S75C"
    },
    "fuselage":{
      "length":145.0,
      "vertDiameter":76.5,
      "horzDiameter":327.9,
      "floorHeight":12.75,
      "batteryX":0.0,
      "batteryY":6.0,
      "rpmX":0.0,
      "rpmY":-99.3,
      "autoPilotX":0.0,
      "autoPilotY":43.0,
      "currentX":0.0,
      "currentY":-79.15,
      "voltageX":0.0,
      "voltageY":96.8,
      "gpsX":0.0,
      "gpsY":-39.0,
      "varioX":0.0,
      "varioY":75.15
    }
  }
}