{"Interferences": 56, "Mass": 6.81302534606377, "Batt_amps_ratio_MFD": 0.825087905, "Batt_amps_ratio_MxSpd": 1.38143241, "Distance_MxSpd": 3836.01831, "Max_Distance": 4467.8877, "Hover_Time": 196.474426, "Max_Speed": 46.0, "Max_uc_at_MFD": 0.812042892, "Mot_amps_ratio_MFD": 0.719263375, "Mot_amps_ratio_MxSpd": 0.820816338, "Mot_power_ratio_MFD": 0.720796585, "Mot_power_ratio_MxSpd": 0.822566032, "Power_MFD": 2254.948, "Power_MxSpd": 5007.98779, "Speed_MFD": 32.0}