{"Interferences": 22, "Mass": 3.7039980875418976, "Batt_amps_ratio_MFD": 0.728142977, "Batt_amps_ratio_MxSpd": 0.925654411, "Distance_MxSpd": 1120.07251, "Max_Distance": 1160.21167, "Hover_Time": 53.6545029, "Max_Speed": 27.0, "Max_uc_at_MFD": 0.811579823, "Mot_amps_ratio_MFD": 0.419116497, "Mot_amps_ratio_MxSpd": 0.543251336, "Mot_power_ratio_MFD": 0.246145546, "Mot_power_ratio_MxSpd": 0.271625668, "Power_MFD": 789.4151, "Power_MxSpd": 1227.1958, "Speed_MFD": 22.0}