{"Interferences": 16, "Mass": 5.0574608469648, "Batt_amps_ratio_MFD": 2.36670089, "Batt_amps_ratio_MxSpd": 2.36670089, "Distance_MxSpd": 665.229858, "Max_Distance": 665.229858, "Hover_Time": 0.0, "Max_Speed": 41.0, "Max_uc_at_MFD": 0.863874018, "Mot_amps_ratio_MFD": 0.475185633, "Mot_amps_ratio_MxSpd": 0.475185633, "Mot_power_ratio_MFD": 0.203592762, "Mot_power_ratio_MxSpd": 0.203592762, "Power_MFD": 3060.10962, "Power_MxSpd": 3060.10962, "Speed_MFD": 41.0}