{"Interferences": 14, "Mass": 8.296997662263673, "Batt_amps_ratio_MFD": 0.544392824, "Batt_amps_ratio_MxSpd": 0.726675212, "Distance_MxSpd": 1268.24194, "Max_Distance": 1481.28333, "Hover_Time": 68.5442047, "Max_Speed": 24.0, "Max_uc_at_MFD": 0.977843463, "Mot_amps_ratio_MFD": 0.727944136, "Mot_amps_ratio_MxSpd": 0.709803879, "Mot_power_ratio_MFD": 0.425748795, "Mot_power_ratio_MxSpd": 0.422375381, "Power_MFD": 2890.00098, "Power_MxSpd": 4130.55469, "Speed_MFD": 21.0}