{"Interferences": 15, "Mass": 5.821972909679856, "Batt_amps_ratio_MFD": 0.482930124, "Batt_amps_ratio_MxSpd": 0.482930124, "Distance_MxSpd": 397.573059, "Max_Distance": 397.573059, "Hover_Time": 0.0, "Max_Speed": 5.0, "Max_uc_at_MFD": 0.99018389, "Mot_amps_ratio_MFD": 0.891446769, "Mot_amps_ratio_MxSpd": 0.891446769, "Mot_power_ratio_MFD": 0.446546257, "Mot_power_ratio_MxSpd": 0.446546257, "Power_MFD": 1867.03857, "Power_MxSpd": 1867.03857, "Speed_MFD": 5.0}