{"Interferences": 10, "Mass": 2.546899265339217, "Batt_amps_ratio_MFD": 0.57216692, "Batt_amps_ratio_MxSpd": 0.867012799, "Distance_MxSpd": 1240.12012, "Max_Distance": 1409.37891, "Hover_Time": 68.6978226, "Max_Speed": 28.0, "Max_uc_at_MFD": 0.605497539, "Mot_amps_ratio_MFD": 0.333720386, "Mot_amps_ratio_MxSpd": 0.647984982, "Mot_power_ratio_MFD": 0.314865202, "Mot_power_ratio_MxSpd": 0.611373782, "Power_MFD": 620.492249, "Power_MxSpd": 1189.44092, "Speed_MFD": 21.0}