{"Interferences": 53, "Mass": 3.772085272259178, "Batt_amps_ratio_MFD": 0.871528208, "Batt_amps_ratio_MxSpd": 1.07814443, "Distance_MxSpd": 997.268921, "Max_Distance": 1057.45288, "Hover_Time": 63.4224777, "Max_Speed": 28.0, "Max_uc_at_MFD": 0.951878905, "Mot_amps_ratio_MFD": 0.437373817, "Mot_amps_ratio_MxSpd": 0.418365896, "Mot_power_ratio_MFD": 0.218909562, "Mot_power_ratio_MxSpd": 0.20939593, "Power_MFD": 872.199951, "Power_MxSpd": 1146.91821, "Speed_MFD": 24.0}