{"Interferences": 33, "Mass": 8.894288264872923, "Batt_amps_ratio_MFD": 0.26460132, "Batt_amps_ratio_MxSpd": 0.26460132, "Distance_MxSpd": 9070.25, "Max_Distance": 9070.25, "Hover_Time": 372.666168, "Max_Speed": 25.0, "Max_uc_at_MFD": 0.937262774, "Mot_amps_ratio_MFD": 0.783102155, "Mot_amps_ratio_MxSpd": 0.783102155, "Mot_power_ratio_MFD": 0.657981813, "Mot_power_ratio_MxSpd": 0.657981813, "Power_MFD": 2046.88611, "Power_MxSpd": 2046.88611, "Speed_MFD": 25.0}