{"Interferences": 38, "Mass": 7.389552951101386, "Batt_amps_ratio_MFD": 0.453116119, "Batt_amps_ratio_MxSpd": 0.453116119, "Distance_MxSpd": 4661.05713, "Max_Distance": 4661.05713, "Hover_Time": 322.475555, "Max_Speed": 22.0, "Max_uc_at_MFD": 0.836930275, "Mot_amps_ratio_MFD": 0.982893646, "Mot_amps_ratio_MxSpd": 0.982893646, "Mot_power_ratio_MFD": 0.732793629, "Mot_power_ratio_MxSpd": 0.732793629, "Power_MFD": 5014.50391, "Power_MxSpd": 5014.50391, "Speed_MFD": 22.0}