{"Interferences": 9, "Mass": 10.015131622796233, "Batt_amps_ratio_MFD": 0.417592168, "Batt_amps_ratio_MxSpd": 0.417592168, "Distance_MxSpd": 34483.4062, "Max_Distance": 34483.4062, "Hover_Time": 689.668091, "Max_Speed": 50.0, "Max_uc_at_MFD": 0.5, "Mot_amps_ratio_MFD": 0.953635991, "Mot_amps_ratio_MxSpd": 0.953635991, "Mot_power_ratio_MFD": 0.869715989, "Mot_power_ratio_MxSpd": 0.869715989, "Power_MFD": 1192.95642, "Power_MxSpd": 1192.95642, "Speed_MFD": 50.0}