{"Interferences": 89, "Mass": 18.199612200856627, "Batt_amps_ratio_MFD": 0.390158981, "Batt_amps_ratio_MxSpd": 0.449037224, "Distance_MxSpd": 3848.23315, "Max_Distance": 4133.69971, "Hover_Time": 269.031952, "Max_Speed": 15.0, "Max_uc_at_MFD": 1.0, "Mot_amps_ratio_MFD": 0.674642026, "Mot_amps_ratio_MxSpd": 0.822779775, "Mot_power_ratio_MFD": 0.624043882, "Mot_power_ratio_MxSpd": 0.761071324, "Power_MFD": 5615.5415, "Power_MxSpd": 6698.11719, "Speed_MFD": 14.0}