{"Interferences": 20, "Mass": 5.387238014398412, "Batt_amps_ratio_MFD": 0.699311674, "Batt_amps_ratio_MxSpd": 0.699311674, "Distance_MxSpd": 1647.33411, "Max_Distance": 1647.33411, "Hover_Time": 58.2953377, "Max_Speed": 30.0, "Max_uc_at_MFD": 0.535987198, "Mot_amps_ratio_MFD": 0.757523835, "Mot_amps_ratio_MxSpd": 0.757523835, "Mot_power_ratio_MFD": 0.700709581, "Mot_power_ratio_MxSpd": 0.700709581, "Power_MFD": 1713.4906, "Power_MxSpd": 1713.4906, "Speed_MFD": 30.0}