{
  "generator_version":"UAV2_gen12",
  "name":"design_6123_46e994f6520c46d58f9cd1b63bf93223_s",
  "hub":{
    "node_type":"ConnectedHub6_2_2_2",
    "frontSegment":{
      "node_type":"DoubleBendSegment",
      "angle":-90.0,
      "arm1Length":279.7724914750597,
      "arm2Length":466.3505417009084,
      "mainSegment":{
        "node_type":"PropArm",
        "armLength":407.6091124386529,
        "motor":{
          "motorType":"t_motor_U7_V2.0KV490"
        },
        "prop":{
          "propType":"apc_propellers_17x6E"
        },
        "flange":{
          "offset":6.4534368575251975,
          "angle":0.0
        }
      }
    },
    "middleSegment":{
      "node_type":"WingArm",
      "armLength":414.23172968566314,
      "wing":{
        "wingType":"Wing_vert_hole",
        "nacaProfile":"2712",
        "span":1856.2465651814416,
        "chordInner":152.5969906388783,
        "chordOuter":88.104772172486,
        "taperOffset":true,
        "aileronBias":0.966237931739318,
        "flapBias":0.158926267243228,
        "load":904.3550911117735,
        "tubeOffset":19.214270892035515,
        "tubeRot":270.0
      },
      "servo":{
        "servoType":"Hitec_HS_82MG"
      }
    },
    "rearSegment":{
      "node_type":"AngledWingArm",
      "arm1Length":476.5646942376808,
      "arm2Length":105.7581403201971,
      "wing":{
        "wingType":"Wing_horiz_hole",
        "nacaProfile":"6315",
        "span":1942.3271731978498,
        "chordInner":485.3203438114261,
        "chordOuter":52.185657263275445,
        "taperOffset":true,
        "aileronBias":0.6505262832286174,
        "flapBias":0.13094969102972426,
        "load":724.9530033268519,
        "tubeOffset":74.85756875193621,
        "tubeRot":256.7819971020938
      },
      "servo":{
        "servoType":"Hitec_D954SW"
      }
    }
  },
  "fuselageWithComponents":{
    "node_type":"SingleBatteryFuselageWithComponents",
    "battery":{
      "batteryType":"Tattu25C28000mAh6S1P"
    },
    "fuselage":{
      "length":205.0,
      "vertDiameter":181.5,
      "horzDiameter":386.4,
      "floorHeight":30.25,
      "batteryX":0.0,
      "batteryY":6.0,
      "rpmX":0.0,
      "rpmY":-118.8,
      "autoPilotX":0.0,
      "autoPilotY":62.5,
      "currentX":0.0,
      "currentY":-98.65,
      "voltageX":0.0,
      "voltageY":116.3,
      "gpsX":0.0,
      "gpsY":-58.5,
      "varioX":0.0,
      "varioY":94.65
    }
  }
}