{"Interferences": 22, "Mass": 4.079937032925324, "Batt_amps_ratio_MFD": 0.94868803, "Batt_amps_ratio_MxSpd": 0.94868803, "Distance_MxSpd": 80.9539032, "Max_Distance": 80.9539032, "Hover_Time": 40.3924522, "Max_Speed": 2.0, "Max_uc_at_MFD": 0.956240177, "Mot_amps_ratio_MFD": 0.249311447, "Mot_amps_ratio_MxSpd": 0.249311447, "Mot_power_ratio_MFD": 0.0623211749, "Mot_power_ratio_MxSpd": 0.0623211749, "Power_MFD": 701.809143, "Power_MxSpd": 701.809143, "Speed_MFD": 2.0}