{"Interferences": 2, "Mass": 4.691325966154129, "Batt_amps_ratio_MFD": 0.526902139, "Batt_amps_ratio_MxSpd": 0.621720195, "Distance_MxSpd": 1729.39539, "Max_Distance": 1821.97021, "Hover_Time": 123.920906, "Max_Speed": 28.0, "Max_uc_at_MFD": 0.961251557, "Mot_amps_ratio_MFD": 0.955570579, "Mot_amps_ratio_MxSpd": 0.842039585, "Mot_power_ratio_MFD": 0.471414804, "Mot_power_ratio_MxSpd": 0.415406197, "Power_MFD": 1528.5415, "Power_MxSpd": 1881.77783, "Speed_MFD": 25.0}