{"Interferences": 5, "Mass": 5.088740868570696, "Batt_amps_ratio_MFD": 0.810077131, "Batt_amps_ratio_MxSpd": 0.810077131, "Distance_MxSpd": 758.446289, "Max_Distance": 758.446289, "Hover_Time": 0.0, "Max_Speed": 16.0, "Max_uc_at_MFD": 0.982342303, "Mot_amps_ratio_MFD": 0.523893535, "Mot_amps_ratio_MxSpd": 0.523893535, "Mot_power_ratio_MFD": 0.350006878, "Mot_power_ratio_MxSpd": 0.350006878, "Power_MFD": 1011.57971, "Power_MxSpd": 1011.57971, "Speed_MFD": 16.0}