{"Interferences": 24, "Mass": 7.255815578420653, "Batt_amps_ratio_MFD": 1.01873112, "Batt_amps_ratio_MxSpd": 1.01873112, "Distance_MxSpd": 10742.7754, "Max_Distance": 10742.7754, "Hover_Time": 0.0, "Max_Speed": 19.0, "Max_uc_at_MFD": 0.490803778, "Mot_amps_ratio_MFD": 0.890160024, "Mot_amps_ratio_MxSpd": 0.890160024, "Mot_power_ratio_MFD": 0.668852568, "Mot_power_ratio_MxSpd": 0.668852568, "Power_MFD": 1402.62244, "Power_MxSpd": 1402.62244, "Speed_MFD": 19.0}