{"Interferences": 13, "Mass": 13.337069887370705, "Batt_amps_ratio_MFD": 1.17185092, "Batt_amps_ratio_MxSpd": 1.33845687, "Distance_MxSpd": 3012.42432, "Max_Distance": 3145.79272, "Hover_Time": 145.454056, "Max_Speed": 35.0, "Max_uc_at_MFD": 0.960089445, "Mot_amps_ratio_MFD": 0.492805213, "Mot_amps_ratio_MxSpd": 0.466984481, "Mot_power_ratio_MFD": 0.21114184, "Mot_power_ratio_MxSpd": 0.200078979, "Power_MFD": 5149.21436, "Power_MxSpd": 5757.50098, "Speed_MFD": 32.0}