{"Interferences": 11, "Mass": 19.810287726611097, "Batt_amps_ratio_MFD": 0.379739165, "Batt_amps_ratio_MxSpd": 0.379739165, "Distance_MxSpd": 3640.39355, "Max_Distance": 3640.39355, "Hover_Time": 0.0, "Max_Speed": 12.0, "Max_uc_at_MFD": 0.532284319, "Mot_amps_ratio_MFD": 0.534207761, "Mot_amps_ratio_MxSpd": 0.534207761, "Mot_power_ratio_MFD": 0.994660437, "Mot_power_ratio_MxSpd": 0.994660437, "Power_MFD": 4819.11426, "Power_MxSpd": 4819.11426, "Speed_MFD": 12.0}