{"Interferences": 2, "Mass": 4.094004134898573, "Batt_amps_ratio_MFD": 2.15261769, "Batt_amps_ratio_MxSpd": 3.14294386, "Distance_MxSpd": 378.753174, "Max_Distance": 410.291168, "Hover_Time": 22.706274, "Max_Speed": 31.0, "Max_uc_at_MFD": 0.704831779, "Mot_amps_ratio_MFD": 0.574359536, "Mot_amps_ratio_MxSpd": 0.909175932, "Mot_power_ratio_MFD": 0.541954339, "Mot_power_ratio_MxSpd": 0.681222677, "Power_MFD": 2145.33789, "Power_MxSpd": 3975.88818, "Speed_MFD": 23.0}