{"Interferences": 30, "Mass": 12.68666867795557, "Batt_amps_ratio_MFD": 0.796893835, "Batt_amps_ratio_MxSpd": 0.796893835, "Distance_MxSpd": 770.99353, "Max_Distance": 770.99353, "Hover_Time": 0.0, "Max_Speed": 16.0, "Max_uc_at_MFD": 0.999379158, "Mot_amps_ratio_MFD": 0.937771797, "Mot_amps_ratio_MxSpd": 0.937771797, "Mot_power_ratio_MFD": 0.462634087, "Mot_power_ratio_MxSpd": 0.462634087, "Power_MFD": 3195.0769, "Power_MxSpd": 3195.0769, "Speed_MFD": 16.0}