{"Interferences": 5, "Mass": 3.488742442714206, "Batt_amps_ratio_MFD": 0.907330036, "Batt_amps_ratio_MxSpd": 0.907330036, "Distance_MxSpd": 507.863708, "Max_Distance": 507.863708, "Hover_Time": 45.4837723, "Max_Speed": 12.0, "Max_uc_at_MFD": 0.999848962, "Mot_amps_ratio_MFD": 0.269153118, "Mot_amps_ratio_MxSpd": 0.269153118, "Mot_power_ratio_MFD": 0.08990895, "Mot_power_ratio_MxSpd": 0.08990895, "Power_MFD": 457.359192, "Power_MxSpd": 457.359192, "Speed_MFD": 12.0}