{"Interferences": 5, "Mass": 5.393867025476091, "Batt_amps_ratio_MFD": 1.71359956, "Batt_amps_ratio_MxSpd": 1.71359956, "Distance_MxSpd": 358.543518, "Max_Distance": 358.543518, "Hover_Time": 0.0, "Max_Speed": 16.0, "Max_uc_at_MFD": 0.897899389, "Mot_amps_ratio_MFD": 0.935069442, "Mot_amps_ratio_MxSpd": 0.935069442, "Mot_power_ratio_MFD": 0.610545337, "Mot_power_ratio_MxSpd": 0.610545337, "Power_MFD": 3167.10718, "Power_MxSpd": 3167.10718, "Speed_MFD": 16.0}