{"Interferences": 86, "Mass": 5.084532079134209, "Batt_amps_ratio_MFD": 0.565180004, "Batt_amps_ratio_MxSpd": 0.660368621, "Distance_MxSpd": 1511.88281, "Max_Distance": 1562.68799, "Hover_Time": 89.5808945, "Max_Speed": 26.0, "Max_uc_at_MFD": 0.58482939, "Mot_amps_ratio_MFD": 0.68984127, "Mot_amps_ratio_MxSpd": 0.984613597, "Mot_power_ratio_MFD": 0.345557421, "Mot_power_ratio_MxSpd": 0.49321568, "Power_MFD": 987.45929, "Power_MxSpd": 1254.93481, "Speed_MFD": 23.0}