{"Interferences": 27, "Mass": 7.887157964262027, "Batt_amps_ratio_MFD": 0.70305264, "Batt_amps_ratio_MxSpd": 0.70305264, "Distance_MxSpd": 1775.11609, "Max_Distance": 1775.11609, "Hover_Time": 0.0, "Max_Speed": 13.0, "Max_uc_at_MFD": 0.730115175, "Mot_amps_ratio_MFD": 0.960264325, "Mot_amps_ratio_MxSpd": 0.960264325, "Mot_power_ratio_MFD": 0.685821235, "Mot_power_ratio_MxSpd": 0.685821235, "Power_MFD": 2931.84644, "Power_MxSpd": 2931.84644, "Speed_MFD": 13.0}