{"Interferences": 1, "Mass": 8.797442665242173, "Batt_amps_ratio_MFD": 1.62565494, "Batt_amps_ratio_MxSpd": 2.59523845, "Distance_MxSpd": 1819.94836, "Max_Distance": 2125.91235, "Hover_Time": 75.9628601, "Max_Speed": 41.0, "Max_uc_at_MFD": 0.543736219, "Mot_amps_ratio_MFD": 0.836942136, "Mot_amps_ratio_MxSpd": 0.729881942, "Mot_power_ratio_MFD": 0.418426186, "Mot_power_ratio_MxSpd": 0.364901841, "Power_MFD": 3040.38354, "Power_MxSpd": 5383.3252, "Speed_MFD": 30.0}