{"Interferences": 61, "Mass": 8.856419475629862, "Batt_amps_ratio_MFD": 0.880212367, "Batt_amps_ratio_MxSpd": 0.880212367, "Distance_MxSpd": 12760.5566, "Max_Distance": 12760.5566, "Hover_Time": 413.264893, "Max_Speed": 39.0, "Max_uc_at_MFD": 0.868285537, "Mot_amps_ratio_MFD": 0.998185635, "Mot_amps_ratio_MxSpd": 0.998185635, "Mot_power_ratio_MFD": 0.764307916, "Mot_power_ratio_MxSpd": 0.764307916, "Power_MFD": 4625.07422, "Power_MxSpd": 4625.07422, "Speed_MFD": 39.0}