{"Interferences": 9, "Mass": 4.154752598821796, "Batt_amps_ratio_MFD": 0.373740375, "Batt_amps_ratio_MxSpd": 0.436665386, "Distance_MxSpd": 2901.99316, "Max_Distance": 2979.6084, "Hover_Time": 151.731888, "Max_Speed": 33.0, "Max_uc_at_MFD": 0.881236613, "Mot_amps_ratio_MFD": 0.559034824, "Mot_amps_ratio_MxSpd": 0.67437011, "Mot_power_ratio_MFD": 0.52044338, "Mot_power_ratio_MxSpd": 0.627816856, "Power_MFD": 1751.64453, "Power_MxSpd": 2307.76855, "Speed_MFD": 29.0}