{"Interferences": 21, "Mass": 5.822559453811503, "Batt_amps_ratio_MFD": 0.443975419, "Batt_amps_ratio_MxSpd": 0.443975419, "Distance_MxSpd": 1643.33423, "Max_Distance": 1643.33423, "Hover_Time": 99.3316345, "Max_Speed": 19.0, "Max_uc_at_MFD": 0.999843121, "Mot_amps_ratio_MFD": 0.929759204, "Mot_amps_ratio_MxSpd": 0.929759204, "Mot_power_ratio_MFD": 0.349303395, "Mot_power_ratio_MxSpd": 0.349303395, "Power_MFD": 1331.57935, "Power_MxSpd": 1331.57935, "Speed_MFD": 19.0}