{"Interferences": 19, "Mass": 6.5393317154731685, "Batt_amps_ratio_MFD": 0.228965908, "Batt_amps_ratio_MxSpd": 0.228965908, "Distance_MxSpd": 3186.50073, "Max_Distance": 3186.50073, "Hover_Time": 0.0, "Max_Speed": 19.0, "Max_uc_at_MFD": 0.977081537, "Mot_amps_ratio_MFD": 0.964429259, "Mot_amps_ratio_MxSpd": 0.964429259, "Mot_power_ratio_MFD": 0.475785106, "Mot_power_ratio_MxSpd": 0.475785106, "Power_MFD": 1200.82324, "Power_MxSpd": 1200.82324, "Speed_MFD": 19.0}