{"Interferences": 5, "Mass": 4.507347692045548, "Batt_amps_ratio_MFD": 0.298192382, "Batt_amps_ratio_MxSpd": 0.298192382, "Distance_MxSpd": 8885.53906, "Max_Distance": 8885.53906, "Hover_Time": 500.43103, "Max_Speed": 23.0, "Max_uc_at_MFD": 0.694876611, "Mot_amps_ratio_MFD": 0.967606783, "Mot_amps_ratio_MxSpd": 0.967606783, "Mot_power_ratio_MFD": 0.993758321, "Mot_power_ratio_MxSpd": 0.993758321, "Power_MFD": 1108.19409, "Power_MxSpd": 1108.19409, "Speed_MFD": 23.0}