{"Interferences": 4, "Mass": 5.615725915064601, "Batt_amps_ratio_MFD": 1.48221195, "Batt_amps_ratio_MxSpd": 1.48221195, "Distance_MxSpd": 1321.26855, "Max_Distance": 1321.26855, "Hover_Time": 0.0, "Max_Speed": 17.0, "Max_uc_at_MFD": 0.819718361, "Mot_amps_ratio_MFD": 0.991808832, "Mot_amps_ratio_MxSpd": 0.991808832, "Mot_power_ratio_MFD": 0.759425163, "Mot_power_ratio_MxSpd": 0.759425163, "Power_MFD": 5909.479, "Power_MxSpd": 5909.479, "Speed_MFD": 17.0}