{"Interferences": 21, "Mass": 3.786936624712844, "Batt_amps_ratio_MFD": 0.694872737, "Batt_amps_ratio_MxSpd": 0.694872737, "Distance_MxSpd": 718.404968, "Max_Distance": 718.404968, "Hover_Time": 56.6933174, "Max_Speed": 13.0, "Max_uc_at_MFD": 0.996918082, "Mot_amps_ratio_MFD": 0.347702086, "Mot_amps_ratio_MxSpd": 0.347702086, "Mot_power_ratio_MFD": 0.128649771, "Mot_power_ratio_MxSpd": 0.128649771, "Power_MFD": 514.741333, "Power_MxSpd": 514.741333, "Speed_MFD": 13.0}