{"Interferences": 0, "Mass": 8.92908139259744, "Batt_amps_ratio_MFD": 0.441815972, "Batt_amps_ratio_MxSpd": 0.483551383, "Distance_MxSpd": 8814.78125, "Max_Distance": 9125.97168, "Hover_Time": 365.221283, "Max_Speed": 37.0, "Max_uc_at_MFD": 0.593280315, "Mot_amps_ratio_MFD": 0.991630852, "Mot_amps_ratio_MxSpd": 0.838228524, "Mot_power_ratio_MFD": 0.978409111, "Mot_power_ratio_MxSpd": 0.827052176, "Power_MFD": 3626.72266, "Power_MxSpd": 3859.21436, "Speed_MFD": 35.0}