{"Interferences": 0, "Mass": 4.533131621691756, "Batt_amps_ratio_MFD": 0.481808037, "Batt_amps_ratio_MxSpd": 0.844689906, "Distance_MxSpd": 4909.73096, "Max_Distance": 5738.38477, "Hover_Time": 335.636261, "Max_Speed": 36.0, "Max_uc_at_MFD": 0.860576987, "Mot_amps_ratio_MFD": 0.837951362, "Mot_amps_ratio_MxSpd": 0.732631922, "Mot_power_ratio_MFD": 0.620084047, "Mot_power_ratio_MxSpd": 0.542147636, "Power_MFD": 1318.7821, "Power_MxSpd": 2920.04224, "Speed_MFD": 24.0}