{"Interferences": 2, "Mass": 9.789581566028035, "Batt_amps_ratio_MFD": 1.67403615, "Batt_amps_ratio_MxSpd": 1.86272252, "Distance_MxSpd": 13296.666, "Max_Distance": 13763.1436, "Hover_Time": 537.826904, "Max_Speed": 43.0, "Max_uc_at_MFD": 0.841617823, "Mot_amps_ratio_MFD": 0.928925991, "Mot_amps_ratio_MxSpd": 0.882422984, "Mot_power_ratio_MFD": 0.929871798, "Mot_power_ratio_MxSpd": 0.883321464, "Power_MFD": 3978.33398, "Power_MxSpd": 4337.23193, "Speed_MFD": 40.0}