{"Interferences": 2, "Mass": 6.8667343556549305, "Batt_amps_ratio_MFD": 2.00370789, "Batt_amps_ratio_MxSpd": 2.00370789, "Distance_MxSpd": 459.947266, "Max_Distance": 459.947266, "Hover_Time": 24.8844929, "Max_Speed": 24.0, "Max_uc_at_MFD": 0.995667279, "Mot_amps_ratio_MFD": 0.758824646, "Mot_amps_ratio_MxSpd": 0.758824646, "Mot_power_ratio_MFD": 0.374353498, "Mot_power_ratio_MxSpd": 0.374353498, "Power_MFD": 2031.95581, "Power_MxSpd": 2031.95581, "Speed_MFD": 24.0}