{"Interferences": 13, "Mass": 5.653055259028026, "Batt_amps_ratio_MFD": 0.42004475, "Batt_amps_ratio_MxSpd": 0.42004475, "Distance_MxSpd": 2011.21423, "Max_Distance": 2011.21423, "Hover_Time": 111.574875, "Max_Speed": 22.0, "Max_uc_at_MFD": 0.456430972, "Mot_amps_ratio_MFD": 0.995621979, "Mot_amps_ratio_MxSpd": 0.995621979, "Mot_power_ratio_MFD": 0.736760259, "Mot_power_ratio_MxSpd": 0.736760259, "Power_MFD": 1067.19153, "Power_MxSpd": 1067.19153, "Speed_MFD": 22.0}