{"Interferences": 4, "Mass": 5.273257144913468, "Batt_amps_ratio_MFD": 0.59925586, "Batt_amps_ratio_MxSpd": 0.59925586, "Distance_MxSpd": 1601.98682, "Max_Distance": 1601.98682, "Hover_Time": 0.0, "Max_Speed": 25.0, "Max_uc_at_MFD": 0.685166717, "Mot_amps_ratio_MFD": 0.715447664, "Mot_amps_ratio_MxSpd": 0.715447664, "Mot_power_ratio_MFD": 0.675024867, "Mot_power_ratio_MxSpd": 0.675024867, "Power_MFD": 1869.12317, "Power_MxSpd": 1869.12317, "Speed_MFD": 25.0}