{"Interferences": 11, "Mass": 4.508016839977675, "Batt_amps_ratio_MFD": 0.715176642, "Batt_amps_ratio_MxSpd": 0.715176642, "Distance_MxSpd": 644.316345, "Max_Distance": 644.316345, "Hover_Time": 0.0, "Max_Speed": 12.0, "Max_uc_at_MFD": 0.943750381, "Mot_amps_ratio_MFD": 0.311498612, "Mot_amps_ratio_MxSpd": 0.311498612, "Mot_power_ratio_MFD": 0.10382174, "Mot_power_ratio_MxSpd": 0.10382174, "Power_MFD": 809.693726, "Power_MxSpd": 809.693726, "Speed_MFD": 12.0}