{"Interferences": 2, "Mass": 3.392097151696083, "Batt_amps_ratio_MFD": 1.57686853, "Batt_amps_ratio_MxSpd": 2.06835365, "Distance_MxSpd": 686.923096, "Max_Distance": 754.913879, "Hover_Time": 47.3416862, "Max_Speed": 37.0, "Max_uc_at_MFD": 0.666129768, "Mot_amps_ratio_MFD": 0.689377666, "Mot_amps_ratio_MxSpd": 0.919537723, "Mot_power_ratio_MFD": 0.675184608, "Mot_power_ratio_MxSpd": 0.900606096, "Power_MFD": 1634.04626, "Power_MxSpd": 2645.57788, "Speed_MFD": 31.0}