{"Interferences": 0, "Mass": 9.709684361385804, "Batt_amps_ratio_MFD": 0.632562399, "Batt_amps_ratio_MxSpd": 0.632562399, "Distance_MxSpd": 3035.27368, "Max_Distance": 3035.27368, "Hover_Time": 0.0, "Max_Speed": 10.0, "Max_uc_at_MFD": 0.23724547, "Mot_amps_ratio_MFD": 0.429896116, "Mot_amps_ratio_MxSpd": 0.429896116, "Mot_power_ratio_MFD": 0.860667646, "Mot_power_ratio_MxSpd": 0.860667646, "Power_MFD": 1529.98425, "Power_MxSpd": 1529.98425, "Speed_MFD": 10.0}