{"Interferences": 10, "Mass": 7.376004932453307, "Batt_amps_ratio_MFD": 2.54695582, "Batt_amps_ratio_MxSpd": 3.07312107, "Distance_MxSpd": 449.835846, "Max_Distance": 452.304657, "Hover_Time": 0.0, "Max_Speed": 36.0, "Max_uc_at_MFD": 0.795599639, "Mot_amps_ratio_MFD": 0.900054753, "Mot_amps_ratio_MxSpd": 0.984089494, "Mot_power_ratio_MFD": 0.888054013, "Mot_power_ratio_MxSpd": 0.970968306, "Power_MFD": 2842.23242, "Power_MxSpd": 4324.96143, "Speed_MFD": 30.0}