{"Interferences": 10, "Mass": 6.241837435903001, "Batt_amps_ratio_MFD": 0.852670372, "Batt_amps_ratio_MxSpd": 0.852670372, "Distance_MxSpd": 2566.99438, "Max_Distance": 2566.99438, "Hover_Time": 0.0, "Max_Speed": 19.0, "Max_uc_at_MFD": 0.992815793, "Mot_amps_ratio_MFD": 0.865421593, "Mot_amps_ratio_MxSpd": 0.865421593, "Mot_power_ratio_MFD": 0.640411973, "Mot_power_ratio_MxSpd": 0.640411973, "Power_MFD": 3353.07666, "Power_MxSpd": 3353.07666, "Speed_MFD": 19.0}