{
  "generator_version":"UAV2_gen12",
  "name":"design_7840_22f4ff00f22d4d8fa6611eef1e09e162_dw_dl",
  "hub":{
    "node_type":"ConnectedHub4_2_2",
    "frontSegment":{
      "node_type":"SidewaysBendSegment",
      "angle":28.978371369816614,
      "armLength":463.3270632008409,
      "mainSegment":{
        "node_type":"AngledWingArm",
        "arm1Length":63.131729306344354,
        "arm2Length":132.7114284715293,
        "wing":{
          "wingType":"Wing_vert_hole",
          "nacaProfile":"0018",
          "span":932.8582978978134,
          "chordInner":104.98007950377493,
          "chordOuter":127.1346850995471,
          "taperOffset":false,
          "aileronBias":0.8194944582092446,
          "flapBias":0.8586313603573636,
          "load":988.6476211157731,
          "tubeOffset":54.93973934536633,
          "tubeRot":313.0725156190365
        },
        "servo":{
          "servoType":"Hitec_HS_5055MG"
        }
      }
    },
    "rearSegment":{
      "node_type":"AngledPropArm",
      "armLength":116.10772073878114,
      "motor":{
        "motorType":"kde_direct_KDE700XF_535_G3"
      },
      "prop":{
        "propType":"apc_propellers_16x4W"
      }
    }
  },
  "fuselageWithComponents":{
    "node_type":"DualBatteryFuselageWithComponents",
    "battery":{
      "batteryType":"Tattu25C30000mAh6S1P"
    },
    "fuselage":{
      "length":435.0,
      "vertDiameter":180.0,
      "horzDiameter":383.4,
      "floorHeight":30.0,
      "battery1X":-108.75,
      "battery1Y":6.0,
      "battery2X":109.75,
      "battery2Y":6.0,
      "rpmX":0.0,
      "rpmY":-117.8,
      "autoPilotX":0.0,
      "autoPilotY":61.5,
      "currentX":0.0,
      "currentY":-97.65,
      "voltageX":0.0,
      "voltageY":115.3,
      "gpsX":0.0,
      "gpsY":-57.5,
      "varioX":0.0,
      "varioY":93.65
    }
  }
}