{"Interferences": 6, "Mass": 4.76444641036066, "Batt_amps_ratio_MFD": 0.546449304, "Batt_amps_ratio_MxSpd": 0.60548681, "Distance_MxSpd": 5137.02344, "Max_Distance": 5481.20361, "Hover_Time": 289.486328, "Max_Speed": 27.0, "Max_uc_at_MFD": 0.694657743, "Mot_amps_ratio_MFD": 0.728460371, "Mot_amps_ratio_MxSpd": 0.716810524, "Mot_power_ratio_MFD": 0.548197269, "Mot_power_ratio_MxSpd": 0.53943032, "Power_MFD": 1278.94812, "Power_MxSpd": 1453.453, "Speed_MFD": 26.0}