{"Interferences": 21, "Mass": 5.414381814196309, "Batt_amps_ratio_MFD": 0.63834542, "Batt_amps_ratio_MxSpd": 0.78525883, "Distance_MxSpd": 342.307495, "Max_Distance": 360.933105, "Hover_Time": 0.0, "Max_Speed": 7.0, "Max_uc_at_MFD": 0.973070741, "Mot_amps_ratio_MFD": 0.620875299, "Mot_amps_ratio_MxSpd": 0.814162791, "Mot_power_ratio_MFD": 0.306298465, "Mot_power_ratio_MxSpd": 0.401653647, "Power_MFD": 698.39502, "Power_MxSpd": 913.671387, "Speed_MFD": 6.0}