{"Interferences": 83, "Mass": 5.380624725406012, "Batt_amps_ratio_MFD": 0.490814984, "Batt_amps_ratio_MxSpd": 0.490814984, "Distance_MxSpd": 2973.0144, "Max_Distance": 2973.0144, "Hover_Time": 142.151581, "Max_Speed": 38.0, "Max_uc_at_MFD": 0.998490453, "Mot_amps_ratio_MFD": 0.863596797, "Mot_amps_ratio_MxSpd": 0.863596797, "Mot_power_ratio_MFD": 0.803980768, "Mot_power_ratio_MxSpd": 0.803980768, "Power_MFD": 2750.05786, "Power_MxSpd": 2750.05786, "Speed_MFD": 38.0}