{"Interferences": 2, "Mass": 2.8521196012029955, "Batt_amps_ratio_MFD": 0.603969455, "Batt_amps_ratio_MxSpd": 0.81699127, "Distance_MxSpd": 1269.04651, "Max_Distance": 1335.16675, "Hover_Time": 94.8601837, "Max_Speed": 27.0, "Max_uc_at_MFD": 0.744635284, "Mot_amps_ratio_MFD": 0.456769288, "Mot_amps_ratio_MxSpd": 0.615527928, "Mot_power_ratio_MFD": 0.278360575, "Mot_power_ratio_MxSpd": 0.375109971, "Power_MFD": 609.388, "Power_MxSpd": 1071.78235, "Speed_MFD": 21.0}