{"Interferences": 1, "Mass": 6.485347199698476, "Batt_amps_ratio_MFD": 0.584230185, "Batt_amps_ratio_MxSpd": 0.857064962, "Distance_MxSpd": 1836.96704, "Max_Distance": 2169.00806, "Hover_Time": 105.928535, "Max_Speed": 41.0, "Max_uc_at_MFD": 1.0, "Mot_amps_ratio_MFD": 0.938356936, "Mot_amps_ratio_MxSpd": 0.751544297, "Mot_power_ratio_MFD": 0.590226531, "Mot_power_ratio_MxSpd": 0.472721338, "Power_MFD": 2852.76318, "Power_MxSpd": 4394.48779, "Speed_MFD": 33.0}