{"Interferences": 8, "Mass": 4.362358949186095, "Batt_amps_ratio_MFD": 0.462415725, "Batt_amps_ratio_MxSpd": 0.520071745, "Distance_MxSpd": 2141.24292, "Max_Distance": 2242.13818, "Hover_Time": 143.277954, "Max_Speed": 29.0, "Max_uc_at_MFD": 0.999809921, "Mot_amps_ratio_MFD": 0.605889499, "Mot_amps_ratio_MxSpd": 0.542879879, "Mot_power_ratio_MFD": 0.298905492, "Mot_power_ratio_MxSpd": 0.267820746, "Power_MFD": 1456.328, "Power_MxSpd": 1653.94019, "Speed_MFD": 27.0}