{"Interferences": 29, "Mass": 4.878522716130084, "Batt_amps_ratio_MFD": 0.498880923, "Batt_amps_ratio_MxSpd": 0.498880923, "Distance_MxSpd": 1693.39001, "Max_Distance": 1693.39001, "Hover_Time": 0.0, "Max_Speed": 22.0, "Max_uc_at_MFD": 0.999697149, "Mot_amps_ratio_MFD": 0.311661452, "Mot_amps_ratio_MxSpd": 0.311661452, "Mot_power_ratio_MFD": 0.193431184, "Mot_power_ratio_MxSpd": 0.193431184, "Power_MFD": 1105.94739, "Power_MxSpd": 1105.94739, "Speed_MFD": 22.0}