{"Interferences": 11, "Mass": 6.655619423698003, "Batt_amps_ratio_MFD": 0.646273375, "Batt_amps_ratio_MxSpd": 0.796683729, "Distance_MxSpd": 4337.98242, "Max_Distance": 4456.31885, "Hover_Time": 247.833893, "Max_Speed": 30.0, "Max_uc_at_MFD": 0.85560894, "Mot_amps_ratio_MFD": 0.699607968, "Mot_amps_ratio_MxSpd": 0.840946853, "Mot_power_ratio_MFD": 0.233334035, "Mot_power_ratio_MxSpd": 0.28047353, "Power_MFD": 1748.7179, "Power_MxSpd": 2593.81958, "Speed_MFD": 25.0}