{"Interferences": 24, "Mass": 13.360578023595616, "Batt_amps_ratio_MFD": 0.397222012, "Batt_amps_ratio_MxSpd": 0.397222012, "Distance_MxSpd": 6960.33936, "Max_Distance": 6960.33936, "Hover_Time": 0.0, "Max_Speed": 24.0, "Max_uc_at_MFD": 0.726656079, "Mot_amps_ratio_MFD": 0.91166383, "Mot_amps_ratio_MxSpd": 0.91166383, "Mot_power_ratio_MFD": 0.840874732, "Mot_power_ratio_MxSpd": 0.840874732, "Power_MFD": 3639.64453, "Power_MxSpd": 3639.64453, "Speed_MFD": 24.0}