{"Interferences": 11, "Mass": 8.309003305951446, "Batt_amps_ratio_MFD": 3.23699212, "Batt_amps_ratio_MxSpd": 3.23699212, "Distance_MxSpd": 71.1771851, "Max_Distance": 71.1771851, "Hover_Time": 0.0, "Max_Speed": 6.0, "Max_uc_at_MFD": 0.526715875, "Mot_amps_ratio_MFD": 0.64503628, "Mot_amps_ratio_MxSpd": 0.64503628, "Mot_power_ratio_MFD": 0.596658587, "Mot_power_ratio_MxSpd": 0.596658587, "Power_MFD": 2472.33789, "Power_MxSpd": 2472.33789, "Speed_MFD": 6.0}