{"Interferences": 22, "Mass": 11.592347592298864, "Batt_amps_ratio_MFD": 0.82863313, "Batt_amps_ratio_MxSpd": 0.82863313, "Distance_MxSpd": 1853.65503, "Max_Distance": 1853.65503, "Hover_Time": 0.0, "Max_Speed": 16.0, "Max_uc_at_MFD": 0.737079024, "Mot_amps_ratio_MFD": 0.965963006, "Mot_amps_ratio_MxSpd": 0.965963006, "Mot_power_ratio_MFD": 0.995631874, "Mot_power_ratio_MxSpd": 0.995631874, "Power_MFD": 4458.21973, "Power_MxSpd": 4458.21973, "Speed_MFD": 16.0}