{"Interferences": 17, "Mass": 10.942754838531512, "Batt_amps_ratio_MFD": 2.36469293, "Batt_amps_ratio_MxSpd": 2.45516586, "Distance_MxSpd": 7742.04297, "Max_Distance": 7794.66992, "Hover_Time": 347.837982, "Max_Speed": 33.0, "Max_uc_at_MFD": 0.469400406, "Mot_amps_ratio_MFD": 0.972981989, "Mot_amps_ratio_MxSpd": 0.85914886, "Mot_power_ratio_MFD": 0.960008919, "Mot_power_ratio_MxSpd": 0.847693503, "Power_MFD": 2965.36255, "Power_MxSpd": 3044.18677, "Speed_MFD": 32.0}