{"Interferences": 56, "Mass": 2.991909751143909, "Batt_amps_ratio_MFD": 0.377061874, "Batt_amps_ratio_MxSpd": 0.377061874, "Distance_MxSpd": 712.88031, "Max_Distance": 712.88031, "Hover_Time": 103.023621, "Max_Speed": 7.0, "Max_uc_at_MFD": 0.999248862, "Mot_amps_ratio_MFD": 0.446887165, "Mot_amps_ratio_MxSpd": 0.446887165, "Mot_power_ratio_MFD": 0.220464334, "Mot_power_ratio_MxSpd": 0.220464334, "Power_MFD": 372.589813, "Power_MxSpd": 372.589813, "Speed_MFD": 7.0}