{"Interferences": 35, "Mass": 6.998671916815171, "Batt_amps_ratio_MFD": 0.414109468, "Batt_amps_ratio_MxSpd": 0.414109468, "Distance_MxSpd": 1112.74927, "Max_Distance": 1112.74927, "Hover_Time": 0.0, "Max_Speed": 4.0, "Max_uc_at_MFD": 0.706713915, "Mot_amps_ratio_MFD": 0.918881476, "Mot_amps_ratio_MxSpd": 0.918881476, "Mot_power_ratio_MFD": 0.943716109, "Mot_power_ratio_MxSpd": 0.943716109, "Power_MFD": 1350.91687, "Power_MxSpd": 1350.91687, "Speed_MFD": 4.0}