{"Interferences": 22, "Mass": 13.849131644044853, "Batt_amps_ratio_MFD": 1.87211609, "Batt_amps_ratio_MxSpd": 1.87211609, "Distance_MxSpd": 2153.71265, "Max_Distance": 2153.71265, "Hover_Time": 277.534546, "Max_Speed": 7.0, "Max_uc_at_MFD": 0.999850094, "Mot_amps_ratio_MFD": 0.791341543, "Mot_amps_ratio_MxSpd": 0.791341543, "Mot_power_ratio_MFD": 0.585592747, "Mot_power_ratio_MxSpd": 0.585592747, "Power_MFD": 5257.73535, "Power_MxSpd": 5257.73535, "Speed_MFD": 7.0}