{"Interferences": 53, "Mass": 10.282657742513956, "Batt_amps_ratio_MFD": 1.95220327, "Batt_amps_ratio_MxSpd": 2.15557933, "Distance_MxSpd": 231.585083, "Max_Distance": 236.040985, "Hover_Time": 23.8736725, "Max_Speed": 13.0, "Max_uc_at_MFD": 0.820842862, "Mot_amps_ratio_MFD": 0.782776594, "Mot_amps_ratio_MxSpd": 0.844476819, "Mot_power_ratio_MFD": 0.482712209, "Mot_power_ratio_MxSpd": 0.563557744, "Power_MFD": 2911.7959, "Power_MxSpd": 3659.57007, "Speed_MFD": 12.0}