{"Interferences": 8, "Mass": 4.809358375997843, "Batt_amps_ratio_MFD": 0.89448595, "Batt_amps_ratio_MxSpd": 1.31546593, "Distance_MxSpd": 934.117676, "Max_Distance": 987.38269, "Hover_Time": 57.3449707, "Max_Speed": 32.0, "Max_uc_at_MFD": 0.82850194, "Mot_amps_ratio_MFD": 0.34751603, "Mot_amps_ratio_MxSpd": 0.342948824, "Mot_power_ratio_MFD": 0.232171208, "Mot_power_ratio_MxSpd": 0.229119927, "Power_MFD": 1050.14038, "Power_MxSpd": 1961.45654, "Speed_MFD": 23.0}