{"Interferences": 6, "Mass": 5.970200647578153, "Batt_amps_ratio_MFD": 0.659530997, "Batt_amps_ratio_MxSpd": 0.783019245, "Distance_MxSpd": 2206.84229, "Max_Distance": 2445.37402, "Hover_Time": 206.766525, "Max_Speed": 15.0, "Max_uc_at_MFD": 0.855841875, "Mot_amps_ratio_MFD": 0.747611225, "Mot_amps_ratio_MxSpd": 0.878531694, "Mot_power_ratio_MFD": 0.328970313, "Mot_power_ratio_MxSpd": 0.386579067, "Power_MFD": 2363.43945, "Power_MxSpd": 2975.24243, "Speed_MFD": 14.0}