{"Interferences": 3, "Mass": 5.633339978344838, "Batt_amps_ratio_MFD": 1.10951555, "Batt_amps_ratio_MxSpd": 1.10951555, "Distance_MxSpd": 34.6096992, "Max_Distance": 34.6096992, "Hover_Time": 34.7652245, "Max_Speed": 1.0, "Max_uc_at_MFD": 0.999998629, "Mot_amps_ratio_MFD": 0.378345013, "Mot_amps_ratio_MxSpd": 0.378345013, "Mot_power_ratio_MFD": 0.177074611, "Mot_power_ratio_MxSpd": 0.177074611, "Power_MFD": 1460.05957, "Power_MxSpd": 1460.05957, "Speed_MFD": 1.0}