{"Interferences": 11, "Mass": 3.8943324526308256, "Batt_amps_ratio_MFD": 0.642761707, "Batt_amps_ratio_MxSpd": 0.642761707, "Distance_MxSpd": 836.390869, "Max_Distance": 836.390869, "Hover_Time": 68.2836075, "Max_Speed": 14.0, "Max_uc_at_MFD": 1.0, "Mot_amps_ratio_MFD": 0.367302507, "Mot_amps_ratio_MxSpd": 0.367302507, "Mot_power_ratio_MFD": 0.17837128, "Mot_power_ratio_MxSpd": 0.17837128, "Power_MFD": 572.466064, "Power_MxSpd": 572.466064, "Speed_MFD": 14.0}