{
  "generator_version":"UAV2_gen12",
  "name":"design_47287_7a0c438e78c84a878d73845fb8e4cb52_s",
  "hub":{
    "node_type":"ConnectedHub6_2_2_2",
    "frontSegment":{
      "node_type":"SidewaysBendWithTopSegment",
      "angle":-90.0,
      "armLength":317.4847936398013,
      "mainSegment":{
        "node_type":"PropArm",
        "armLength":91.53060070971935,
        "motor":{
          "motorType":"kde_direct_KDE700XF_455_G3"
        },
        "prop":{
          "propType":"apc_propellers_14x7E"
        },
        "flange":{
          "offset":35.095637840828644,
          "angle":180.0
        }
      },
      "topSegment":{
        "node_type":"AngledWingArm",
        "arm1Length":76.53324894456607,
        "arm2Length":60.19156300936661,
        "wing":{
          "wingType":"Wing_vert_hole",
          "nacaProfile":"2315",
          "span":1965.1006173274718,
          "chordInner":172.96239700099116,
          "chordOuter":109.19613183051383,
          "taperOffset":false,
          "aileronBias":0.24011799702109526,
          "flapBias":0.33245645548942604,
          "load":176.65381490284938,
          "tubeOffset":14.832870727990581,
          "tubeRot":226.6983058430374
        },
        "servo":{
          "servoType":"Hitec_HS_40"
        }
      }
    },
    "middleSegment":{
      "node_type":"PropArm",
      "armLength":264.29005168015306,
      "motor":{
        "motorType":"kde_direct_KDE4012XF_400"
      },
      "prop":{
        "propType":"apc_propellers_17x10WE"
      },
      "flange":{
        "offset":12.301656777546214,
        "angle":0.0
      }
    },
    "rearSegment":{
      "node_type":"PropArm",
      "armLength":497.3718206574315,
      "motor":{
        "motorType":"t_motor_MN4010KV475"
      },
      "prop":{
        "propType":"apc_propellers_16x4W"
      },
      "flange":{
        "offset":47.877399790073866,
        "angle":39.29322604988995
      }
    }
  },
  "fuselageWithComponents":{
    "node_type":"SingleBatteryFuselageWithComponents",
    "battery":{
      "batteryType":"Tattu25C22000mAh4S1P"
    },
    "fuselage":{
      "length":195.0,
      "vertDiameter":136.5,
      "horzDiameter":350.4,
      "floorHeight":22.75,
      "batteryX":0.0,
      "batteryY":6.0,
      "rpmX":0.0,
      "rpmY":-106.8,
      "autoPilotX":0.0,
      "autoPilotY":50.5,
      "currentX":0.0,
      "currentY":-86.65,
      "voltageX":0.0,
      "voltageY":104.3,
      "gpsX":0.0,
      "gpsY":-46.5,
      "varioX":0.0,
      "varioY":82.65
    }
  }
}