{"Interferences": 13, "Mass": 6.14440201357783, "Batt_amps_ratio_MFD": 0.234660566, "Batt_amps_ratio_MxSpd": 0.234660566, "Distance_MxSpd": 4254.65625, "Max_Distance": 4254.65625, "Hover_Time": 231.324646, "Max_Speed": 26.0, "Max_uc_at_MFD": 0.999543905, "Mot_amps_ratio_MFD": 0.646295607, "Mot_amps_ratio_MxSpd": 0.646295607, "Mot_power_ratio_MFD": 0.323216051, "Mot_power_ratio_MxSpd": 0.323216051, "Power_MFD": 1427.28223, "Power_MxSpd": 1427.28223, "Speed_MFD": 26.0}