{"Interferences": 32, "Mass": 4.576588263049109, "Batt_amps_ratio_MFD": 0.206036985, "Batt_amps_ratio_MxSpd": 0.228349343, "Distance_MxSpd": 3867.75806, "Max_Distance": 3913.86035, "Hover_Time": 0.0, "Max_Speed": 23.0, "Max_uc_at_MFD": 0.497746229, "Mot_amps_ratio_MFD": 0.774691224, "Mot_amps_ratio_MxSpd": 0.940091848, "Mot_power_ratio_MFD": 0.606993318, "Mot_power_ratio_MxSpd": 0.736589611, "Power_MFD": 976.650818, "Power_MxSpd": 1169.5498, "Speed_MFD": 21.0}