{"Interferences": 14, "Mass": 6.944791002897903, "Batt_amps_ratio_MFD": 1.17476892, "Batt_amps_ratio_MxSpd": 1.17476892, "Distance_MxSpd": 294.185516, "Max_Distance": 294.185516, "Hover_Time": 0.0, "Max_Speed": 9.0, "Max_uc_at_MFD": 0.997333348, "Mot_amps_ratio_MFD": 0.481456071, "Mot_amps_ratio_MxSpd": 0.481456071, "Mot_power_ratio_MFD": 0.251489997, "Mot_power_ratio_MxSpd": 0.251489997, "Power_MFD": 1575.72913, "Power_MxSpd": 1575.72913, "Speed_MFD": 9.0}