{"Interferences": 11, "Mass": 4.275071307998704, "Batt_amps_ratio_MFD": 0.312105238, "Batt_amps_ratio_MxSpd": 0.312105238, "Distance_MxSpd": 2952.8501, "Max_Distance": 2952.8501, "Hover_Time": 131.039139, "Max_Speed": 24.0, "Max_uc_at_MFD": 1.0, "Mot_amps_ratio_MFD": 0.792976975, "Mot_amps_ratio_MxSpd": 0.792976975, "Mot_power_ratio_MFD": 0.483249515, "Mot_power_ratio_MxSpd": 0.483249515, "Power_MFD": 1195.40503, "Power_MxSpd": 1195.40503, "Speed_MFD": 24.0}