{"Interferences": 14, "Mass": 7.168404938720101, "Batt_amps_ratio_MFD": 2.09576988, "Batt_amps_ratio_MxSpd": 2.09576988, "Distance_MxSpd": 403.097687, "Max_Distance": 403.097687, "Hover_Time": 21.899437, "Max_Speed": 22.0, "Max_uc_at_MFD": 0.995661438, "Mot_amps_ratio_MFD": 0.361581951, "Mot_amps_ratio_MxSpd": 0.361581951, "Mot_power_ratio_MFD": 0.18097505, "Mot_power_ratio_MxSpd": 0.18097505, "Power_MFD": 1593.38245, "Power_MxSpd": 1593.38245, "Speed_MFD": 22.0}