{"Interferences": 16, "Mass": 7.637665431442447, "Batt_amps_ratio_MFD": 0.578126609, "Batt_amps_ratio_MxSpd": 0.578126609, "Distance_MxSpd": 5479.76855, "Max_Distance": 5479.76855, "Hover_Time": 0.0, "Max_Speed": 33.0, "Max_uc_at_MFD": 0.696213484, "Mot_amps_ratio_MFD": 0.987231195, "Mot_amps_ratio_MxSpd": 0.987231195, "Mot_power_ratio_MFD": 0.913188875, "Mot_power_ratio_MxSpd": 0.913188875, "Power_MFD": 2843.1438, "Power_MxSpd": 2843.1438, "Speed_MFD": 33.0}