{"Interferences": 13, "Mass": 4.21736629004636, "Batt_amps_ratio_MFD": 0.294361442, "Batt_amps_ratio_MxSpd": 0.294361442, "Distance_MxSpd": 1826.32605, "Max_Distance": 1826.32605, "Hover_Time": 144.831406, "Max_Speed": 14.0, "Max_uc_at_MFD": 0.998288035, "Mot_amps_ratio_MFD": 0.215481684, "Mot_amps_ratio_MxSpd": 0.215481684, "Mot_power_ratio_MFD": 0.0808631405, "Mot_power_ratio_MxSpd": 0.0808631405, "Power_MFD": 519.892456, "Power_MxSpd": 519.892456, "Speed_MFD": 14.0}