{"Interferences": 2, "Mass": 3.681263940357796, "Batt_amps_ratio_MFD": 1.3318826, "Batt_amps_ratio_MxSpd": 1.44515598, "Distance_MxSpd": 717.431213, "Max_Distance": 720.784302, "Hover_Time": 44.1413498, "Max_Speed": 27.0, "Max_uc_at_MFD": 0.999232054, "Mot_amps_ratio_MFD": 0.431835413, "Mot_amps_ratio_MxSpd": 0.404187143, "Mot_power_ratio_MFD": 0.199723884, "Mot_power_ratio_MxSpd": 0.186936557, "Power_MFD": 986.760132, "Power_MxSpd": 1125.34277, "Speed_MFD": 25.0}