{"Interferences": 15, "Mass": 8.92609363052272, "Batt_amps_ratio_MFD": 0.223739102, "Batt_amps_ratio_MxSpd": 0.223739102, "Distance_MxSpd": 9868.6377, "Max_Distance": 9868.6377, "Hover_Time": 508.464722, "Max_Speed": 23.0, "Max_uc_at_MFD": 0.996334076, "Mot_amps_ratio_MFD": 0.740621448, "Mot_amps_ratio_MxSpd": 0.740621448, "Mot_power_ratio_MFD": 0.548059821, "Mot_power_ratio_MxSpd": 0.548059821, "Power_MFD": 2089.62329, "Power_MxSpd": 2089.62329, "Speed_MFD": 23.0}