{"Interferences": 0, "Mass": 5.854656343882362, "Batt_amps_ratio_MFD": 0.887015224, "Batt_amps_ratio_MxSpd": 0.887015224, "Distance_MxSpd": 2875.77588, "Max_Distance": 2875.77588, "Hover_Time": 0.0, "Max_Speed": 31.0, "Max_uc_at_MFD": 0.525705159, "Mot_amps_ratio_MFD": 0.989252865, "Mot_amps_ratio_MxSpd": 0.989252865, "Mot_power_ratio_MFD": 0.9333601, "Mot_power_ratio_MxSpd": 0.9333601, "Power_MFD": 2034.99683, "Power_MxSpd": 2034.99683, "Speed_MFD": 31.0}