{"Interferences": 12, "Mass": 5.672825941671092, "Batt_amps_ratio_MFD": 0.605052233, "Batt_amps_ratio_MxSpd": 0.75866574, "Distance_MxSpd": 3579.21606, "Max_Distance": 3671.93823, "Hover_Time": 193.033997, "Max_Speed": 33.0, "Max_uc_at_MFD": 0.566749692, "Mot_amps_ratio_MFD": 0.800878465, "Mot_amps_ratio_MxSpd": 0.997555912, "Mot_power_ratio_MFD": 0.600785673, "Mot_power_ratio_MxSpd": 0.748324931, "Power_MFD": 1429.5614, "Power_MxSpd": 2164.06641, "Speed_MFD": 27.0}