{"Interferences": 8, "Mass": 3.756901908476262, "Batt_amps_ratio_MFD": 0.719961822, "Batt_amps_ratio_MxSpd": 0.719961822, "Distance_MxSpd": 1066.72327, "Max_Distance": 1066.72327, "Hover_Time": 73.2148285, "Max_Speed": 20.0, "Max_uc_at_MFD": 0.977427423, "Mot_amps_ratio_MFD": 0.401775986, "Mot_amps_ratio_MxSpd": 0.401775986, "Mot_power_ratio_MFD": 0.150697812, "Mot_power_ratio_MxSpd": 0.150697812, "Power_MFD": 781.747986, "Power_MxSpd": 781.747986, "Speed_MFD": 20.0}