{"Interferences": 41, "Mass": 5.958486457065152, "Batt_amps_ratio_MFD": 0.351874143, "Batt_amps_ratio_MxSpd": 0.351874143, "Distance_MxSpd": 5565.62646, "Max_Distance": 5565.62646, "Hover_Time": 0.0, "Max_Speed": 17.0, "Max_uc_at_MFD": 0.999945283, "Mot_amps_ratio_MFD": 0.986435354, "Mot_amps_ratio_MxSpd": 0.986435354, "Mot_power_ratio_MFD": 0.772901118, "Mot_power_ratio_MxSpd": 0.772901118, "Power_MFD": 1103.54712, "Power_MxSpd": 1103.54712, "Speed_MFD": 17.0}