{"Interferences": 6, "Mass": 8.573766808634044, "Batt_amps_ratio_MFD": 4.58850002, "Batt_amps_ratio_MxSpd": 4.58850002, "Distance_MxSpd": 217.587448, "Max_Distance": 217.587448, "Hover_Time": 0.0, "Max_Speed": 26.0, "Max_uc_at_MFD": 0.498521715, "Mot_amps_ratio_MFD": 0.707189441, "Mot_amps_ratio_MxSpd": 0.707189441, "Mot_power_ratio_MFD": 0.667233229, "Mot_power_ratio_MxSpd": 0.667233229, "Power_MFD": 3534.40649, "Power_MxSpd": 3534.40649, "Speed_MFD": 26.0}