{"Interferences": 34, "Mass": 4.550218478999331, "Batt_amps_ratio_MFD": 1.18586922, "Batt_amps_ratio_MxSpd": 1.44167161, "Distance_MxSpd": 665.893677, "Max_Distance": 680.007568, "Hover_Time": 37.1994095, "Max_Speed": 25.0, "Max_uc_at_MFD": 0.550192893, "Mot_amps_ratio_MFD": 0.844547987, "Mot_amps_ratio_MxSpd": 0.86675185, "Mot_power_ratio_MFD": 0.580325127, "Mot_power_ratio_MxSpd": 0.595582306, "Power_MFD": 894.776306, "Power_MxSpd": 1148.37781, "Speed_MFD": 21.0}