{"Interferences": 22, "Mass": 3.875627609041511, "Batt_amps_ratio_MFD": 0.262087792, "Batt_amps_ratio_MxSpd": 0.331636876, "Distance_MxSpd": 3589.46802, "Max_Distance": 3662.89502, "Hover_Time": 0.0, "Max_Speed": 31.0, "Max_uc_at_MFD": 0.766595006, "Mot_amps_ratio_MFD": 0.593331456, "Mot_amps_ratio_MxSpd": 0.755140543, "Mot_power_ratio_MFD": 0.548831582, "Mot_power_ratio_MxSpd": 0.698504984, "Power_MFD": 1158.453, "Power_MxSpd": 1764.23364, "Speed_MFD": 25.0}