{"Interferences": 18, "Mass": 10.720592119749076, "Batt_amps_ratio_MFD": 1.48444355, "Batt_amps_ratio_MxSpd": 1.48444355, "Distance_MxSpd": 10476.6523, "Max_Distance": 10476.6523, "Hover_Time": 463.681793, "Max_Speed": 27.0, "Max_uc_at_MFD": 0.989966333, "Mot_amps_ratio_MFD": 0.289901853, "Mot_amps_ratio_MxSpd": 0.289901853, "Mot_power_ratio_MFD": 0.12420813, "Mot_power_ratio_MxSpd": 0.12420813, "Power_MFD": 2900.70044, "Power_MxSpd": 2900.70044, "Speed_MFD": 27.0}