{"Interferences": 6, "Mass": 7.211011363173652, "Batt_amps_ratio_MFD": 1.92177379, "Batt_amps_ratio_MxSpd": 1.92177379, "Distance_MxSpd": 339.686188, "Max_Distance": 339.686188, "Hover_Time": 0.0, "Max_Speed": 17.0, "Max_uc_at_MFD": 0.95116353, "Mot_amps_ratio_MFD": 0.409681976, "Mot_amps_ratio_MxSpd": 0.409681976, "Mot_power_ratio_MFD": 0.102478191, "Mot_power_ratio_MxSpd": 0.102478191, "Power_MFD": 1547.30273, "Power_MxSpd": 1547.30273, "Speed_MFD": 17.0}