{"Interferences": 25, "Mass": 3.867674456765673, "Batt_amps_ratio_MFD": 0.503422856, "Batt_amps_ratio_MxSpd": 0.503422856, "Distance_MxSpd": 1754.39001, "Max_Distance": 1754.39001, "Hover_Time": 102.08448, "Max_Speed": 23.0, "Max_uc_at_MFD": 0.983655095, "Mot_amps_ratio_MFD": 0.394327164, "Mot_amps_ratio_MxSpd": 0.394327164, "Mot_power_ratio_MFD": 0.197583869, "Mot_power_ratio_MxSpd": 0.197583869, "Power_MFD": 827.982605, "Power_MxSpd": 827.982605, "Speed_MFD": 23.0}