{"Interferences": 25, "Mass": 2.377376693562129, "Batt_amps_ratio_MFD": 0.471952409, "Batt_amps_ratio_MxSpd": 0.586610615, "Distance_MxSpd": 1571.0592, "Max_Distance": 1708.64685, "Hover_Time": 138.779602, "Max_Speed": 24.0, "Max_uc_at_MFD": 0.960458755, "Mot_amps_ratio_MFD": 0.70181179, "Mot_amps_ratio_MxSpd": 0.643316627, "Mot_power_ratio_MFD": 0.437339574, "Mot_power_ratio_MxSpd": 0.400887817, "Power_MFD": 607.443909, "Power_MxSpd": 813.239746, "Speed_MFD": 21.0}