{"Interferences": 6, "Mass": 3.3837626068866395, "Batt_amps_ratio_MFD": 1.64183974, "Batt_amps_ratio_MxSpd": 1.78826272, "Distance_MxSpd": 708.620728, "Max_Distance": 725.040344, "Hover_Time": 43.0342979, "Max_Speed": 33.0, "Max_uc_at_MFD": 0.9287377, "Mot_amps_ratio_MFD": 0.673999965, "Mot_amps_ratio_MxSpd": 0.738989592, "Mot_power_ratio_MFD": 0.443342179, "Mot_power_ratio_MxSpd": 0.486090958, "Power_MFD": 1562.07043, "Power_MxSpd": 1824.98694, "Speed_MFD": 31.0}