{"Interferences": 9, "Mass": 3.61616275095852, "Batt_amps_ratio_MFD": 0.739896894, "Batt_amps_ratio_MxSpd": 1.24551654, "Distance_MxSpd": 894.086914, "Max_Distance": 1037.98242, "Hover_Time": 71.6529388, "Max_Speed": 29.0, "Max_uc_at_MFD": 0.72442019, "Mot_amps_ratio_MFD": 0.975451291, "Mot_amps_ratio_MxSpd": 0.974481046, "Mot_power_ratio_MFD": 0.481222659, "Mot_power_ratio_MxSpd": 0.480744004, "Power_MFD": 775.724365, "Power_MxSpd": 1696.24561, "Speed_MFD": 20.0}