{"Interferences": 16, "Mass": 2.7805409591546706, "Batt_amps_ratio_MFD": 0.570834637, "Batt_amps_ratio_MxSpd": 0.570834637, "Distance_MxSpd": 1009.04883, "Max_Distance": 1009.04883, "Hover_Time": 76.5632782, "Max_Speed": 15.0, "Max_uc_at_MFD": 0.982086182, "Mot_amps_ratio_MFD": 0.511530221, "Mot_amps_ratio_MxSpd": 0.511530221, "Mot_power_ratio_MFD": 0.189266175, "Mot_power_ratio_MxSpd": 0.189266175, "Power_MFD": 435.400604, "Power_MxSpd": 435.400604, "Speed_MFD": 15.0}