{
  "generator_version":"UAV2_gen12",
  "name":"design_7591_e901dd26d17f411b80db3e59e2009b12_dw",
  "hub":{
    "node_type":"ConnectedHub4_2_2",
    "frontSegment":{
      "node_type":"DoubleBendSegment",
      "angle":-90.0,
      "arm1Length":426.1001903920008,
      "arm2Length":246.01548607675176,
      "mainSegment":{
        "node_type":"SidewaysBendSegment",
        "angle":-90.0,
        "armLength":280.3739898283509,
        "mainSegment":{
          "node_type":"AngledWingArm",
          "arm1Length":459.340586391609,
          "arm2Length":155.42472007919582,
          "wing":{
            "wingType":"Wing_vert_hole",
            "nacaProfile":"0018",
            "span":927.261326919464,
            "chordInner":280.3271032561389,
            "chordOuter":144.4791131307336,
            "taperOffset":true,
            "aileronBias":0.17584282487391903,
            "flapBias":0.8201562738800839,
            "load":608.9001114911255,
            "tubeOffset":62.88223118781331,
            "tubeRot":246.04460936309118
          },
          "servo":{
            "servoType":"Hitec_HS_45HB"
          }
        }
      }
    },
    "rearSegment":{
      "node_type":"PropArm",
      "armLength":188.3449792787253,
      "motor":{
        "motorType":"kde_direct_KDE4215XF_465"
      },
      "prop":{
        "propType":"apc_propellers_17x6E"
      },
      "flange":{
        "offset":-23.058563351113392,
        "angle":0.0
      }
    }
  },
  "fuselageWithComponents":{
    "node_type":"DualBatteryFuselageWithComponents",
    "battery":{
      "batteryType":"Tattu25C7000mAh6S1P"
    },
    "fuselage":{
      "length":138.0,
      "vertDiameter":63.0,
      "horzDiameter":483.9,
      "floorHeight":10.5,
      "battery1X":0.0,
      "battery1Y":-27.0,
      "battery2X":0.0,
      "battery2Y":40.0,
      "rpmX":0.0,
      "rpmY":-151.3,
      "autoPilotX":0.0,
      "autoPilotY":95.0,
      "currentX":0.0,
      "currentY":-131.15,
      "voltageX":0.0,
      "voltageY":148.8,
      "gpsX":0.0,
      "gpsY":-91.0,
      "varioX":0.0,
      "varioY":127.15
    }
  }
}