{"Interferences": 13, "Mass": 4.33199602623901, "Batt_amps_ratio_MFD": 0.721546829, "Batt_amps_ratio_MxSpd": 0.897216082, "Distance_MxSpd": 1198.37354, "Max_Distance": 1330.47498, "Hover_Time": 89.1978073, "Max_Speed": 28.0, "Max_uc_at_MFD": 0.980639398, "Mot_amps_ratio_MFD": 0.478590637, "Mot_amps_ratio_MxSpd": 0.445996642, "Mot_power_ratio_MFD": 0.239538953, "Mot_power_ratio_MxSpd": 0.22322537, "Power_MFD": 1221.72571, "Power_MxSpd": 1531.4585, "Speed_MFD": 25.0}