{"Interferences": 47, "Mass": 4.4275604498015655, "Batt_amps_ratio_MFD": 0.783381104, "Batt_amps_ratio_MxSpd": 0.783381104, "Distance_MxSpd": 980.365723, "Max_Distance": 980.365723, "Hover_Time": 0.0, "Max_Speed": 20.0, "Max_uc_at_MFD": 0.99919939, "Mot_amps_ratio_MFD": 0.603595734, "Mot_amps_ratio_MxSpd": 0.603595734, "Mot_power_ratio_MFD": 0.301967889, "Mot_power_ratio_MxSpd": 0.301967889, "Power_MFD": 968.337585, "Power_MxSpd": 968.337585, "Speed_MFD": 20.0}