{"Interferences": 17, "Mass": 6.607671129772931, "Batt_amps_ratio_MFD": 0.573705852, "Batt_amps_ratio_MxSpd": 0.573705852, "Distance_MxSpd": 6693.3252, "Max_Distance": 6693.3252, "Hover_Time": 347.108734, "Max_Speed": 20.0, "Max_uc_at_MFD": 0.999967873, "Mot_amps_ratio_MFD": 0.781354249, "Mot_amps_ratio_MxSpd": 0.781354249, "Mot_power_ratio_MFD": 0.522013187, "Mot_power_ratio_MxSpd": 0.522013187, "Power_MFD": 1976.71228, "Power_MxSpd": 1976.71228, "Speed_MFD": 20.0}