{"Interferences": 20, "Mass": 7.161546403793929, "Batt_amps_ratio_MFD": 0.382067412, "Batt_amps_ratio_MxSpd": 0.382067412, "Distance_MxSpd": 2010.11658, "Max_Distance": 2010.11658, "Hover_Time": 96.3506088, "Max_Speed": 20.0, "Max_uc_at_MFD": 0.989859402, "Mot_amps_ratio_MFD": 0.89105016, "Mot_amps_ratio_MxSpd": 0.89105016, "Mot_power_ratio_MFD": 0.59403342, "Mot_power_ratio_MxSpd": 0.59403342, "Power_MFD": 1687.93689, "Power_MxSpd": 1687.93689, "Speed_MFD": 20.0}