{"Interferences": 12, "Mass": 12.626309531609971, "Batt_amps_ratio_MFD": 0.522606075, "Batt_amps_ratio_MxSpd": 0.522606075, "Distance_MxSpd": 4224.97949, "Max_Distance": 4224.97949, "Hover_Time": 0.0, "Max_Speed": 23.0, "Max_uc_at_MFD": 0.7997998, "Mot_amps_ratio_MFD": 0.949994206, "Mot_amps_ratio_MxSpd": 0.949994206, "Mot_power_ratio_MFD": 0.907154441, "Mot_power_ratio_MxSpd": 0.907154441, "Power_MFD": 5182.9707, "Power_MxSpd": 5182.9707, "Speed_MFD": 23.0}