{"Interferences": 10, "Mass": 8.36768166460178, "Batt_amps_ratio_MFD": 0.2143417, "Batt_amps_ratio_MxSpd": 0.2143417, "Distance_MxSpd": 10301.3086, "Max_Distance": 10301.3086, "Hover_Time": 540.210938, "Max_Speed": 23.0, "Max_uc_at_MFD": 0.963339627, "Mot_amps_ratio_MFD": 0.691947699, "Mot_amps_ratio_MxSpd": 0.691947699, "Mot_power_ratio_MFD": 0.512041271, "Mot_power_ratio_MxSpd": 0.512041271, "Power_MFD": 1968.47937, "Power_MxSpd": 1968.47937, "Speed_MFD": 23.0}