{"Interferences": 4, "Mass": 5.509230131950337, "Batt_amps_ratio_MFD": 0.764009893, "Batt_amps_ratio_MxSpd": 0.764009893, "Distance_MxSpd": 1306.78943, "Max_Distance": 1306.78943, "Hover_Time": 55.2767754, "Max_Speed": 26.0, "Max_uc_at_MFD": 0.996617854, "Mot_amps_ratio_MFD": 0.997245073, "Mot_amps_ratio_MxSpd": 0.997245073, "Mot_power_ratio_MFD": 0.627267122, "Mot_power_ratio_MxSpd": 0.627267122, "Power_MFD": 1569.27588, "Power_MxSpd": 1569.27588, "Speed_MFD": 26.0}