{"Interferences": 16, "Mass": 2.235677309856114, "Batt_amps_ratio_MFD": 0.34872663, "Batt_amps_ratio_MxSpd": 0.34872663, "Distance_MxSpd": 1651.72363, "Max_Distance": 1651.72363, "Hover_Time": 0.0, "Max_Speed": 15.0, "Max_uc_at_MFD": 0.998518765, "Mot_amps_ratio_MFD": 0.162954748, "Mot_amps_ratio_MxSpd": 0.162954748, "Mot_power_ratio_MFD": 0.102498539, "Mot_power_ratio_MxSpd": 0.102498539, "Power_MFD": 355.684265, "Power_MxSpd": 355.684265, "Speed_MFD": 15.0}