{"Interferences": 6, "Mass": 6.229256544775793, "Batt_amps_ratio_MFD": 1.1075412, "Batt_amps_ratio_MxSpd": 1.98675859, "Distance_MxSpd": 2725.24292, "Max_Distance": 3328.4541, "Hover_Time": 169.160141, "Max_Speed": 47.0, "Max_uc_at_MFD": 0.592644632, "Mot_amps_ratio_MFD": 0.656559706, "Mot_amps_ratio_MxSpd": 0.918362439, "Mot_power_ratio_MFD": 0.619464099, "Mot_power_ratio_MxSpd": 0.866474986, "Power_MFD": 2284.14136, "Power_MxSpd": 5736.09863, "Speed_MFD": 32.0}