{"Interferences": 10, "Mass": 7.007277078547013, "Batt_amps_ratio_MFD": 0.601211548, "Batt_amps_ratio_MxSpd": 0.601211548, "Distance_MxSpd": 8941.94434, "Max_Distance": 8941.94434, "Hover_Time": 434.011475, "Max_Speed": 28.0, "Max_uc_at_MFD": 0.98832798, "Mot_amps_ratio_MFD": 0.669680774, "Mot_amps_ratio_MxSpd": 0.669680774, "Mot_power_ratio_MFD": 0.331002861, "Mot_power_ratio_MxSpd": 0.331002861, "Power_MFD": 1887.25525, "Power_MxSpd": 1887.25525, "Speed_MFD": 28.0}