{"Interferences": 8, "Mass": 3.5810170778738177, "Batt_amps_ratio_MFD": 1.26101613, "Batt_amps_ratio_MxSpd": 1.47971475, "Distance_MxSpd": 908.283142, "Max_Distance": 944.00061, "Hover_Time": 0.0, "Max_Speed": 35.0, "Max_uc_at_MFD": 0.783786058, "Mot_amps_ratio_MFD": 0.737208128, "Mot_amps_ratio_MxSpd": 0.886139035, "Mot_power_ratio_MFD": 0.46370393, "Mot_power_ratio_MxSpd": 0.557381451, "Power_MFD": 1482.82996, "Power_MxSpd": 1989.25366, "Speed_MFD": 31.0}