{"Interferences": 0, "Mass": 4.180706150188877, "Batt_amps_ratio_MFD": 0.30773738, "Batt_amps_ratio_MxSpd": 0.371781647, "Distance_MxSpd": 2892.02026, "Max_Distance": 3119.54321, "Hover_Time": 195.997833, "Max_Speed": 28.0, "Max_uc_at_MFD": 0.95673728, "Mot_amps_ratio_MFD": 0.703029096, "Mot_amps_ratio_MxSpd": 0.704753935, "Mot_power_ratio_MFD": 0.455211341, "Mot_power_ratio_MxSpd": 0.456328154, "Power_MFD": 1190.30762, "Power_MxSpd": 1492.11072, "Speed_MFD": 25.0}