{"Interferences": 6, "Mass": 7.669578264261671, "Batt_amps_ratio_MFD": 1.16560876, "Batt_amps_ratio_MxSpd": 1.16560876, "Distance_MxSpd": 13342.3838, "Max_Distance": 13342.3838, "Hover_Time": 560.591125, "Max_Speed": 27.0, "Max_uc_at_MFD": 0.983784854, "Mot_amps_ratio_MFD": 0.957957685, "Mot_amps_ratio_MxSpd": 0.957957685, "Mot_power_ratio_MFD": 0.930416405, "Mot_power_ratio_MxSpd": 0.930416405, "Power_MFD": 2442.47241, "Power_MxSpd": 2442.47241, "Speed_MFD": 27.0}