{"Interferences": 18, "Mass": 2.764769887179063, "Batt_amps_ratio_MFD": 0.959714234, "Batt_amps_ratio_MxSpd": 1.14248216, "Distance_MxSpd": 907.497742, "Max_Distance": 920.273926, "Hover_Time": 61.6723099, "Max_Speed": 27.0, "Max_uc_at_MFD": 0.786193073, "Mot_amps_ratio_MFD": 0.446183443, "Mot_amps_ratio_MxSpd": 0.550446332, "Mot_power_ratio_MFD": 0.220117167, "Mot_power_ratio_MxSpd": 0.271553546, "Power_MFD": 679.707642, "Power_MxSpd": 972.334351, "Speed_MFD": 23.0}