{"Interferences": 0, "Mass": 7.622250460751995, "Batt_amps_ratio_MFD": 1.04955876, "Batt_amps_ratio_MxSpd": 1.04955876, "Distance_MxSpd": 12622.4473, "Max_Distance": 12622.4473, "Hover_Time": 591.233582, "Max_Speed": 23.0, "Max_uc_at_MFD": 0.882988393, "Mot_amps_ratio_MFD": 0.949009001, "Mot_amps_ratio_MxSpd": 0.949009001, "Mot_power_ratio_MFD": 0.702266634, "Mot_power_ratio_MxSpd": 0.702266634, "Power_MFD": 1843.84644, "Power_MxSpd": 1843.84644, "Speed_MFD": 23.0}