{"Interferences": 51, "Mass": 4.188865826719054, "Batt_amps_ratio_MFD": 0.394679904, "Batt_amps_ratio_MxSpd": 0.453280777, "Distance_MxSpd": 2117.89258, "Max_Distance": 2140.46875, "Hover_Time": 131.303696, "Max_Speed": 25.0, "Max_uc_at_MFD": 0.9594751, "Mot_amps_ratio_MFD": 0.357266039, "Mot_amps_ratio_MxSpd": 0.358620822, "Mot_power_ratio_MFD": 0.165235549, "Mot_power_ratio_MxSpd": 0.165862128, "Power_MFD": 850.477173, "Power_MxSpd": 1037.06421, "Speed_MFD": 22.0}