{"Interferences": 29, "Mass": 3.9181350422385193, "Batt_amps_ratio_MFD": 1.24006021, "Batt_amps_ratio_MxSpd": 1.36929679, "Distance_MxSpd": 785.220581, "Max_Distance": 805.122192, "Hover_Time": 39.815876, "Max_Speed": 28.0, "Max_uc_at_MFD": 0.926863015, "Mot_amps_ratio_MFD": 0.675426483, "Mot_amps_ratio_MxSpd": 0.72211802, "Mot_power_ratio_MFD": 0.337713242, "Mot_power_ratio_MxSpd": 0.36105901, "Power_MFD": 1108.43799, "Power_MxSpd": 1331.79224, "Speed_MFD": 26.0}