{"Interferences": 21, "Mass": 5.079699545811388, "Batt_amps_ratio_MFD": 0.233207479, "Batt_amps_ratio_MxSpd": 0.271487802, "Distance_MxSpd": 3253.18481, "Max_Distance": 3293.20483, "Hover_Time": 187.839722, "Max_Speed": 23.0, "Max_uc_at_MFD": 0.927200556, "Mot_amps_ratio_MFD": 0.922913134, "Mot_amps_ratio_MxSpd": 0.99740231, "Mot_power_ratio_MFD": 0.455303818, "Mot_power_ratio_MxSpd": 0.49205178, "Power_MFD": 971.949402, "Power_MxSpd": 1209.76172, "Speed_MFD": 20.0}