{"Interferences": 2, "Mass": 3.870926847831005, "Batt_amps_ratio_MFD": 1.10841548, "Batt_amps_ratio_MxSpd": 1.10841548, "Distance_MxSpd": 138.576187, "Max_Distance": 138.576187, "Hover_Time": 34.6471214, "Max_Speed": 4.0, "Max_uc_at_MFD": 0.484508127, "Mot_amps_ratio_MFD": 0.499874443, "Mot_amps_ratio_MxSpd": 0.499874443, "Mot_power_ratio_MFD": 0.326388627, "Mot_power_ratio_MxSpd": 0.326388627, "Power_MFD": 567.82489, "Power_MxSpd": 567.82489, "Speed_MFD": 4.0}