{"Interferences": 28, "Mass": 2.3795976409422672, "Batt_amps_ratio_MFD": 0.257923394, "Batt_amps_ratio_MxSpd": 0.257923394, "Distance_MxSpd": 595.525696, "Max_Distance": 595.525696, "Hover_Time": 149.617416, "Max_Speed": 4.0, "Max_uc_at_MFD": 0.999099255, "Mot_amps_ratio_MFD": 0.269100934, "Mot_amps_ratio_MxSpd": 0.269100934, "Mot_power_ratio_MFD": 0.125769287, "Mot_power_ratio_MxSpd": 0.125769287, "Power_MFD": 254.941315, "Power_MxSpd": 254.941315, "Speed_MFD": 4.0}