{"Interferences": 2, "Mass": 3.4999383860426287, "Batt_amps_ratio_MFD": 1.18125999, "Batt_amps_ratio_MxSpd": 1.35477209, "Distance_MxSpd": 736.950562, "Max_Distance": 747.676208, "Hover_Time": 50.9935417, "Max_Speed": 26.0, "Max_uc_at_MFD": 0.903505683, "Mot_amps_ratio_MFD": 0.447543353, "Mot_amps_ratio_MxSpd": 0.50034678, "Mot_power_ratio_MFD": 0.29866603, "Mot_power_ratio_MxSpd": 0.333904147, "Power_MFD": 976.865784, "Power_MxSpd": 1262.28882, "Speed_MFD": 23.0}