{"Interferences": 3, "Mass": 4.439481156380714, "Batt_amps_ratio_MFD": 2.23515439, "Batt_amps_ratio_MxSpd": 3.64012551, "Distance_MxSpd": 390.316223, "Max_Distance": 446.680573, "Hover_Time": 25.1841946, "Max_Speed": 37.0, "Max_uc_at_MFD": 0.922954023, "Mot_amps_ratio_MFD": 0.460441113, "Mot_amps_ratio_MxSpd": 0.437409222, "Mot_power_ratio_MFD": 0.228853732, "Mot_power_ratio_MxSpd": 0.217406154, "Power_MFD": 1971.40442, "Power_MxSpd": 3812.31226, "Speed_MFD": 26.0}