{"Interferences": 12, "Mass": 7.066827036847787, "Batt_amps_ratio_MFD": 0.782505631, "Batt_amps_ratio_MxSpd": 0.883965075, "Distance_MxSpd": 4300.62256, "Max_Distance": 4416.58154, "Hover_Time": 0.0, "Max_Speed": 33.0, "Max_uc_at_MFD": 0.678942919, "Mot_amps_ratio_MFD": 0.941969573, "Mot_amps_ratio_MxSpd": 0.873593807, "Mot_power_ratio_MFD": 0.70887202, "Mot_power_ratio_MxSpd": 0.657416344, "Power_MFD": 2098.77295, "Power_MxSpd": 2446.36157, "Speed_MFD": 30.0}