{"Interferences": 13, "Mass": 5.664889269440311, "Batt_amps_ratio_MFD": 0.480208546, "Batt_amps_ratio_MxSpd": 0.571479082, "Distance_MxSpd": 1948.62781, "Max_Distance": 1999.13147, "Hover_Time": 116.52063, "Max_Speed": 29.0, "Max_uc_at_MFD": 0.680946887, "Mot_amps_ratio_MFD": 0.755487978, "Mot_amps_ratio_MxSpd": 0.897505999, "Mot_power_ratio_MFD": 0.379024476, "Mot_power_ratio_MxSpd": 0.450274199, "Power_MFD": 1276.76929, "Power_MxSpd": 1691.8634, "Speed_MFD": 25.0}