{"Interferences": 5, "Mass": 11.569141677252386, "Batt_amps_ratio_MFD": 1.22146547, "Batt_amps_ratio_MxSpd": 1.42582405, "Distance_MxSpd": 7877.55029, "Max_Distance": 8252.38281, "Hover_Time": 288.127258, "Max_Speed": 39.0, "Max_uc_at_MFD": 0.68213433, "Mot_amps_ratio_MFD": 0.943563759, "Mot_amps_ratio_MxSpd": 0.853449702, "Mot_power_ratio_MFD": 0.914313316, "Mot_power_ratio_MxSpd": 0.82699275, "Power_MFD": 4193.35547, "Power_MxSpd": 4916.56885, "Speed_MFD": 35.0}