{"Interferences": 70, "Mass": 4.070353074119543, "Batt_amps_ratio_MFD": 1.04817498, "Batt_amps_ratio_MxSpd": 1.34129822, "Distance_MxSpd": 830.240417, "Max_Distance": 879.242493, "Hover_Time": 52.6961441, "Max_Speed": 29.0, "Max_uc_at_MFD": 0.899248302, "Mot_amps_ratio_MFD": 0.687209725, "Mot_amps_ratio_MxSpd": 0.742023408, "Mot_power_ratio_MFD": 0.258179396, "Mot_power_ratio_MxSpd": 0.278772473, "Power_MFD": 914.867859, "Power_MxSpd": 1338.57446, "Speed_MFD": 24.0}