{"Interferences": 35, "Mass": 3.447968497090971, "Batt_amps_ratio_MFD": 1.16448724, "Batt_amps_ratio_MxSpd": 1.58128929, "Distance_MxSpd": 777.087402, "Max_Distance": 857.373047, "Hover_Time": 54.5667915, "Max_Speed": 32.0, "Max_uc_at_MFD": 0.702264011, "Mot_amps_ratio_MFD": 0.897608161, "Mot_amps_ratio_MxSpd": 0.946542382, "Mot_power_ratio_MFD": 0.664230049, "Mot_power_ratio_MxSpd": 0.70044136, "Power_MFD": 1174.46277, "Power_MxSpd": 1800.66553, "Speed_MFD": 26.0}