{"Interferences": 6, "Mass": 7.263993560793708, "Batt_amps_ratio_MFD": 0.185198382, "Batt_amps_ratio_MxSpd": 0.185198382, "Distance_MxSpd": 8293.80957, "Max_Distance": 8293.80957, "Hover_Time": 0.0, "Max_Speed": 16.0, "Max_uc_at_MFD": 0.765876949, "Mot_amps_ratio_MFD": 0.985718727, "Mot_amps_ratio_MxSpd": 0.985718727, "Mot_power_ratio_MFD": 0.921387613, "Mot_power_ratio_MxSpd": 0.921387613, "Power_MFD": 1337.85974, "Power_MxSpd": 1337.85974, "Speed_MFD": 16.0}