{"Interferences": 78, "Mass": 12.257187893237896, "Batt_amps_ratio_MFD": 0.249324188, "Batt_amps_ratio_MxSpd": 0.249324188, "Distance_MxSpd": 1386.14709, "Max_Distance": 1386.14709, "Hover_Time": 0.0, "Max_Speed": 3.0, "Max_uc_at_MFD": 0.861152887, "Mot_amps_ratio_MFD": 0.990441859, "Mot_amps_ratio_MxSpd": 0.990441859, "Mot_power_ratio_MFD": 0.961966693, "Mot_power_ratio_MxSpd": 0.961966693, "Power_MFD": 3059.07642, "Power_MxSpd": 3059.07642, "Speed_MFD": 3.0}