{"Interferences": 31, "Mass": 6.443083847492522, "Batt_amps_ratio_MFD": 0.68421787, "Batt_amps_ratio_MxSpd": 0.68421787, "Distance_MxSpd": 8418.37109, "Max_Distance": 8418.37109, "Hover_Time": 450.582306, "Max_Speed": 30.0, "Max_uc_at_MFD": 0.668651819, "Mot_amps_ratio_MFD": 0.947162807, "Mot_amps_ratio_MxSpd": 0.947162807, "Mot_power_ratio_MFD": 0.863812506, "Mot_power_ratio_MxSpd": 0.863812506, "Power_MFD": 2053.33862, "Power_MxSpd": 2053.33862, "Speed_MFD": 30.0}