{"Interferences": 10, "Mass": 4.243464186752906, "Batt_amps_ratio_MFD": 1.31827128, "Batt_amps_ratio_MxSpd": 2.42178679, "Distance_MxSpd": 681.810608, "Max_Distance": 932.129822, "Hover_Time": 54.1991959, "Max_Speed": 43.0, "Max_uc_at_MFD": 0.863097191, "Mot_amps_ratio_MFD": 0.837754667, "Mot_amps_ratio_MxSpd": 0.796121776, "Mot_power_ratio_MFD": 0.838607669, "Mot_power_ratio_MxSpd": 0.796932399, "Power_MFD": 2095.38745, "Power_MxSpd": 4464.93506, "Speed_MFD": 32.0}