{"Interferences": 0, "Mass": 10.24348983109122, "Batt_amps_ratio_MFD": 0.564266205, "Batt_amps_ratio_MxSpd": 0.564266205, "Distance_MxSpd": 16843.1133, "Max_Distance": 16843.1133, "Hover_Time": 649.332642, "Max_Speed": 33.0, "Max_uc_at_MFD": 0.760899544, "Mot_amps_ratio_MFD": 0.819361031, "Mot_amps_ratio_MxSpd": 0.819361031, "Mot_power_ratio_MFD": 0.420707852, "Mot_power_ratio_MxSpd": 0.420707852, "Power_MFD": 3647.50781, "Power_MxSpd": 3647.50781, "Speed_MFD": 33.0}