{"Interferences": 17, "Mass": 7.052681871159115, "Batt_amps_ratio_MFD": 0.316459328, "Batt_amps_ratio_MxSpd": 0.316459328, "Distance_MxSpd": 6977.19971, "Max_Distance": 6977.19971, "Hover_Time": 363.78537, "Max_Speed": 23.0, "Max_uc_at_MFD": 0.57368952, "Mot_amps_ratio_MFD": 0.783156276, "Mot_amps_ratio_MxSpd": 0.783156276, "Mot_power_ratio_MFD": 0.695442736, "Mot_power_ratio_MxSpd": 0.695442736, "Power_MFD": 1370.73596, "Power_MxSpd": 1370.73596, "Speed_MFD": 23.0}