{"Interferences": 22, "Mass": 6.689089025861603, "Batt_amps_ratio_MFD": 2.7886889, "Batt_amps_ratio_MxSpd": 2.7886889, "Distance_MxSpd": 0.0, "Max_Distance": 0.0, "Hover_Time": 13.7699108, "Max_Speed": 0.0, "Max_uc_at_MFD": 0.995777965, "Mot_amps_ratio_MFD": 0.97471416, "Mot_amps_ratio_MxSpd": 0.97471416, "Mot_power_ratio_MFD": 0.733513713, "Mot_power_ratio_MxSpd": 0.733513713, "Power_MFD": 2646.33862, "Power_MxSpd": 2646.33862, "Speed_MFD": 0.0}