{"Interferences": 10, "Mass": 3.537021928570529, "Batt_amps_ratio_MFD": 1.19726884, "Batt_amps_ratio_MxSpd": 1.19726884, "Distance_MxSpd": 737.678955, "Max_Distance": 737.678955, "Hover_Time": 50.421978, "Max_Speed": 23.0, "Max_uc_at_MFD": 0.424742788, "Mot_amps_ratio_MFD": 0.9069947, "Mot_amps_ratio_MxSpd": 0.9069947, "Mot_power_ratio_MFD": 0.671176076, "Mot_power_ratio_MxSpd": 0.671176076, "Power_MFD": 865.709595, "Power_MxSpd": 865.709595, "Speed_MFD": 23.0}