{"Interferences": 8, "Mass": 5.97514197812367, "Batt_amps_ratio_MFD": 0.601950288, "Batt_amps_ratio_MxSpd": 0.751585245, "Distance_MxSpd": 1737.1283, "Max_Distance": 1849.98657, "Hover_Time": 0.0, "Max_Speed": 34.0, "Max_uc_at_MFD": 0.849154651, "Mot_amps_ratio_MFD": 0.631391168, "Mot_amps_ratio_MxSpd": 0.797749519, "Mot_power_ratio_MFD": 0.315762252, "Mot_power_ratio_MxSpd": 0.398959011, "Power_MFD": 2137.45679, "Power_MxSpd": 3138.76514, "Speed_MFD": 29.0}