{"Interferences": 53, "Mass": 6.722106850958895, "Batt_amps_ratio_MFD": 0.174886644, "Batt_amps_ratio_MxSpd": 0.174886644, "Distance_MxSpd": 4940.34277, "Max_Distance": 4940.34277, "Hover_Time": 0.0, "Max_Speed": 9.0, "Max_uc_at_MFD": 0.662178516, "Mot_amps_ratio_MFD": 0.902774394, "Mot_amps_ratio_MxSpd": 0.902774394, "Mot_power_ratio_MFD": 0.825242043, "Mot_power_ratio_MxSpd": 0.825242043, "Power_MFD": 1528.42334, "Power_MxSpd": 1528.42334, "Speed_MFD": 9.0}