{"Interferences": 10, "Mass": 7.899832434951932, "Batt_amps_ratio_MFD": 0.407466829, "Batt_amps_ratio_MxSpd": 0.407466829, "Distance_MxSpd": 6361.25391, "Max_Distance": 6361.25391, "Hover_Time": 211.746902, "Max_Speed": 27.0, "Max_uc_at_MFD": 0.986949861, "Mot_amps_ratio_MFD": 0.449644864, "Mot_amps_ratio_MxSpd": 0.449644864, "Mot_power_ratio_MFD": 0.192649841, "Mot_power_ratio_MxSpd": 0.192649841, "Power_MFD": 2879.20605, "Power_MxSpd": 2879.20605, "Speed_MFD": 27.0}