{"Interferences": 66, "Mass": 2.952952202566213, "Batt_amps_ratio_MFD": 0.295207888, "Batt_amps_ratio_MxSpd": 0.295207888, "Distance_MxSpd": 2081.24512, "Max_Distance": 2081.24512, "Hover_Time": 167.547394, "Max_Speed": 16.0, "Max_uc_at_MFD": 0.992366433, "Mot_amps_ratio_MFD": 0.536279857, "Mot_amps_ratio_MxSpd": 0.536279857, "Mot_power_ratio_MFD": 0.210095525, "Mot_power_ratio_MxSpd": 0.210095525, "Power_MFD": 470.406311, "Power_MxSpd": 470.406311, "Speed_MFD": 16.0}