{"Interferences": 59, "Mass": 3.5625632371732974, "Batt_amps_ratio_MFD": 0.472125828, "Batt_amps_ratio_MxSpd": 0.472125828, "Distance_MxSpd": 1138.67957, "Max_Distance": 1138.67957, "Hover_Time": 85.7393265, "Max_Speed": 14.0, "Max_uc_at_MFD": 0.999892592, "Mot_amps_ratio_MFD": 0.327207983, "Mot_amps_ratio_MxSpd": 0.327207983, "Mot_power_ratio_MFD": 0.122703001, "Mot_power_ratio_MxSpd": 0.122703001, "Power_MFD": 485.378052, "Power_MxSpd": 485.378052, "Speed_MFD": 14.0}