{"Interferences": 75, "Mass": 7.68226698369194, "Batt_amps_ratio_MFD": 0.730360627, "Batt_amps_ratio_MxSpd": 0.869113386, "Distance_MxSpd": 11266.6543, "Max_Distance": 11435.4463, "Hover_Time": 474.007263, "Max_Speed": 34.0, "Max_uc_at_MFD": 0.648589909, "Mot_amps_ratio_MFD": 0.787944376, "Mot_amps_ratio_MxSpd": 0.9953354, "Mot_power_ratio_MFD": 0.763518155, "Mot_power_ratio_MxSpd": 0.964479983, "Power_MFD": 2257.94263, "Power_MxSpd": 3259.30688, "Speed_MFD": 29.0}