{"Interferences": 0, "Mass": 5.878476291616452, "Batt_amps_ratio_MFD": 0.3823919, "Batt_amps_ratio_MxSpd": 0.3823919, "Distance_MxSpd": 2811.77515, "Max_Distance": 2811.77515, "Hover_Time": 0.0, "Max_Speed": 28.0, "Max_uc_at_MFD": 0.740199924, "Mot_amps_ratio_MFD": 0.758468568, "Mot_amps_ratio_MxSpd": 0.758468568, "Mot_power_ratio_MFD": 0.715615094, "Mot_power_ratio_MxSpd": 0.715615094, "Power_MFD": 2697.97266, "Power_MxSpd": 2697.97266, "Speed_MFD": 28.0}