{"Interferences": 12, "Mass": 4.354538018154537, "Batt_amps_ratio_MFD": 0.274334639, "Batt_amps_ratio_MxSpd": 0.425786108, "Distance_MxSpd": 3156.5144, "Max_Distance": 3639.35107, "Hover_Time": 221.072357, "Max_Speed": 35.0, "Max_uc_at_MFD": 0.85874474, "Mot_amps_ratio_MFD": 0.675439954, "Mot_amps_ratio_MxSpd": 0.712844133, "Mot_power_ratio_MFD": 0.617431581, "Mot_power_ratio_MxSpd": 0.651623368, "Power_MFD": 1346.52502, "Power_MxSpd": 2622.70898, "Speed_MFD": 26.0}