{"Interferences": 4, "Mass": 6.145229368022389, "Batt_amps_ratio_MFD": 1.38231099, "Batt_amps_ratio_MxSpd": 1.58876741, "Distance_MxSpd": 193.357452, "Max_Distance": 194.45697, "Hover_Time": 0.0, "Max_Speed": 8.0, "Max_uc_at_MFD": 0.999998987, "Mot_amps_ratio_MFD": 0.435388476, "Mot_amps_ratio_MxSpd": 0.482575804, "Mot_power_ratio_MFD": 0.163362652, "Mot_power_ratio_MxSpd": 0.181067869, "Power_MFD": 1234.19666, "Power_MxSpd": 1516.32336, "Speed_MFD": 7.0}