{"Interferences": 1, "Mass": 8.739798302316636, "Batt_amps_ratio_MFD": 0.531142712, "Batt_amps_ratio_MxSpd": 0.531142712, "Distance_MxSpd": 3873.05103, "Max_Distance": 3873.05103, "Hover_Time": 169.987656, "Max_Speed": 25.0, "Max_uc_at_MFD": 0.999998152, "Mot_amps_ratio_MFD": 0.142309114, "Mot_amps_ratio_MxSpd": 0.142309114, "Mot_power_ratio_MFD": 0.0610336959, "Mot_power_ratio_MxSpd": 0.0610336959, "Power_MFD": 2380.40894, "Power_MxSpd": 2380.40894, "Speed_MFD": 25.0}