{"Interferences": 45, "Mass": 6.583085618019153, "Batt_amps_ratio_MFD": 1.32014167, "Batt_amps_ratio_MxSpd": 1.54877949, "Distance_MxSpd": 13388.6074, "Max_Distance": 13525.8213, "Hover_Time": 687.084106, "Max_Speed": 36.0, "Max_uc_at_MFD": 0.965547144, "Mot_amps_ratio_MFD": 0.536022067, "Mot_amps_ratio_MxSpd": 0.546077251, "Mot_power_ratio_MFD": 0.499019235, "Mot_power_ratio_MxSpd": 0.508380294, "Power_MFD": 2496.44751, "Power_MxSpd": 3121.21167, "Speed_MFD": 31.0}