{"Interferences": 5, "Mass": 3.159748270340008, "Batt_amps_ratio_MFD": 0.945524991, "Batt_amps_ratio_MxSpd": 0.945524991, "Distance_MxSpd": 609.185364, "Max_Distance": 609.185364, "Hover_Time": 40.2958336, "Max_Speed": 15.0, "Max_uc_at_MFD": 0.885256767, "Mot_amps_ratio_MFD": 0.981270313, "Mot_amps_ratio_MxSpd": 0.981270313, "Mot_power_ratio_MFD": 0.726140022, "Mot_power_ratio_MxSpd": 0.726140022, "Power_MFD": 1520.16919, "Power_MxSpd": 1520.16919, "Speed_MFD": 15.0}