{"Interferences": 26, "Mass": 7.34846032715555, "Batt_amps_ratio_MFD": 0.402828932, "Batt_amps_ratio_MxSpd": 0.402828932, "Distance_MxSpd": 3431.72974, "Max_Distance": 3431.72974, "Hover_Time": 0.0, "Max_Speed": 12.0, "Max_uc_at_MFD": 0.988229513, "Mot_amps_ratio_MFD": 0.710125446, "Mot_amps_ratio_MxSpd": 0.710125446, "Mot_power_ratio_MFD": 0.730872691, "Mot_power_ratio_MxSpd": 0.730872691, "Power_MFD": 1568.146, "Power_MxSpd": 1568.146, "Speed_MFD": 12.0}