{"Interferences": 12, "Mass": 7.353423089970249, "Batt_amps_ratio_MFD": 0.776024282, "Batt_amps_ratio_MxSpd": 0.840134621, "Distance_MxSpd": 3199.4873, "Max_Distance": 3340.10181, "Hover_Time": 0.0, "Max_Speed": 28.0, "Max_uc_at_MFD": 0.870158136, "Mot_amps_ratio_MFD": 0.860691607, "Mot_amps_ratio_MxSpd": 0.896535695, "Mot_power_ratio_MFD": 0.641686261, "Mot_power_ratio_MxSpd": 0.668409705, "Power_MFD": 3238.55005, "Power_MxSpd": 3591.02148, "Speed_MFD": 27.0}