{"Interferences": 10, "Mass": 4.147835544652565, "Batt_amps_ratio_MFD": 0.894763291, "Batt_amps_ratio_MxSpd": 0.951430619, "Distance_MxSpd": 968.646545, "Max_Distance": 987.076721, "Hover_Time": 0.0, "Max_Speed": 24.0, "Max_uc_at_MFD": 0.837324262, "Mot_amps_ratio_MFD": 0.835586846, "Mot_amps_ratio_MxSpd": 0.848261774, "Mot_power_ratio_MFD": 0.545589089, "Mot_power_ratio_MxSpd": 0.553865016, "Power_MFD": 1664.8822, "Power_MxSpd": 1894.71558, "Speed_MFD": 23.0}