{"Interferences": 18, "Mass": 9.35474517442028, "Batt_amps_ratio_MFD": 1.90445054, "Batt_amps_ratio_MxSpd": 2.81921268, "Distance_MxSpd": 272.416504, "Max_Distance": 383.102631, "Hover_Time": 21.5431118, "Max_Speed": 20.0, "Max_uc_at_MFD": 0.99941808, "Mot_amps_ratio_MFD": 0.357548058, "Mot_amps_ratio_MxSpd": 0.373484731, "Mot_power_ratio_MFD": 0.220487967, "Mot_power_ratio_MxSpd": 0.230315581, "Power_MFD": 1710.03564, "Power_MxSpd": 2716.01562, "Speed_MFD": 19.0}