{"Interferences": 46, "Mass": 9.464438660092698, "Batt_amps_ratio_MFD": 1.36441243, "Batt_amps_ratio_MxSpd": 1.52104652, "Distance_MxSpd": 858.356384, "Max_Distance": 928.751404, "Hover_Time": 48.1272621, "Max_Speed": 34.0, "Max_uc_at_MFD": 0.930072308, "Mot_amps_ratio_MFD": 0.853207052, "Mot_amps_ratio_MxSpd": 0.986803889, "Mot_power_ratio_MFD": 0.417820513, "Mot_power_ratio_MxSpd": 0.483243674, "Power_MFD": 3125.104, "Power_MxSpd": 3552.10474, "Speed_MFD": 33.0}