{"Interferences": 12, "Mass": 4.221958004156756, "Batt_amps_ratio_MFD": 0.244153053, "Batt_amps_ratio_MxSpd": 0.524507523, "Distance_MxSpd": 3001.67285, "Max_Distance": 3931.95996, "Hover_Time": 251.758301, "Max_Speed": 41.0, "Max_uc_at_MFD": 0.690028012, "Mot_amps_ratio_MFD": 0.489428818, "Mot_amps_ratio_MxSpd": 0.853955865, "Mot_power_ratio_MFD": 0.461776078, "Mot_power_ratio_MxSpd": 0.805707335, "Power_MFD": 1216.45361, "Power_MxSpd": 4097.28711, "Speed_MFD": 25.0}