{"Interferences": 2, "Mass": 3.297635930792778, "Batt_amps_ratio_MFD": 0.795012236, "Batt_amps_ratio_MxSpd": 0.93787533, "Distance_MxSpd": 1064.53381, "Max_Distance": 1110.92627, "Hover_Time": 71.7122955, "Max_Speed": 26.0, "Max_uc_at_MFD": 0.803683817, "Mot_amps_ratio_MFD": 0.398053467, "Mot_amps_ratio_MxSpd": 0.310868561, "Mot_power_ratio_MFD": 0.368199468, "Mot_power_ratio_MxSpd": 0.28755343, "Power_MFD": 958.221191, "Power_MxSpd": 1151.1123, "Speed_MFD": 23.0}