{
  "generator_version":"UAV2_gen12",
  "name":"design_3258_2069978387cc418aab0623f3908ef3fa_dw_dl",
  "hub":{
    "node_type":"ConnectedHub4_2_2",
    "frontSegment":{
      "node_type":"PropArm",
      "armLength":109.45086909649265,
      "motor":{
        "motorType":"t_motor_AntigravityMN6007KV320"
      },
      "prop":{
        "propType":"apc_propellers_14x14E"
      },
      "flange":{
        "offset":5.893636593412857,
        "angle":0.0
      }
    },
    "rearSegment":{
      "node_type":"AngledWingArm",
      "arm1Length":65.47413070757932,
      "arm2Length":177.3828811271871,
      "wing":{
        "wingType":"Wing_horiz_hole",
        "nacaProfile":"4321",
        "span":901.198804356785,
        "chordInner":207.8960582512185,
        "chordOuter":98.42273636065879,
        "taperOffset":true,
        "aileronBias":0.7897486144383479,
        "flapBias":0.12426124348772855,
        "load":572.2602235232624,
        "tubeOffset":17.10834581966757,
        "tubeRot":289.27176594666935
      },
      "servo":{
        "servoType":"Hitec_HS_5065MG"
      }
    }
  },
  "fuselageWithComponents":{
    "node_type":"DualBatteryFuselageWithComponents",
    "battery":{
      "batteryType":"Tattu25C7000mAh6S1P"
    },
    "fuselage":{
      "length":277.0,
      "vertDiameter":63.0,
      "horzDiameter":383.4,
      "floorHeight":10.5,
      "battery1X":-69.25,
      "battery1Y":6.0,
      "battery2X":70.25,
      "battery2Y":6.0,
      "rpmX":0.0,
      "rpmY":-117.8,
      "autoPilotX":0.0,
      "autoPilotY":61.5,
      "currentX":0.0,
      "currentY":-97.65,
      "voltageX":0.0,
      "voltageY":115.3,
      "gpsX":0.0,
      "gpsY":-57.5,
      "varioX":0.0,
      "varioY":93.65
    }
  }
}