{"Interferences": 28, "Mass": 7.082014379731309, "Batt_amps_ratio_MFD": 0.786519706, "Batt_amps_ratio_MxSpd": 1.08247459, "Distance_MxSpd": 4044.06714, "Max_Distance": 4394.04102, "Hover_Time": 205.093201, "Max_Speed": 38.0, "Max_uc_at_MFD": 0.943741202, "Mot_amps_ratio_MFD": 0.572440386, "Mot_amps_ratio_MxSpd": 0.859167576, "Mot_power_ratio_MFD": 0.529507339, "Mot_power_ratio_MxSpd": 0.810624599, "Power_MFD": 1848.77039, "Power_MxSpd": 3004.24121, "Speed_MFD": 30.0}