{"Interferences": 2, "Mass": 2.6022303451871536, "Batt_amps_ratio_MFD": 0.327915311, "Batt_amps_ratio_MxSpd": 0.327915311, "Distance_MxSpd": 1288.13757, "Max_Distance": 1288.13757, "Hover_Time": 0.0, "Max_Speed": 11.0, "Max_uc_at_MFD": 0.621236086, "Mot_amps_ratio_MFD": 0.398042798, "Mot_amps_ratio_MxSpd": 0.398042798, "Mot_power_ratio_MFD": 0.425463527, "Mot_power_ratio_MxSpd": 0.425463527, "Power_MFD": 592.183105, "Power_MxSpd": 592.183105, "Speed_MFD": 11.0}