{"Interferences": 17, "Mass": 4.6923538891433365, "Batt_amps_ratio_MFD": 1.3888377, "Batt_amps_ratio_MxSpd": 1.96619427, "Distance_MxSpd": 605.433594, "Max_Distance": 691.225525, "Hover_Time": 32.1057014, "Max_Speed": 31.0, "Max_uc_at_MFD": 0.99867028, "Mot_amps_ratio_MFD": 0.581902027, "Mot_amps_ratio_MxSpd": 0.599763155, "Mot_power_ratio_MFD": 0.261640072, "Mot_power_ratio_MxSpd": 0.27739045, "Power_MFD": 1224.55212, "Power_MxSpd": 1945.71826, "Speed_MFD": 25.0}