{"Interferences": 40, "Mass": 4.784887150087861, "Batt_amps_ratio_MFD": 0.754380882, "Batt_amps_ratio_MxSpd": 1.30909371, "Distance_MxSpd": 1026.66443, "Max_Distance": 1374.37207, "Hover_Time": 76.429184, "Max_Speed": 35.0, "Max_uc_at_MFD": 0.977536321, "Mot_amps_ratio_MFD": 0.497709453, "Mot_amps_ratio_MxSpd": 0.861078858, "Mot_power_ratio_MFD": 0.324974984, "Mot_power_ratio_MxSpd": 0.530998647, "Power_MFD": 1392.52869, "Power_MxSpd": 3045.97168, "Speed_MFD": 27.0}