{"Interferences": 7, "Mass": 8.141817737441308, "Batt_amps_ratio_MFD": 1.69026244, "Batt_amps_ratio_MxSpd": 1.69026244, "Distance_MxSpd": 295.338745, "Max_Distance": 295.338745, "Hover_Time": 23.6255493, "Max_Speed": 13.0, "Max_uc_at_MFD": 0.999999642, "Mot_amps_ratio_MFD": 0.51796633, "Mot_amps_ratio_MxSpd": 0.51796633, "Mot_power_ratio_MFD": 0.319412559, "Mot_power_ratio_MxSpd": 0.319412559, "Power_MFD": 2098.84546, "Power_MxSpd": 2098.84546, "Speed_MFD": 13.0}