{"Interferences": 4, "Mass": 4.37697226147085, "Batt_amps_ratio_MFD": 0.802468657, "Batt_amps_ratio_MxSpd": 0.802468657, "Distance_MxSpd": 1100.60376, "Max_Distance": 1100.60376, "Hover_Time": 51.9339905, "Max_Speed": 23.0, "Max_uc_at_MFD": 0.984802246, "Mot_amps_ratio_MFD": 0.509391427, "Mot_amps_ratio_MxSpd": 0.509391427, "Mot_power_ratio_MFD": 0.253183573, "Mot_power_ratio_MxSpd": 0.253183573, "Power_MFD": 1763.41223, "Power_MxSpd": 1763.41223, "Speed_MFD": 23.0}