{"Interferences": 2, "Mass": 3.439500478920263, "Batt_amps_ratio_MFD": 0.859584987, "Batt_amps_ratio_MxSpd": 0.89755404, "Distance_MxSpd": 1069.57349, "Max_Distance": 1072.14526, "Hover_Time": 70.2195663, "Max_Speed": 25.0, "Max_uc_at_MFD": 0.937605441, "Mot_amps_ratio_MFD": 0.302489907, "Mot_amps_ratio_MxSpd": 0.333454669, "Mot_power_ratio_MFD": 0.151567355, "Mot_power_ratio_MxSpd": 0.167082727, "Power_MFD": 839.178955, "Power_MxSpd": 913.799744, "Speed_MFD": 24.0}