{"Interferences": 15, "Mass": 5.078128723306813, "Batt_amps_ratio_MFD": 0.760687888, "Batt_amps_ratio_MxSpd": 0.760687888, "Distance_MxSpd": 1060.09314, "Max_Distance": 1060.09314, "Hover_Time": 62.7837944, "Max_Speed": 21.0, "Max_uc_at_MFD": 0.999274075, "Mot_amps_ratio_MFD": 0.211891413, "Mot_amps_ratio_MxSpd": 0.211891413, "Mot_power_ratio_MFD": 0.073499836, "Mot_power_ratio_MxSpd": 0.073499836, "Power_MFD": 1177.63354, "Power_MxSpd": 1177.63354, "Speed_MFD": 21.0}