{"Interferences": 11, "Mass": 3.995398207278461, "Batt_amps_ratio_MFD": 0.211060777, "Batt_amps_ratio_MxSpd": 0.211060777, "Distance_MxSpd": 2547.13354, "Max_Distance": 2547.13354, "Hover_Time": 193.454742, "Max_Speed": 14.0, "Max_uc_at_MFD": 0.969115853, "Mot_amps_ratio_MFD": 0.578504682, "Mot_amps_ratio_MxSpd": 0.578504682, "Mot_power_ratio_MFD": 0.289252341, "Mot_power_ratio_MxSpd": 0.289252341, "Power_MFD": 839.91748, "Power_MxSpd": 839.91748, "Speed_MFD": 14.0}