{"Interferences": 54, "Mass": 10.84424078418945, "Batt_amps_ratio_MFD": 0.514698446, "Batt_amps_ratio_MxSpd": 0.539723575, "Distance_MxSpd": 1849.83594, "Max_Distance": 1865.16968, "Hover_Time": 0.0, "Max_Speed": 26.0, "Max_uc_at_MFD": 0.999999762, "Mot_amps_ratio_MFD": 0.930946767, "Mot_amps_ratio_MxSpd": 0.947103202, "Mot_power_ratio_MFD": 0.698603451, "Mot_power_ratio_MxSpd": 0.710727632, "Power_MFD": 3903.25098, "Power_MxSpd": 4221.25, "Speed_MFD": 25.0}