{"Interferences": 64, "Mass": 10.265744111362393, "Batt_amps_ratio_MFD": 1.32007015, "Batt_amps_ratio_MxSpd": 1.32007015, "Distance_MxSpd": 87.2680893, "Max_Distance": 87.2680893, "Hover_Time": 28.8211098, "Max_Speed": 3.0, "Max_uc_at_MFD": 0.660558164, "Mot_amps_ratio_MFD": 0.85535723, "Mot_amps_ratio_MxSpd": 0.85535723, "Mot_power_ratio_MFD": 0.403514773, "Mot_power_ratio_MxSpd": 0.403514773, "Power_MFD": 1585.70471, "Power_MxSpd": 1585.70471, "Speed_MFD": 3.0}