{"Interferences": 51, "Mass": 6.499618132889838, "Batt_amps_ratio_MFD": 1.85314381, "Batt_amps_ratio_MxSpd": 1.85314381, "Distance_MxSpd": 269.380066, "Max_Distance": 269.380066, "Hover_Time": 23.7777729, "Max_Speed": 13.0, "Max_uc_at_MFD": 0.56481111, "Mot_amps_ratio_MFD": 0.927521765, "Mot_amps_ratio_MxSpd": 0.927521765, "Mot_power_ratio_MFD": 0.605617166, "Mot_power_ratio_MxSpd": 0.605617166, "Power_MFD": 1679.20374, "Power_MxSpd": 1679.20374, "Speed_MFD": 13.0}