{"Interferences": 20, "Mass": 6.33877964505701, "Batt_amps_ratio_MFD": 0.65545696, "Batt_amps_ratio_MxSpd": 0.65545696, "Distance_MxSpd": 703.020996, "Max_Distance": 703.020996, "Hover_Time": 0.0, "Max_Speed": 4.0, "Max_uc_at_MFD": 0.998558939, "Mot_amps_ratio_MFD": 0.888673246, "Mot_amps_ratio_MxSpd": 0.888673246, "Mot_power_ratio_MFD": 0.657618165, "Mot_power_ratio_MxSpd": 0.657618165, "Power_MFD": 2523.35645, "Power_MxSpd": 2523.35645, "Speed_MFD": 4.0}