{"Interferences": 55, "Mass": 7.8424609840903345, "Batt_amps_ratio_MFD": 0.334692061, "Batt_amps_ratio_MxSpd": 0.334692061, "Distance_MxSpd": 13767.8799, "Max_Distance": 13767.8799, "Hover_Time": 907.043274, "Max_Speed": 16.0, "Max_uc_at_MFD": 0.639936924, "Mot_amps_ratio_MFD": 0.961611688, "Mot_amps_ratio_MxSpd": 0.961611688, "Mot_power_ratio_MFD": 0.730824888, "Mot_power_ratio_MxSpd": 0.730824888, "Power_MFD": 1400.25439, "Power_MxSpd": 1400.25439, "Speed_MFD": 16.0}