{"Interferences": 41, "Mass": 5.507080439899744, "Batt_amps_ratio_MFD": 3.57975674, "Batt_amps_ratio_MxSpd": 3.57975674, "Distance_MxSpd": 10.7269859, "Max_Distance": 10.7269859, "Hover_Time": 0.0, "Max_Speed": 1.0, "Max_uc_at_MFD": 0.965429366, "Mot_amps_ratio_MFD": 0.875328541, "Mot_amps_ratio_MxSpd": 0.875328541, "Mot_power_ratio_MFD": 0.431828737, "Mot_power_ratio_MxSpd": 0.431828737, "Power_MFD": 3088.63672, "Power_MxSpd": 3088.63672, "Speed_MFD": 1.0}