{"Interferences": 25, "Mass": 3.9738852107548897, "Batt_amps_ratio_MFD": 0.885120928, "Batt_amps_ratio_MxSpd": 0.952197313, "Distance_MxSpd": 1088.84998, "Max_Distance": 1127.98145, "Hover_Time": 57.395916, "Max_Speed": 27.0, "Max_uc_at_MFD": 0.964390278, "Mot_amps_ratio_MFD": 0.544177115, "Mot_amps_ratio_MxSpd": 0.550581157, "Mot_power_ratio_MFD": 0.352354676, "Mot_power_ratio_MxSpd": 0.356501281, "Power_MFD": 1107.77161, "Power_MxSpd": 1241.4873, "Speed_MFD": 26.0}