{"Interferences": 42, "Mass": 6.586633457826662, "Batt_amps_ratio_MFD": 1.14650536, "Batt_amps_ratio_MxSpd": 1.43380439, "Distance_MxSpd": 5624.19824, "Max_Distance": 5861.29004, "Hover_Time": 269.883881, "Max_Speed": 42.0, "Max_uc_at_MFD": 0.757191837, "Mot_amps_ratio_MFD": 0.834934473, "Mot_amps_ratio_MxSpd": 0.985665202, "Mot_power_ratio_MFD": 0.639306962, "Mot_power_ratio_MxSpd": 0.754721045, "Power_MFD": 4176.96533, "Power_MxSpd": 6367.84814, "Speed_MFD": 35.0}