{"Interferences": 14, "Mass": 4.39695190399771, "Batt_amps_ratio_MFD": 0.656433046, "Batt_amps_ratio_MxSpd": 0.656433046, "Distance_MxSpd": 467.983734, "Max_Distance": 467.983734, "Hover_Time": 0.0, "Max_Speed": 8.0, "Max_uc_at_MFD": 0.751444042, "Mot_amps_ratio_MFD": 0.316241711, "Mot_amps_ratio_MxSpd": 0.316241711, "Mot_power_ratio_MFD": 0.0846318081, "Mot_power_ratio_MxSpd": 0.0846318081, "Power_MFD": 494.512268, "Power_MxSpd": 494.512268, "Speed_MFD": 8.0}