{"Interferences": 21, "Mass": 8.855426947148326, "Batt_amps_ratio_MFD": 1.62451923, "Batt_amps_ratio_MxSpd": 1.6847266, "Distance_MxSpd": 11282.543, "Max_Distance": 11346.126, "Hover_Time": 484.232452, "Max_Speed": 33.0, "Max_uc_at_MFD": 0.888431549, "Mot_amps_ratio_MFD": 0.898048818, "Mot_amps_ratio_MxSpd": 0.918324232, "Mot_power_ratio_MFD": 0.673536599, "Mot_power_ratio_MxSpd": 0.688743174, "Power_MFD": 2915.18213, "Power_MxSpd": 3056.58496, "Speed_MFD": 32.0}