{"Interferences": 12, "Mass": 3.670725713343923, "Batt_amps_ratio_MFD": 0.902405739, "Batt_amps_ratio_MxSpd": 0.902405739, "Distance_MxSpd": 978.717224, "Max_Distance": 978.717224, "Hover_Time": 46.4226952, "Max_Speed": 23.0, "Max_uc_at_MFD": 0.837317407, "Mot_amps_ratio_MFD": 0.952546954, "Mot_amps_ratio_MxSpd": 0.952546954, "Mot_power_ratio_MFD": 0.477887958, "Mot_power_ratio_MxSpd": 0.477887958, "Power_MFD": 1298.86426, "Power_MxSpd": 1298.86426, "Speed_MFD": 23.0}