{"Interferences": 2, "Mass": 3.249168288005628, "Batt_amps_ratio_MFD": 1.11810923, "Batt_amps_ratio_MxSpd": 1.42119765, "Distance_MxSpd": 729.525513, "Max_Distance": 755.561279, "Hover_Time": 52.9557076, "Max_Speed": 27.0, "Max_uc_at_MFD": 0.821842313, "Mot_amps_ratio_MFD": 0.376062304, "Mot_amps_ratio_MxSpd": 0.458498448, "Mot_power_ratio_MFD": 0.173928812, "Mot_power_ratio_MxSpd": 0.212055534, "Power_MFD": 718.195007, "Power_MxSpd": 1139.52502, "Speed_MFD": 22.0}