{"Interferences": 16, "Mass": 8.752602414604851, "Batt_amps_ratio_MFD": 0.309440315, "Batt_amps_ratio_MxSpd": 0.309440315, "Distance_MxSpd": 10796.2656, "Max_Distance": 10796.2656, "Hover_Time": 0.0, "Max_Speed": 29.0, "Max_uc_at_MFD": 0.496752441, "Mot_amps_ratio_MFD": 0.973293185, "Mot_amps_ratio_MxSpd": 0.973293185, "Mot_power_ratio_MFD": 0.73131752, "Mot_power_ratio_MxSpd": 0.73131752, "Power_MFD": 2170.84131, "Power_MxSpd": 2170.84131, "Speed_MFD": 29.0}