{"Interferences": 10, "Mass": 7.334449880001294, "Batt_amps_ratio_MFD": 0.737591624, "Batt_amps_ratio_MxSpd": 1.04026425, "Distance_MxSpd": 5167.91748, "Max_Distance": 6507.66602, "Hover_Time": 0.0, "Max_Speed": 28.0, "Max_uc_at_MFD": 0.520164907, "Mot_amps_ratio_MFD": 0.960452199, "Mot_amps_ratio_MxSpd": 0.984538198, "Mot_power_ratio_MFD": 0.930678189, "Mot_power_ratio_MxSpd": 0.95401752, "Power_MFD": 1942.46326, "Power_MxSpd": 2604.63013, "Speed_MFD": 25.0}