{
  "generator_version":"UAV2_gen12",
  "name":"design_7249_fccc184771004e418a53549d342307b8_dw",
  "hub":{
    "node_type":"ConnectedHub4_2_2",
    "frontSegment":{
      "node_type":"AngledWingArm",
      "arm1Length":81.56928843531657,
      "arm2Length":131.30333545781954,
      "wing":{
        "wingType":"Wing_vert_hole",
        "nacaProfile":"2506",
        "span":899.1147450857244,
        "chordInner":174.7944781104165,
        "chordOuter":172.40738981919702,
        "taperOffset":false,
        "aileronBias":0.30995320857791187,
        "flapBias":0.3007224975053435,
        "load":987.1569016627956,
        "tubeOffset":32.1180332850512,
        "tubeRot":290.98009794551353
      },
      "servo":{
        "servoType":"Hitec_HS_625MG"
      }
    },
    "rearSegment":{
      "node_type":"PropArm",
      "armLength":489.9161611621054,
      "motor":{
        "motorType":"kde_direct_KDE700XF_455_G3"
      },
      "prop":{
        "propType":"apc_propellers_15x10E"
      },
      "flange":{
        "offset":-7.295813676476506,
        "angle":0.0
      }
    }
  },
  "fuselageWithComponents":{
    "node_type":"DualBatteryFuselageWithComponents",
    "battery":{
      "batteryType":"Tattu5C28000mAh6S1P"
    },
    "fuselage":{
      "length":203.0,
      "vertDiameter":133.5,
      "horzDiameter":473.4,
      "floorHeight":22.25,
      "battery1X":0.0,
      "battery1Y":-25.25,
      "battery2X":0.0,
      "battery2Y":38.25,
      "rpmX":0.0,
      "rpmY":-147.8,
      "autoPilotX":0.0,
      "autoPilotY":91.5,
      "currentX":0.0,
      "currentY":-127.65,
      "voltageX":0.0,
      "voltageY":145.3,
      "gpsX":0.0,
      "gpsY":-87.5,
      "varioX":0.0,
      "varioY":123.65
    }
  }
}