{"Interferences": 37, "Mass": 5.557749912517272, "Batt_amps_ratio_MFD": 0.345746815, "Batt_amps_ratio_MxSpd": 0.345746815, "Distance_MxSpd": 1554.89502, "Max_Distance": 1554.89502, "Hover_Time": 115.460533, "Max_Speed": 14.0, "Max_uc_at_MFD": 0.999981403, "Mot_amps_ratio_MFD": 0.205767378, "Mot_amps_ratio_MxSpd": 0.205767378, "Mot_power_ratio_MFD": 0.127708524, "Mot_power_ratio_MxSpd": 0.127708524, "Power_MFD": 1104.47681, "Power_MxSpd": 1104.47681, "Speed_MFD": 14.0}