{"Interferences": 5, "Mass": 4.0060556183785305, "Batt_amps_ratio_MFD": 0.821953833, "Batt_amps_ratio_MxSpd": 0.821953833, "Distance_MxSpd": 747.487244, "Max_Distance": 747.487244, "Hover_Time": 50.0229492, "Max_Speed": 16.0, "Max_uc_at_MFD": 0.698527455, "Mot_amps_ratio_MFD": 0.978932261, "Mot_amps_ratio_MxSpd": 0.978932261, "Mot_power_ratio_MFD": 0.724409878, "Mot_power_ratio_MxSpd": 0.724409878, "Power_MFD": 833.111206, "Power_MxSpd": 833.111206, "Speed_MFD": 16.0}