{"Interferences": 11, "Mass": 3.8426592518194367, "Batt_amps_ratio_MFD": 0.212877989, "Batt_amps_ratio_MxSpd": 0.212877989, "Distance_MxSpd": 3246.93018, "Max_Distance": 3246.93018, "Hover_Time": 216.913635, "Max_Speed": 18.0, "Max_uc_at_MFD": 0.979538381, "Mot_amps_ratio_MFD": 0.544099867, "Mot_amps_ratio_MxSpd": 0.544099867, "Mot_power_ratio_MFD": 0.335528225, "Mot_power_ratio_MxSpd": 0.335528225, "Power_MFD": 644.487854, "Power_MxSpd": 644.487854, "Speed_MFD": 18.0}