{"Interferences": 14, "Mass": 3.9158754303334153, "Batt_amps_ratio_MFD": 0.469111592, "Batt_amps_ratio_MxSpd": 0.551906466, "Distance_MxSpd": 2156.88721, "Max_Distance": 2210.13501, "Hover_Time": 118.125343, "Max_Speed": 31.0, "Max_uc_at_MFD": 0.571923137, "Mot_amps_ratio_MFD": 0.800735176, "Mot_amps_ratio_MxSpd": 0.979651392, "Mot_power_ratio_MFD": 0.601660132, "Mot_power_ratio_MxSpd": 0.736095011, "Power_MFD": 1173.62402, "Power_MxSpd": 1607.09497, "Speed_MFD": 27.0}