{"Interferences": 1, "Mass": 6.2586351012130885, "Batt_amps_ratio_MFD": 0.264568955, "Batt_amps_ratio_MxSpd": 0.264568955, "Distance_MxSpd": 1161.13403, "Max_Distance": 1161.13403, "Hover_Time": 147.051697, "Max_Speed": 8.0, "Max_uc_at_MFD": 0.640474975, "Mot_amps_ratio_MFD": 0.217203513, "Mot_amps_ratio_MxSpd": 0.217203513, "Mot_power_ratio_MFD": 0.0723934099, "Mot_power_ratio_MxSpd": 0.0723934099, "Power_MFD": 871.319641, "Power_MxSpd": 871.319641, "Speed_MFD": 8.0}