{"Interferences": 43, "Mass": 4.585963342547331, "Batt_amps_ratio_MFD": 0.796916842, "Batt_amps_ratio_MxSpd": 0.921321511, "Distance_MxSpd": 1250.37793, "Max_Distance": 1301.01404, "Hover_Time": 69.3470612, "Max_Speed": 30.0, "Max_uc_at_MFD": 0.999213874, "Mot_amps_ratio_MFD": 0.384682864, "Mot_amps_ratio_MxSpd": 0.353288472, "Mot_power_ratio_MFD": 0.257001907, "Mot_power_ratio_MxSpd": 0.236027703, "Power_MFD": 1253.18359, "Power_MxSpd": 1456.00183, "Speed_MFD": 27.0}