{"Interferences": 25, "Mass": 4.444364307849166, "Batt_amps_ratio_MFD": 0.296243697, "Batt_amps_ratio_MxSpd": 0.296243697, "Distance_MxSpd": 1555.47607, "Max_Distance": 1555.47607, "Hover_Time": 0.0, "Max_Speed": 12.0, "Max_uc_at_MFD": 0.894124568, "Mot_amps_ratio_MFD": 0.427091956, "Mot_amps_ratio_MxSpd": 0.427091956, "Mot_power_ratio_MFD": 0.210698694, "Mot_power_ratio_MxSpd": 0.210698694, "Power_MFD": 457.347656, "Power_MxSpd": 457.347656, "Speed_MFD": 12.0}