{"Interferences": 17, "Mass": 5.135934952036839, "Batt_amps_ratio_MFD": 0.336376637, "Batt_amps_ratio_MxSpd": 0.351381928, "Distance_MxSpd": 2841.35278, "Max_Distance": 2853.9436, "Hover_Time": 173.948669, "Max_Speed": 26.0, "Max_uc_at_MFD": 0.939836681, "Mot_amps_ratio_MFD": 0.595459342, "Mot_amps_ratio_MxSpd": 0.635054827, "Mot_power_ratio_MFD": 0.220319971, "Mot_power_ratio_MxSpd": 0.234970286, "Power_MFD": 1237.19238, "Power_MxSpd": 1339.7323, "Speed_MFD": 25.0}