{"Interferences": 25, "Mass": 3.29547279609671, "Batt_amps_ratio_MFD": 0.322629154, "Batt_amps_ratio_MxSpd": 0.389050484, "Distance_MxSpd": 1184.42212, "Max_Distance": 1309.24316, "Hover_Time": 109.769722, "Max_Speed": 12.0, "Max_uc_at_MFD": 0.881718516, "Mot_amps_ratio_MFD": 0.539880097, "Mot_amps_ratio_MxSpd": 0.53210783, "Mot_power_ratio_MFD": 0.266340822, "Mot_power_ratio_MxSpd": 0.262506545, "Power_MFD": 351.763702, "Power_MxSpd": 441.758301, "Speed_MFD": 11.0}