{"Interferences": 58, "Mass": 11.514466737710674, "Batt_amps_ratio_MFD": 0.38891238, "Batt_amps_ratio_MxSpd": 0.501035094, "Distance_MxSpd": 9886.73242, "Max_Distance": 10071.1631, "Hover_Time": 346.365753, "Max_Speed": 43.0, "Max_uc_at_MFD": 0.904792249, "Mot_amps_ratio_MFD": 0.923305929, "Mot_amps_ratio_MxSpd": 0.997110903, "Mot_power_ratio_MFD": 0.877140641, "Mot_power_ratio_MxSpd": 0.947255373, "Power_MFD": 3806.47485, "Power_MxSpd": 5792.07031, "Speed_MFD": 34.0}