{"Interferences": 22, "Mass": 6.663887904352987, "Batt_amps_ratio_MFD": 0.304030955, "Batt_amps_ratio_MxSpd": 0.304030955, "Distance_MxSpd": 6946.66064, "Max_Distance": 6946.66064, "Hover_Time": 349.432831, "Max_Speed": 22.0, "Max_uc_at_MFD": 0.635861278, "Mot_amps_ratio_MFD": 0.991038024, "Mot_amps_ratio_MxSpd": 0.991038024, "Mot_power_ratio_MFD": 0.744650722, "Mot_power_ratio_MxSpd": 0.744650722, "Power_MFD": 1371.66846, "Power_MxSpd": 1371.66846, "Speed_MFD": 22.0}