{"Interferences": 12, "Mass": 6.29333397570851, "Batt_amps_ratio_MFD": 0.665064335, "Batt_amps_ratio_MxSpd": 0.665064335, "Distance_MxSpd": 5023.27344, "Max_Distance": 5023.27344, "Hover_Time": 210.696396, "Max_Speed": 29.0, "Max_uc_at_MFD": 0.89646548, "Mot_amps_ratio_MFD": 0.617446244, "Mot_amps_ratio_MxSpd": 0.617446244, "Mot_power_ratio_MFD": 0.403156072, "Mot_power_ratio_MxSpd": 0.403156072, "Power_MFD": 1944.80066, "Power_MxSpd": 1944.80066, "Speed_MFD": 29.0}