{"Interferences": 18, "Mass": 4.6625648217712445, "Batt_amps_ratio_MFD": 0.245379314, "Batt_amps_ratio_MxSpd": 0.245379314, "Distance_MxSpd": 3599.32544, "Max_Distance": 3599.32544, "Hover_Time": 0.0, "Max_Speed": 23.0, "Max_uc_at_MFD": 0.96705699, "Mot_amps_ratio_MFD": 0.975029826, "Mot_amps_ratio_MxSpd": 0.975029826, "Mot_power_ratio_MFD": 0.481014699, "Mot_power_ratio_MxSpd": 0.481014699, "Power_MFD": 1086.12634, "Power_MxSpd": 1086.12634, "Speed_MFD": 23.0}