{"Interferences": 14, "Mass": 5.413822321162888, "Batt_amps_ratio_MFD": 0.531370342, "Batt_amps_ratio_MxSpd": 0.531370342, "Distance_MxSpd": 2167.97949, "Max_Distance": 2167.97949, "Hover_Time": 0.0, "Max_Speed": 30.0, "Max_uc_at_MFD": 0.92298454, "Mot_amps_ratio_MFD": 0.448269486, "Mot_amps_ratio_MxSpd": 0.448269486, "Mot_power_ratio_MFD": 0.128040373, "Mot_power_ratio_MxSpd": 0.128040373, "Power_MFD": 1889.62207, "Power_MxSpd": 1889.62207, "Speed_MFD": 30.0}