{"Interferences": 84, "Mass": 7.096091559514615, "Batt_amps_ratio_MFD": 1.19048369, "Batt_amps_ratio_MxSpd": 1.23252189, "Distance_MxSpd": 3832.14282, "Max_Distance": 3870.6958, "Hover_Time": 173.028809, "Max_Speed": 41.0, "Max_uc_at_MFD": 0.641869545, "Mot_amps_ratio_MFD": 0.853436053, "Mot_amps_ratio_MxSpd": 0.910250485, "Mot_power_ratio_MFD": 0.805216908, "Mot_power_ratio_MxSpd": 0.858821332, "Power_MFD": 3080.83154, "Power_MxSpd": 3283.24731, "Speed_MFD": 40.0}