{
  "generator_version":"UAV2_gen12",
  "name":"design_137_2f5b384ced4746d5828b05108d78d1fe_dw",
  "hub":{
    "node_type":"ConnectedHub4_2_2",
    "frontSegment":{
      "node_type":"AngledWingArm",
      "arm1Length":395.7156365428471,
      "arm2Length":176.4138162593108,
      "wing":{
        "wingType":"Wing_vert_hole",
        "nacaProfile":"0012",
        "span":1633.8716734772802,
        "chordInner":202.60997917992842,
        "chordOuter":119.32362490396561,
        "taperOffset":false,
        "aileronBias":0.43637310266575435,
        "flapBias":0.4992094252511917,
        "load":269.7562739668364,
        "tubeOffset":81.43996026725809,
        "tubeRot":270.0
      },
      "servo":{
        "servoType":"Hitec_HS_645MG"
      }
    },
    "rearSegment":{
      "node_type":"PropArm",
      "armLength":88.6269966047769,
      "motor":{
        "motorType":"kde_direct_KDE700XF_295_G3"
      },
      "prop":{
        "propType":"apc_propellers_14x12"
      },
      "flange":{
        "offset":-29.176732683024376,
        "angle":270.0
      }
    }
  },
  "fuselageWithComponents":{
    "node_type":"DualBatteryFuselageWithComponents",
    "battery":{
      "batteryType":"Tattu5C28000mAh6S1P"
    },
    "fuselage":{
      "length":203.0,
      "vertDiameter":133.5,
      "horzDiameter":473.4,
      "floorHeight":22.25,
      "battery1X":0.0,
      "battery1Y":-25.25,
      "battery2X":0.0,
      "battery2Y":38.25,
      "rpmX":0.0,
      "rpmY":-147.8,
      "autoPilotX":0.0,
      "autoPilotY":91.5,
      "currentX":0.0,
      "currentY":-127.65,
      "voltageX":0.0,
      "voltageY":145.3,
      "gpsX":0.0,
      "gpsY":-87.5,
      "varioX":0.0,
      "varioY":123.65
    }
  }
}