{"Interferences": 0, "Mass": 3.2447409577293214, "Batt_amps_ratio_MFD": 0.284597337, "Batt_amps_ratio_MxSpd": 0.284597337, "Distance_MxSpd": 2698.54932, "Max_Distance": 2698.54932, "Hover_Time": 202.289276, "Max_Speed": 20.0, "Max_uc_at_MFD": 0.996338844, "Mot_amps_ratio_MFD": 0.334003747, "Mot_amps_ratio_MxSpd": 0.334003747, "Mot_power_ratio_MFD": 0.16220057, "Mot_power_ratio_MxSpd": 0.16220057, "Power_MFD": 661.920959, "Power_MxSpd": 661.920959, "Speed_MFD": 20.0}