{"Interferences": 10, "Mass": 3.569826362582903, "Batt_amps_ratio_MFD": 0.744356453, "Batt_amps_ratio_MxSpd": 1.2295661, "Distance_MxSpd": 1124.29907, "Max_Distance": 1341.29285, "Hover_Time": 84.7443466, "Max_Speed": 36.0, "Max_uc_at_MFD": 0.937728763, "Mot_amps_ratio_MFD": 0.778022587, "Mot_amps_ratio_MxSpd": 0.56818229, "Mot_power_ratio_MFD": 0.583845675, "Mot_power_ratio_MxSpd": 0.42637679, "Power_MFD": 1221.02393, "Power_MxSpd": 2342.40723, "Speed_MFD": 26.0}