{"Interferences": 0, "Mass": 6.710806310678704, "Batt_amps_ratio_MFD": 0.237948895, "Batt_amps_ratio_MxSpd": 0.344558537, "Distance_MxSpd": 9751.6084, "Max_Distance": 10893.0957, "Hover_Time": 598.940918, "Max_Speed": 35.0, "Max_uc_at_MFD": 0.889447987, "Mot_amps_ratio_MFD": 0.826790214, "Mot_amps_ratio_MxSpd": 0.815977871, "Mot_power_ratio_MFD": 0.622194707, "Mot_power_ratio_MxSpd": 0.614057899, "Power_MFD": 1859.65039, "Power_MxSpd": 3431.78052, "Speed_MFD": 27.0}