{"Interferences": 17, "Mass": 3.034655353131713, "Batt_amps_ratio_MFD": 0.208082512, "Batt_amps_ratio_MxSpd": 0.208082512, "Distance_MxSpd": 1476.33752, "Max_Distance": 1476.33752, "Hover_Time": 187.832031, "Max_Speed": 8.0, "Max_uc_at_MFD": 0.994355798, "Mot_amps_ratio_MFD": 0.328189075, "Mot_amps_ratio_MxSpd": 0.328189075, "Mot_power_ratio_MFD": 0.159376815, "Mot_power_ratio_MxSpd": 0.159376815, "Power_MFD": 349.079193, "Power_MxSpd": 349.079193, "Speed_MFD": 8.0}