{"Interferences": 15, "Mass": 3.850052624365267, "Batt_amps_ratio_MFD": 0.464730799, "Batt_amps_ratio_MxSpd": 0.464730799, "Distance_MxSpd": 1239.42725, "Max_Distance": 1239.42725, "Hover_Time": 0.0, "Max_Speed": 15.0, "Max_uc_at_MFD": 1.0, "Mot_amps_ratio_MFD": 0.282368243, "Mot_amps_ratio_MxSpd": 0.282368243, "Mot_power_ratio_MFD": 0.175250486, "Mot_power_ratio_MxSpd": 0.175250486, "Power_MFD": 703.283691, "Power_MxSpd": 703.283691, "Speed_MFD": 15.0}