{"Interferences": 0, "Mass": 5.247155580723592, "Batt_amps_ratio_MFD": 0.244267881, "Batt_amps_ratio_MxSpd": 0.520706177, "Distance_MxSpd": 3023.58618, "Max_Distance": 4087.31592, "Hover_Time": 236.283844, "Max_Speed": 41.0, "Max_uc_at_MFD": 0.809267402, "Mot_amps_ratio_MFD": 0.696959615, "Mot_amps_ratio_MxSpd": 0.712095261, "Mot_power_ratio_MFD": 0.644687653, "Mot_power_ratio_MxSpd": 0.658688068, "Power_MFD": 1723.03882, "Power_MxSpd": 4932.5249, "Speed_MFD": 26.0}