{"Interferences": 15, "Mass": 10.577010230867009, "Batt_amps_ratio_MFD": 0.516154349, "Batt_amps_ratio_MxSpd": 0.516154349, "Distance_MxSpd": 11159.4521, "Max_Distance": 11159.4521, "Hover_Time": 572.438721, "Max_Speed": 20.0, "Max_uc_at_MFD": 0.9573856, "Mot_amps_ratio_MFD": 0.966932595, "Mot_amps_ratio_MxSpd": 0.966932595, "Mot_power_ratio_MFD": 0.745219052, "Mot_power_ratio_MxSpd": 0.745219052, "Power_MFD": 2565.46924, "Power_MxSpd": 2565.46924, "Speed_MFD": 20.0}