{"Interferences": 60, "Mass": 5.295645372295661, "Batt_amps_ratio_MFD": 1.17414737, "Batt_amps_ratio_MxSpd": 1.17414737, "Distance_MxSpd": 32.7045822, "Max_Distance": 32.7045822, "Hover_Time": 32.6696091, "Max_Speed": 1.0, "Max_uc_at_MFD": 0.746272027, "Mot_amps_ratio_MFD": 0.9657076, "Mot_amps_ratio_MxSpd": 0.9657076, "Mot_power_ratio_MFD": 0.483745247, "Mot_power_ratio_MxSpd": 0.483745247, "Power_MFD": 1069.64539, "Power_MxSpd": 1069.64539, "Speed_MFD": 1.0}