{"Interferences": 14, "Mass": 8.871492590115839, "Batt_amps_ratio_MFD": 1.14500284, "Batt_amps_ratio_MxSpd": 1.14500284, "Distance_MxSpd": 2615.88867, "Max_Distance": 2615.88867, "Hover_Time": 0.0, "Max_Speed": 26.0, "Max_uc_at_MFD": 0.820059836, "Mot_amps_ratio_MFD": 0.967627227, "Mot_amps_ratio_MxSpd": 0.967627227, "Mot_power_ratio_MFD": 0.64588654, "Mot_power_ratio_MxSpd": 0.64588654, "Power_MFD": 3378.86816, "Power_MxSpd": 3378.86816, "Speed_MFD": 26.0}