{"Interferences": 2, "Mass": 4.36006590156616, "Batt_amps_ratio_MFD": 1.09453726, "Batt_amps_ratio_MxSpd": 1.7402823, "Distance_MxSpd": 595.765442, "Max_Distance": 806.916321, "Hover_Time": 43.9943428, "Max_Speed": 27.0, "Max_uc_at_MFD": 0.57657969, "Mot_amps_ratio_MFD": 0.521348536, "Mot_amps_ratio_MxSpd": 0.971285343, "Mot_power_ratio_MFD": 0.358240932, "Mot_power_ratio_MxSpd": 0.667411804, "Power_MFD": 942.405701, "Power_MxSpd": 2008.21387, "Speed_MFD": 23.0}