{"Interferences": 27, "Mass": 8.140104030268697, "Batt_amps_ratio_MFD": 0.671729743, "Batt_amps_ratio_MxSpd": 1.00940049, "Distance_MxSpd": 6467.20557, "Max_Distance": 6859.90186, "Hover_Time": 291.110535, "Max_Speed": 34.0, "Max_uc_at_MFD": 0.999356985, "Mot_amps_ratio_MFD": 0.527073324, "Mot_amps_ratio_MxSpd": 0.760633409, "Mot_power_ratio_MFD": 0.303883344, "Mot_power_ratio_MxSpd": 0.375245839, "Power_MFD": 1865.54236, "Power_MxSpd": 3252.77588, "Speed_MFD": 24.0}