{"Interferences": 56, "Mass": 7.625254242533048, "Batt_amps_ratio_MFD": 0.568484008, "Batt_amps_ratio_MxSpd": 0.587135673, "Distance_MxSpd": 6278.61719, "Max_Distance": 6281.9707, "Hover_Time": 261.908447, "Max_Speed": 32.0, "Max_uc_at_MFD": 0.70823878, "Mot_amps_ratio_MFD": 0.844468951, "Mot_amps_ratio_MxSpd": 0.958129466, "Mot_power_ratio_MFD": 0.650932312, "Mot_power_ratio_MxSpd": 0.738543928, "Power_MFD": 2281.06665, "Power_MxSpd": 2418.40356, "Speed_MFD": 31.0}