{"Interferences": 12, "Mass": 9.563782034914473, "Batt_amps_ratio_MFD": 1.07756257, "Batt_amps_ratio_MxSpd": 1.07756257, "Distance_MxSpd": 18174.3516, "Max_Distance": 18174.3516, "Hover_Time": 750.239624, "Max_Speed": 34.0, "Max_uc_at_MFD": 0.969960213, "Mot_amps_ratio_MFD": 0.795821428, "Mot_amps_ratio_MxSpd": 0.795821428, "Mot_power_ratio_MFD": 0.588907838, "Mot_power_ratio_MxSpd": 0.588907838, "Power_MFD": 2914.57642, "Power_MxSpd": 2914.57642, "Speed_MFD": 34.0}