{"Interferences": 32, "Mass": 10.961532117792764, "Batt_amps_ratio_MFD": 0.42996946, "Batt_amps_ratio_MxSpd": 0.42996946, "Distance_MxSpd": 446.543365, "Max_Distance": 446.543365, "Hover_Time": 0.0, "Max_Speed": 5.0, "Max_uc_at_MFD": 0.801479459, "Mot_amps_ratio_MFD": 0.958751976, "Mot_amps_ratio_MxSpd": 0.958751976, "Mot_power_ratio_MFD": 0.709476471, "Mot_power_ratio_MxSpd": 0.709476471, "Power_MFD": 2251.09351, "Power_MxSpd": 2251.09351, "Speed_MFD": 5.0}