{"Interferences": 3, "Mass": 3.985595371605653, "Batt_amps_ratio_MFD": 0.688350558, "Batt_amps_ratio_MxSpd": 0.727042437, "Distance_MxSpd": 1267.60144, "Max_Distance": 1283.06714, "Hover_Time": 67.9101028, "Max_Speed": 24.0, "Max_uc_at_MFD": 0.998834431, "Mot_amps_ratio_MFD": 0.582149267, "Mot_amps_ratio_MxSpd": 0.567581296, "Mot_power_ratio_MFD": 0.287193626, "Mot_power_ratio_MxSpd": 0.280006766, "Power_MFD": 999.028992, "Power_MxSpd": 1093.53882, "Speed_MFD": 23.0}