{"Interferences": 15, "Mass": 7.41458377430464, "Batt_amps_ratio_MFD": 0.912947178, "Batt_amps_ratio_MxSpd": 0.912947178, "Distance_MxSpd": 2271.32544, "Max_Distance": 2271.32544, "Hover_Time": 0.0, "Max_Speed": 18.0, "Max_uc_at_MFD": 0.971893728, "Mot_amps_ratio_MFD": 0.767763913, "Mot_amps_ratio_MxSpd": 0.767763913, "Mot_power_ratio_MFD": 0.328947574, "Mot_power_ratio_MxSpd": 0.328947574, "Power_MFD": 2982.90576, "Power_MxSpd": 2982.90576, "Speed_MFD": 18.0}