{"Interferences": 0, "Mass": 3.5345160406094847, "Batt_amps_ratio_MFD": 0.12569426, "Batt_amps_ratio_MxSpd": 0.12569426, "Distance_MxSpd": 3971.54175, "Max_Distance": 3971.54175, "Hover_Time": 332.700348, "Max_Speed": 13.0, "Max_uc_at_MFD": 0.966779649, "Mot_amps_ratio_MFD": 0.329618961, "Mot_amps_ratio_MxSpd": 0.329618961, "Mot_power_ratio_MFD": 0.121959016, "Mot_power_ratio_MxSpd": 0.121959016, "Power_MFD": 473.779755, "Power_MxSpd": 473.779755, "Speed_MFD": 13.0}