{"Interferences": 16, "Mass": 3.5368538167735726, "Batt_amps_ratio_MFD": 1.38744986, "Batt_amps_ratio_MxSpd": 1.38744986, "Distance_MxSpd": 774.946899, "Max_Distance": 774.946899, "Hover_Time": 46.6116447, "Max_Speed": 28.0, "Max_uc_at_MFD": 0.470907331, "Mot_amps_ratio_MFD": 0.901358068, "Mot_amps_ratio_MxSpd": 0.901358068, "Mot_power_ratio_MFD": 0.677266598, "Mot_power_ratio_MxSpd": 0.677266598, "Power_MFD": 1082.25037, "Power_MxSpd": 1082.25037, "Speed_MFD": 28.0}