{"Interferences": 20, "Mass": 7.078740691849077, "Batt_amps_ratio_MFD": 0.665747762, "Batt_amps_ratio_MxSpd": 0.665747762, "Distance_MxSpd": 0.0, "Max_Distance": 0.0, "Hover_Time": 57.6795044, "Max_Speed": 0.0, "Max_uc_at_MFD": 0.99985218, "Mot_amps_ratio_MFD": 0.936634362, "Mot_amps_ratio_MxSpd": 0.936634362, "Mot_power_ratio_MFD": 0.441857278, "Mot_power_ratio_MxSpd": 0.441857278, "Power_MFD": 1769.40173, "Power_MxSpd": 1769.40173, "Speed_MFD": 0.0}