{"Interferences": 9, "Mass": 3.119209679346701, "Batt_amps_ratio_MFD": 0.760276079, "Batt_amps_ratio_MxSpd": 0.760276079, "Distance_MxSpd": 959.651367, "Max_Distance": 959.651367, "Hover_Time": 67.4433212, "Max_Speed": 19.0, "Max_uc_at_MFD": 0.999698162, "Mot_amps_ratio_MFD": 0.454388291, "Mot_amps_ratio_MxSpd": 0.454388291, "Mot_power_ratio_MFD": 0.168123662, "Mot_power_ratio_MxSpd": 0.168123662, "Power_MFD": 598.900574, "Power_MxSpd": 598.900574, "Speed_MFD": 19.0}