{"Interferences": 24, "Mass": 5.020713434331335, "Batt_amps_ratio_MFD": 1.40691996, "Batt_amps_ratio_MxSpd": 1.96104825, "Distance_MxSpd": 665.766357, "Max_Distance": 709.635254, "Hover_Time": 41.8389511, "Max_Speed": 34.0, "Max_uc_at_MFD": 0.952721477, "Mot_amps_ratio_MFD": 0.588871002, "Mot_amps_ratio_MxSpd": 0.509368718, "Mot_power_ratio_MFD": 0.295063138, "Mot_power_ratio_MxSpd": 0.255227268, "Power_MFD": 1400.6001, "Power_MxSpd": 2189.15381, "Speed_MFD": 26.0}