{"Interferences": 41, "Mass": 3.8066617258802986, "Batt_amps_ratio_MFD": 0.296295047, "Batt_amps_ratio_MxSpd": 0.330596596, "Distance_MxSpd": 5724.71533, "Max_Distance": 5832.02441, "Hover_Time": 371.669922, "Max_Speed": 23.0, "Max_uc_at_MFD": 0.636028171, "Mot_amps_ratio_MFD": 0.777568161, "Mot_amps_ratio_MxSpd": 0.764000118, "Mot_power_ratio_MFD": 0.767200589, "Mot_power_ratio_MxSpd": 0.753813446, "Power_MFD": 765.139038, "Power_MxSpd": 855.713013, "Speed_MFD": 21.0}