{"Interferences": 6, "Mass": 7.174678943291288, "Batt_amps_ratio_MFD": 0.486234009, "Batt_amps_ratio_MxSpd": 0.558947384, "Distance_MxSpd": 2473.22021, "Max_Distance": 2606.15259, "Hover_Time": 128.619629, "Max_Speed": 36.0, "Max_uc_at_MFD": 0.978428066, "Mot_amps_ratio_MFD": 0.287180573, "Mot_amps_ratio_MxSpd": 0.260874391, "Mot_power_ratio_MFD": 0.123042196, "Mot_power_ratio_MxSpd": 0.111771345, "Power_MFD": 2803.76514, "Power_MxSpd": 3412.26733, "Speed_MFD": 33.0}