{
  "generator_version":"UAV2_gen12",
  "name":"design_4882_70f7ad43294e400b99a3ab81270665c5_s",
  "hub":{
    "node_type":"ConnectedHub3_2_1",
    "angle":180.0,
    "centerSegment":{
      "node_type":"PropArm",
      "armLength":327.7557400720978,
      "motor":{
        "motorType":"kde_direct_KDE4215XF_465"
      },
      "prop":{
        "propType":"apc_propellers_16x5_5MR"
      },
      "flange":{
        "offset":-36.0356516934184,
        "angle":180.0
      }
    },
    "mainSegment":{
      "node_type":"AngledWingArm",
      "arm1Length":99.96859519992981,
      "arm2Length":137.4434230519688,
      "wing":{
        "wingType":"Wing_vert_hole",
        "nacaProfile":"4515",
        "span":405.63416512157266,
        "chordInner":455.21303596449724,
        "chordOuter":59.65411164425032,
        "taperOffset":true,
        "aileronBias":0.8532490937869168,
        "flapBias":0.2331656040619997,
        "load":754.3183438317935,
        "tubeOffset":17.845559385021097,
        "tubeRot":270.0
      },
      "servo":{
        "servoType":"Hitec_HS_5496MH"
      }
    }
  },
  "fuselageWithComponents":{
    "node_type":"SingleBatteryFuselageWithComponents",
    "battery":{
      "batteryType":"TattuPlus25C22000mAh12S1PAGRI"
    },
    "fuselage":{
      "length":235.0,
      "vertDiameter":258.0,
      "horzDiameter":459.9,
      "floorHeight":43.0,
      "batteryX":0.0,
      "batteryY":6.0,
      "rpmX":0.0,
      "rpmY":-143.3,
      "autoPilotX":0.0,
      "autoPilotY":87.0,
      "currentX":0.0,
      "currentY":-123.15,
      "voltageX":0.0,
      "voltageY":140.8,
      "gpsX":0.0,
      "gpsY":-83.0,
      "varioX":0.0,
      "varioY":119.15
    }
  }
}