{"Interferences": 29, "Mass": 3.220231926591306, "Batt_amps_ratio_MFD": 0.783961356, "Batt_amps_ratio_MxSpd": 0.783961356, "Distance_MxSpd": 685.748108, "Max_Distance": 685.748108, "Hover_Time": 55.8016396, "Max_Speed": 14.0, "Max_uc_at_MFD": 0.998613954, "Mot_amps_ratio_MFD": 0.347137779, "Mot_amps_ratio_MxSpd": 0.347137779, "Mot_power_ratio_MFD": 0.0856273174, "Mot_power_ratio_MxSpd": 0.0856273174, "Power_MFD": 406.167908, "Power_MxSpd": 406.167908, "Speed_MFD": 14.0}