{"Interferences": 4, "Mass": 3.780489530923302, "Batt_amps_ratio_MFD": 0.982653141, "Batt_amps_ratio_MxSpd": 0.982653141, "Distance_MxSpd": 234.46727, "Max_Distance": 234.46727, "Hover_Time": 0.0, "Max_Speed": 6.0, "Max_uc_at_MFD": 0.871320248, "Mot_amps_ratio_MFD": 0.362275004, "Mot_amps_ratio_MxSpd": 0.362275004, "Mot_power_ratio_MFD": 0.0905590355, "Mot_power_ratio_MxSpd": 0.0905590355, "Power_MFD": 926.444397, "Power_MxSpd": 926.444397, "Speed_MFD": 6.0}