{"Interferences": 22, "Mass": 4.620695336975588, "Batt_amps_ratio_MFD": 0.503612101, "Batt_amps_ratio_MxSpd": 0.503612101, "Distance_MxSpd": 2287.47485, "Max_Distance": 2287.47485, "Hover_Time": 119.259201, "Max_Speed": 30.0, "Max_uc_at_MFD": 0.9915874, "Mot_amps_ratio_MFD": 0.850342333, "Mot_amps_ratio_MxSpd": 0.850342333, "Mot_power_ratio_MFD": 0.524377763, "Mot_power_ratio_MxSpd": 0.524377763, "Power_MFD": 1927.17383, "Power_MxSpd": 1927.17383, "Speed_MFD": 30.0}