{"Interferences": 24, "Mass": 5.668494453003168, "Batt_amps_ratio_MFD": 0.274785906, "Batt_amps_ratio_MxSpd": 0.446973413, "Distance_MxSpd": 10738.8936, "Max_Distance": 13275.79, "Hover_Time": 0.0, "Max_Speed": 25.0, "Max_uc_at_MFD": 0.881266773, "Mot_amps_ratio_MFD": 0.52160114, "Mot_amps_ratio_MxSpd": 0.5576334, "Mot_power_ratio_MFD": 0.348088175, "Mot_power_ratio_MxSpd": 0.372134119, "Power_MFD": 802.624939, "Power_MxSpd": 1467.62219, "Speed_MFD": 19.0}