{
  "generator_version":"UAV2_gen12",
  "name":"design_2640_ace6292021a04cbbb9164057d9c9f4a9_dw_dl",
  "hub":{
    "node_type":"ConnectedHub2_Sym_Wide",
    "mainSegment":{
      "node_type":"BranchSegment_Asym",
      "armLength":456.6229633701776,
      "angle":129.0289187075761,
      "frontSegment":{
        "node_type":"SidewaysBendWithTopSegment",
        "angle":131.8627158575871,
        "armLength":53.852969948908346,
        "mainSegment":{
          "node_type":"AngledPropArm",
          "armLength":354.56122584336606,
          "motor":{
            "motorType":"t_motor_MN4012KV340"
          },
          "prop":{
            "propType":"apc_propellers_15x8E"
          }
        },
        "topSegment":{
          "node_type":"WingArm",
          "armLength":333.87557106952437,
          "wing":{
            "wingType":"Wing_vert_hole",
            "nacaProfile":"6712",
            "span":475.3198202433348,
            "chordInner":207.51209442426898,
            "chordOuter":152.57883083227608,
            "taperOffset":false,
            "aileronBias":0.5305627338839063,
            "flapBias":0.7396028858325238,
            "load":218.81335110101463,
            "tubeOffset":15.426944560664273,
            "tubeRot":270.0
          },
          "servo":{
            "servoType":"Hitec_HS_225MG"
          }
        }
      },
      "rearSegment":{
        "node_type":"WingArm",
        "armLength":331.94591390057684,
        "wing":{
          "wingType":"Wing_vert_hole",
          "nacaProfile":"4409",
          "span":1088.9779630043495,
          "chordInner":461.55480883873395,
          "chordOuter":88.21661583025484,
          "taperOffset":false,
          "aileronBias":0.10215671793956094,
          "flapBias":0.9189836325722589,
          "load":294.1674060569659,
          "tubeOffset":51.45897440539288,
          "tubeRot":245.84261024688087
        },
        "servo":{
          "servoType":"Hitec_HS_225BB"
        }
      }
    }
  },
  "fuselageWithComponents":{
    "node_type":"DualBatteryFuselageWithComponents",
    "battery":{
      "batteryType":"Tattu10C32000mAh6S1PHV"
    },
    "fuselage":{
      "length":433.0,
      "vertDiameter":187.5,
      "horzDiameter":377.4,
      "floorHeight":31.25,
      "battery1X":-108.25,
      "battery1Y":6.0,
      "battery2X":109.25,
      "battery2Y":6.0,
      "rpmX":0.0,
      "rpmY":-115.8,
      "autoPilotX":0.0,
      "autoPilotY":59.5,
      "currentX":0.0,
      "currentY":-95.65,
      "voltageX":0.0,
      "voltageY":113.3,
      "gpsX":0.0,
      "gpsY":-55.5,
      "varioX":0.0,
      "varioY":91.65
    }
  }
}