{"Interferences": 17, "Mass": 8.567409148929423, "Batt_amps_ratio_MFD": 0.706865251, "Batt_amps_ratio_MxSpd": 0.706865251, "Distance_MxSpd": 597.567932, "Max_Distance": 597.567932, "Hover_Time": 0.0, "Max_Speed": 11.0, "Max_uc_at_MFD": 0.995768428, "Mot_amps_ratio_MFD": 0.962805808, "Mot_amps_ratio_MxSpd": 0.962805808, "Mot_power_ratio_MFD": 0.593730271, "Mot_power_ratio_MxSpd": 0.593730271, "Power_MFD": 3294.55371, "Power_MxSpd": 3294.55371, "Speed_MFD": 11.0}