{"Interferences": 4, "Mass": 4.98119767834826, "Batt_amps_ratio_MFD": 1.06285751, "Batt_amps_ratio_MxSpd": 1.06285751, "Distance_MxSpd": 216.774124, "Max_Distance": 216.774124, "Hover_Time": 0.0, "Max_Speed": 6.0, "Max_uc_at_MFD": 1.0, "Mot_amps_ratio_MFD": 0.677621722, "Mot_amps_ratio_MxSpd": 0.677621722, "Mot_power_ratio_MFD": 0.31340006, "Mot_power_ratio_MxSpd": 0.31340006, "Power_MFD": 1016.67395, "Power_MxSpd": 1016.67395, "Speed_MFD": 6.0}