{"Interferences": 55, "Mass": 6.34982689460669, "Batt_amps_ratio_MFD": 0.528727114, "Batt_amps_ratio_MxSpd": 0.845224857, "Distance_MxSpd": 1953.56299, "Max_Distance": 2106.19043, "Hover_Time": 97.6947403, "Max_Speed": 43.0, "Max_uc_at_MFD": 0.623555303, "Mot_amps_ratio_MFD": 0.738745391, "Mot_amps_ratio_MxSpd": 0.755643189, "Mot_power_ratio_MFD": 0.697006285, "Mot_power_ratio_MxSpd": 0.712949336, "Power_MFD": 1885.41443, "Power_MxSpd": 4054.68164, "Speed_MFD": 29.0}