{"Interferences": 67, "Mass": 6.188083810563746, "Batt_amps_ratio_MFD": 0.304565877, "Batt_amps_ratio_MxSpd": 0.442644417, "Distance_MxSpd": 8892.01367, "Max_Distance": 10401.6904, "Hover_Time": 528.302246, "Max_Speed": 41.0, "Max_uc_at_MFD": 0.844755948, "Mot_amps_ratio_MFD": 0.79467088, "Mot_amps_ratio_MxSpd": 0.906846285, "Mot_power_ratio_MFD": 0.735070527, "Mot_power_ratio_MxSpd": 0.838832855, "Power_MFD": 2391.26953, "Power_MxSpd": 4382.38281, "Speed_MFD": 33.0}