{"Interferences": 37, "Mass": 4.258516208251083, "Batt_amps_ratio_MFD": 1.11070156, "Batt_amps_ratio_MxSpd": 1.47258556, "Distance_MxSpd": 782.297485, "Max_Distance": 829.74585, "Hover_Time": 48.8248596, "Max_Speed": 30.0, "Max_uc_at_MFD": 0.988001645, "Mot_amps_ratio_MFD": 0.904156804, "Mot_amps_ratio_MxSpd": 0.746025145, "Mot_power_ratio_MFD": 0.339684755, "Mot_power_ratio_MxSpd": 0.280275911, "Power_MFD": 1053.44983, "Power_MxSpd": 1505.99792, "Speed_MFD": 24.0}