{"Interferences": 6, "Mass": 7.479561563902568, "Batt_amps_ratio_MFD": 0.927533507, "Batt_amps_ratio_MxSpd": 0.927533507, "Distance_MxSpd": 372.601105, "Max_Distance": 372.601105, "Hover_Time": 0.0, "Max_Speed": 9.0, "Max_uc_at_MFD": 0.990457237, "Mot_amps_ratio_MFD": 0.662580788, "Mot_amps_ratio_MxSpd": 0.662580788, "Mot_power_ratio_MFD": 0.442170292, "Mot_power_ratio_MxSpd": 0.442170292, "Power_MFD": 1969.72021, "Power_MxSpd": 1969.72021, "Speed_MFD": 9.0}