{"Interferences": 8, "Mass": 3.668264592607596, "Batt_amps_ratio_MFD": 0.932910323, "Batt_amps_ratio_MxSpd": 1.02553177, "Distance_MxSpd": 898.655701, "Max_Distance": 905.553284, "Hover_Time": 62.6737518, "Max_Speed": 24.0, "Max_uc_at_MFD": 0.875172257, "Mot_amps_ratio_MFD": 0.426123053, "Mot_amps_ratio_MxSpd": 0.469727874, "Mot_power_ratio_MFD": 0.213515699, "Mot_power_ratio_MxSpd": 0.235364601, "Power_MFD": 875.71106, "Power_MxSpd": 1039.91943, "Speed_MFD": 22.0}