{"Interferences": 44, "Mass": 9.29549263416406, "Batt_amps_ratio_MFD": 0.415224105, "Batt_amps_ratio_MxSpd": 0.415224105, "Distance_MxSpd": 1618.4032, "Max_Distance": 1618.4032, "Hover_Time": 232.021149, "Max_Speed": 7.0, "Max_uc_at_MFD": 0.598978996, "Mot_amps_ratio_MFD": 0.743720174, "Mot_amps_ratio_MxSpd": 0.743720174, "Mot_power_ratio_MFD": 0.917254865, "Mot_power_ratio_MxSpd": 0.917254865, "Power_MFD": 1428.245, "Power_MxSpd": 1428.245, "Speed_MFD": 7.0}