{"Interferences": 67, "Mass": 4.344607448031321, "Batt_amps_ratio_MFD": 0.264752567, "Batt_amps_ratio_MxSpd": 0.264752567, "Distance_MxSpd": 3045.86279, "Max_Distance": 3045.86279, "Hover_Time": 173.153915, "Max_Speed": 21.0, "Max_uc_at_MFD": 0.994807899, "Mot_amps_ratio_MFD": 0.411316872, "Mot_amps_ratio_MxSpd": 0.411316872, "Mot_power_ratio_MFD": 0.258718312, "Mot_power_ratio_MxSpd": 0.258718312, "Power_MFD": 1030.26685, "Power_MxSpd": 1030.26685, "Speed_MFD": 21.0}