{"Interferences": 15, "Mass": 4.414267382809979, "Batt_amps_ratio_MFD": 1.20590258, "Batt_amps_ratio_MxSpd": 1.20590258, "Distance_MxSpd": 796.084167, "Max_Distance": 796.084167, "Hover_Time": 48.7818489, "Max_Speed": 25.0, "Max_uc_at_MFD": 0.998994768, "Mot_amps_ratio_MFD": 0.970548213, "Mot_amps_ratio_MxSpd": 0.970548213, "Mot_power_ratio_MFD": 0.478803784, "Mot_power_ratio_MxSpd": 0.478803784, "Power_MFD": 1754.91479, "Power_MxSpd": 1754.91479, "Speed_MFD": 25.0}