{"Interferences": 21, "Mass": 14.0180226182404, "Batt_amps_ratio_MFD": 0.363814265, "Batt_amps_ratio_MxSpd": 0.389375508, "Distance_MxSpd": 10355.043, "Max_Distance": 10449.2871, "Hover_Time": 0.0, "Max_Speed": 35.0, "Max_uc_at_MFD": 0.966029882, "Mot_amps_ratio_MFD": 0.77951616, "Mot_amps_ratio_MxSpd": 0.842169523, "Mot_power_ratio_MFD": 0.651284814, "Mot_power_ratio_MxSpd": 0.69554925, "Power_MFD": 5620.99609, "Power_MxSpd": 6170.57861, "Speed_MFD": 33.0}