{"Interferences": 37, "Mass": 4.314675413659742, "Batt_amps_ratio_MFD": 2.01314211, "Batt_amps_ratio_MxSpd": 2.46211886, "Distance_MxSpd": 530.274963, "Max_Distance": 553.1651, "Hover_Time": 33.188488, "Max_Speed": 34.0, "Max_uc_at_MFD": 0.92523098, "Mot_amps_ratio_MFD": 0.529573739, "Mot_amps_ratio_MxSpd": 0.550229728, "Mot_power_ratio_MFD": 0.265351325, "Mot_power_ratio_MxSpd": 0.275701314, "Power_MFD": 1370.80994, "Power_MxSpd": 1894.99634, "Speed_MFD": 29.0}