{"Interferences": 23, "Mass": 10.26349212826839, "Batt_amps_ratio_MFD": 0.469047755, "Batt_amps_ratio_MxSpd": 0.469047755, "Distance_MxSpd": 1391.75598, "Max_Distance": 1391.75598, "Hover_Time": 0.0, "Max_Speed": 17.0, "Max_uc_at_MFD": 0.991687655, "Mot_amps_ratio_MFD": 0.941139698, "Mot_amps_ratio_MxSpd": 0.941139698, "Mot_power_ratio_MFD": 0.887965322, "Mot_power_ratio_MxSpd": 0.887965322, "Power_MFD": 3876.87378, "Power_MxSpd": 3876.87378, "Speed_MFD": 17.0}