{"Interferences": 48, "Mass": 8.90672156935826, "Batt_amps_ratio_MFD": 0.482078969, "Batt_amps_ratio_MxSpd": 0.482078969, "Distance_MxSpd": 955.859985, "Max_Distance": 955.859985, "Hover_Time": 0.0, "Max_Speed": 12.0, "Max_uc_at_MFD": 0.999853492, "Mot_amps_ratio_MFD": 0.827914953, "Mot_amps_ratio_MxSpd": 0.827914953, "Mot_power_ratio_MFD": 0.408438057, "Mot_power_ratio_MxSpd": 0.408438057, "Power_MFD": 2046.39331, "Power_MxSpd": 2046.39331, "Speed_MFD": 12.0}