{"Interferences": 36, "Mass": 5.625412396823243, "Batt_amps_ratio_MFD": 0.523222208, "Batt_amps_ratio_MxSpd": 0.523222208, "Distance_MxSpd": 733.913757, "Max_Distance": 733.913757, "Hover_Time": 72.0824661, "Max_Speed": 10.0, "Max_uc_at_MFD": 0.99999845, "Mot_amps_ratio_MFD": 0.600758433, "Mot_amps_ratio_MxSpd": 0.600758433, "Mot_power_ratio_MFD": 0.370467722, "Mot_power_ratio_MxSpd": 0.370467722, "Power_MFD": 1574.41833, "Power_MxSpd": 1574.41833, "Speed_MFD": 10.0}