{"Interferences": 20, "Mass": 4.144417440468203, "Batt_amps_ratio_MFD": 1.03705835, "Batt_amps_ratio_MxSpd": 1.73416138, "Distance_MxSpd": 487.151886, "Max_Distance": 518.389343, "Hover_Time": 58.7183418, "Max_Speed": 22.0, "Max_uc_at_MFD": 0.98955065, "Mot_amps_ratio_MFD": 0.490300298, "Mot_amps_ratio_MxSpd": 0.892084539, "Mot_power_ratio_MFD": 0.291742891, "Mot_power_ratio_MxSpd": 0.582478762, "Power_MFD": 1333.39941, "Power_MxSpd": 2886.68896, "Speed_MFD": 14.0}