{"Interferences": 51, "Mass": 5.953035165838923, "Batt_amps_ratio_MFD": 0.38832894, "Batt_amps_ratio_MxSpd": 0.691333473, "Distance_MxSpd": 6109.93115, "Max_Distance": 7169.17969, "Hover_Time": 372.28537, "Max_Speed": 44.0, "Max_uc_at_MFD": 0.727359533, "Mot_amps_ratio_MFD": 0.629702806, "Mot_amps_ratio_MxSpd": 0.908209085, "Mot_power_ratio_MFD": 0.616738319, "Mot_power_ratio_MxSpd": 0.889510691, "Power_MFD": 1812.18018, "Power_MxSpd": 4942.43604, "Speed_MFD": 29.0}