{"Interferences": 5, "Mass": 7.221700980120691, "Batt_amps_ratio_MFD": 1.55268967, "Batt_amps_ratio_MxSpd": 1.55268967, "Distance_MxSpd": 1187.10144, "Max_Distance": 1187.10144, "Hover_Time": 76.5163345, "Max_Speed": 16.0, "Max_uc_at_MFD": 0.595723689, "Mot_amps_ratio_MFD": 0.987823248, "Mot_amps_ratio_MxSpd": 0.987823248, "Mot_power_ratio_MFD": 0.742235184, "Mot_power_ratio_MxSpd": 0.742235184, "Power_MFD": 4070.28687, "Power_MxSpd": 4070.28687, "Speed_MFD": 16.0}