{
  "generator_version":"UAV2_gen12",
  "name":"design_25335_d22e0becac22494e89e6c36e9b249d37_dw_dl",
  "hub":{
    "node_type":"ConnectedHub4_2_2",
    "frontSegment":{
      "node_type":"SidewaysBendWithTopSegment",
      "angle":-81.30831463858418,
      "armLength":346.83461865191015,
      "mainSegment":{
        "node_type":"DoubleBendSegment",
        "angle":-90.0,
        "arm1Length":161.66376313083725,
        "arm2Length":170.42367310904268,
        "mainSegment":{
          "node_type":"AngledPropArm",
          "armLength":224.8929996893747,
          "motor":{
            "motorType":"t_motor_AT4130KV450"
          },
          "prop":{
            "propType":"apc_propellers_15x7E"
          }
        }
      },
      "topSegment":{
        "node_type":"PropArm",
        "armLength":466.54204606372855,
        "motor":{
          "motorType":"t_motor_AT4130KV300"
        },
        "prop":{
          "propType":"apc_propellers_14x12"
        },
        "flange":{
          "offset":16.553643362778985,
          "angle":182.05081996916633
        }
      }
    },
    "rearSegment":{
      "node_type":"BendSegment",
      "angle":-90.0,
      "armLength":201.5176503796576,
      "mainSegment":{
        "node_type":"AngledWingArm",
        "arm1Length":376.9519434806438,
        "arm2Length":51.09391176713763,
        "wing":{
          "wingType":"Wing_vert_hole",
          "nacaProfile":"0025",
          "span":692.9488807152945,
          "chordInner":265.26392983532855,
          "chordOuter":126.25035743387704,
          "taperOffset":true,
          "aileronBias":0.884498566646102,
          "flapBias":0.38598555069153706,
          "load":994.511273467575,
          "tubeOffset":10.843330345953817,
          "tubeRot":296.0306308298148
        },
        "servo":{
          "servoType":"Hitec_HS_81"
        }
      }
    }
  },
  "fuselageWithComponents":{
    "node_type":"DualBatteryFuselageWithComponents",
    "battery":{
      "batteryType":"TattuPlus25C22000mAh12S1PAGRI"
    },
    "fuselage":{
      "length":471.0,
      "vertDiameter":258.0,
      "horzDiameter":459.9,
      "floorHeight":43.0,
      "battery1X":-117.75,
      "battery1Y":6.0,
      "battery2X":118.75,
      "battery2Y":6.0,
      "rpmX":0.0,
      "rpmY":-143.3,
      "autoPilotX":0.0,
      "autoPilotY":87.0,
      "currentX":0.0,
      "currentY":-123.15,
      "voltageX":0.0,
      "voltageY":140.8,
      "gpsX":0.0,
      "gpsY":-83.0,
      "varioX":0.0,
      "varioY":119.15
    }
  }
}