{"Interferences": 46, "Mass": 6.019163086425276, "Batt_amps_ratio_MFD": 1.34879458, "Batt_amps_ratio_MxSpd": 1.34879458, "Distance_MxSpd": 370.108246, "Max_Distance": 370.108246, "Hover_Time": 20.2389011, "Max_Speed": 13.0, "Max_uc_at_MFD": 0.998112559, "Mot_amps_ratio_MFD": 0.810842395, "Mot_amps_ratio_MxSpd": 0.810842395, "Mot_power_ratio_MFD": 0.360014021, "Mot_power_ratio_MxSpd": 0.360014021, "Power_MFD": 1155.07373, "Power_MxSpd": 1155.07373, "Speed_MFD": 13.0}