{"Interferences": 15, "Mass": 6.402775877920498, "Batt_amps_ratio_MFD": 0.151874408, "Batt_amps_ratio_MxSpd": 0.247540101, "Distance_MxSpd": 3102.52759, "Max_Distance": 3539.76709, "Hover_Time": 0.0, "Max_Speed": 20.0, "Max_uc_at_MFD": 0.979534805, "Mot_amps_ratio_MFD": 0.53259033, "Mot_amps_ratio_MxSpd": 0.73500073, "Mot_power_ratio_MFD": 0.355421722, "Mot_power_ratio_MxSpd": 0.490499407, "Power_MFD": 620.667725, "Power_MxSpd": 1355.10144, "Speed_MFD": 14.0}