{"Interferences": 26, "Mass": 7.118459818852936, "Batt_amps_ratio_MFD": 0.318771899, "Batt_amps_ratio_MxSpd": 0.318771899, "Distance_MxSpd": 903.467346, "Max_Distance": 903.467346, "Hover_Time": 0.0, "Max_Speed": 3.0, "Max_uc_at_MFD": 0.703724444, "Mot_amps_ratio_MFD": 0.914921522, "Mot_amps_ratio_MxSpd": 0.914921522, "Mot_power_ratio_MFD": 0.918006957, "Mot_power_ratio_MxSpd": 0.918006957, "Power_MFD": 1593.34253, "Power_MxSpd": 1593.34253, "Speed_MFD": 3.0}