{"Interferences": 0, "Mass": 10.15705963470234, "Batt_amps_ratio_MFD": 0.325682282, "Batt_amps_ratio_MxSpd": 0.34357214, "Distance_MxSpd": 11456.1094, "Max_Distance": 11495.8672, "Hover_Time": 504.199982, "Max_Speed": 41.0, "Max_uc_at_MFD": 0.943518281, "Mot_amps_ratio_MFD": 0.940944791, "Mot_amps_ratio_MxSpd": 0.982289314, "Mot_power_ratio_MFD": 0.705708623, "Mot_power_ratio_MxSpd": 0.736716986, "Power_MFD": 4148.97119, "Power_MxSpd": 4565.4541, "Speed_MFD": 39.0}