{"Interferences": 8, "Mass": 6.154255297094544, "Batt_amps_ratio_MFD": 1.10755134, "Batt_amps_ratio_MxSpd": 1.10755134, "Distance_MxSpd": 866.776978, "Max_Distance": 866.776978, "Hover_Time": 40.789978, "Max_Speed": 25.0, "Max_uc_at_MFD": 1.0, "Mot_amps_ratio_MFD": 0.251821518, "Mot_amps_ratio_MxSpd": 0.251821518, "Mot_power_ratio_MFD": 0.0719284341, "Mot_power_ratio_MxSpd": 0.0719284341, "Power_MFD": 1491.71631, "Power_MxSpd": 1491.71631, "Speed_MFD": 25.0}