{"Interferences": 8, "Mass": 5.190205141688874, "Batt_amps_ratio_MFD": 0.68174684, "Batt_amps_ratio_MxSpd": 1.26325011, "Distance_MxSpd": 1185.51355, "Max_Distance": 1520.79919, "Hover_Time": 85.2022705, "Max_Speed": 39.0, "Max_uc_at_MFD": 0.805480242, "Mot_amps_ratio_MFD": 0.796510279, "Mot_amps_ratio_MxSpd": 0.848691463, "Mot_power_ratio_MFD": 0.265653014, "Mot_power_ratio_MxSpd": 0.283056527, "Power_MFD": 1675.47241, "Power_MxSpd": 3855.11694, "Speed_MFD": 27.0}