{"Interferences": 0, "Mass": 5.266193570072463, "Batt_amps_ratio_MFD": 0.348001242, "Batt_amps_ratio_MxSpd": 0.348001242, "Distance_MxSpd": 6896.52734, "Max_Distance": 6896.52734, "Hover_Time": 302.490967, "Max_Speed": 25.0, "Max_uc_at_MFD": 0.876757622, "Mot_amps_ratio_MFD": 0.920387745, "Mot_amps_ratio_MxSpd": 0.920387745, "Mot_power_ratio_MFD": 0.69078213, "Mot_power_ratio_MxSpd": 0.69078213, "Power_MFD": 1617.70447, "Power_MxSpd": 1617.70447, "Speed_MFD": 25.0}