{"Interferences": 3, "Mass": 4.692271465208711, "Batt_amps_ratio_MFD": 1.79119158, "Batt_amps_ratio_MxSpd": 2.01446366, "Distance_MxSpd": 571.86438, "Max_Distance": 600.270813, "Hover_Time": 35.9415817, "Max_Speed": 30.0, "Max_uc_at_MFD": 0.868173301, "Mot_amps_ratio_MFD": 0.998020232, "Mot_amps_ratio_MxSpd": 0.980198324, "Mot_power_ratio_MFD": 0.923168719, "Mot_power_ratio_MxSpd": 0.906683445, "Power_MFD": 1972.22131, "Power_MxSpd": 2280.71313, "Speed_MFD": 28.0}