{"Interferences": 0, "Mass": 6.289178643574216, "Batt_amps_ratio_MFD": 0.716316819, "Batt_amps_ratio_MxSpd": 1.60699999, "Distance_MxSpd": 1146.98193, "Max_Distance": 1501.01184, "Hover_Time": 78.4283295, "Max_Speed": 48.0, "Max_uc_at_MFD": 0.647333324, "Mot_amps_ratio_MFD": 0.45301488, "Mot_amps_ratio_MxSpd": 0.6998806, "Mot_power_ratio_MFD": 0.150988758, "Mot_power_ratio_MxSpd": 0.233268529, "Power_MFD": 1857.86255, "Power_MxSpd": 6887.47607, "Speed_MFD": 28.0}