{
  "generator_version":"UAV2_gen12",
  "name":"design_4610_91fe2c0a58a54eb192459e757e340bc5_dw_dl",
  "hub":{
    "node_type":"ConnectedHub3_2_1",
    "angle":180.0,
    "centerSegment":{
      "node_type":"PropArm",
      "armLength":425.7748921579918,
      "motor":{
        "motorType":"kde_direct_KDE3520XF_400"
      },
      "prop":{
        "propType":"apc_propellers_15x7"
      },
      "flange":{
        "offset":-12.309916674124345,
        "angle":0.0
      }
    },
    "mainSegment":{
      "node_type":"AngledWingArm",
      "arm1Length":421.28524146311116,
      "arm2Length":142.87262227659994,
      "wing":{
        "wingType":"Wing_horiz_hole",
        "nacaProfile":"0025",
        "span":382.89087647820253,
        "chordInner":453.86371301333116,
        "chordOuter":163.1673655359387,
        "taperOffset":true,
        "aileronBias":0.24618455529162425,
        "flapBias":0.25802593663376405,
        "load":881.3238654046908,
        "tubeOffset":84.65229566611323,
        "tubeRot":308.1140697260704
      },
      "servo":{
        "servoType":"Hitec_HS_7245MH"
      }
    }
  },
  "fuselageWithComponents":{
    "node_type":"DualBatteryFuselageWithComponents",
    "battery":{
      "batteryType":"TurnigyGraphene1000mAh6S75C"
    },
    "fuselage":{
      "length":151.0,
      "vertDiameter":52.5,
      "horzDiameter":350.4,
      "floorHeight":8.75,
      "battery1X":-37.75,
      "battery1Y":6.0,
      "battery2X":38.75,
      "battery2Y":6.0,
      "rpmX":0.0,
      "rpmY":-106.8,
      "autoPilotX":0.0,
      "autoPilotY":50.5,
      "currentX":0.0,
      "currentY":-86.65,
      "voltageX":0.0,
      "voltageY":104.3,
      "gpsX":0.0,
      "gpsY":-46.5,
      "varioX":0.0,
      "varioY":82.65
    }
  }
}