{
  "generator_version":"UAV2_gen12",
  "name":"design_34229_0ffadade5b2d4fdca8a3905f1aaf79c9_dw",
  "hub":{
    "node_type":"ConnectedHub3_2_1",
    "angle":83.06530448385044,
    "centerSegment":{
      "node_type":"BranchWithTopSegment_Sym",
      "armLength":135.5564149787402,
      "angle":161.39927909294417,
      "mainSegment":{
        "node_type":"PropArm",
        "armLength":166.54757086211498,
        "motor":{
          "motorType":"kde_direct_KDE3520XF_400"
        },
        "prop":{
          "propType":"apc_propellers_19x8E"
        },
        "flange":{
          "offset":40.998801116776505,
          "angle":90.0
        }
      },
      "topSegment":{
        "node_type":"PropArm",
        "armLength":53.05171088981062,
        "motor":{
          "motorType":"t_motor_AT2814KV1050"
        },
        "prop":{
          "propType":"apc_propellers_9x4_7SF"
        },
        "flange":{
          "offset":18.765552737086495,
          "angle":357.8904294637779
        }
      }
    },
    "mainSegment":{
      "node_type":"WingArm",
      "armLength":335.4458184816097,
      "wing":{
        "wingType":"Wing_horiz_hole",
        "nacaProfile":"2212",
        "span":1046.4615987216207,
        "chordInner":272.85829543267914,
        "chordOuter":175.5647369394739,
        "taperOffset":true,
        "aileronBias":0.6267376536781245,
        "flapBias":0.23600336186901666,
        "load":581.1573710787463,
        "tubeOffset":51.20144345540703,
        "tubeRot":301.0983382528901
      },
      "servo":{
        "servoType":"Hitec_HS_65HB"
      }
    }
  },
  "fuselageWithComponents":{
    "node_type":"DualBatteryFuselageWithComponents",
    "battery":{
      "batteryType":"TattuPlus25C22000mAh12S1PAGRI"
    },
    "fuselage":{
      "length":235.0,
      "vertDiameter":258.0,
      "horzDiameter":636.9,
      "floorHeight":43.0,
      "battery1X":0.0,
      "battery1Y":-52.5,
      "battery2X":0.0,
      "battery2Y":65.5,
      "rpmX":0.0,
      "rpmY":-202.3,
      "autoPilotX":0.0,
      "autoPilotY":146.0,
      "currentX":0.0,
      "currentY":-182.15,
      "voltageX":0.0,
      "voltageY":199.8,
      "gpsX":0.0,
      "gpsY":-142.0,
      "varioX":0.0,
      "varioY":178.15
    }
  }
}