{"Interferences": 16, "Mass": 4.088364028505413, "Batt_amps_ratio_MFD": 0.248629227, "Batt_amps_ratio_MxSpd": 0.341741741, "Distance_MxSpd": 1460.7522, "Max_Distance": 1698.91528, "Hover_Time": 73.6529312, "Max_Speed": 13.0, "Max_uc_at_MFD": 0.828393638, "Mot_amps_ratio_MFD": 0.384352893, "Mot_amps_ratio_MxSpd": 0.494381696, "Mot_power_ratio_MFD": 0.189614087, "Mot_power_ratio_MxSpd": 0.243894979, "Power_MFD": 256.952606, "Power_MxSpd": 411.545898, "Speed_MFD": 11.0}