{"Interferences": 2, "Mass": 5.365798875317305, "Batt_amps_ratio_MFD": 0.364770353, "Batt_amps_ratio_MxSpd": 0.364770353, "Distance_MxSpd": 6316.30273, "Max_Distance": 6316.30273, "Hover_Time": 207.036423, "Max_Speed": 20.0, "Max_uc_at_MFD": 0.989404321, "Mot_amps_ratio_MFD": 0.479290545, "Mot_amps_ratio_MxSpd": 0.479290545, "Mot_power_ratio_MFD": 0.260327935, "Mot_power_ratio_MxSpd": 0.260327935, "Power_MFD": 996.775085, "Power_MxSpd": 996.775085, "Speed_MFD": 20.0}