{"Interferences": 84, "Mass": 5.66601383483313, "Batt_amps_ratio_MFD": 0.279801279, "Batt_amps_ratio_MxSpd": 0.279801279, "Distance_MxSpd": 3431.00659, "Max_Distance": 3431.00659, "Hover_Time": 171.8517, "Max_Speed": 25.0, "Max_uc_at_MFD": 0.995523155, "Mot_amps_ratio_MFD": 0.673156798, "Mot_amps_ratio_MxSpd": 0.673156798, "Mot_power_ratio_MFD": 0.41511336, "Mot_power_ratio_MxSpd": 0.41511336, "Power_MFD": 1401.83215, "Power_MxSpd": 1401.83215, "Speed_MFD": 25.0}