{"Interferences": 0, "Mass": 6.326115213195408, "Batt_amps_ratio_MFD": 0.285485804, "Batt_amps_ratio_MxSpd": 0.321391106, "Distance_MxSpd": 3584.41772, "Max_Distance": 3631.7041, "Hover_Time": 199.326157, "Max_Speed": 30.0, "Max_uc_at_MFD": 0.99279201, "Mot_amps_ratio_MFD": 0.408780575, "Mot_amps_ratio_MxSpd": 0.375652969, "Mot_power_ratio_MFD": 0.2731013, "Mot_power_ratio_MxSpd": 0.250969172, "Power_MFD": 1673.62476, "Power_MxSpd": 2010.5509, "Speed_MFD": 27.0}