{"Interferences": 12, "Mass": 6.070286783964495, "Batt_amps_ratio_MFD": 0.478798807, "Batt_amps_ratio_MxSpd": 0.518962324, "Distance_MxSpd": 4809.59766, "Max_Distance": 4812.04199, "Hover_Time": 0.0, "Max_Speed": 26.0, "Max_uc_at_MFD": 0.394180089, "Mot_amps_ratio_MFD": 0.83956027, "Mot_amps_ratio_MxSpd": 0.889368832, "Mot_power_ratio_MFD": 0.630832672, "Mot_power_ratio_MxSpd": 0.668258071, "Power_MFD": 1306.41589, "Power_MxSpd": 1473.70715, "Speed_MFD": 24.0}