{"Interferences": 89, "Mass": 3.059617105331404, "Batt_amps_ratio_MFD": 0.404764205, "Batt_amps_ratio_MxSpd": 0.404764205, "Distance_MxSpd": 758.960388, "Max_Distance": 758.960388, "Hover_Time": 96.0449677, "Max_Speed": 8.0, "Max_uc_at_MFD": 0.999991, "Mot_amps_ratio_MFD": 0.186548933, "Mot_amps_ratio_MxSpd": 0.186548933, "Mot_power_ratio_MFD": 0.0862788782, "Mot_power_ratio_MxSpd": 0.0862788782, "Power_MFD": 448.742554, "Power_MxSpd": 448.742554, "Speed_MFD": 8.0}