{"Interferences": 88, "Mass": 7.170048096430574, "Batt_amps_ratio_MFD": 0.379747391, "Batt_amps_ratio_MxSpd": 0.379747391, "Distance_MxSpd": 3033.59546, "Max_Distance": 3033.59546, "Hover_Time": 132.169815, "Max_Speed": 30.0, "Max_uc_at_MFD": 0.587290287, "Mot_amps_ratio_MFD": 0.824802697, "Mot_amps_ratio_MxSpd": 0.824802697, "Mot_power_ratio_MFD": 0.762942493, "Mot_power_ratio_MxSpd": 0.762942493, "Power_MFD": 1972.19727, "Power_MxSpd": 1972.19727, "Speed_MFD": 30.0}