{"Interferences": 8, "Mass": 5.972426822859903, "Batt_amps_ratio_MFD": 0.550439894, "Batt_amps_ratio_MxSpd": 0.880177915, "Distance_MxSpd": 1614.21912, "Max_Distance": 1883.58447, "Hover_Time": 68.605072, "Max_Speed": 37.0, "Max_uc_at_MFD": 0.759444177, "Mot_amps_ratio_MFD": 0.788392186, "Mot_amps_ratio_MxSpd": 0.975384414, "Mot_power_ratio_MFD": 0.729262829, "Mot_power_ratio_MxSpd": 0.732187629, "Power_MFD": 2931.87915, "Power_MxSpd": 5702.37109, "Speed_MFD": 27.0}