{"Interferences": 25, "Mass": 6.028014288323237, "Batt_amps_ratio_MFD": 0.311137795, "Batt_amps_ratio_MxSpd": 0.311137795, "Distance_MxSpd": 7034.8252, "Max_Distance": 7034.8252, "Hover_Time": 0.0, "Max_Speed": 19.0, "Max_uc_at_MFD": 0.975279987, "Mot_amps_ratio_MFD": 0.956147611, "Mot_amps_ratio_MxSpd": 0.956147611, "Mot_power_ratio_MFD": 0.601416826, "Mot_power_ratio_MxSpd": 0.601416826, "Power_MFD": 1248.11169, "Power_MxSpd": 1248.11169, "Speed_MFD": 19.0}