{"Interferences": 5, "Mass": 3.598051972989932, "Batt_amps_ratio_MFD": 0.414384902, "Batt_amps_ratio_MxSpd": 0.414384902, "Distance_MxSpd": 2038.68433, "Max_Distance": 2038.68433, "Hover_Time": 135.114471, "Max_Speed": 22.0, "Max_uc_at_MFD": 0.977209985, "Mot_amps_ratio_MFD": 0.530448139, "Mot_amps_ratio_MxSpd": 0.530448139, "Mot_power_ratio_MFD": 0.273370236, "Mot_power_ratio_MxSpd": 0.273370236, "Power_MFD": 767.202881, "Power_MxSpd": 767.202881, "Speed_MFD": 22.0}