{"Interferences": 7, "Mass": 5.71680890691905, "Batt_amps_ratio_MFD": 0.505737245, "Batt_amps_ratio_MxSpd": 0.612618804, "Distance_MxSpd": 1128.271, "Max_Distance": 1138.93127, "Hover_Time": 0.0, "Max_Speed": 6.0, "Max_uc_at_MFD": 0.999738872, "Mot_amps_ratio_MFD": 0.733471215, "Mot_amps_ratio_MxSpd": 0.766576529, "Mot_power_ratio_MFD": 0.452307254, "Mot_power_ratio_MxSpd": 0.511571407, "Power_MFD": 1559.40112, "Power_MxSpd": 1973.44031, "Speed_MFD": 5.0}