{"Interferences": 4, "Mass": 5.334713783305367, "Batt_amps_ratio_MFD": 4.00483799, "Batt_amps_ratio_MxSpd": 4.00483799, "Distance_MxSpd": 230.121674, "Max_Distance": 230.121674, "Hover_Time": 0.0, "Max_Speed": 24.0, "Max_uc_at_MFD": 0.661835253, "Mot_amps_ratio_MFD": 0.990496159, "Mot_amps_ratio_MxSpd": 0.990496159, "Mot_power_ratio_MFD": 0.623022079, "Mot_power_ratio_MxSpd": 0.623022079, "Power_MFD": 2598.22949, "Power_MxSpd": 2598.22949, "Speed_MFD": 24.0}