{"Interferences": 17, "Mass": 3.7912961574932487, "Batt_amps_ratio_MFD": 0.912214816, "Batt_amps_ratio_MxSpd": 0.912214816, "Distance_MxSpd": 799.811646, "Max_Distance": 799.811646, "Hover_Time": 54.02005, "Max_Speed": 19.0, "Max_uc_at_MFD": 0.992589533, "Mot_amps_ratio_MFD": 0.627126396, "Mot_amps_ratio_MxSpd": 0.627126396, "Mot_power_ratio_MFD": 0.232036769, "Mot_power_ratio_MxSpd": 0.232036769, "Power_MFD": 675.319214, "Power_MxSpd": 675.319214, "Speed_MFD": 19.0}