{"Interferences": 33, "Mass": 6.635664830659949, "Batt_amps_ratio_MFD": 0.942279339, "Batt_amps_ratio_MxSpd": 1.45649445, "Distance_MxSpd": 316.376068, "Max_Distance": 448.274719, "Hover_Time": 0.0, "Max_Speed": 12.0, "Max_uc_at_MFD": 0.977881312, "Mot_amps_ratio_MFD": 0.673583269, "Mot_amps_ratio_MxSpd": 0.90215975, "Mot_power_ratio_MFD": 0.44951275, "Mot_power_ratio_MxSpd": 0.534078598, "Power_MFD": 1703.09473, "Power_MxSpd": 2718.94702, "Speed_MFD": 11.0}