{"Interferences": 83, "Mass": 4.993335213757259, "Batt_amps_ratio_MFD": 0.273770243, "Batt_amps_ratio_MxSpd": 0.335014135, "Distance_MxSpd": 4011.77075, "Max_Distance": 4207.9082, "Hover_Time": 209.575211, "Max_Speed": 35.0, "Max_uc_at_MFD": 0.958474338, "Mot_amps_ratio_MFD": 0.90914923, "Mot_amps_ratio_MxSpd": 0.909492612, "Mot_power_ratio_MFD": 0.682005942, "Mot_power_ratio_MxSpd": 0.682263494, "Power_MFD": 1488.03772, "Power_MxSpd": 1971.1073, "Speed_MFD": 30.0}