{"Interferences": 11, "Mass": 11.030806256400147, "Batt_amps_ratio_MFD": 2.11411071, "Batt_amps_ratio_MxSpd": 2.11411071, "Distance_MxSpd": 9808.37988, "Max_Distance": 9808.37988, "Hover_Time": 322.545715, "Max_Speed": 36.0, "Max_uc_at_MFD": 0.712325931, "Mot_amps_ratio_MFD": 0.964249372, "Mot_amps_ratio_MxSpd": 0.964249372, "Mot_power_ratio_MFD": 0.944397211, "Mot_power_ratio_MxSpd": 0.944397211, "Power_MFD": 4286.65332, "Power_MxSpd": 4286.65332, "Speed_MFD": 36.0}