{"Interferences": 0, "Mass": 8.394254034956539, "Batt_amps_ratio_MFD": 1.59861493, "Batt_amps_ratio_MxSpd": 1.59861493, "Distance_MxSpd": 10088.7334, "Max_Distance": 10088.7334, "Hover_Time": 505.855011, "Max_Speed": 28.0, "Max_uc_at_MFD": 0.709524393, "Mot_amps_ratio_MFD": 0.965186894, "Mot_amps_ratio_MxSpd": 0.965186894, "Mot_power_ratio_MFD": 0.726344049, "Mot_power_ratio_MxSpd": 0.726344049, "Power_MFD": 2151.48462, "Power_MxSpd": 2151.48462, "Speed_MFD": 28.0}