{"Interferences": 32, "Mass": 7.856728558519323, "Batt_amps_ratio_MFD": 0.323969483, "Batt_amps_ratio_MxSpd": 0.323969483, "Distance_MxSpd": 592.648376, "Max_Distance": 592.648376, "Hover_Time": 295.306671, "Max_Speed": 2.0, "Max_uc_at_MFD": 0.889799833, "Mot_amps_ratio_MFD": 0.56642735, "Mot_amps_ratio_MxSpd": 0.56642735, "Mot_power_ratio_MFD": 0.523945272, "Mot_power_ratio_MxSpd": 0.523945272, "Power_MFD": 1740.43604, "Power_MxSpd": 1740.43604, "Speed_MFD": 2.0}