{"Interferences": 2, "Mass": 10.420356115363322, "Batt_amps_ratio_MFD": 1.60917187, "Batt_amps_ratio_MxSpd": 1.60917187, "Distance_MxSpd": 7158.96191, "Max_Distance": 7158.96191, "Hover_Time": 0.0, "Max_Speed": 20.0, "Max_uc_at_MFD": 0.99992311, "Mot_amps_ratio_MFD": 0.825427115, "Mot_amps_ratio_MxSpd": 0.825427115, "Mot_power_ratio_MFD": 0.827186644, "Mot_power_ratio_MxSpd": 0.827186644, "Power_MFD": 4832.92822, "Power_MxSpd": 4832.92822, "Speed_MFD": 20.0}