{"Interferences": 12, "Mass": 12.690238050870208, "Batt_amps_ratio_MFD": 0.286401391, "Batt_amps_ratio_MxSpd": 0.286401391, "Distance_MxSpd": 8044.65332, "Max_Distance": 8044.65332, "Hover_Time": 423.121552, "Max_Speed": 20.0, "Max_uc_at_MFD": 0.551200151, "Mot_amps_ratio_MFD": 0.975550294, "Mot_amps_ratio_MxSpd": 0.975550294, "Mot_power_ratio_MFD": 0.733013451, "Mot_power_ratio_MxSpd": 0.733013451, "Power_MFD": 2369.89722, "Power_MxSpd": 2369.89722, "Speed_MFD": 20.0}