{"Interferences": 6, "Mass": 3.544242693834378, "Batt_amps_ratio_MFD": 0.25493589, "Batt_amps_ratio_MxSpd": 0.25493589, "Distance_MxSpd": 3012.52222, "Max_Distance": 3012.52222, "Hover_Time": 0.0, "Max_Speed": 20.0, "Max_uc_at_MFD": 1.0, "Mot_amps_ratio_MFD": 0.417758077, "Mot_amps_ratio_MxSpd": 0.417758077, "Mot_power_ratio_MFD": 0.257617474, "Mot_power_ratio_MxSpd": 0.257617474, "Power_MFD": 783.405701, "Power_MxSpd": 783.405701, "Speed_MFD": 20.0}