{
  "generator_version":"UAV2_gen12",
  "name":"design_7917_ce6cc1c572324dbe9371f090f1b63809_s",
  "hub":{
    "node_type":"ConnectedHub4_2_2",
    "frontSegment":{
      "node_type":"AngledWingArm",
      "arm1Length":72.34968439626454,
      "arm2Length":195.65605261835591,
      "wing":{
        "wingType":"Wing_vert_hole",
        "nacaProfile":"6321",
        "span":1846.6982380455343,
        "chordInner":120.86838737390293,
        "chordOuter":105.40256262012637,
        "taperOffset":false,
        "aileronBias":0.2581366561195543,
        "flapBias":0.7104436202125851,
        "load":410.52642360205436,
        "tubeOffset":57.90172511036261,
        "tubeRot":241.2915781220166
      },
      "servo":{
        "servoType":"Hitec_HS_65HB"
      }
    },
    "rearSegment":{
      "node_type":"DoubleBendSegment",
      "angle":-113.63795871383596,
      "arm1Length":241.99903229144124,
      "arm2Length":295.24696231950446,
      "mainSegment":{
        "node_type":"PropArm",
        "armLength":109.17748694336147,
        "motor":{
          "motorType":"kde_direct_KDE600XF_530_G3"
        },
        "prop":{
          "propType":"apc_propellers_19x8E"
        },
        "flange":{
          "offset":-38.14239850591117,
          "angle":0.0
        }
      }
    }
  },
  "fuselageWithComponents":{
    "node_type":"SingleBatteryFuselageWithComponents",
    "battery":{
      "batteryType":"TattuPro25C22000mAh12S1P"
    },
    "fuselage":{
      "length":238.0,
      "vertDiameter":261.0,
      "horzDiameter":461.4,
      "floorHeight":43.5,
      "batteryX":0.0,
      "batteryY":6.0,
      "rpmX":0.0,
      "rpmY":-143.8,
      "autoPilotX":0.0,
      "autoPilotY":87.5,
      "currentX":0.0,
      "currentY":-123.65,
      "voltageX":0.0,
      "voltageY":141.3,
      "gpsX":0.0,
      "gpsY":-83.5,
      "varioX":0.0,
      "varioY":119.65
    }
  }
}