{"Interferences": 13, "Mass": 3.5688833909061946, "Batt_amps_ratio_MFD": 0.220891833, "Batt_amps_ratio_MxSpd": 0.220891833, "Distance_MxSpd": 4172.17773, "Max_Distance": 4172.17773, "Hover_Time": 256.998322, "Max_Speed": 24.0, "Max_uc_at_MFD": 0.971563101, "Mot_amps_ratio_MFD": 0.456674218, "Mot_amps_ratio_MxSpd": 0.456674218, "Mot_power_ratio_MFD": 0.223636061, "Mot_power_ratio_MxSpd": 0.223636061, "Power_MFD": 881.626038, "Power_MxSpd": 881.626038, "Speed_MFD": 24.0}