{
  "generator_version":"UAV2_gen12",
  "name":"design_1044_3f08bafc1bc74d3cb19401a5f188db7d_s",
  "hub":{
    "node_type":"ConnectedHub2_Sym_Wide",
    "mainSegment":{
      "node_type":"BranchWithTopSegment_Asym",
      "armLength":108.959468494015,
      "angle":120.0,
      "leftSegment":{
        "node_type":"AngledPropArm",
        "armLength":88.54253090366137,
        "motor":{
          "motorType":"t_motor_AntigravityMN5008KV340"
        },
        "prop":{
          "propType":"apc_propellers_15x10E"
        }
      },
      "rightSegment":{
        "node_type":"WingArm",
        "armLength":353.99675815703506,
        "wing":{
          "wingType":"Wing_vert_hole",
          "nacaProfile":"2309",
          "span":1758.112060644185,
          "chordInner":286.74777783087984,
          "chordOuter":105.94566926436723,
          "taperOffset":false,
          "aileronBias":0.8380889931448424,
          "flapBias":0.5323016386761185,
          "load":960.2360616806998,
          "tubeOffset":23.155074767871888,
          "tubeRot":270.0
        },
        "servo":{
          "servoType":"Hitec_HS_5496MH"
        }
      },
      "topSegment":{
        "node_type":"AngledWingArm",
        "arm1Length":338.255797594575,
        "arm2Length":137.13919669300424,
        "wing":{
          "wingType":"Wing_horiz_hole",
          "nacaProfile":"4321",
          "span":1075.9470814034494,
          "chordInner":497.6084365753811,
          "chordOuter":150.56219050633942,
          "taperOffset":true,
          "aileronBias":0.6838939489029002,
          "flapBias":0.7671174925225109,
          "load":351.5652385610016,
          "tubeOffset":31.893431308647067,
          "tubeRot":270.0
        },
        "servo":{
          "servoType":"Hitec_HS_53"
        }
      }
    }
  },
  "fuselageWithComponents":{
    "node_type":"SingleBatteryFuselageWithComponents",
    "battery":{
      "batteryType":"TurnigyGraphene1400mAh4S75C"
    },
    "fuselage":{
      "length":90.0,
      "vertDiameter":52.5,
      "horzDiameter":333.9,
      "floorHeight":8.75,
      "batteryX":0.0,
      "batteryY":6.0,
      "rpmX":0.0,
      "rpmY":-101.3,
      "autoPilotX":0.0,
      "autoPilotY":45.0,
      "currentX":0.0,
      "currentY":-81.15,
      "voltageX":0.0,
      "voltageY":98.8,
      "gpsX":0.0,
      "gpsY":-41.0,
      "varioX":0.0,
      "varioY":77.15
    }
  }
}