{"Interferences": 3, "Mass": 5.494901546443933, "Batt_amps_ratio_MFD": 0.892006338, "Batt_amps_ratio_MxSpd": 0.892006338, "Distance_MxSpd": 990.127502, "Max_Distance": 990.127502, "Hover_Time": 60.494072, "Max_Speed": 23.0, "Max_uc_at_MFD": 0.99999404, "Mot_amps_ratio_MFD": 0.21908471, "Mot_amps_ratio_MxSpd": 0.21908471, "Mot_power_ratio_MFD": 0.135102227, "Mot_power_ratio_MxSpd": 0.135102227, "Power_MFD": 1461.46899, "Power_MxSpd": 1461.46899, "Speed_MFD": 23.0}