{"Interferences": 36, "Mass": 3.8596254445101663, "Batt_amps_ratio_MFD": 0.286636889, "Batt_amps_ratio_MxSpd": 0.286636889, "Distance_MxSpd": 3483.15234, "Max_Distance": 3483.15234, "Hover_Time": 0.0, "Max_Speed": 26.0, "Max_uc_at_MFD": 0.991899073, "Mot_amps_ratio_MFD": 0.506018877, "Mot_amps_ratio_MxSpd": 0.506018877, "Mot_power_ratio_MFD": 0.238714412, "Mot_power_ratio_MxSpd": 0.238714412, "Power_MFD": 1015.22546, "Power_MxSpd": 1015.22546, "Speed_MFD": 26.0}