{"Interferences": 13, "Mass": 5.506130776758613, "Batt_amps_ratio_MFD": 0.583595574, "Batt_amps_ratio_MxSpd": 0.583595574, "Distance_MxSpd": 3355.74854, "Max_Distance": 3355.74854, "Hover_Time": 160.898483, "Max_Speed": 17.0, "Max_uc_at_MFD": 0.902556658, "Mot_amps_ratio_MFD": 0.472322136, "Mot_amps_ratio_MxSpd": 0.472322136, "Mot_power_ratio_MFD": 0.349518389, "Mot_power_ratio_MxSpd": 0.349518389, "Power_MFD": 1125.8324, "Power_MxSpd": 1125.8324, "Speed_MFD": 17.0}