{"Interferences": 16, "Mass": 5.3174770141406285, "Batt_amps_ratio_MFD": 0.508932769, "Batt_amps_ratio_MxSpd": 0.861702681, "Distance_MxSpd": 4812.79688, "Max_Distance": 5658.90039, "Hover_Time": 326.356232, "Max_Speed": 36.0, "Max_uc_at_MFD": 0.901728332, "Mot_amps_ratio_MFD": 0.741089225, "Mot_amps_ratio_MxSpd": 0.686206639, "Mot_power_ratio_MFD": 0.494562536, "Mot_power_ratio_MxSpd": 0.457936853, "Power_MFD": 1451.92468, "Power_MxSpd": 2898.67603, "Speed_MFD": 25.0}