{"Interferences": 16, "Mass": 4.686952589878589, "Batt_amps_ratio_MFD": 0.271781564, "Batt_amps_ratio_MxSpd": 0.477185339, "Distance_MxSpd": 3218.875, "Max_Distance": 3814.82837, "Hover_Time": 216.948105, "Max_Speed": 40.0, "Max_uc_at_MFD": 0.81657058, "Mot_amps_ratio_MFD": 0.859680712, "Mot_amps_ratio_MxSpd": 0.904379249, "Mot_power_ratio_MFD": 0.636163712, "Mot_power_ratio_MxSpd": 0.669240654, "Power_MFD": 1507.38, "Power_MxSpd": 3717.37061, "Speed_MFD": 27.0}