{"Interferences": 8, "Mass": 6.204195977775467, "Batt_amps_ratio_MFD": 1.6894474, "Batt_amps_ratio_MxSpd": 1.6894474, "Distance_MxSpd": 795.526367, "Max_Distance": 795.526367, "Hover_Time": 35.8656693, "Max_Speed": 35.0, "Max_uc_at_MFD": 0.998588145, "Mot_amps_ratio_MFD": 0.178262904, "Mot_amps_ratio_MxSpd": 0.178262904, "Mot_power_ratio_MFD": 0.0764536038, "Mot_power_ratio_MxSpd": 0.0764536038, "Power_MFD": 2626.67017, "Power_MxSpd": 2626.67017, "Speed_MFD": 35.0}