{"Interferences": 16, "Mass": 8.257785669148934, "Batt_amps_ratio_MFD": 1.62901545, "Batt_amps_ratio_MxSpd": 1.62901545, "Distance_MxSpd": 282.870239, "Max_Distance": 282.870239, "Hover_Time": 19.4417019, "Max_Speed": 12.0, "Max_uc_at_MFD": 0.99503243, "Mot_amps_ratio_MFD": 0.654599011, "Mot_amps_ratio_MxSpd": 0.654599011, "Mot_power_ratio_MFD": 0.245526478, "Mot_power_ratio_MxSpd": 0.245526478, "Power_MFD": 1035.46545, "Power_MxSpd": 1035.46545, "Speed_MFD": 12.0}