{"Interferences": 28, "Mass": 11.4623315649405, "Batt_amps_ratio_MFD": 0.29564926, "Batt_amps_ratio_MxSpd": 0.29564926, "Distance_MxSpd": 4221.21826, "Max_Distance": 4221.21826, "Hover_Time": 0.0, "Max_Speed": 13.0, "Max_uc_at_MFD": 0.646758318, "Mot_amps_ratio_MFD": 0.785775959, "Mot_amps_ratio_MxSpd": 0.785775959, "Mot_power_ratio_MFD": 0.969123662, "Mot_power_ratio_MxSpd": 0.969123662, "Power_MFD": 1980.13586, "Power_MxSpd": 1980.13586, "Speed_MFD": 13.0}