{"Interferences": 14, "Mass": 5.357237168424673, "Batt_amps_ratio_MFD": 0.298033148, "Batt_amps_ratio_MxSpd": 0.298033148, "Distance_MxSpd": 1159.60254, "Max_Distance": 1159.60254, "Hover_Time": 0.0, "Max_Speed": 9.0, "Max_uc_at_MFD": 0.998922169, "Mot_amps_ratio_MFD": 0.853211462, "Mot_amps_ratio_MxSpd": 0.853211462, "Mot_power_ratio_MFD": 0.633914948, "Mot_power_ratio_MxSpd": 0.633914948, "Power_MFD": 1023.24084, "Power_MxSpd": 1023.24084, "Speed_MFD": 9.0}