{"Interferences": 54, "Mass": 5.008089603749471, "Batt_amps_ratio_MFD": 0.328716159, "Batt_amps_ratio_MxSpd": 0.328716159, "Distance_MxSpd": 2569.99829, "Max_Distance": 2569.99829, "Hover_Time": 122.427864, "Max_Speed": 22.0, "Max_uc_at_MFD": 0.905584335, "Mot_amps_ratio_MFD": 0.996203661, "Mot_amps_ratio_MxSpd": 0.996203661, "Mot_power_ratio_MFD": 0.491460472, "Mot_power_ratio_MxSpd": 0.491460472, "Power_MFD": 1130.43896, "Power_MxSpd": 1130.43896, "Speed_MFD": 22.0}