{"Interferences": 10, "Mass": 3.018667567309674, "Batt_amps_ratio_MFD": 0.624538124, "Batt_amps_ratio_MxSpd": 0.624538124, "Distance_MxSpd": 1475.65051, "Max_Distance": 1475.65051, "Hover_Time": 0.0, "Max_Speed": 24.0, "Max_uc_at_MFD": 0.930660844, "Mot_amps_ratio_MFD": 0.649255991, "Mot_amps_ratio_MxSpd": 0.649255991, "Mot_power_ratio_MFD": 0.320299625, "Mot_power_ratio_MxSpd": 0.320299625, "Power_MFD": 843.292786, "Power_MxSpd": 843.292786, "Speed_MFD": 24.0}