{"Interferences": 31, "Mass": 10.36863491399384, "Batt_amps_ratio_MFD": 0.389137268, "Batt_amps_ratio_MxSpd": 0.389137268, "Distance_MxSpd": 7894.38672, "Max_Distance": 7894.38672, "Hover_Time": 269.38916, "Max_Speed": 32.0, "Max_uc_at_MFD": 0.911608458, "Mot_amps_ratio_MFD": 0.914727569, "Mot_amps_ratio_MxSpd": 0.914727569, "Mot_power_ratio_MFD": 0.67689836, "Mot_power_ratio_MxSpd": 0.67689836, "Power_MFD": 3043.54639, "Power_MxSpd": 3043.54639, "Speed_MFD": 32.0}