{"Interferences": 47, "Mass": 7.677785633557454, "Batt_amps_ratio_MFD": 0.581074536, "Batt_amps_ratio_MxSpd": 0.805611074, "Distance_MxSpd": 2001.95862, "Max_Distance": 2180.78735, "Hover_Time": 89.7648849, "Max_Speed": 42.0, "Max_uc_at_MFD": 0.48411417, "Mot_amps_ratio_MFD": 0.855264604, "Mot_amps_ratio_MxSpd": 0.940321863, "Mot_power_ratio_MFD": 0.427873224, "Mot_power_ratio_MxSpd": 0.470425814, "Power_MFD": 2478.96875, "Power_MxSpd": 4190.72754, "Speed_MFD": 33.0}