{"Interferences": 13, "Mass": 3.46650396274072, "Batt_amps_ratio_MFD": 1.07175803, "Batt_amps_ratio_MxSpd": 1.87465274, "Distance_MxSpd": 798.867981, "Max_Distance": 895.724548, "Hover_Time": 55.8291817, "Max_Speed": 39.0, "Max_uc_at_MFD": 0.473381341, "Mot_amps_ratio_MFD": 0.549691081, "Mot_amps_ratio_MxSpd": 0.98120755, "Mot_power_ratio_MFD": 0.413029432, "Mot_power_ratio_MxSpd": 0.737264276, "Power_MFD": 842.102051, "Power_MxSpd": 2389.21631, "Speed_MFD": 25.0}