{"Interferences": 9, "Mass": 4.610471068517603, "Batt_amps_ratio_MFD": 0.566287994, "Batt_amps_ratio_MxSpd": 0.755325735, "Distance_MxSpd": 1474.33081, "Max_Distance": 1627.44055, "Hover_Time": 103.336151, "Max_Speed": 29.0, "Max_uc_at_MFD": 0.952925146, "Mot_amps_ratio_MFD": 0.554942548, "Mot_amps_ratio_MxSpd": 0.514114738, "Mot_power_ratio_MFD": 0.277471274, "Mot_power_ratio_MxSpd": 0.257057369, "Power_MFD": 1184.94775, "Power_MxSpd": 1700.76868, "Speed_MFD": 24.0}