{"Interferences": 6, "Mass": 4.197323872452298, "Batt_amps_ratio_MFD": 0.512921035, "Batt_amps_ratio_MxSpd": 0.512921035, "Distance_MxSpd": 748.653259, "Max_Distance": 748.653259, "Hover_Time": 0.0, "Max_Speed": 10.0, "Max_uc_at_MFD": 0.974715769, "Mot_amps_ratio_MFD": 0.196648732, "Mot_amps_ratio_MxSpd": 0.196648732, "Mot_power_ratio_MFD": 0.0561692901, "Mot_power_ratio_MxSpd": 0.0561692901, "Power_MFD": 579.754578, "Power_MxSpd": 579.754578, "Speed_MFD": 10.0}