{"Interferences": 7, "Mass": 4.721511338932211, "Batt_amps_ratio_MFD": 1.59716177, "Batt_amps_ratio_MxSpd": 1.72741246, "Distance_MxSpd": 733.582764, "Max_Distance": 745.322144, "Hover_Time": 0.0, "Max_Speed": 33.0, "Max_uc_at_MFD": 0.643700063, "Mot_amps_ratio_MFD": 0.509417236, "Mot_amps_ratio_MxSpd": 0.554302692, "Mot_power_ratio_MFD": 0.254681289, "Mot_power_ratio_MxSpd": 0.277121633, "Power_MFD": 1845.87024, "Power_MxSpd": 2111.89673, "Speed_MFD": 31.0}