{"Interferences": 72, "Mass": 7.017997641424338, "Batt_amps_ratio_MFD": 0.553489566, "Batt_amps_ratio_MxSpd": 0.553489566, "Distance_MxSpd": 3989.23486, "Max_Distance": 3989.23486, "Hover_Time": 140.71431, "Max_Speed": 23.0, "Max_uc_at_MFD": 0.786091805, "Mot_amps_ratio_MFD": 0.926988363, "Mot_amps_ratio_MxSpd": 0.926988363, "Mot_power_ratio_MFD": 0.900337458, "Mot_power_ratio_MxSpd": 0.900337458, "Power_MFD": 2070.70801, "Power_MxSpd": 2070.70801, "Speed_MFD": 23.0}