{"Interferences": 8, "Mass": 5.820566502941667, "Batt_amps_ratio_MFD": 0.808876812, "Batt_amps_ratio_MxSpd": 1.1356262, "Distance_MxSpd": 1048.23218, "Max_Distance": 1139.35767, "Hover_Time": 63.9781494, "Max_Speed": 31.0, "Max_uc_at_MFD": 0.864269376, "Mot_amps_ratio_MFD": 0.318710148, "Mot_amps_ratio_MxSpd": 0.328562349, "Mot_power_ratio_MFD": 0.106225327, "Mot_power_ratio_MxSpd": 0.109509036, "Power_MFD": 1462.12976, "Power_MxSpd": 2504.52319, "Speed_MFD": 24.0}