{"Interferences": 17, "Mass": 6.037822705972327, "Batt_amps_ratio_MFD": 1.82788301, "Batt_amps_ratio_MxSpd": 1.91941941, "Distance_MxSpd": 440.133087, "Max_Distance": 441.166107, "Hover_Time": 0.0, "Max_Speed": 22.0, "Max_uc_at_MFD": 0.83014369, "Mot_amps_ratio_MFD": 0.862624347, "Mot_amps_ratio_MxSpd": 0.991052568, "Mot_power_ratio_MFD": 0.432108432, "Mot_power_ratio_MxSpd": 0.496441096, "Power_MFD": 1505.67749, "Power_MxSpd": 1742.77295, "Speed_MFD": 21.0}