{"Interferences": 24, "Mass": 8.03562473937289, "Batt_amps_ratio_MFD": 0.632435977, "Batt_amps_ratio_MxSpd": 0.632435977, "Distance_MxSpd": 2003.68115, "Max_Distance": 2003.68115, "Hover_Time": 161.114395, "Max_Speed": 11.0, "Max_uc_at_MFD": 0.807615697, "Mot_amps_ratio_MFD": 0.454569668, "Mot_amps_ratio_MxSpd": 0.454569668, "Mot_power_ratio_MFD": 0.440477997, "Mot_power_ratio_MxSpd": 0.440477997, "Power_MFD": 809.191101, "Power_MxSpd": 809.191101, "Speed_MFD": 11.0}