{"Interferences": 7, "Mass": 4.730180180696501, "Batt_amps_ratio_MFD": 2.41393995, "Batt_amps_ratio_MxSpd": 2.41393995, "Distance_MxSpd": 334.059692, "Max_Distance": 334.059692, "Hover_Time": 16.0795765, "Max_Speed": 21.0, "Max_uc_at_MFD": 0.999927163, "Mot_amps_ratio_MFD": 0.813573658, "Mot_amps_ratio_MxSpd": 0.813573658, "Mot_power_ratio_MFD": 0.401362985, "Mot_power_ratio_MxSpd": 0.401362985, "Power_MFD": 2309.59644, "Power_MxSpd": 2309.59644, "Speed_MFD": 21.0}