{"Interferences": 7, "Mass": 4.628658598543256, "Batt_amps_ratio_MFD": 0.711693943, "Batt_amps_ratio_MxSpd": 0.711693943, "Distance_MxSpd": 863.29248, "Max_Distance": 863.29248, "Hover_Time": 60.3527336, "Max_Speed": 16.0, "Max_uc_at_MFD": 0.996997893, "Mot_amps_ratio_MFD": 0.49595052, "Mot_amps_ratio_MxSpd": 0.49595052, "Mot_power_ratio_MFD": 0.186020732, "Mot_power_ratio_MxSpd": 0.186020732, "Power_MFD": 806.094116, "Power_MxSpd": 806.094116, "Speed_MFD": 16.0}