{"Interferences": 0, "Mass": 4.8225787401870095, "Batt_amps_ratio_MFD": 0.526049852, "Batt_amps_ratio_MxSpd": 0.741212964, "Distance_MxSpd": 1968.66492, "Max_Distance": 2189.90649, "Hover_Time": 110.189354, "Max_Speed": 38.0, "Max_uc_at_MFD": 1.0, "Mot_amps_ratio_MFD": 0.544890881, "Mot_amps_ratio_MxSpd": 0.476828873, "Mot_power_ratio_MFD": 0.270827919, "Mot_power_ratio_MxSpd": 0.23699896, "Power_MFD": 2447.02271, "Power_MxSpd": 3863.21753, "Speed_MFD": 30.0}