{"Interferences": 38, "Mass": 7.839692935844225, "Batt_amps_ratio_MFD": 1.05337727, "Batt_amps_ratio_MxSpd": 1.59459674, "Distance_MxSpd": 1517.12341, "Max_Distance": 1749.80042, "Hover_Time": 0.0, "Max_Speed": 21.0, "Max_uc_at_MFD": 0.536609888, "Mot_amps_ratio_MFD": 0.824446619, "Mot_amps_ratio_MxSpd": 0.987140775, "Mot_power_ratio_MFD": 0.813454032, "Mot_power_ratio_MxSpd": 0.88393259, "Power_MFD": 1487.39404, "Power_MxSpd": 2632.61548, "Speed_MFD": 16.0}