{"Interferences": 2, "Mass": 2.5606637478783143, "Batt_amps_ratio_MFD": 0.382746756, "Batt_amps_ratio_MxSpd": 0.382746756, "Distance_MxSpd": 0.0, "Max_Distance": 0.0, "Hover_Time": 100.327438, "Max_Speed": 0.0, "Max_uc_at_MFD": 0.574754357, "Mot_amps_ratio_MFD": 0.291078061, "Mot_amps_ratio_MxSpd": 0.291078061, "Mot_power_ratio_MFD": 0.179498136, "Mot_power_ratio_MxSpd": 0.179498136, "Power_MFD": 391.400574, "Power_MxSpd": 391.400574, "Speed_MFD": 0.0}