{"Interferences": 25, "Mass": 4.320686059463596, "Batt_amps_ratio_MFD": 0.530257106, "Batt_amps_ratio_MxSpd": 0.616570473, "Distance_MxSpd": 1806.11951, "Max_Distance": 1882.86011, "Hover_Time": 0.0, "Max_Speed": 29.0, "Max_uc_at_MFD": 0.872463048, "Mot_amps_ratio_MFD": 0.715872824, "Mot_amps_ratio_MxSpd": 0.838152766, "Mot_power_ratio_MFD": 0.467422843, "Mot_power_ratio_MxSpd": 0.547264457, "Power_MFD": 1321.14978, "Power_MxSpd": 1708.05103, "Speed_MFD": 26.0}