{"Interferences": 24, "Mass": 5.470808424341145, "Batt_amps_ratio_MFD": 1.0947082, "Batt_amps_ratio_MxSpd": 1.0947082, "Distance_MxSpd": 596.323303, "Max_Distance": 596.323303, "Hover_Time": 0.0, "Max_Speed": 17.0, "Max_uc_at_MFD": 0.999999881, "Mot_amps_ratio_MFD": 0.241966382, "Mot_amps_ratio_MxSpd": 0.241966382, "Mot_power_ratio_MFD": 0.111909449, "Mot_power_ratio_MxSpd": 0.111909449, "Power_MFD": 1133.104, "Power_MxSpd": 1133.104, "Speed_MFD": 17.0}