{"Interferences": 2, "Mass": 3.598622043353922, "Batt_amps_ratio_MFD": 2.67628431, "Batt_amps_ratio_MxSpd": 2.79671478, "Distance_MxSpd": 370.720673, "Max_Distance": 373.054535, "Hover_Time": 0.0, "Max_Speed": 27.0, "Max_uc_at_MFD": 0.533182323, "Mot_amps_ratio_MFD": 0.869681895, "Mot_amps_ratio_MxSpd": 0.946198761, "Mot_power_ratio_MFD": 0.851776659, "Mot_power_ratio_MxSpd": 0.926718235, "Power_MFD": 2114.07788, "Power_MxSpd": 2269.86182, "Speed_MFD": 26.0}