{"Interferences": 7, "Mass": 4.112645057620685, "Batt_amps_ratio_MFD": 0.871946871, "Batt_amps_ratio_MxSpd": 0.871946871, "Distance_MxSpd": 308.275665, "Max_Distance": 308.275665, "Hover_Time": 0.0, "Max_Speed": 7.0, "Max_uc_at_MFD": 0.960192561, "Mot_amps_ratio_MFD": 0.453368068, "Mot_amps_ratio_MxSpd": 0.453368068, "Mot_power_ratio_MFD": 0.226811737, "Mot_power_ratio_MxSpd": 0.226811737, "Power_MFD": 785.484009, "Power_MxSpd": 785.484009, "Speed_MFD": 7.0}