{"Interferences": 30, "Mass": 6.506494732078757, "Batt_amps_ratio_MFD": 2.02579761, "Batt_amps_ratio_MxSpd": 2.02579761, "Distance_MxSpd": 170.599472, "Max_Distance": 170.599472, "Hover_Time": 21.6989021, "Max_Speed": 9.0, "Max_uc_at_MFD": 0.984446347, "Mot_amps_ratio_MFD": 0.96376586, "Mot_amps_ratio_MxSpd": 0.96376586, "Mot_power_ratio_MFD": 0.475457817, "Mot_power_ratio_MxSpd": 0.475457817, "Power_MFD": 2063.39941, "Power_MxSpd": 2063.39941, "Speed_MFD": 9.0}