{"Interferences": 14, "Mass": 3.693488473101499, "Batt_amps_ratio_MFD": 0.222680137, "Batt_amps_ratio_MxSpd": 0.222680137, "Distance_MxSpd": 1034.66797, "Max_Distance": 1034.66797, "Hover_Time": 0.0, "Max_Speed": 6.0, "Max_uc_at_MFD": 0.973220885, "Mot_amps_ratio_MFD": 0.426303089, "Mot_amps_ratio_MxSpd": 0.426303089, "Mot_power_ratio_MFD": 0.262886912, "Mot_power_ratio_MxSpd": 0.262886912, "Power_MFD": 674.401917, "Power_MxSpd": 674.401917, "Speed_MFD": 6.0}