{"Interferences": 11, "Mass": 7.620111711186037, "Batt_amps_ratio_MFD": 0.428267509, "Batt_amps_ratio_MxSpd": 0.428267509, "Distance_MxSpd": 6276.45117, "Max_Distance": 6276.45117, "Hover_Time": 0.0, "Max_Speed": 28.0, "Max_uc_at_MFD": 0.831323206, "Mot_amps_ratio_MFD": 0.991115928, "Mot_amps_ratio_MxSpd": 0.991115928, "Mot_power_ratio_MFD": 0.9167822, "Mot_power_ratio_MxSpd": 0.9167822, "Power_MFD": 2216.2356, "Power_MxSpd": 2216.2356, "Speed_MFD": 28.0}