{"Interferences": 23, "Mass": 5.762076362459076, "Batt_amps_ratio_MFD": 0.39229998, "Batt_amps_ratio_MxSpd": 0.832070231, "Distance_MxSpd": 2030.5979, "Max_Distance": 2447.10693, "Hover_Time": 124.329506, "Max_Speed": 44.0, "Max_uc_at_MFD": 0.721733272, "Mot_amps_ratio_MFD": 0.68284899, "Mot_amps_ratio_MxSpd": 0.85681206, "Mot_power_ratio_MFD": 0.631635308, "Mot_power_ratio_MxSpd": 0.79255116, "Power_MFD": 1590.12952, "Power_MxSpd": 5094.80225, "Speed_MFD": 25.0}