{"Interferences": 21, "Mass": 16.51196093982572, "Batt_amps_ratio_MFD": 0.967464328, "Batt_amps_ratio_MxSpd": 1.17920208, "Distance_MxSpd": 9769.31738, "Max_Distance": 10121.3037, "Hover_Time": 403.234894, "Max_Speed": 40.0, "Max_uc_at_MFD": 0.700658441, "Mot_amps_ratio_MFD": 0.900854707, "Mot_amps_ratio_MxSpd": 0.859835684, "Mot_power_ratio_MFD": 0.462551445, "Mot_power_ratio_MxSpd": 0.441489905, "Power_MFD": 5108.7207, "Power_MxSpd": 6731.11768, "Speed_MFD": 34.0}