{"Interferences": 7, "Mass": 6.825139344677659, "Batt_amps_ratio_MFD": 3.32570672, "Batt_amps_ratio_MxSpd": 6.03784037, "Distance_MxSpd": 31.7994499, "Max_Distance": 34.6392517, "Hover_Time": 8.80195808, "Max_Speed": 5.0, "Max_uc_at_MFD": 0.799006104, "Mot_amps_ratio_MFD": 0.489338547, "Mot_amps_ratio_MxSpd": 0.970748961, "Mot_power_ratio_MFD": 0.490381658, "Mot_power_ratio_MxSpd": 0.915901601, "Power_MFD": 2688.24194, "Power_MxSpd": 4417.94043, "Speed_MFD": 3.0}