{
  "generator_version":"UAV2_gen12",
  "name":"design_4635_93342a73685941588c3a80883437dfa5_dw_dl",
  "hub":{
    "node_type":"ConnectedHub4_2_2",
    "frontSegment":{
      "node_type":"PropArm",
      "armLength":131.75806424314655,
      "motor":{
        "motorType":"t_motor_AT4125KV540"
      },
      "prop":{
        "propType":"apc_propellers_18x5_5MR"
      },
      "flange":{
        "offset":-19.2633603378635,
        "angle":270.0
      }
    },
    "rearSegment":{
      "node_type":"AngledWingArm",
      "arm1Length":113.08466042947288,
      "arm2Length":96.40747044244785,
      "wing":{
        "wingType":"Wing_vert_hole",
        "nacaProfile":"2306",
        "span":1728.1393810175357,
        "chordInner":488.55649108791914,
        "chordOuter":142.98702071843366,
        "taperOffset":false,
        "aileronBias":0.6195835802334249,
        "flapBias":0.6121768299617958,
        "load":298.04863662321634,
        "tubeOffset":47.04230922982612,
        "tubeRot":226.52307233414987
      },
      "servo":{
        "servoType":"Hitec_HS_65MG"
      }
    }
  },
  "fuselageWithComponents":{
    "node_type":"DualBatteryFuselageWithComponents",
    "battery":{
      "batteryType":"TattuPlus15C16000mAh12S1PAGRI"
    },
    "fuselage":{
      "length":449.0,
      "vertDiameter":244.5,
      "horzDiameter":420.9,
      "floorHeight":40.75,
      "battery1X":-112.25,
      "battery1Y":6.0,
      "battery2X":113.25,
      "battery2Y":6.0,
      "rpmX":0.0,
      "rpmY":-130.3,
      "autoPilotX":0.0,
      "autoPilotY":74.0,
      "currentX":0.0,
      "currentY":-110.15,
      "voltageX":0.0,
      "voltageY":127.8,
      "gpsX":0.0,
      "gpsY":-70.0,
      "varioX":0.0,
      "varioY":106.15
    }
  }
}