{"Interferences": 12, "Mass": 6.447884154767732, "Batt_amps_ratio_MFD": 0.932396412, "Batt_amps_ratio_MxSpd": 1.33884418, "Distance_MxSpd": 3097.59717, "Max_Distance": 3459.47266, "Hover_Time": 170.334442, "Max_Speed": 36.0, "Max_uc_at_MFD": 0.449159533, "Mot_amps_ratio_MFD": 0.67608428, "Mot_amps_ratio_MxSpd": 0.955951989, "Mot_power_ratio_MFD": 0.625377953, "Mot_power_ratio_MxSpd": 0.884255588, "Power_MFD": 1939.99536, "Power_MxSpd": 3380.23364, "Speed_MFD": 28.0}