{"Interferences": 2, "Mass": 3.889034699755424, "Batt_amps_ratio_MFD": 1.25411189, "Batt_amps_ratio_MxSpd": 1.25411189, "Distance_MxSpd": 612.385559, "Max_Distance": 612.385559, "Hover_Time": 43.3806839, "Max_Speed": 20.0, "Max_uc_at_MFD": 0.985174417, "Mot_amps_ratio_MFD": 0.255177021, "Mot_amps_ratio_MxSpd": 0.255177021, "Mot_power_ratio_MFD": 0.085145615, "Mot_power_ratio_MxSpd": 0.085145615, "Power_MFD": 665.471069, "Power_MxSpd": 665.471069, "Speed_MFD": 20.0}