{"Interferences": 69, "Mass": 5.065006219746149, "Batt_amps_ratio_MFD": 1.33813798, "Batt_amps_ratio_MxSpd": 1.33813798, "Distance_MxSpd": 459.145477, "Max_Distance": 459.145477, "Hover_Time": 30.4866276, "Max_Speed": 16.0, "Max_uc_at_MFD": 0.994368494, "Mot_amps_ratio_MFD": 0.565462649, "Mot_amps_ratio_MxSpd": 0.565462649, "Mot_power_ratio_MFD": 0.274602801, "Mot_power_ratio_MxSpd": 0.274602801, "Power_MFD": 827.242981, "Power_MxSpd": 827.242981, "Speed_MFD": 16.0}