{"Interferences": 19, "Mass": 5.282478850969466, "Batt_amps_ratio_MFD": 0.364075959, "Batt_amps_ratio_MxSpd": 0.364075959, "Distance_MxSpd": 1160.19739, "Max_Distance": 1160.19739, "Hover_Time": 0.0, "Max_Speed": 11.0, "Max_uc_at_MFD": 0.97278744, "Mot_amps_ratio_MFD": 0.337704808, "Mot_amps_ratio_MxSpd": 0.337704808, "Mot_power_ratio_MFD": 0.156188473, "Mot_power_ratio_MxSpd": 0.156188473, "Power_MFD": 600.328125, "Power_MxSpd": 600.328125, "Speed_MFD": 11.0}