{"Interferences": 29, "Mass": 8.621464736797856, "Batt_amps_ratio_MFD": 0.242451072, "Batt_amps_ratio_MxSpd": 0.769586444, "Distance_MxSpd": 4365.98145, "Max_Distance": 7523.16748, "Hover_Time": 0.0, "Max_Speed": 35.0, "Max_uc_at_MFD": 0.967330933, "Mot_amps_ratio_MFD": 0.833991647, "Mot_amps_ratio_MxSpd": 0.853035212, "Mot_power_ratio_MFD": 0.771442235, "Mot_power_ratio_MxSpd": 0.789057553, "Power_MFD": 1229.28967, "Power_MxSpd": 5871.89062, "Speed_MFD": 19.0}