{"Interferences": 27, "Mass": 8.998130396675359, "Batt_amps_ratio_MFD": 0.598342359, "Batt_amps_ratio_MxSpd": 0.598342359, "Distance_MxSpd": 4235.70215, "Max_Distance": 4235.70215, "Hover_Time": 197.982635, "Max_Speed": 22.0, "Max_uc_at_MFD": 0.999965549, "Mot_amps_ratio_MFD": 0.609099567, "Mot_amps_ratio_MxSpd": 0.609099567, "Mot_power_ratio_MFD": 0.302741677, "Mot_power_ratio_MxSpd": 0.302741677, "Power_MFD": 4567.80518, "Power_MxSpd": 4567.80518, "Speed_MFD": 22.0}