{"Interferences": 35, "Mass": 5.69819213873842, "Batt_amps_ratio_MFD": 1.37417102, "Batt_amps_ratio_MxSpd": 1.87218559, "Distance_MxSpd": 574.302063, "Max_Distance": 614.77063, "Hover_Time": 29.9266167, "Max_Speed": 28.0, "Max_uc_at_MFD": 0.969576776, "Mot_amps_ratio_MFD": 0.5027349, "Mot_amps_ratio_MxSpd": 0.790562749, "Mot_power_ratio_MFD": 0.246192217, "Mot_power_ratio_MxSpd": 0.387143224, "Power_MFD": 1225.85132, "Power_MxSpd": 2002.37646, "Speed_MFD": 22.0}