{"Interferences": 13, "Mass": 6.567372626045388, "Batt_amps_ratio_MFD": 0.225432113, "Batt_amps_ratio_MxSpd": 0.225432113, "Distance_MxSpd": 1022.03717, "Max_Distance": 1022.03717, "Hover_Time": 0.0, "Max_Speed": 6.0, "Max_uc_at_MFD": 0.915262997, "Mot_amps_ratio_MFD": 0.984674513, "Mot_amps_ratio_MxSpd": 0.984674513, "Mot_power_ratio_MFD": 0.920411527, "Mot_power_ratio_MxSpd": 0.920411527, "Power_MFD": 1171.00061, "Power_MxSpd": 1171.00061, "Speed_MFD": 6.0}