{"Interferences": 83, "Mass": 3.7509601984542296, "Batt_amps_ratio_MFD": 0.252395749, "Batt_amps_ratio_MxSpd": 0.252395749, "Distance_MxSpd": 3347.12451, "Max_Distance": 3347.12451, "Hover_Time": 209.355682, "Max_Speed": 22.0, "Max_uc_at_MFD": 0.99999994, "Mot_amps_ratio_MFD": 0.522028089, "Mot_amps_ratio_MxSpd": 0.522028089, "Mot_power_ratio_MFD": 0.257533848, "Mot_power_ratio_MxSpd": 0.257533848, "Power_MFD": 761.244568, "Power_MxSpd": 761.244568, "Speed_MFD": 22.0}