{"Interferences": 32, "Mass": 5.949892240633897, "Batt_amps_ratio_MFD": 0.554178417, "Batt_amps_ratio_MxSpd": 0.554178417, "Distance_MxSpd": 415.75058, "Max_Distance": 415.75058, "Hover_Time": 0.0, "Max_Speed": 6.0, "Max_uc_at_MFD": 0.8748312, "Mot_amps_ratio_MFD": 0.879747391, "Mot_amps_ratio_MxSpd": 0.879747391, "Mot_power_ratio_MFD": 0.732587576, "Mot_power_ratio_MxSpd": 0.732587576, "Power_MFD": 2129.20483, "Power_MxSpd": 2129.20483, "Speed_MFD": 6.0}