{
  "generator_version":"UAV2_gen12",
  "name":"design_6344_f60c0e98f0cd448b80616ab09aa4cbec_dw",
  "hub":{
    "node_type":"ConnectedHub6_2_2_2",
    "frontSegment":{
      "node_type":"PropArm",
      "armLength":236.6094205668251,
      "motor":{
        "motorType":"kde_direct_KDE3520XF_400"
      },
      "prop":{
        "propType":"apc_propellers_16x4W"
      },
      "flange":{
        "offset":12.257595991355075,
        "angle":0.0
      }
    },
    "middleSegment":{
      "node_type":"DoubleBendSegment",
      "angle":-39.376368532892656,
      "arm1Length":392.3324004899837,
      "arm2Length":100.35906381981366,
      "mainSegment":{
        "node_type":"AngledWingArm",
        "arm1Length":455.23537583322013,
        "arm2Length":124.72518309364014,
        "wing":{
          "wingType":"Wing_horiz_hole",
          "nacaProfile":"2712",
          "span":586.3387639230561,
          "chordInner":120.26264694697363,
          "chordOuter":56.21010075799223,
          "taperOffset":true,
          "aileronBias":0.6893105024651742,
          "flapBias":0.7195220490905382,
          "load":930.0674175074618,
          "tubeOffset":38.45493510217877,
          "tubeRot":270.0
        },
        "servo":{
          "servoType":"Hitec_HS_5065MG"
        }
      }
    },
    "rearSegment":{
      "node_type":"DoubleBendSegment",
      "angle":-90.0,
      "arm1Length":449.3214563278457,
      "arm2Length":83.88779266339115,
      "mainSegment":{
        "node_type":"PropArm",
        "armLength":287.2049787006215,
        "motor":{
          "motorType":"kde_direct_KDE5215XF_435"
        },
        "prop":{
          "propType":"apc_propellers_17x8"
        },
        "flange":{
          "offset":-36.47848749113179,
          "angle":0.0
        }
      }
    }
  },
  "fuselageWithComponents":{
    "node_type":"DualBatteryFuselageWithComponents",
    "battery":{
      "batteryType":"TurnigyGraphene3000mAh3S75C"
    },
    "fuselage":{
      "length":137.0,
      "vertDiameter":67.5,
      "horzDiameter":366.9,
      "floorHeight":11.25,
      "battery1X":0.0,
      "battery1Y":-7.5,
      "battery2X":0.0,
      "battery2Y":20.5,
      "rpmX":0.0,
      "rpmY":-112.3,
      "autoPilotX":0.0,
      "autoPilotY":56.0,
      "currentX":0.0,
      "currentY":-92.15,
      "voltageX":0.0,
      "voltageY":109.8,
      "gpsX":0.0,
      "gpsY":-52.0,
      "varioX":0.0,
      "varioY":88.15
    }
  }
}