{"Interferences": 12, "Mass": 2.701883406210134, "Batt_amps_ratio_MFD": 0.618273497, "Batt_amps_ratio_MxSpd": 0.77445668, "Distance_MxSpd": 1388.32812, "Max_Distance": 1428.49402, "Hover_Time": 0.0, "Max_Speed": 28.0, "Max_uc_at_MFD": 0.64517647, "Mot_amps_ratio_MFD": 0.630221426, "Mot_amps_ratio_MxSpd": 0.859519422, "Mot_power_ratio_MFD": 0.466363847, "Mot_power_ratio_MxSpd": 0.636044383, "Power_MFD": 695.707214, "Power_MxSpd": 1092.94873, "Speed_MFD": 23.0}