{"Interferences": 46, "Mass": 12.995390273681458, "Batt_amps_ratio_MFD": 0.551534712, "Batt_amps_ratio_MxSpd": 0.551534712, "Distance_MxSpd": 2784.95605, "Max_Distance": 2784.95605, "Hover_Time": 0.0, "Max_Speed": 16.0, "Max_uc_at_MFD": 0.642464459, "Mot_amps_ratio_MFD": 0.842018485, "Mot_amps_ratio_MxSpd": 0.842018485, "Mot_power_ratio_MFD": 0.824682772, "Mot_power_ratio_MxSpd": 0.824682772, "Power_MFD": 2822.2688, "Power_MxSpd": 2822.2688, "Speed_MFD": 16.0}