{"Interferences": 11, "Mass": 5.235093885926523, "Batt_amps_ratio_MFD": 1.03389788, "Batt_amps_ratio_MxSpd": 3.25096393, "Distance_MxSpd": 153.554459, "Max_Distance": 408.550995, "Hover_Time": 13.2380714, "Max_Speed": 13.0, "Max_uc_at_MFD": 0.979986548, "Mot_amps_ratio_MFD": 0.47079283, "Mot_amps_ratio_MxSpd": 0.930357516, "Mot_power_ratio_MFD": 0.232257798, "Mot_power_ratio_MxSpd": 0.607468724, "Power_MFD": 954.807434, "Power_MxSpd": 3286.6875, "Speed_MFD": 11.0}