{"Interferences": 30, "Mass": 8.074331348542861, "Batt_amps_ratio_MFD": 0.615360796, "Batt_amps_ratio_MxSpd": 0.615360796, "Distance_MxSpd": 9048.35059, "Max_Distance": 9048.35059, "Hover_Time": 414.742706, "Max_Speed": 29.0, "Max_uc_at_MFD": 0.657876611, "Mot_amps_ratio_MFD": 0.949210644, "Mot_amps_ratio_MxSpd": 0.949210644, "Mot_power_ratio_MFD": 0.731560647, "Mot_power_ratio_MxSpd": 0.731560647, "Power_MFD": 2059.30225, "Power_MxSpd": 2059.30225, "Speed_MFD": 29.0}