{"Interferences": 13, "Mass": 2.8306624423628963, "Batt_amps_ratio_MFD": 0.609094143, "Batt_amps_ratio_MxSpd": 0.636331499, "Distance_MxSpd": 1448.30164, "Max_Distance": 1450.02209, "Hover_Time": 96.5939407, "Max_Speed": 24.0, "Max_uc_at_MFD": 0.941274405, "Mot_amps_ratio_MFD": 0.337156743, "Mot_amps_ratio_MxSpd": 0.352407098, "Mot_power_ratio_MFD": 0.220143512, "Mot_power_ratio_MxSpd": 0.230101109, "Power_MFD": 700.60376, "Power_MxSpd": 765.381348, "Speed_MFD": 23.0}