{"Interferences": 69, "Mass": 6.438007775876502, "Batt_amps_ratio_MFD": 1.07527053, "Batt_amps_ratio_MxSpd": 1.07527053, "Distance_MxSpd": 749.950745, "Max_Distance": 749.950745, "Hover_Time": 40.7248421, "Max_Speed": 21.0, "Max_uc_at_MFD": 0.998995721, "Mot_amps_ratio_MFD": 0.170815215, "Mot_amps_ratio_MxSpd": 0.170815215, "Mot_power_ratio_MFD": 0.0365927964, "Mot_power_ratio_MxSpd": 0.0365927964, "Power_MFD": 1153.42236, "Power_MxSpd": 1153.42236, "Speed_MFD": 21.0}