{"Interferences": 61, "Mass": 4.265104279984386, "Batt_amps_ratio_MFD": 0.265683383, "Batt_amps_ratio_MxSpd": 0.265683383, "Distance_MxSpd": 3324.25757, "Max_Distance": 3324.25757, "Hover_Time": 175.314224, "Max_Speed": 23.0, "Max_uc_at_MFD": 0.970948577, "Mot_amps_ratio_MFD": 0.57018292, "Mot_amps_ratio_MxSpd": 0.57018292, "Mot_power_ratio_MFD": 0.285381734, "Mot_power_ratio_MxSpd": 0.285381734, "Power_MFD": 903.490906, "Power_MxSpd": 903.490906, "Speed_MFD": 23.0}