{"Interferences": 3, "Mass": 4.433206950416887, "Batt_amps_ratio_MFD": 0.652445972, "Batt_amps_ratio_MxSpd": 0.652445972, "Distance_MxSpd": 58.8554459, "Max_Distance": 58.8554459, "Hover_Time": 0.0, "Max_Speed": 1.0, "Max_uc_at_MFD": 0.975663722, "Mot_amps_ratio_MFD": 0.76820755, "Mot_amps_ratio_MxSpd": 0.76820755, "Mot_power_ratio_MFD": 0.384812891, "Mot_power_ratio_MxSpd": 0.384812891, "Power_MFD": 1252.41797, "Power_MxSpd": 1252.41797, "Speed_MFD": 1.0}