{"Interferences": 12, "Mass": 6.7766504284025055, "Batt_amps_ratio_MFD": 0.597176254, "Batt_amps_ratio_MxSpd": 0.764157057, "Distance_MxSpd": 8291.48926, "Max_Distance": 8680.85449, "Hover_Time": 465.267914, "Max_Speed": 33.0, "Max_uc_at_MFD": 0.939404011, "Mot_amps_ratio_MFD": 0.572229564, "Mot_amps_ratio_MxSpd": 0.543788612, "Mot_power_ratio_MFD": 0.3818748, "Mot_power_ratio_MxSpd": 0.362894863, "Power_MFD": 1798.11279, "Power_MxSpd": 2478.53271, "Speed_MFD": 27.0}