{"Interferences": 8, "Mass": 3.583755265210446, "Batt_amps_ratio_MFD": 0.956669152, "Batt_amps_ratio_MxSpd": 1.0792433, "Distance_MxSpd": 996.253601, "Max_Distance": 1043.62097, "Hover_Time": 65.7662277, "Max_Speed": 28.0, "Max_uc_at_MFD": 0.896679401, "Mot_amps_ratio_MFD": 0.604661107, "Mot_amps_ratio_MxSpd": 0.609027147, "Mot_power_ratio_MFD": 0.403517842, "Mot_power_ratio_MxSpd": 0.406431496, "Power_MFD": 1175.42114, "Power_MxSpd": 1391.65271, "Speed_MFD": 26.0}