{"Interferences": 23, "Mass": 18.300530613290125, "Batt_amps_ratio_MFD": 1.69487381, "Batt_amps_ratio_MxSpd": 1.9340961, "Distance_MxSpd": 4367.93164, "Max_Distance": 4418.02783, "Hover_Time": 147.981125, "Max_Speed": 44.0, "Max_uc_at_MFD": 0.440200865, "Mot_amps_ratio_MFD": 0.951015532, "Mot_amps_ratio_MxSpd": 0.916852117, "Mot_power_ratio_MFD": 0.950913548, "Mot_power_ratio_MxSpd": 0.916753769, "Power_MFD": 6779.9502, "Power_MxSpd": 8192.1543, "Speed_MFD": 39.0}