{"Interferences": 61, "Mass": 6.228244835116305, "Batt_amps_ratio_MFD": 0.320247948, "Batt_amps_ratio_MxSpd": 0.320247948, "Distance_MxSpd": 10072.1963, "Max_Distance": 10072.1963, "Hover_Time": 501.437042, "Max_Speed": 28.0, "Max_uc_at_MFD": 0.901967287, "Mot_amps_ratio_MFD": 0.907487512, "Mot_amps_ratio_MxSpd": 0.907487512, "Mot_power_ratio_MFD": 0.68969053, "Mot_power_ratio_MxSpd": 0.68969053, "Power_MFD": 1649.4248, "Power_MxSpd": 1649.4248, "Speed_MFD": 28.0}