{"Interferences": 41, "Mass": 4.002594183363026, "Batt_amps_ratio_MFD": 0.219203398, "Batt_amps_ratio_MxSpd": 0.219203398, "Distance_MxSpd": 3853.95483, "Max_Distance": 3853.95483, "Hover_Time": 256.647583, "Max_Speed": 22.0, "Max_uc_at_MFD": 0.985006452, "Mot_amps_ratio_MFD": 0.393344402, "Mot_amps_ratio_MxSpd": 0.393344402, "Mot_power_ratio_MFD": 0.145537436, "Mot_power_ratio_MxSpd": 0.145537436, "Power_MFD": 845.965576, "Power_MxSpd": 845.965576, "Speed_MFD": 22.0}