{"Interferences": 43, "Mass": 8.500014444221714, "Batt_amps_ratio_MFD": 0.278773755, "Batt_amps_ratio_MxSpd": 0.278773755, "Distance_MxSpd": 9642.22754, "Max_Distance": 9642.22754, "Hover_Time": 414.246613, "Max_Speed": 28.0, "Max_uc_at_MFD": 0.910304904, "Mot_amps_ratio_MFD": 0.989182413, "Mot_amps_ratio_MxSpd": 0.989182413, "Mot_power_ratio_MFD": 0.914993763, "Mot_power_ratio_MxSpd": 0.914993763, "Power_MFD": 2348.67603, "Power_MxSpd": 2348.67603, "Speed_MFD": 28.0}