{"Interferences": 2, "Mass": 3.97397666764032, "Batt_amps_ratio_MFD": 0.330375791, "Batt_amps_ratio_MxSpd": 0.376054198, "Distance_MxSpd": 2654.93652, "Max_Distance": 2789.55078, "Hover_Time": 184.814957, "Max_Speed": 26.0, "Max_uc_at_MFD": 0.995965183, "Mot_amps_ratio_MFD": 0.476837516, "Mot_amps_ratio_MxSpd": 0.41857174, "Mot_power_ratio_MFD": 0.238553077, "Mot_power_ratio_MxSpd": 0.209403783, "Power_MFD": 1040.32202, "Power_MxSpd": 1174.58728, "Speed_MFD": 24.0}