{"Interferences": 12, "Mass": 8.631722099875194, "Batt_amps_ratio_MFD": 0.551182806, "Batt_amps_ratio_MxSpd": 0.551182806, "Distance_MxSpd": 17242.918, "Max_Distance": 17242.918, "Hover_Time": 727.562683, "Max_Speed": 33.0, "Max_uc_at_MFD": 0.773117065, "Mot_amps_ratio_MFD": 0.929998219, "Mot_amps_ratio_MxSpd": 0.929998219, "Mot_power_ratio_MFD": 0.716350019, "Mot_power_ratio_MxSpd": 0.716350019, "Power_MFD": 2621.12793, "Power_MxSpd": 2621.12793, "Speed_MFD": 33.0}