{"Interferences": 54, "Mass": 2.8727077868838524, "Batt_amps_ratio_MFD": 1.04432583, "Batt_amps_ratio_MxSpd": 1.26535559, "Distance_MxSpd": 971.110413, "Max_Distance": 992.793579, "Hover_Time": 52.4116096, "Max_Speed": 32.0, "Max_uc_at_MFD": 0.757556558, "Mot_amps_ratio_MFD": 0.520390511, "Mot_amps_ratio_MxSpd": 0.789057314, "Mot_power_ratio_MFD": 0.535845518, "Mot_power_ratio_MxSpd": 0.812491417, "Power_MFD": 1121.50464, "Power_MxSpd": 1619.53284, "Speed_MFD": 27.0}