{"Interferences": 4, "Mass": 8.179750782555287, "Batt_amps_ratio_MFD": 0.450365394, "Batt_amps_ratio_MxSpd": 0.450365394, "Distance_MxSpd": 6181.64697, "Max_Distance": 6181.64697, "Hover_Time": 302.787933, "Max_Speed": 29.0, "Max_uc_at_MFD": 0.752554119, "Mot_amps_ratio_MFD": 0.955845237, "Mot_amps_ratio_MxSpd": 0.955845237, "Mot_power_ratio_MFD": 0.717394173, "Mot_power_ratio_MxSpd": 0.717394173, "Power_MFD": 2350.47705, "Power_MxSpd": 2350.47705, "Speed_MFD": 29.0}