{"Interferences": 50, "Mass": 6.425404639276254, "Batt_amps_ratio_MFD": 0.394279301, "Batt_amps_ratio_MxSpd": 0.394279301, "Distance_MxSpd": 2678.30444, "Max_Distance": 2678.30444, "Hover_Time": 0.0, "Max_Speed": 11.0, "Max_uc_at_MFD": 0.628298342, "Mot_amps_ratio_MFD": 0.963610291, "Mot_amps_ratio_MxSpd": 0.963610291, "Mot_power_ratio_MFD": 0.713071644, "Mot_power_ratio_MxSpd": 0.713071644, "Power_MFD": 1063.16174, "Power_MxSpd": 1063.16174, "Speed_MFD": 11.0}