{
  "generator_version":"UAV2_gen12",
  "name":"design_5931_41f13036557e48a39fcb44b20a6f8f08_dw",
  "hub":{
    "node_type":"ConnectedHub6_2_2_2",
    "frontSegment":{
      "node_type":"WingArm",
      "armLength":299.7691337108492,
      "wing":{
        "wingType":"Wing_vert_hole",
        "nacaProfile":"4418",
        "span":1220.083691179912,
        "chordInner":222.04929359286422,
        "chordOuter":163.96977758393058,
        "taperOffset":true,
        "aileronBias":0.264597775294714,
        "flapBias":0.662803297918527,
        "load":515.9826493655637,
        "tubeOffset":35.30852199568866,
        "tubeRot":225.82253946359577
      },
      "servo":{
        "servoType":"Hitec_HS_70MG"
      }
    },
    "middleSegment":{
      "node_type":"PropArm",
      "armLength":372.599513869405,
      "motor":{
        "motorType":"t_motor_AntigravityMN5008KV340"
      },
      "prop":{
        "propType":"apc_propellers_14x7E"
      },
      "flange":{
        "offset":23.158257626233876,
        "angle":0.0
      }
    },
    "rearSegment":{
      "node_type":"AngledWingArm",
      "arm1Length":434.47518086173335,
      "arm2Length":145.5085752885931,
      "wing":{
        "wingType":"Wing_horiz_hole",
        "nacaProfile":"0006",
        "span":1858.9274111780583,
        "chordInner":382.7304392035074,
        "chordOuter":81.17809688710629,
        "taperOffset":true,
        "aileronBias":0.725793165747848,
        "flapBias":0.75708456002049,
        "load":460.7693866065753,
        "tubeOffset":62.19122351467615,
        "tubeRot":253.31263874839829
      },
      "servo":{
        "servoType":"Hitec_HS_7245MH"
      }
    }
  },
  "fuselageWithComponents":{
    "node_type":"DualBatteryFuselageWithComponents",
    "battery":{
      "batteryType":"TurnigyGraphene1000mAh2S75C"
    },
    "fuselage":{
      "length":84.0,
      "vertDiameter":52.5,
      "horzDiameter":339.9,
      "floorHeight":8.75,
      "battery1X":-5.0,
      "battery1Y":-3.0,
      "battery2X":-5.0,
      "battery2Y":16.0,
      "rpmX":-5.0,
      "rpmY":-103.3,
      "autoPilotX":-5.0,
      "autoPilotY":47.0,
      "currentX":-5.0,
      "currentY":-83.15,
      "voltageX":-5.0,
      "voltageY":100.8,
      "gpsX":-5.0,
      "gpsY":-43.0,
      "varioX":-5.0,
      "varioY":79.15
    }
  }
}