{"Interferences": 23, "Mass": 9.20463300008959, "Batt_amps_ratio_MFD": 0.427952319, "Batt_amps_ratio_MxSpd": 0.457826018, "Distance_MxSpd": 8303.59082, "Max_Distance": 8344.85547, "Hover_Time": 359.708618, "Max_Speed": 33.0, "Max_uc_at_MFD": 0.927099884, "Mot_amps_ratio_MFD": 0.902802169, "Mot_amps_ratio_MxSpd": 0.984625638, "Mot_power_ratio_MFD": 0.593843222, "Mot_power_ratio_MxSpd": 0.647664845, "Power_MFD": 2825.14038, "Power_MxSpd": 3182.44824, "Speed_MFD": 31.0}