{"Interferences": 10, "Mass": 3.1252640887103653, "Batt_amps_ratio_MFD": 0.586023927, "Batt_amps_ratio_MxSpd": 0.586023927, "Distance_MxSpd": 1638.15845, "Max_Distance": 1638.15845, "Hover_Time": 108.909607, "Max_Speed": 25.0, "Max_uc_at_MFD": 0.968158543, "Mot_amps_ratio_MFD": 0.339244127, "Mot_amps_ratio_MxSpd": 0.339244127, "Mot_power_ratio_MFD": 0.226393029, "Mot_power_ratio_MxSpd": 0.226393029, "Power_MFD": 947.504761, "Power_MxSpd": 947.504761, "Speed_MFD": 25.0}