{"Interferences": 27, "Mass": 8.47536504373127, "Batt_amps_ratio_MFD": 0.663934886, "Batt_amps_ratio_MxSpd": 1.03013349, "Distance_MxSpd": 1006.4715, "Max_Distance": 1272.41394, "Hover_Time": 61.2396355, "Max_Speed": 27.0, "Max_uc_at_MFD": 0.994762003, "Mot_amps_ratio_MFD": 0.874238372, "Mot_amps_ratio_MxSpd": 0.905971766, "Mot_power_ratio_MFD": 0.431290925, "Mot_power_ratio_MxSpd": 0.543097317, "Power_MFD": 1854.36194, "Power_MxSpd": 3090.1521, "Speed_MFD": 22.0}