{"Interferences": 13, "Mass": 3.9011450239977146, "Batt_amps_ratio_MFD": 0.824425459, "Batt_amps_ratio_MxSpd": 0.893134117, "Distance_MxSpd": 902.887939, "Max_Distance": 931.557861, "Hover_Time": 41.1897583, "Max_Speed": 21.0, "Max_uc_at_MFD": 0.931705296, "Mot_amps_ratio_MFD": 0.425331116, "Mot_amps_ratio_MxSpd": 0.463395327, "Mot_power_ratio_MFD": 0.212710485, "Mot_power_ratio_MxSpd": 0.231746599, "Power_MFD": 745.067932, "Power_MxSpd": 826.199463, "Speed_MFD": 20.0}