{"Interferences": 3, "Mass": 3.936176246088871, "Batt_amps_ratio_MFD": 0.870643198, "Batt_amps_ratio_MxSpd": 1.18684125, "Distance_MxSpd": 776.514954, "Max_Distance": 882.106506, "Hover_Time": 0.0, "Max_Speed": 24.0, "Max_uc_at_MFD": 0.918422163, "Mot_amps_ratio_MFD": 0.901771486, "Mot_amps_ratio_MxSpd": 0.960831821, "Mot_power_ratio_MFD": 0.3578915, "Mot_power_ratio_MxSpd": 0.361856759, "Power_MFD": 829.084717, "Power_MxSpd": 1199.77698, "Speed_MFD": 20.0}