{"Interferences": 3, "Mass": 4.724384991210956, "Batt_amps_ratio_MFD": 0.754192889, "Batt_amps_ratio_MxSpd": 1.20416403, "Distance_MxSpd": 1020.45898, "Max_Distance": 1120.13782, "Hover_Time": 64.2223434, "Max_Speed": 32.0, "Max_uc_at_MFD": 0.990214765, "Mot_amps_ratio_MFD": 0.320897281, "Mot_amps_ratio_MxSpd": 0.389182627, "Mot_power_ratio_MFD": 0.161907271, "Mot_power_ratio_MxSpd": 0.196360335, "Power_MFD": 1264.60779, "Power_MxSpd": 2252.86646, "Speed_MFD": 22.0}