{"Interferences": 24, "Mass": 12.125879682895084, "Batt_amps_ratio_MFD": 1.35872316, "Batt_amps_ratio_MxSpd": 1.46809304, "Distance_MxSpd": 2877.2019, "Max_Distance": 2967.49194, "Hover_Time": 0.0, "Max_Speed": 44.0, "Max_uc_at_MFD": 0.98807317, "Mot_amps_ratio_MFD": 0.92672962, "Mot_amps_ratio_MxSpd": 0.883626521, "Mot_power_ratio_MFD": 0.900086164, "Mot_power_ratio_MxSpd": 0.858222246, "Power_MFD": 8054.02686, "Power_MxSpd": 8803.06641, "Speed_MFD": 42.0}