{"Interferences": 56, "Mass": 7.606184577266483, "Batt_amps_ratio_MFD": 0.926324904, "Batt_amps_ratio_MxSpd": 1.31772387, "Distance_MxSpd": 3059.82178, "Max_Distance": 3233.42285, "Hover_Time": 156.644775, "Max_Speed": 35.0, "Max_uc_at_MFD": 0.537583649, "Mot_amps_ratio_MFD": 0.530439317, "Mot_amps_ratio_MxSpd": 0.857617378, "Mot_power_ratio_MFD": 0.333646327, "Mot_power_ratio_MxSpd": 0.539441288, "Power_MFD": 1666.92139, "Power_MxSpd": 2852.26636, "Speed_MFD": 26.0}