{"Interferences": 13, "Mass": 7.336117125167306, "Batt_amps_ratio_MFD": 0.686478317, "Batt_amps_ratio_MxSpd": 0.838092864, "Distance_MxSpd": 7789.11279, "Max_Distance": 8110.9624, "Hover_Time": 409.350555, "Max_Speed": 34.0, "Max_uc_at_MFD": 0.888711035, "Mot_amps_ratio_MFD": 0.511809587, "Mot_amps_ratio_MxSpd": 0.592784584, "Mot_power_ratio_MFD": 0.341553807, "Mot_power_ratio_MxSpd": 0.395592093, "Power_MFD": 1998.0437, "Power_MxSpd": 2808.88892, "Speed_MFD": 29.0}