{"Interferences": 69, "Mass": 6.593054368979091, "Batt_amps_ratio_MFD": 0.508453071, "Batt_amps_ratio_MxSpd": 0.508453071, "Distance_MxSpd": 6570.51758, "Max_Distance": 6570.51758, "Hover_Time": 311.072693, "Max_Speed": 29.0, "Max_uc_at_MFD": 0.968402386, "Mot_amps_ratio_MFD": 0.998169482, "Mot_amps_ratio_MxSpd": 0.998169482, "Mot_power_ratio_MFD": 0.499084741, "Mot_power_ratio_MxSpd": 0.499084741, "Power_MFD": 1719.1991, "Power_MxSpd": 1719.1991, "Speed_MFD": 29.0}