{"Interferences": 43, "Mass": 5.112642296312319, "Batt_amps_ratio_MFD": 0.20349361, "Batt_amps_ratio_MxSpd": 0.20349361, "Distance_MxSpd": 3774.07422, "Max_Distance": 3774.07422, "Hover_Time": 217.976044, "Max_Speed": 20.0, "Max_uc_at_MFD": 0.998467088, "Mot_amps_ratio_MFD": 0.596912861, "Mot_amps_ratio_MxSpd": 0.596912861, "Mot_power_ratio_MFD": 0.223842323, "Mot_power_ratio_MxSpd": 0.223842323, "Power_MFD": 905.028259, "Power_MxSpd": 905.028259, "Speed_MFD": 20.0}