{"Interferences": 29, "Mass": 2.9492047611851446, "Batt_amps_ratio_MFD": 0.512973607, "Batt_amps_ratio_MxSpd": 0.539685071, "Distance_MxSpd": 1565.3573, "Max_Distance": 1572.01062, "Hover_Time": 0.0, "Max_Speed": 22.0, "Max_uc_at_MFD": 0.911799729, "Mot_amps_ratio_MFD": 0.889225721, "Mot_amps_ratio_MxSpd": 0.936114311, "Mot_power_ratio_MFD": 0.438684672, "Mot_power_ratio_MxSpd": 0.4618164, "Power_MFD": 693.616516, "Power_MxSpd": 752.263, "Speed_MFD": 21.0}