{"Interferences": 6, "Mass": 8.292518047285018, "Batt_amps_ratio_MFD": 0.431270212, "Batt_amps_ratio_MxSpd": 0.431270212, "Distance_MxSpd": 3116.37573, "Max_Distance": 3116.37573, "Hover_Time": 0.0, "Max_Speed": 14.0, "Max_uc_at_MFD": 0.821229815, "Mot_amps_ratio_MFD": 0.960138857, "Mot_amps_ratio_MxSpd": 0.960138857, "Mot_power_ratio_MFD": 0.710502744, "Mot_power_ratio_MxSpd": 0.710502744, "Power_MFD": 2107.479, "Power_MxSpd": 2107.479, "Speed_MFD": 14.0}