{"Interferences": 15, "Mass": 4.340179056922245, "Batt_amps_ratio_MFD": 0.597764552, "Batt_amps_ratio_MxSpd": 0.597764552, "Distance_MxSpd": 1284.78674, "Max_Distance": 1284.78674, "Hover_Time": 80.3370743, "Max_Speed": 20.0, "Max_uc_at_MFD": 0.996578157, "Mot_amps_ratio_MFD": 0.183821529, "Mot_amps_ratio_MxSpd": 0.183821529, "Mot_power_ratio_MFD": 0.0919207856, "Mot_power_ratio_MxSpd": 0.0919207856, "Power_MFD": 781.645874, "Power_MxSpd": 781.645874, "Speed_MFD": 20.0}