{"Interferences": 0, "Mass": 7.6444253338168275, "Batt_amps_ratio_MFD": 0.528885126, "Batt_amps_ratio_MxSpd": 0.800102413, "Distance_MxSpd": 1967.74805, "Max_Distance": 2250.77222, "Hover_Time": 87.7276764, "Max_Speed": 41.0, "Max_uc_at_MFD": 0.505699277, "Mot_amps_ratio_MFD": 0.728162706, "Mot_amps_ratio_MxSpd": 0.808029592, "Mot_power_ratio_MFD": 0.687021494, "Mot_power_ratio_MxSpd": 0.762375891, "Power_MFD": 2471.28735, "Power_MxSpd": 4487.90527, "Speed_MFD": 31.0}