{"Interferences": 9, "Mass": 3.107785269482504, "Batt_amps_ratio_MFD": 0.886228919, "Batt_amps_ratio_MxSpd": 1.35068953, "Distance_MxSpd": 796.037842, "Max_Distance": 953.252563, "Hover_Time": 65.4338837, "Max_Speed": 28.0, "Max_uc_at_MFD": 0.998023927, "Mot_amps_ratio_MFD": 0.898840129, "Mot_amps_ratio_MxSpd": 0.684064865, "Mot_power_ratio_MFD": 0.532113314, "Mot_power_ratio_MxSpd": 0.404966414, "Power_MFD": 849.512634, "Power_MxSpd": 1442.1709, "Speed_MFD": 22.0}