{"Interferences": 47, "Mass": 5.1815424279613245, "Batt_amps_ratio_MFD": 0.408197224, "Batt_amps_ratio_MxSpd": 0.459957629, "Distance_MxSpd": 2337.60669, "Max_Distance": 2351.80444, "Hover_Time": 135.790054, "Max_Speed": 28.0, "Max_uc_at_MFD": 0.99119556, "Mot_amps_ratio_MFD": 0.380861342, "Mot_amps_ratio_MxSpd": 0.373677164, "Mot_power_ratio_MFD": 0.190836608, "Mot_power_ratio_MxSpd": 0.18723686, "Power_MFD": 1190.52393, "Power_MxSpd": 1410.74146, "Speed_MFD": 25.0}