{"Interferences": 18, "Mass": 3.878183170254344, "Batt_amps_ratio_MFD": 0.469449222, "Batt_amps_ratio_MxSpd": 0.469449222, "Distance_MxSpd": 572.585876, "Max_Distance": 572.585876, "Hover_Time": 0.0, "Max_Speed": 7.0, "Max_uc_at_MFD": 0.956886053, "Mot_amps_ratio_MFD": 0.613530934, "Mot_amps_ratio_MxSpd": 0.613530934, "Mot_power_ratio_MFD": 0.227006435, "Mot_power_ratio_MxSpd": 0.227006435, "Power_MFD": 480.841614, "Power_MxSpd": 480.841614, "Speed_MFD": 7.0}