{"Interferences": 22, "Mass": 4.360424572553895, "Batt_amps_ratio_MFD": 1.26471245, "Batt_amps_ratio_MxSpd": 1.46905088, "Distance_MxSpd": 575.065186, "Max_Distance": 607.252625, "Hover_Time": 37.8910294, "Max_Speed": 22.0, "Max_uc_at_MFD": 0.833381414, "Mot_amps_ratio_MFD": 0.767356038, "Mot_amps_ratio_MxSpd": 0.845464408, "Mot_power_ratio_MFD": 0.383894175, "Mot_power_ratio_MxSpd": 0.422970355, "Power_MFD": 1011.35657, "Power_MxSpd": 1190.89185, "Speed_MFD": 20.0}