{
  "generator_version":"UAV2_gen12",
  "name":"design_5131_bbc2bddf5a8543e4a8a408beb1c75ef5_s",
  "hub":{
    "node_type":"ConnectedHub4_2_2",
    "frontSegment":{
      "node_type":"DoubleBendSegment",
      "angle":-90.0,
      "arm1Length":103.04356185040908,
      "arm2Length":494.49446128170234,
      "mainSegment":{
        "node_type":"PropArm",
        "armLength":384.29476932705546,
        "motor":{
          "motorType":"kde_direct_KDE600XF_1100_G3"
        },
        "prop":{
          "propType":"apc_propellers_9x3_7SF"
        },
        "flange":{
          "offset":5.105257889037617,
          "angle":0.0
        }
      }
    },
    "rearSegment":{
      "node_type":"BranchSegment_Sym",
      "armLength":201.37531760993573,
      "angle":180.0,
      "mainSegment":{
        "node_type":"AngledWingArm",
        "arm1Length":159.761151682854,
        "arm2Length":119.52633374579042,
        "wing":{
          "wingType":"Wing_vert_hole",
          "nacaProfile":"4515",
          "span":713.0681954079421,
          "chordInner":308.3080263310475,
          "chordOuter":174.32406064956638,
          "taperOffset":true,
          "aileronBias":0.8077382334507147,
          "flapBias":0.24968197074118023,
          "load":490.46210540136485,
          "tubeOffset":34.22683183950951,
          "tubeRot":291.8905334591767
        },
        "servo":{
          "servoType":"Hitec_HS_5496MH"
        }
      }
    }
  },
  "fuselageWithComponents":{
    "node_type":"SingleBatteryFuselageWithComponents",
    "battery":{
      "batteryType":"TurnigyGraphene6000mAh4S75C"
    },
    "fuselage":{
      "length":168.0,
      "vertDiameter":103.5,
      "horzDiameter":336.9,
      "floorHeight":17.25,
      "batteryX":0.0,
      "batteryY":6.0,
      "rpmX":0.0,
      "rpmY":-102.3,
      "autoPilotX":0.0,
      "autoPilotY":46.0,
      "currentX":0.0,
      "currentY":-82.15,
      "voltageX":0.0,
      "voltageY":99.8,
      "gpsX":0.0,
      "gpsY":-42.0,
      "varioX":0.0,
      "varioY":78.15
    }
  }
}