{"Interferences": 4, "Mass": 7.355600656293153, "Batt_amps_ratio_MFD": 2.07643414, "Batt_amps_ratio_MxSpd": 2.07643414, "Distance_MxSpd": 0.0, "Max_Distance": 0.0, "Hover_Time": 277.398621, "Max_Speed": 0.0, "Max_uc_at_MFD": 0.99907887, "Mot_amps_ratio_MFD": 0.9623999, "Mot_amps_ratio_MxSpd": 0.9623999, "Mot_power_ratio_MFD": 0.931423128, "Mot_power_ratio_MxSpd": 0.931423128, "Power_MFD": 4485.479, "Power_MxSpd": 4485.479, "Speed_MFD": 0.0}