{"Interferences": 80, "Mass": 6.363281247174322, "Batt_amps_ratio_MFD": 0.516165435, "Batt_amps_ratio_MxSpd": 0.67409265, "Distance_MxSpd": 5981.37354, "Max_Distance": 6323.5542, "Hover_Time": 281.846802, "Max_Speed": 42.0, "Max_uc_at_MFD": 0.713464856, "Mot_amps_ratio_MFD": 0.592748165, "Mot_amps_ratio_MxSpd": 0.97130549, "Mot_power_ratio_MFD": 0.296541035, "Mot_power_ratio_MxSpd": 0.48592636, "Power_MFD": 2175.25659, "Power_MxSpd": 3689.19092, "Speed_MFD": 34.0}