{"Interferences": 21, "Mass": 8.533493359008938, "Batt_amps_ratio_MFD": 0.342415154, "Batt_amps_ratio_MxSpd": 0.342415154, "Distance_MxSpd": 1009.30109, "Max_Distance": 1009.30109, "Hover_Time": 0.0, "Max_Speed": 9.0, "Max_uc_at_MFD": 0.99999398, "Mot_amps_ratio_MFD": 0.937250495, "Mot_amps_ratio_MxSpd": 0.937250495, "Mot_power_ratio_MFD": 0.488210469, "Mot_power_ratio_MxSpd": 0.488210469, "Power_MFD": 1779.10681, "Power_MxSpd": 1779.10681, "Speed_MFD": 9.0}