{"Interferences": 27, "Mass": 8.58032012551405, "Batt_amps_ratio_MFD": 2.31826138, "Batt_amps_ratio_MxSpd": 2.53394532, "Distance_MxSpd": 197.005051, "Max_Distance": 198.769653, "Hover_Time": 0.0, "Max_Speed": 13.0, "Max_uc_at_MFD": 0.980875373, "Mot_amps_ratio_MFD": 0.835155249, "Mot_amps_ratio_MxSpd": 0.579870582, "Mot_power_ratio_MFD": 0.314048558, "Mot_power_ratio_MxSpd": 0.374748439, "Power_MFD": 2519.08447, "Power_MxSpd": 2760.63037, "Speed_MFD": 12.0}