{"Interferences": 8, "Mass": 4.331787486956533, "Batt_amps_ratio_MFD": 0.549137592, "Batt_amps_ratio_MxSpd": 0.658219934, "Distance_MxSpd": 1691.83582, "Max_Distance": 1818.12354, "Hover_Time": 109.240005, "Max_Speed": 29.0, "Max_uc_at_MFD": 0.995204747, "Mot_amps_ratio_MFD": 0.566650629, "Mot_amps_ratio_MxSpd": 0.502842605, "Mot_power_ratio_MFD": 0.283325315, "Mot_power_ratio_MxSpd": 0.251421303, "Power_MFD": 1228.46143, "Power_MxSpd": 1459.27307, "Speed_MFD": 26.0}