{"Interferences": 21, "Mass": 7.244049880837911, "Batt_amps_ratio_MFD": 1.77410376, "Batt_amps_ratio_MxSpd": 1.77410376, "Distance_MxSpd": 367.960449, "Max_Distance": 367.960449, "Hover_Time": 0.0, "Max_Speed": 17.0, "Max_uc_at_MFD": 0.999810934, "Mot_amps_ratio_MFD": 0.482486367, "Mot_amps_ratio_MxSpd": 0.482486367, "Mot_power_ratio_MFD": 0.25742811, "Mot_power_ratio_MxSpd": 0.25742811, "Power_MFD": 2699.43018, "Power_MxSpd": 2699.43018, "Speed_MFD": 17.0}