{"Interferences": 4, "Mass": 4.174685851829532, "Batt_amps_ratio_MFD": 0.638158143, "Batt_amps_ratio_MxSpd": 0.638158143, "Distance_MxSpd": 120.346344, "Max_Distance": 120.346344, "Hover_Time": 58.1080589, "Max_Speed": 2.0, "Max_uc_at_MFD": 0.710633397, "Mot_amps_ratio_MFD": 0.70854187, "Mot_amps_ratio_MxSpd": 0.70854187, "Mot_power_ratio_MFD": 0.531518638, "Mot_power_ratio_MxSpd": 0.531518638, "Power_MFD": 778.543579, "Power_MxSpd": 778.543579, "Speed_MFD": 2.0}