{
  "generator_version":"UAV2_gen12",
  "name":"design_8524_81fd933a5f2848fc91c1d5f0fccf220f_s",
  "hub":{
    "node_type":"ConnectedHub4_2_2",
    "frontSegment":{
      "node_type":"AngledWingArm",
      "arm1Length":87.14762491516711,
      "arm2Length":119.0956449948367,
      "wing":{
        "wingType":"Wing_vert_hole",
        "nacaProfile":"2421",
        "span":1995.3988688078973,
        "chordInner":232.50980136356003,
        "chordOuter":178.76781901953711,
        "taperOffset":true,
        "aileronBias":0.5370372283723627,
        "flapBias":0.7576560800138911,
        "load":923.9715514018375,
        "tubeOffset":83.6073223603478,
        "tubeRot":254.0485291486142
      },
      "servo":{
        "servoType":"Hitec_HS_40"
      }
    },
    "rearSegment":{
      "node_type":"PropArm",
      "armLength":63.413995817648384,
      "motor":{
        "motorType":"t_motor_AS2820KV1050"
      },
      "prop":{
        "propType":"apc_propellers_9x7_5E"
      },
      "flange":{
        "offset":-25.27075884933605,
        "angle":0.0
      }
    }
  },
  "fuselageWithComponents":{
    "node_type":"SingleBatteryFuselageWithComponents",
    "battery":{
      "batteryType":"Tattu25C22000mAh4S1P"
    },
    "fuselage":{
      "length":195.0,
      "vertDiameter":136.5,
      "horzDiameter":350.4,
      "floorHeight":22.75,
      "batteryX":0.0,
      "batteryY":6.0,
      "rpmX":0.0,
      "rpmY":-106.8,
      "autoPilotX":0.0,
      "autoPilotY":50.5,
      "currentX":0.0,
      "currentY":-86.65,
      "voltageX":0.0,
      "voltageY":104.3,
      "gpsX":0.0,
      "gpsY":-46.5,
      "varioX":0.0,
      "varioY":82.65
    }
  }
}