{
  "generator_version":"UAV2_gen12",
  "name":"design_3468_45fabdc5eba34cd1b2399af5546669a8_s",
  "hub":{
    "node_type":"ConnectedHub6_2_2_2",
    "frontSegment":{
      "node_type":"AngledWingArm",
      "arm1Length":304.56651860934335,
      "arm2Length":116.07300634846436,
      "wing":{
        "wingType":"Wing_horiz_hole",
        "nacaProfile":"4409",
        "span":579.6831013507841,
        "chordInner":143.0936717546101,
        "chordOuter":78.2528601290841,
        "taperOffset":false,
        "aileronBias":0.8656628585905084,
        "flapBias":0.7915294224131163,
        "load":577.0965772111144,
        "tubeOffset":88.28737490617654,
        "tubeRot":270.0
      },
      "servo":{
        "servoType":"Hitec_D954SW"
      }
    },
    "middleSegment":{
      "node_type":"DoubleBendSegment",
      "angle":-90.0,
      "arm1Length":354.99257196663956,
      "arm2Length":430.50916232588656,
      "mainSegment":{
        "node_type":"PropArm",
        "armLength":270.492140127062,
        "motor":{
          "motorType":"t_motor_U7_V2.0KV490"
        },
        "prop":{
          "propType":"apc_propellers_17x8"
        },
        "flange":{
          "offset":42.05544518860785,
          "angle":0.0
        }
      }
    },
    "rearSegment":{
      "node_type":"AngledWingArm",
      "arm1Length":260.47428248059816,
      "arm2Length":190.14389569832923,
      "wing":{
        "wingType":"Wing_horiz_hole",
        "nacaProfile":"4306",
        "span":1029.0874732508144,
        "chordInner":261.02798369227196,
        "chordOuter":69.48701647168619,
        "taperOffset":true,
        "aileronBias":0.7748659267113129,
        "flapBias":0.3099550109619437,
        "load":282.67804846606487,
        "tubeOffset":79.44883141113722,
        "tubeRot":270.0
      },
      "servo":{
        "servoType":"Hitec_HS_5245MG"
      }
    }
  },
  "fuselageWithComponents":{
    "node_type":"SingleBatteryFuselageWithComponents",
    "battery":{
      "batteryType":"Tattu25C10000mAh4S1P"
    },
    "fuselage":{
      "length":169.0,
      "vertDiameter":97.5,
      "horzDiameter":344.4,
      "floorHeight":16.25,
      "batteryX":0.0,
      "batteryY":6.0,
      "rpmX":0.0,
      "rpmY":-104.8,
      "autoPilotX":0.0,
      "autoPilotY":48.5,
      "currentX":0.0,
      "currentY":-84.65,
      "voltageX":0.0,
      "voltageY":102.3,
      "gpsX":0.0,
      "gpsY":-44.5,
      "varioX":0.0,
      "varioY":80.65
    }
  }
}