{"Interferences": 2, "Mass": 3.510015222560454, "Batt_amps_ratio_MFD": 0.695759594, "Batt_amps_ratio_MxSpd": 0.695759594, "Distance_MxSpd": 827.872192, "Max_Distance": 827.872192, "Hover_Time": 62.0242424, "Max_Speed": 15.0, "Max_uc_at_MFD": 0.999999225, "Mot_amps_ratio_MFD": 0.267514855, "Mot_amps_ratio_MxSpd": 0.267514855, "Mot_power_ratio_MFD": 0.0989804938, "Mot_power_ratio_MxSpd": 0.0989804938, "Power_MFD": 534.236023, "Power_MxSpd": 534.236023, "Speed_MFD": 15.0}