{"Interferences": 3, "Mass": 4.0398298718295935, "Batt_amps_ratio_MFD": 0.733517289, "Batt_amps_ratio_MxSpd": 0.812797427, "Distance_MxSpd": 992.129089, "Max_Distance": 994.659607, "Hover_Time": 69.9334793, "Max_Speed": 21.0, "Max_uc_at_MFD": 0.99999994, "Mot_amps_ratio_MFD": 0.380891412, "Mot_amps_ratio_MxSpd": 0.377931207, "Mot_power_ratio_MFD": 0.142935947, "Mot_power_ratio_MxSpd": 0.141825065, "Power_MFD": 703.358643, "Power_MxSpd": 821.354431, "Speed_MFD": 19.0}