{"Interferences": 24, "Mass": 4.012404756802167, "Batt_amps_ratio_MFD": 0.462372601, "Batt_amps_ratio_MxSpd": 0.518302977, "Distance_MxSpd": 1778.1106, "Max_Distance": 1827.0979, "Hover_Time": 119.003395, "Max_Speed": 24.0, "Max_uc_at_MFD": 0.998858392, "Mot_amps_ratio_MFD": 0.580926478, "Mot_amps_ratio_MxSpd": 0.673885763, "Mot_power_ratio_MFD": 0.321890771, "Mot_power_ratio_MxSpd": 0.337014019, "Power_MFD": 987.925842, "Power_MxSpd": 1160.02063, "Speed_MFD": 22.0}