{"Interferences": 0, "Mass": 5.951235683707719, "Batt_amps_ratio_MFD": 1.12127662, "Batt_amps_ratio_MxSpd": 1.87252569, "Distance_MxSpd": 2337.80493, "Max_Distance": 2773.98096, "Hover_Time": 141.550385, "Max_Speed": 38.0, "Max_uc_at_MFD": 0.481681913, "Mot_amps_ratio_MFD": 0.441382498, "Mot_amps_ratio_MxSpd": 0.974219263, "Mot_power_ratio_MFD": 0.329071492, "Mot_power_ratio_MxSpd": 0.726326466, "Power_MFD": 2511.65649, "Power_MxSpd": 5384.51514, "Speed_MFD": 27.0}