{"Interferences": 11, "Mass": 7.092260546350801, "Batt_amps_ratio_MFD": 0.568073273, "Batt_amps_ratio_MxSpd": 0.568073273, "Distance_MxSpd": 5576.74512, "Max_Distance": 5576.74512, "Hover_Time": 0.0, "Max_Speed": 33.0, "Max_uc_at_MFD": 0.996105254, "Mot_amps_ratio_MFD": 0.812642395, "Mot_amps_ratio_MxSpd": 0.812642395, "Mot_power_ratio_MFD": 0.756543875, "Mot_power_ratio_MxSpd": 0.756543875, "Power_MFD": 3357.08105, "Power_MxSpd": 3357.08105, "Speed_MFD": 33.0}