{"Interferences": 102, "Mass": 27.32239973295689, "Batt_amps_ratio_MFD": 1.30895615, "Batt_amps_ratio_MxSpd": 1.30895615, "Distance_MxSpd": 88.0090637, "Max_Distance": 88.0090637, "Hover_Time": 88.0434494, "Max_Speed": 1.0, "Max_uc_at_MFD": 0.376958877, "Mot_amps_ratio_MFD": 0.973287582, "Mot_amps_ratio_MxSpd": 0.973287582, "Mot_power_ratio_MFD": 0.973009348, "Mot_power_ratio_MxSpd": 0.973009348, "Power_MFD": 11266.667, "Power_MxSpd": 11266.667, "Speed_MFD": 1.0}