{"Interferences": 8, "Mass": 3.6082578031786703, "Batt_amps_ratio_MFD": 0.808090806, "Batt_amps_ratio_MxSpd": 1.3144666, "Distance_MxSpd": 934.827881, "Max_Distance": 1140.46582, "Hover_Time": 72.6465378, "Max_Speed": 32.0, "Max_uc_at_MFD": 0.972515464, "Mot_amps_ratio_MFD": 0.603573918, "Mot_amps_ratio_MxSpd": 0.482530206, "Mot_power_ratio_MFD": 0.402792305, "Mot_power_ratio_MxSpd": 0.322014332, "Power_MFD": 1089.5437, "Power_MxSpd": 1879.75269, "Speed_MFD": 24.0}