{"Interferences": 19, "Mass": 8.389135534473347, "Batt_amps_ratio_MFD": 1.21496046, "Batt_amps_ratio_MxSpd": 1.6377728, "Distance_MxSpd": 1969.50391, "Max_Distance": 1991.1759, "Hover_Time": 0.0, "Max_Speed": 28.0, "Max_uc_at_MFD": 0.654766738, "Mot_amps_ratio_MFD": 0.856929064, "Mot_amps_ratio_MxSpd": 0.937876642, "Mot_power_ratio_MFD": 0.428705901, "Mot_power_ratio_MxSpd": 0.694028735, "Power_MFD": 2655.71875, "Power_MxSpd": 3979.42627, "Speed_MFD": 21.0}