{"Interferences": 84, "Mass": 4.776322418770744, "Batt_amps_ratio_MFD": 0.236920223, "Batt_amps_ratio_MxSpd": 0.254490137, "Distance_MxSpd": 4375.80811, "Max_Distance": 4376.15674, "Hover_Time": 223.249527, "Max_Speed": 29.0, "Max_uc_at_MFD": 0.795550704, "Mot_amps_ratio_MFD": 0.868276894, "Mot_amps_ratio_MxSpd": 0.979617298, "Mot_power_ratio_MFD": 0.642524898, "Mot_power_ratio_MxSpd": 0.724916816, "Power_MFD": 1295.60168, "Power_MxSpd": 1541.63782, "Speed_MFD": 27.0}