{"Interferences": 1, "Mass": 7.386693579890911, "Batt_amps_ratio_MFD": 0.531125963, "Batt_amps_ratio_MxSpd": 0.579482377, "Distance_MxSpd": 5135.61768, "Max_Distance": 5241.69482, "Hover_Time": 0.0, "Max_Speed": 31.0, "Max_uc_at_MFD": 0.850011587, "Mot_amps_ratio_MFD": 0.754806459, "Mot_amps_ratio_MxSpd": 0.918997467, "Mot_power_ratio_MFD": 0.698195934, "Mot_power_ratio_MxSpd": 0.850072682, "Power_MFD": 2650.45068, "Power_MxSpd": 3153.53027, "Speed_MFD": 29.0}