{"Interferences": 13, "Mass": 2.66068023977478, "Batt_amps_ratio_MFD": 0.270769238, "Batt_amps_ratio_MxSpd": 0.270769238, "Distance_MxSpd": 0.0, "Max_Distance": 0.0, "Hover_Time": 141.818176, "Max_Speed": 0.0, "Max_uc_at_MFD": 0.766769528, "Mot_amps_ratio_MFD": 0.508317769, "Mot_amps_ratio_MxSpd": 0.508317769, "Mot_power_ratio_MFD": 0.338878512, "Mot_power_ratio_MxSpd": 0.338878512, "Power_MFD": 363.894714, "Power_MxSpd": 363.894714, "Speed_MFD": 0.0}