{"Interferences": 24, "Mass": 3.1313095372973714, "Batt_amps_ratio_MFD": 0.838207483, "Batt_amps_ratio_MxSpd": 0.838207483, "Distance_MxSpd": 732.992737, "Max_Distance": 732.992737, "Hover_Time": 54.6524048, "Max_Speed": 16.0, "Max_uc_at_MFD": 1.0, "Mot_amps_ratio_MFD": 0.290245712, "Mot_amps_ratio_MxSpd": 0.290245712, "Mot_power_ratio_MFD": 0.0894924253, "Mot_power_ratio_MxSpd": 0.0894924253, "Power_MFD": 427.412445, "Power_MxSpd": 427.412445, "Speed_MFD": 16.0}