{"Interferences": 70, "Mass": 4.368560586873554, "Batt_amps_ratio_MFD": 0.83521229, "Batt_amps_ratio_MxSpd": 0.92384398, "Distance_MxSpd": 1080.7019, "Max_Distance": 1103.43201, "Hover_Time": 59.0028381, "Max_Speed": 26.0, "Max_uc_at_MFD": 0.78422755, "Mot_amps_ratio_MFD": 0.947111726, "Mot_amps_ratio_MxSpd": 0.925887346, "Mot_power_ratio_MFD": 0.474430114, "Mot_power_ratio_MxSpd": 0.463798344, "Power_MFD": 969.717407, "Power_MxSpd": 1126.93701, "Speed_MFD": 24.0}