{"Interferences": 3, "Mass": 4.082551714442005, "Batt_amps_ratio_MFD": 0.572580516, "Batt_amps_ratio_MxSpd": 0.888232827, "Distance_MxSpd": 1296.95728, "Max_Distance": 1475.42566, "Hover_Time": 100.881721, "Max_Speed": 30.0, "Max_uc_at_MFD": 0.775446415, "Mot_amps_ratio_MFD": 0.709784508, "Mot_amps_ratio_MxSpd": 0.862482727, "Mot_power_ratio_MFD": 0.583600581, "Mot_power_ratio_MxSpd": 0.70915246, "Power_MFD": 967.94043, "Power_MxSpd": 2076.94067, "Speed_MFD": 22.0}