{"Interferences": 38, "Mass": 16.513098228330083, "Batt_amps_ratio_MFD": 0.925190091, "Batt_amps_ratio_MxSpd": 0.925190091, "Distance_MxSpd": 14007.9316, "Max_Distance": 14007.9316, "Hover_Time": 304.494354, "Max_Speed": 45.0, "Max_uc_at_MFD": 0.997076035, "Mot_amps_ratio_MFD": 0.588659108, "Mot_amps_ratio_MxSpd": 0.588659108, "Mot_power_ratio_MFD": 0.259026855, "Mot_power_ratio_MxSpd": 0.259026855, "Power_MFD": 7918.60498, "Power_MxSpd": 7918.60498, "Speed_MFD": 45.0}