{"Interferences": 22, "Mass": 7.330424341347024, "Batt_amps_ratio_MFD": 1.68072474, "Batt_amps_ratio_MxSpd": 1.68072474, "Distance_MxSpd": 479.79303, "Max_Distance": 479.79303, "Hover_Time": 20.8044567, "Max_Speed": 21.0, "Max_uc_at_MFD": 0.999794066, "Mot_amps_ratio_MFD": 0.639085829, "Mot_amps_ratio_MxSpd": 0.639085829, "Mot_power_ratio_MFD": 0.319770366, "Mot_power_ratio_MxSpd": 0.319770366, "Power_MFD": 2231.12549, "Power_MxSpd": 2231.12549, "Speed_MFD": 21.0}