{"Interferences": 0, "Mass": 6.504849835471046, "Batt_amps_ratio_MFD": 0.143251315, "Batt_amps_ratio_MxSpd": 0.143251315, "Distance_MxSpd": 14743.3203, "Max_Distance": 14743.3203, "Hover_Time": 738.080139, "Max_Speed": 22.0, "Max_uc_at_MFD": 0.779780388, "Mot_amps_ratio_MFD": 0.881854951, "Mot_amps_ratio_MxSpd": 0.881854951, "Mot_power_ratio_MFD": 0.652572691, "Mot_power_ratio_MxSpd": 0.652572691, "Power_MFD": 1443.66199, "Power_MxSpd": 1443.66199, "Speed_MFD": 22.0}