{"Interferences": 1, "Mass": 5.1200354638996695, "Batt_amps_ratio_MFD": 0.410149664, "Batt_amps_ratio_MxSpd": 0.503518939, "Distance_MxSpd": 2287.89795, "Max_Distance": 2340.60913, "Hover_Time": 0.0, "Max_Speed": 30.0, "Max_uc_at_MFD": 0.813269436, "Mot_amps_ratio_MFD": 0.55708462, "Mot_amps_ratio_MxSpd": 0.712185502, "Mot_power_ratio_MFD": 0.558272183, "Mot_power_ratio_MxSpd": 0.713703632, "Power_MFD": 1511.78052, "Power_MxSpd": 2226.21167, "Speed_MFD": 25.0}