{"Interferences": 12, "Mass": 5.157251094508028, "Batt_amps_ratio_MFD": 0.175094947, "Batt_amps_ratio_MxSpd": 0.175094947, "Distance_MxSpd": 1096.54797, "Max_Distance": 1096.54797, "Hover_Time": 0.0, "Max_Speed": 5.0, "Max_uc_at_MFD": 0.804260314, "Mot_amps_ratio_MFD": 0.649574876, "Mot_amps_ratio_MxSpd": 0.649574876, "Mot_power_ratio_MFD": 0.650236249, "Mot_power_ratio_MxSpd": 0.650236249, "Power_MFD": 1044.58679, "Power_MxSpd": 1044.58679, "Speed_MFD": 5.0}