{"Interferences": 22, "Mass": 4.221858831608594, "Batt_amps_ratio_MFD": 0.293848306, "Batt_amps_ratio_MxSpd": 0.384865969, "Distance_MxSpd": 3192.7998, "Max_Distance": 3266.99194, "Hover_Time": 205.846558, "Max_Speed": 32.0, "Max_uc_at_MFD": 0.692441285, "Mot_amps_ratio_MFD": 0.500795424, "Mot_amps_ratio_MxSpd": 0.790941775, "Mot_power_ratio_MFD": 0.472500473, "Mot_power_ratio_MxSpd": 0.73433286, "Power_MFD": 1007.508, "Power_MxSpd": 1770.79358, "Speed_MFD": 25.0}