{"Interferences": 15, "Mass": 5.936446829415722, "Batt_amps_ratio_MFD": 3.64141107, "Batt_amps_ratio_MxSpd": 3.64141107, "Distance_MxSpd": 189.816528, "Max_Distance": 189.816528, "Hover_Time": 11.2095461, "Max_Speed": 18.0, "Max_uc_at_MFD": 0.707760811, "Mot_amps_ratio_MFD": 0.917979479, "Mot_amps_ratio_MxSpd": 0.917979479, "Mot_power_ratio_MFD": 0.577409089, "Mot_power_ratio_MxSpd": 0.577409089, "Power_MFD": 2636.32764, "Power_MxSpd": 2636.32764, "Speed_MFD": 18.0}