{"Interferences": 5, "Mass": 4.057211853724242, "Batt_amps_ratio_MFD": 0.473146141, "Batt_amps_ratio_MxSpd": 0.473146141, "Distance_MxSpd": 1460.85938, "Max_Distance": 1460.85938, "Hover_Time": 0.0, "Max_Speed": 18.0, "Max_uc_at_MFD": 0.999922037, "Mot_amps_ratio_MFD": 0.994852006, "Mot_amps_ratio_MxSpd": 0.994852006, "Mot_power_ratio_MFD": 0.490793645, "Mot_power_ratio_MxSpd": 0.490793645, "Power_MFD": 1320.17578, "Power_MxSpd": 1320.17578, "Speed_MFD": 18.0}