{"Interferences": 2, "Mass": 5.673700974322127, "Batt_amps_ratio_MFD": 1.60813463, "Batt_amps_ratio_MxSpd": 1.81383574, "Distance_MxSpd": 486.92392, "Max_Distance": 501.450562, "Hover_Time": 34.5263252, "Max_Speed": 23.0, "Max_uc_at_MFD": 0.927911818, "Mot_amps_ratio_MFD": 0.465758413, "Mot_amps_ratio_MxSpd": 0.519200563, "Mot_power_ratio_MFD": 0.140928641, "Mot_power_ratio_MxSpd": 0.150150552, "Power_MFD": 1394.40332, "Power_MxSpd": 1744.47351, "Speed_MFD": 21.0}