{"Interferences": 11, "Mass": 3.526689964090848, "Batt_amps_ratio_MFD": 0.757672548, "Batt_amps_ratio_MxSpd": 0.809417307, "Distance_MxSpd": 1138.5968, "Max_Distance": 1165.67505, "Hover_Time": 73.0876312, "Max_Speed": 24.0, "Max_uc_at_MFD": 0.952834129, "Mot_amps_ratio_MFD": 0.44507724, "Mot_amps_ratio_MxSpd": 0.460315406, "Mot_power_ratio_MFD": 0.169589356, "Mot_power_ratio_MxSpd": 0.172741145, "Power_MFD": 783.51239, "Power_MxSpd": 884.876343, "Speed_MFD": 23.0}