{"Interferences": 12, "Mass": 8.086581246547846, "Batt_amps_ratio_MFD": 0.580554962, "Batt_amps_ratio_MxSpd": 0.580554962, "Distance_MxSpd": 1984.30835, "Max_Distance": 1984.30835, "Hover_Time": 0.0, "Max_Speed": 10.0, "Max_uc_at_MFD": 0.942736447, "Mot_amps_ratio_MFD": 0.942951381, "Mot_amps_ratio_MxSpd": 0.942951381, "Mot_power_ratio_MFD": 0.872230053, "Mot_power_ratio_MxSpd": 0.872230053, "Power_MFD": 1322.94641, "Power_MxSpd": 1322.94641, "Speed_MFD": 10.0}