{"Interferences": 49, "Mass": 5.49745126468725, "Batt_amps_ratio_MFD": 0.1739223, "Batt_amps_ratio_MxSpd": 0.1739223, "Distance_MxSpd": 2870.24731, "Max_Distance": 2870.24731, "Hover_Time": 236.360535, "Max_Speed": 13.0, "Max_uc_at_MFD": 0.999477446, "Mot_amps_ratio_MFD": 0.323493212, "Mot_amps_ratio_MxSpd": 0.323493212, "Mot_power_ratio_MFD": 0.161911294, "Mot_power_ratio_MxSpd": 0.161911294, "Power_MFD": 787.391479, "Power_MxSpd": 787.391479, "Speed_MFD": 13.0}