{"Interferences": 10, "Mass": 9.41222973751697, "Batt_amps_ratio_MFD": 2.60886168, "Batt_amps_ratio_MxSpd": 2.80836415, "Distance_MxSpd": 396.529785, "Max_Distance": 397.414703, "Hover_Time": 0.0, "Max_Speed": 29.0, "Max_uc_at_MFD": 0.995185077, "Mot_amps_ratio_MFD": 0.465771884, "Mot_amps_ratio_MxSpd": 0.432163119, "Mot_power_ratio_MFD": 0.219727889, "Mot_power_ratio_MxSpd": 0.144067556, "Power_MFD": 2534.43115, "Power_MxSpd": 2858.95337, "Speed_MFD": 27.0}