{"Interferences": 14, "Mass": 5.363425502619698, "Batt_amps_ratio_MFD": 0.683923244, "Batt_amps_ratio_MxSpd": 0.683923244, "Distance_MxSpd": 561.466492, "Max_Distance": 561.466492, "Hover_Time": 0.0, "Max_Speed": 10.0, "Max_uc_at_MFD": 0.964335978, "Mot_amps_ratio_MFD": 0.156037971, "Mot_amps_ratio_MxSpd": 0.156037971, "Mot_power_ratio_MFD": 0.0384893678, "Mot_power_ratio_MxSpd": 0.0384893678, "Power_MFD": 347.963715, "Power_MxSpd": 347.963715, "Speed_MFD": 10.0}