{"Interferences": 16, "Mass": 4.349101817256531, "Batt_amps_ratio_MFD": 0.19281742, "Batt_amps_ratio_MxSpd": 0.206933916, "Distance_MxSpd": 2783.49731, "Max_Distance": 2788.12988, "Hover_Time": 0.0, "Max_Speed": 15.0, "Max_uc_at_MFD": 0.659643829, "Mot_amps_ratio_MFD": 0.879796684, "Mot_amps_ratio_MxSpd": 0.95396328, "Mot_power_ratio_MFD": 0.689346552, "Mot_power_ratio_MxSpd": 0.747458279, "Power_MFD": 1116.90564, "Power_MxSpd": 1260.53333, "Speed_MFD": 14.0}