{
  "generator_version":"UAV2_gen12",
  "name":"design_544_8b4ea32f8760495d93e4d1bdc5727d22_dw",
  "hub":{
    "node_type":"ConnectedHub4_1_2_1",
    "frontSegment":{
      "node_type":"PropArm",
      "armLength":195.71542681690664,
      "motor":{
        "motorType":"t_motor_MN5208KV340"
      },
      "prop":{
        "propType":"apc_propellers_16x10E"
      },
      "flange":{
        "offset":41.61205400731366,
        "angle":0.0
      }
    },
    "middleSegment":{
      "node_type":"AngledWingArm",
      "arm1Length":443.23965471966756,
      "arm2Length":171.6635727769558,
      "wing":{
        "wingType":"Wing_horiz_hole",
        "nacaProfile":"2415",
        "span":251.06452454611775,
        "chordInner":163.77827609234578,
        "chordOuter":185.67470004106534,
        "taperOffset":false,
        "aileronBias":0.43070670660910504,
        "flapBias":0.28325535877925034,
        "load":561.2684368201169,
        "tubeOffset":71.31941859680467,
        "tubeRot":270.0
      },
      "servo":{
        "servoType":"Hitec_D485HW"
      }
    },
    "rearSegment":{
      "node_type":"PropArm",
      "armLength":395.72177065489603,
      "motor":{
        "motorType":"t_motor_AT4125KV540"
      },
      "prop":{
        "propType":"apc_propellers_18_1x10"
      },
      "flange":{
        "offset":26.766217612564674,
        "angle":203.92123822745205
      }
    }
  },
  "fuselageWithComponents":{
    "node_type":"DualBatteryFuselageWithComponents",
    "battery":{
      "batteryType":"TurnigyGraphene1200mAh6S75C"
    },
    "fuselage":{
      "length":84.0,
      "vertDiameter":52.5,
      "horzDiameter":423.9,
      "floorHeight":8.75,
      "battery1X":-4.5,
      "battery1Y":-17.0,
      "battery2X":-4.5,
      "battery2Y":30.0,
      "rpmX":-4.5,
      "rpmY":-131.3,
      "autoPilotX":-4.5,
      "autoPilotY":75.0,
      "currentX":-4.5,
      "currentY":-111.15,
      "voltageX":-4.5,
      "voltageY":128.8,
      "gpsX":-4.5,
      "gpsY":-71.0,
      "varioX":-4.5,
      "varioY":107.15
    }
  }
}