{"Interferences": 20, "Mass": 3.751098693032549, "Batt_amps_ratio_MFD": 0.470997572, "Batt_amps_ratio_MxSpd": 0.470997572, "Distance_MxSpd": 978.348999, "Max_Distance": 978.348999, "Hover_Time": 80.3060074, "Max_Speed": 12.0, "Max_uc_at_MFD": 0.997160971, "Mot_amps_ratio_MFD": 0.766543806, "Mot_amps_ratio_MxSpd": 0.766543806, "Mot_power_ratio_MFD": 0.378161609, "Mot_power_ratio_MxSpd": 0.378161609, "Power_MFD": 639.81012, "Power_MxSpd": 639.81012, "Speed_MFD": 12.0}