{"Interferences": 90, "Mass": 3.5796617295838087, "Batt_amps_ratio_MFD": 0.31785062, "Batt_amps_ratio_MxSpd": 0.31785062, "Distance_MxSpd": 1691.3606, "Max_Distance": 1691.3606, "Hover_Time": 141.756134, "Max_Speed": 14.0, "Max_uc_at_MFD": 0.993953764, "Mot_amps_ratio_MFD": 0.47710517, "Mot_amps_ratio_MxSpd": 0.47710517, "Mot_power_ratio_MFD": 0.186912954, "Mot_power_ratio_MxSpd": 0.186912954, "Power_MFD": 526.955872, "Power_MxSpd": 526.955872, "Speed_MFD": 14.0}