{"Interferences": 4, "Mass": 4.866123847867088, "Batt_amps_ratio_MFD": 0.622582734, "Batt_amps_ratio_MxSpd": 0.672908247, "Distance_MxSpd": 1940.23486, "Max_Distance": 1973.71362, "Hover_Time": 0.0, "Max_Speed": 34.0, "Max_uc_at_MFD": 0.808808327, "Mot_amps_ratio_MFD": 0.669560373, "Mot_amps_ratio_MxSpd": 0.729394674, "Mot_power_ratio_MFD": 0.223162845, "Mot_power_ratio_MxSpd": 0.243105486, "Power_MFD": 2045.94592, "Power_MxSpd": 2337.00049, "Speed_MFD": 32.0}