{
  "generator_version":"UAV2_gen12",
  "name":"design_11091_4c178a480b974c579893cca9e85895d7_dw",
  "hub":{
    "node_type":"ConnectedHub4_2_2",
    "frontSegment":{
      "node_type":"SidewaysBendWithTopSegment",
      "angle":-124.18963577550441,
      "armLength":493.9733619174973,
      "mainSegment":{
        "node_type":"PropArm",
        "armLength":183.09138266040557,
        "motor":{
          "motorType":"t_motor_MN3520KV400"
        },
        "prop":{
          "propType":"apc_propellers_15x5_5MR"
        },
        "flange":{
          "offset":-17.76212620716462,
          "angle":162.68165058919325
        }
      },
      "topSegment":{
        "node_type":"PropArm",
        "armLength":214.83324769803326,
        "motor":{
          "motorType":"t_motor_MN5208KV340"
        },
        "prop":{
          "propType":"apc_propellers_16x13"
        },
        "flange":{
          "offset":-16.134983549762296,
          "angle":0.0
        }
      }
    },
    "rearSegment":{
      "node_type":"AngledWingArm",
      "arm1Length":374.527360601577,
      "arm2Length":199.9708940343723,
      "wing":{
        "wingType":"Wing_vert_hole",
        "nacaProfile":"2306",
        "span":1151.64685558902,
        "chordInner":122.18272888937074,
        "chordOuter":132.68504511782487,
        "taperOffset":true,
        "aileronBias":0.21056931229071485,
        "flapBias":0.8538853882072501,
        "load":329.891218395957,
        "tubeOffset":63.043365281980016,
        "tubeRot":288.89090088330204
      },
      "servo":{
        "servoType":"Hitec_HS_65MG"
      }
    }
  },
  "fuselageWithComponents":{
    "node_type":"DualBatteryFuselageWithComponents",
    "battery":{
      "batteryType":"TattuPlus25C22000mAh12S1PAGRI"
    },
    "fuselage":{
      "length":235.0,
      "vertDiameter":258.0,
      "horzDiameter":636.9,
      "floorHeight":43.0,
      "battery1X":0.0,
      "battery1Y":-52.5,
      "battery2X":0.0,
      "battery2Y":65.5,
      "rpmX":0.0,
      "rpmY":-202.3,
      "autoPilotX":0.0,
      "autoPilotY":146.0,
      "currentX":0.0,
      "currentY":-182.15,
      "voltageX":0.0,
      "voltageY":199.8,
      "gpsX":0.0,
      "gpsY":-142.0,
      "varioX":0.0,
      "varioY":178.15
    }
  }
}