{"Interferences": 8, "Mass": 4.1492947625041054, "Batt_amps_ratio_MFD": 0.147268996, "Batt_amps_ratio_MxSpd": 0.147268996, "Distance_MxSpd": 1303.73682, "Max_Distance": 1303.73682, "Hover_Time": 261.987213, "Max_Speed": 5.0, "Max_uc_at_MFD": 0.999892473, "Mot_amps_ratio_MFD": 0.324762762, "Mot_amps_ratio_MxSpd": 0.324762762, "Mot_power_ratio_MFD": 0.120162219, "Mot_power_ratio_MxSpd": 0.120162219, "Power_MFD": 483.997162, "Power_MxSpd": 483.997162, "Speed_MFD": 5.0}