{"Interferences": 79, "Mass": 6.622344454570395, "Batt_amps_ratio_MFD": 0.869910419, "Batt_amps_ratio_MxSpd": 0.869910419, "Distance_MxSpd": 14567.0176, "Max_Distance": 14567.0176, "Hover_Time": 839.175232, "Max_Speed": 22.0, "Max_uc_at_MFD": 0.674442768, "Mot_amps_ratio_MFD": 0.934881866, "Mot_amps_ratio_MxSpd": 0.934881866, "Mot_power_ratio_MFD": 0.701556385, "Mot_power_ratio_MxSpd": 0.701556385, "Power_MFD": 1563.29053, "Power_MxSpd": 1563.29053, "Speed_MFD": 22.0}