{"Interferences": 10, "Mass": 3.8946862899908377, "Batt_amps_ratio_MFD": 0.303433806, "Batt_amps_ratio_MxSpd": 0.303433806, "Distance_MxSpd": 2531.02979, "Max_Distance": 2531.02979, "Hover_Time": 146.115646, "Max_Speed": 20.0, "Max_uc_at_MFD": 0.550891817, "Mot_amps_ratio_MFD": 0.64850688, "Mot_amps_ratio_MxSpd": 0.64850688, "Mot_power_ratio_MFD": 0.479895085, "Mot_power_ratio_MxSpd": 0.479895085, "Power_MFD": 738.900085, "Power_MxSpd": 738.900085, "Speed_MFD": 20.0}