{
  "generator_version":"UAV2_gen12",
  "name":"design_743_ff21f28a23424d41aa298f63913ac2ac_dw",
  "hub":{
    "node_type":"ConnectedHub4_2_2",
    "frontSegment":{
      "node_type":"WingArm",
      "armLength":489.5761781435801,
      "wing":{
        "wingType":"Wing_vert_hole",
        "nacaProfile":"0015",
        "span":481.7306980167559,
        "chordInner":382.7584676213127,
        "chordOuter":123.60742909042129,
        "taperOffset":true,
        "aileronBias":0.21265249508503367,
        "flapBias":0.4656328312275618,
        "load":626.8064071728631,
        "tubeOffset":37.48080843760456,
        "tubeRot":230.23045012215948
      },
      "servo":{
        "servoType":"Hitec_HS_45HB"
      }
    },
    "rearSegment":{
      "node_type":"PropArm",
      "armLength":178.28516270886462,
      "motor":{
        "motorType":"kde_direct_KDE4213XF_360"
      },
      "prop":{
        "propType":"apc_propellers_16x8"
      },
      "flange":{
        "offset":1.4773355096776442,
        "angle":314.4005905476016
      }
    }
  },
  "fuselageWithComponents":{
    "node_type":"DualBatteryFuselageWithComponents",
    "battery":{
      "batteryType":"TurnigyGraphene4000mAh3S75C"
    },
    "fuselage":{
      "length":145.0,
      "vertDiameter":76.5,
      "horzDiameter":372.9,
      "floorHeight":12.75,
      "battery1X":0.0,
      "battery1Y":-8.5,
      "battery2X":0.0,
      "battery2Y":21.5,
      "rpmX":0.0,
      "rpmY":-114.3,
      "autoPilotX":0.0,
      "autoPilotY":58.0,
      "currentX":0.0,
      "currentY":-94.15,
      "voltageX":0.0,
      "voltageY":111.8,
      "gpsX":0.0,
      "gpsY":-54.0,
      "varioX":0.0,
      "varioY":90.15
    }
  }
}