{"Interferences": 4, "Mass": 7.317783843936815, "Batt_amps_ratio_MFD": 0.899116993, "Batt_amps_ratio_MxSpd": 1.19245172, "Distance_MxSpd": 2318.58423, "Max_Distance": 2818.76562, "Hover_Time": 0.0, "Max_Speed": 24.0, "Max_uc_at_MFD": 0.762458205, "Mot_amps_ratio_MFD": 0.730568111, "Mot_amps_ratio_MxSpd": 0.691167712, "Mot_power_ratio_MFD": 0.689291, "Mot_power_ratio_MxSpd": 0.652116776, "Power_MFD": 1590.26611, "Power_MxSpd": 2459.10156, "Speed_MFD": 22.0}