{"Interferences": 0, "Mass": 7.795081793689402, "Batt_amps_ratio_MFD": 1.40672159, "Batt_amps_ratio_MxSpd": 1.47607124, "Distance_MxSpd": 10536.0771, "Max_Distance": 10646.0293, "Hover_Time": 555.679932, "Max_Speed": 27.0, "Max_uc_at_MFD": 0.688823164, "Mot_amps_ratio_MFD": 0.850176811, "Mot_amps_ratio_MxSpd": 0.986171484, "Mot_power_ratio_MFD": 0.637767255, "Mot_power_ratio_MxSpd": 0.739784837, "Power_MFD": 1965.0647, "Power_MxSpd": 2157.30005, "Speed_MFD": 26.0}