{"Interferences": 14, "Mass": 4.129058932324147, "Batt_amps_ratio_MFD": 0.181140646, "Batt_amps_ratio_MxSpd": 0.181140646, "Distance_MxSpd": 1483.92981, "Max_Distance": 1483.92981, "Hover_Time": 0.0, "Max_Speed": 7.0, "Max_uc_at_MFD": 0.98212868, "Mot_amps_ratio_MFD": 0.242614582, "Mot_amps_ratio_MxSpd": 0.242614582, "Mot_power_ratio_MFD": 0.0910452232, "Mot_power_ratio_MxSpd": 0.0910452232, "Power_MFD": 357.924469, "Power_MxSpd": 357.924469, "Speed_MFD": 7.0}