{"Interferences": 58, "Mass": 7.542299490351606, "Batt_amps_ratio_MFD": 0.167306811, "Batt_amps_ratio_MxSpd": 0.167306811, "Distance_MxSpd": 15148.2178, "Max_Distance": 15148.2178, "Hover_Time": 0.0, "Max_Speed": 22.0, "Max_uc_at_MFD": 0.534491837, "Mot_amps_ratio_MFD": 0.996753931, "Mot_amps_ratio_MxSpd": 0.996753931, "Mot_power_ratio_MFD": 0.885117531, "Mot_power_ratio_MxSpd": 0.885117531, "Power_MFD": 1315.53503, "Power_MxSpd": 1315.53503, "Speed_MFD": 22.0}