{"Interferences": 73, "Mass": 9.317373809058427, "Batt_amps_ratio_MFD": 0.897491634, "Batt_amps_ratio_MxSpd": 0.897491634, "Distance_MxSpd": 2695.5127, "Max_Distance": 2695.5127, "Hover_Time": 0.0, "Max_Speed": 21.0, "Max_uc_at_MFD": 0.807665646, "Mot_amps_ratio_MFD": 0.984150648, "Mot_amps_ratio_MxSpd": 0.984150648, "Mot_power_ratio_MFD": 0.747954488, "Mot_power_ratio_MxSpd": 0.747954488, "Power_MFD": 3618.78149, "Power_MxSpd": 3618.78149, "Speed_MFD": 21.0}