{
  "generator_version":"UAV2_gen12",
  "name":"design_2797_05b5026310b84d88880a2368487c9e41_dw_dl",
  "hub":{
    "node_type":"ConnectedHub3_2_1",
    "angle":118.31425191470305,
    "centerSegment":{
      "node_type":"BranchSegment_Sym",
      "armLength":252.11045414371864,
      "angle":180.0,
      "mainSegment":{
        "node_type":"PropArm",
        "armLength":327.0964677765213,
        "motor":{
          "motorType":"t_motor_AT4130KV300"
        },
        "prop":{
          "propType":"apc_propellers_14x12N"
        },
        "flange":{
          "offset":12.220153700457601,
          "angle":0.0
        }
      }
    },
    "mainSegment":{
      "node_type":"BendSegment",
      "angle":-90.0,
      "armLength":472.18171532246805,
      "mainSegment":{
        "node_type":"AngledWingArm",
        "arm1Length":336.9068738091836,
        "arm2Length":70.91391836925558,
        "wing":{
          "wingType":"Wing_horiz_hole",
          "nacaProfile":"6612",
          "span":883.8929215777026,
          "chordInner":366.40280130334475,
          "chordOuter":137.72520399087216,
          "taperOffset":false,
          "aileronBias":0.8392855748271679,
          "flapBias":0.8375160050480934,
          "load":964.1142124326599,
          "tubeOffset":57.09566621291613,
          "tubeRot":270.0
        },
        "servo":{
          "servoType":"Hitec_HS_85BB"
        }
      }
    }
  },
  "fuselageWithComponents":{
    "node_type":"DualBatteryFuselageWithComponents",
    "battery":{
      "batteryType":"Tattu25C22000mAh14S1P"
    },
    "fuselage":{
      "length":559.0,
      "vertDiameter":354.0,
      "horzDiameter":422.4,
      "floorHeight":59.0,
      "battery1X":-139.75,
      "battery1Y":6.0,
      "battery2X":140.75,
      "battery2Y":6.0,
      "rpmX":0.0,
      "rpmY":-130.8,
      "autoPilotX":0.0,
      "autoPilotY":74.5,
      "currentX":0.0,
      "currentY":-110.65,
      "voltageX":0.0,
      "voltageY":128.3,
      "gpsX":0.0,
      "gpsY":-70.5,
      "varioX":0.0,
      "varioY":106.65
    }
  }
}