{"Interferences": 12, "Mass": 8.60703454864537, "Batt_amps_ratio_MFD": 0.610159755, "Batt_amps_ratio_MxSpd": 0.610159755, "Distance_MxSpd": 5097.68115, "Max_Distance": 5097.68115, "Hover_Time": 252.155289, "Max_Speed": 27.0, "Max_uc_at_MFD": 0.99999702, "Mot_amps_ratio_MFD": 0.201743335, "Mot_amps_ratio_MxSpd": 0.201743335, "Mot_power_ratio_MFD": 0.0576244742, "Mot_power_ratio_MxSpd": 0.0576244742, "Power_MFD": 2141.04053, "Power_MxSpd": 2141.04053, "Speed_MFD": 27.0}