{"Interferences": 16, "Mass": 3.0404479974494394, "Batt_amps_ratio_MFD": 0.828623652, "Batt_amps_ratio_MxSpd": 0.980861366, "Distance_MxSpd": 939.582336, "Max_Distance": 1019.52197, "Hover_Time": 67.2631302, "Max_Speed": 24.0, "Max_uc_at_MFD": 0.991406322, "Mot_amps_ratio_MFD": 0.42388612, "Mot_amps_ratio_MxSpd": 0.45079425, "Mot_power_ratio_MFD": 0.274466246, "Mot_power_ratio_MxSpd": 0.29188928, "Power_MFD": 778.992249, "Power_MxSpd": 908.81366, "Speed_MFD": 22.0}