{"Interferences": 2, "Mass": 2.3268267904058253, "Batt_amps_ratio_MFD": 0.460808933, "Batt_amps_ratio_MxSpd": 0.460808933, "Distance_MxSpd": 0.0, "Max_Distance": 0.0, "Hover_Time": 83.3317184, "Max_Speed": 0.0, "Max_uc_at_MFD": 0.559970558, "Mot_amps_ratio_MFD": 0.52251929, "Mot_amps_ratio_MxSpd": 0.52251929, "Mot_power_ratio_MFD": 0.196306467, "Mot_power_ratio_MxSpd": 0.196306467, "Power_MFD": 301.183105, "Power_MxSpd": 301.183105, "Speed_MFD": 0.0}