{"Interferences": 2, "Mass": 5.873272756103087, "Batt_amps_ratio_MFD": 1.54412413, "Batt_amps_ratio_MxSpd": 1.54412413, "Distance_MxSpd": 2014.34583, "Max_Distance": 2014.34583, "Hover_Time": 0.0, "Max_Speed": 27.0, "Max_uc_at_MFD": 0.963193655, "Mot_amps_ratio_MFD": 0.943799436, "Mot_amps_ratio_MxSpd": 0.943799436, "Mot_power_ratio_MFD": 0.945811331, "Mot_power_ratio_MxSpd": 0.945811331, "Power_MFD": 4082.01489, "Power_MxSpd": 4082.01489, "Speed_MFD": 27.0}