{"Interferences": 6, "Mass": 4.385488516065648, "Batt_amps_ratio_MFD": 1.39380002, "Batt_amps_ratio_MxSpd": 1.39380002, "Distance_MxSpd": 440.809296, "Max_Distance": 440.809296, "Hover_Time": 0.0, "Max_Speed": 16.0, "Max_uc_at_MFD": 0.686225891, "Mot_amps_ratio_MFD": 0.97284162, "Mot_amps_ratio_MxSpd": 0.97284162, "Mot_power_ratio_MFD": 0.959870398, "Mot_power_ratio_MxSpd": 0.959870398, "Power_MFD": 1438.35461, "Power_MxSpd": 1438.35461, "Speed_MFD": 16.0}