{"Interferences": 3, "Mass": 4.5636673985355865, "Batt_amps_ratio_MFD": 1.65787649, "Batt_amps_ratio_MxSpd": 2.08955407, "Distance_MxSpd": 588.068054, "Max_Distance": 602.216187, "Hover_Time": 37.1119652, "Max_Speed": 32.0, "Max_uc_at_MFD": 0.555790186, "Mot_amps_ratio_MFD": 0.423330784, "Mot_amps_ratio_MxSpd": 0.654722989, "Mot_power_ratio_MFD": 0.141095132, "Mot_power_ratio_MxSpd": 0.218217582, "Power_MFD": 1183.7439, "Power_MxSpd": 1994.4198, "Speed_MFD": 26.0}