{"Interferences": 41, "Mass": 6.561972193562237, "Batt_amps_ratio_MFD": 0.267168283, "Batt_amps_ratio_MxSpd": 0.267168283, "Distance_MxSpd": 7905.12988, "Max_Distance": 7905.12988, "Hover_Time": 360.19931, "Max_Speed": 22.0, "Max_uc_at_MFD": 0.862423241, "Mot_amps_ratio_MFD": 0.89329052, "Mot_amps_ratio_MxSpd": 0.89329052, "Mot_power_ratio_MFD": 0.894200027, "Mot_power_ratio_MxSpd": 0.894200027, "Power_MFD": 1959.45801, "Power_MxSpd": 1959.45801, "Speed_MFD": 22.0}