{"Interferences": 45, "Mass": 6.51930137314723, "Batt_amps_ratio_MFD": 2.05008769, "Batt_amps_ratio_MxSpd": 2.05008769, "Distance_MxSpd": 580.658142, "Max_Distance": 580.658142, "Hover_Time": 23.6089649, "Max_Speed": 31.0, "Max_uc_at_MFD": 0.999464273, "Mot_amps_ratio_MFD": 0.796904922, "Mot_amps_ratio_MxSpd": 0.796904922, "Mot_power_ratio_MFD": 0.49142468, "Mot_power_ratio_MxSpd": 0.49142468, "Power_MFD": 2976.7002, "Power_MxSpd": 2976.7002, "Speed_MFD": 31.0}