{"Interferences": 36, "Mass": 4.23112258845945, "Batt_amps_ratio_MFD": 1.62932193, "Batt_amps_ratio_MxSpd": 1.62932193, "Distance_MxSpd": 612.770264, "Max_Distance": 612.770264, "Hover_Time": 0.0, "Max_Speed": 26.0, "Max_uc_at_MFD": 0.344172865, "Mot_amps_ratio_MFD": 0.779619396, "Mot_amps_ratio_MxSpd": 0.779619396, "Mot_power_ratio_MFD": 0.735570908, "Mot_power_ratio_MxSpd": 0.735570908, "Power_MFD": 1022.39355, "Power_MxSpd": 1022.39355, "Speed_MFD": 26.0}