{"Interferences": 0, "Mass": 4.530279429866357, "Batt_amps_ratio_MFD": 0.236241966, "Batt_amps_ratio_MxSpd": 0.236241966, "Distance_MxSpd": 3088.35913, "Max_Distance": 3088.35913, "Hover_Time": 204.869843, "Max_Speed": 19.0, "Max_uc_at_MFD": 0.993967772, "Mot_amps_ratio_MFD": 0.272470415, "Mot_amps_ratio_MxSpd": 0.272470415, "Mot_power_ratio_MFD": 0.102176405, "Mot_power_ratio_MxSpd": 0.102176405, "Power_MFD": 745.433228, "Power_MxSpd": 745.433228, "Speed_MFD": 19.0}