{"Interferences": 9, "Mass": 4.687893452630298, "Batt_amps_ratio_MFD": 0.342539608, "Batt_amps_ratio_MxSpd": 0.382704616, "Distance_MxSpd": 3311.16992, "Max_Distance": 3363.11475, "Hover_Time": 167.865494, "Max_Speed": 33.0, "Max_uc_at_MFD": 0.825730205, "Mot_amps_ratio_MFD": 0.866062164, "Mot_amps_ratio_MxSpd": 0.99058944, "Mot_power_ratio_MFD": 0.650008917, "Mot_power_ratio_MxSpd": 0.743470848, "Power_MFD": 1650.09338, "Power_MxSpd": 2024.69666, "Speed_MFD": 30.0}