{"Interferences": 0, "Mass": 6.829911229248826, "Batt_amps_ratio_MFD": 0.258624673, "Batt_amps_ratio_MxSpd": 0.258624673, "Distance_MxSpd": 5939.1084, "Max_Distance": 5939.1084, "Hover_Time": 0.0, "Max_Speed": 16.0, "Max_uc_at_MFD": 0.569554448, "Mot_amps_ratio_MFD": 0.818766117, "Mot_amps_ratio_MxSpd": 0.818766117, "Mot_power_ratio_MFD": 0.61615622, "Mot_power_ratio_MxSpd": 0.61615622, "Power_MFD": 1406.79993, "Power_MxSpd": 1406.79993, "Speed_MFD": 16.0}