{"Interferences": 17, "Mass": 4.507152514147986, "Batt_amps_ratio_MFD": 1.08215499, "Batt_amps_ratio_MxSpd": 1.18786442, "Distance_MxSpd": 840.499939, "Max_Distance": 851.633972, "Hover_Time": 33.2438393, "Max_Speed": 26.0, "Max_uc_at_MFD": 0.922534168, "Mot_amps_ratio_MFD": 0.907175183, "Mot_amps_ratio_MxSpd": 0.998673618, "Mot_power_ratio_MFD": 0.454725444, "Mot_power_ratio_MxSpd": 0.492679, "Power_MFD": 1566.84985, "Power_MxSpd": 1864.28601, "Speed_MFD": 24.0}