{"Interferences": 49, "Mass": 5.253984111113332, "Batt_amps_ratio_MFD": 0.450514555, "Batt_amps_ratio_MxSpd": 0.603713453, "Distance_MxSpd": 5915.38916, "Max_Distance": 6648.39795, "Hover_Time": 300.006714, "Max_Speed": 31.0, "Max_uc_at_MFD": 0.854128659, "Mot_amps_ratio_MFD": 0.625523388, "Mot_amps_ratio_MxSpd": 0.756232381, "Mot_power_ratio_MFD": 0.626160264, "Mot_power_ratio_MxSpd": 0.757002354, "Power_MFD": 1428.90259, "Power_MxSpd": 2226.55371, "Speed_MFD": 26.0}