{
  "generator_version":"UAV2_gen12",
  "name":"design_1895_ca5486d9d96d4f619fbc78b5dc5ffec3_dw_dl",
  "hub":{
    "node_type":"ConnectedHub4_2_2",
    "frontSegment":{
      "node_type":"BranchSegment_Sym",
      "armLength":181.712427708597,
      "angle":180.0,
      "mainSegment":{
        "node_type":"AngledWingArm",
        "arm1Length":179.1110473746086,
        "arm2Length":190.1369299334587,
        "wing":{
          "wingType":"Wing_horiz_hole",
          "nacaProfile":"2515",
          "span":1838.4705249157444,
          "chordInner":239.48856214795205,
          "chordOuter":67.36500958103294,
          "taperOffset":false,
          "aileronBias":0.9519845833397231,
          "flapBias":0.1503050948618645,
          "load":902.4433939221757,
          "tubeOffset":46.56592091616663,
          "tubeRot":264.69517042493334
        },
        "servo":{
          "servoType":"Hitec_HS_7235MH"
        }
      }
    },
    "rearSegment":{
      "node_type":"PropArm",
      "armLength":101.87101539623502,
      "motor":{
        "motorType":"kde_direct_KDE3510XF_475"
      },
      "prop":{
        "propType":"apc_propellers_17x6E"
      },
      "flange":{
        "offset":-18.847009610541456,
        "angle":0.0
      }
    }
  },
  "fuselageWithComponents":{
    "node_type":"DualBatteryFuselageWithComponents",
    "battery":{
      "batteryType":"Tattu25C10000mAh4S1P"
    },
    "fuselage":{
      "length":339.0,
      "vertDiameter":97.5,
      "horzDiameter":344.4,
      "floorHeight":16.25,
      "battery1X":-84.75,
      "battery1Y":6.0,
      "battery2X":85.75,
      "battery2Y":6.0,
      "rpmX":0.0,
      "rpmY":-104.8,
      "autoPilotX":0.0,
      "autoPilotY":48.5,
      "currentX":0.0,
      "currentY":-84.65,
      "voltageX":0.0,
      "voltageY":102.3,
      "gpsX":0.0,
      "gpsY":-44.5,
      "varioX":0.0,
      "varioY":80.65
    }
  }
}