{"Interferences": 16, "Mass": 6.353688508985712, "Batt_amps_ratio_MFD": 0.235764548, "Batt_amps_ratio_MxSpd": 0.279013127, "Distance_MxSpd": 9496.32715, "Max_Distance": 10749.708, "Hover_Time": 0.0, "Max_Speed": 23.0, "Max_uc_at_MFD": 0.985169291, "Mot_amps_ratio_MFD": 0.919518709, "Mot_amps_ratio_MxSpd": 0.977689564, "Mot_power_ratio_MFD": 0.459856451, "Mot_power_ratio_MxSpd": 0.482326835, "Power_MFD": 1587.35718, "Power_MxSpd": 1907.77966, "Speed_MFD": 22.0}