{"Interferences": 3, "Mass": 3.098301607178011, "Batt_amps_ratio_MFD": 0.650949657, "Batt_amps_ratio_MxSpd": 0.650949657, "Distance_MxSpd": 1238.80542, "Max_Distance": 1238.80542, "Hover_Time": 88.381958, "Max_Speed": 21.0, "Max_uc_at_MFD": 0.963640571, "Mot_amps_ratio_MFD": 0.503377914, "Mot_amps_ratio_MxSpd": 0.503377914, "Mot_power_ratio_MFD": 0.186249822, "Mot_power_ratio_MxSpd": 0.186249822, "Power_MFD": 679.523315, "Power_MxSpd": 679.523315, "Speed_MFD": 21.0}