{"Interferences": 4, "Mass": 3.779936827925242, "Batt_amps_ratio_MFD": 0.966493547, "Batt_amps_ratio_MxSpd": 0.966493547, "Distance_MxSpd": 635.700012, "Max_Distance": 635.700012, "Hover_Time": 47.7023926, "Max_Speed": 16.0, "Max_uc_at_MFD": 0.990636885, "Mot_amps_ratio_MFD": 0.695397079, "Mot_amps_ratio_MxSpd": 0.695397079, "Mot_power_ratio_MFD": 0.454053402, "Mot_power_ratio_MxSpd": 0.454053402, "Power_MFD": 1707.02588, "Power_MxSpd": 1707.02588, "Speed_MFD": 16.0}