{"Interferences": 8, "Mass": 9.064565437090408, "Batt_amps_ratio_MFD": 0.612822711, "Batt_amps_ratio_MxSpd": 0.612822711, "Distance_MxSpd": 375.96521, "Max_Distance": 375.96521, "Hover_Time": 195.571075, "Max_Speed": 2.0, "Max_uc_at_MFD": 0.831782758, "Mot_amps_ratio_MFD": 0.824377775, "Mot_amps_ratio_MxSpd": 0.824377775, "Mot_power_ratio_MFD": 0.783158898, "Mot_power_ratio_MxSpd": 0.783158898, "Power_MFD": 2697.50171, "Power_MxSpd": 2697.50171, "Speed_MFD": 2.0}