{"Interferences": 13, "Mass": 7.557624515305499, "Batt_amps_ratio_MFD": 0.622805715, "Batt_amps_ratio_MxSpd": 0.622805715, "Distance_MxSpd": 4007.67017, "Max_Distance": 4007.67017, "Hover_Time": 152.741669, "Max_Speed": 26.0, "Max_uc_at_MFD": 0.999999881, "Mot_amps_ratio_MFD": 0.926512301, "Mot_amps_ratio_MxSpd": 0.926512301, "Mot_power_ratio_MFD": 0.928487301, "Mot_power_ratio_MxSpd": 0.928487301, "Power_MFD": 3671.57104, "Power_MxSpd": 3671.57104, "Speed_MFD": 26.0}