{"Interferences": 23, "Mass": 4.751974140178477, "Batt_amps_ratio_MFD": 0.455305338, "Batt_amps_ratio_MxSpd": 0.687602937, "Distance_MxSpd": 4020.92505, "Max_Distance": 4554.30664, "Hover_Time": 247.316956, "Max_Speed": 24.0, "Max_uc_at_MFD": 0.750487626, "Mot_amps_ratio_MFD": 0.499767393, "Mot_amps_ratio_MxSpd": 0.95244962, "Mot_power_ratio_MFD": 0.369827867, "Mot_power_ratio_MxSpd": 0.704812706, "Power_MFD": 868.21936, "Power_MxSpd": 1117.64893, "Speed_MFD": 18.0}