{"Interferences": 10, "Mass": 3.619802092704701, "Batt_amps_ratio_MFD": 0.850014091, "Batt_amps_ratio_MxSpd": 0.850014091, "Distance_MxSpd": 0.0, "Max_Distance": 0.0, "Hover_Time": 45.175724, "Max_Speed": 0.0, "Max_uc_at_MFD": 0.383026659, "Mot_amps_ratio_MFD": 0.397157282, "Mot_amps_ratio_MxSpd": 0.397157282, "Mot_power_ratio_MFD": 0.374717891, "Mot_power_ratio_MxSpd": 0.374717891, "Power_MFD": 604.872986, "Power_MxSpd": 604.872986, "Speed_MFD": 0.0}