{"Interferences": 6, "Mass": 3.0150659340481374, "Batt_amps_ratio_MFD": 0.869944632, "Batt_amps_ratio_MxSpd": 0.948559761, "Distance_MxSpd": 1052.54309, "Max_Distance": 1059.37781, "Hover_Time": 73.1961212, "Max_Speed": 26.0, "Max_uc_at_MFD": 0.841383994, "Mot_amps_ratio_MFD": 0.330492675, "Mot_amps_ratio_MxSpd": 0.386840641, "Mot_power_ratio_MFD": 0.161844209, "Mot_power_ratio_MxSpd": 0.189438149, "Power_MFD": 812.420898, "Power_MxSpd": 979.761597, "Speed_MFD": 24.0}