{"Interferences": 22, "Mass": 12.082177748270782, "Batt_amps_ratio_MFD": 1.09777498, "Batt_amps_ratio_MxSpd": 2.27326751, "Distance_MxSpd": 304.055725, "Max_Distance": 489.717865, "Hover_Time": 0.0, "Max_Speed": 18.0, "Max_uc_at_MFD": 0.985470295, "Mot_amps_ratio_MFD": 0.482737899, "Mot_amps_ratio_MxSpd": 0.564904034, "Mot_power_ratio_MFD": 0.252745479, "Mot_power_ratio_MxSpd": 0.205102652, "Power_MFD": 1259.17151, "Power_MxSpd": 3240.19727, "Speed_MFD": 14.0}