{"Interferences": 1, "Mass": 5.695593013051281, "Batt_amps_ratio_MFD": 0.602808952, "Batt_amps_ratio_MxSpd": 0.602808952, "Distance_MxSpd": 1719.94788, "Max_Distance": 1719.94788, "Hover_Time": 0.0, "Max_Speed": 27.0, "Max_uc_at_MFD": 0.979546726, "Mot_amps_ratio_MFD": 0.640017092, "Mot_amps_ratio_MxSpd": 0.640017092, "Mot_power_ratio_MFD": 0.159987107, "Mot_power_ratio_MxSpd": 0.159987107, "Power_MFD": 1797.7981, "Power_MxSpd": 1797.7981, "Speed_MFD": 27.0}