{"Interferences": 25, "Mass": 5.715247594855598, "Batt_amps_ratio_MFD": 0.383774966, "Batt_amps_ratio_MxSpd": 0.383774966, "Distance_MxSpd": 2101.23145, "Max_Distance": 2101.23145, "Hover_Time": 89.6957703, "Max_Speed": 21.0, "Max_uc_at_MFD": 1.0, "Mot_amps_ratio_MFD": 0.951928556, "Mot_amps_ratio_MxSpd": 0.951928556, "Mot_power_ratio_MFD": 0.475964278, "Mot_power_ratio_MxSpd": 0.475964278, "Power_MFD": 1698.70276, "Power_MxSpd": 1698.70276, "Speed_MFD": 21.0}