{"Interferences": 40, "Mass": 3.789246686879972, "Batt_amps_ratio_MFD": 1.06125784, "Batt_amps_ratio_MxSpd": 1.62966645, "Distance_MxSpd": 754.019348, "Max_Distance": 796.036499, "Hover_Time": 48.0912819, "Max_Speed": 32.0, "Max_uc_at_MFD": 0.421051383, "Mot_amps_ratio_MFD": 0.654766738, "Mot_amps_ratio_MxSpd": 0.885406971, "Mot_power_ratio_MFD": 0.491981655, "Mot_power_ratio_MxSpd": 0.665281177, "Power_MFD": 775.5224, "Power_MxSpd": 1582.26074, "Speed_MFD": 22.0}