{"Interferences": 19, "Mass": 6.871225153226519, "Batt_amps_ratio_MFD": 0.253100485, "Batt_amps_ratio_MxSpd": 0.253100485, "Distance_MxSpd": 8647.94824, "Max_Distance": 8647.94824, "Hover_Time": 457.289703, "Max_Speed": 19.0, "Max_uc_at_MFD": 0.654617667, "Mot_amps_ratio_MFD": 0.968864262, "Mot_amps_ratio_MxSpd": 0.968864262, "Mot_power_ratio_MFD": 0.746287346, "Mot_power_ratio_MxSpd": 0.746287346, "Power_MFD": 1857.68445, "Power_MxSpd": 1857.68445, "Speed_MFD": 19.0}