{"Interferences": 45, "Mass": 6.559827554244689, "Batt_amps_ratio_MFD": 0.737041295, "Batt_amps_ratio_MxSpd": 0.849042654, "Distance_MxSpd": 12211.4004, "Max_Distance": 12504.0479, "Hover_Time": 0.0, "Max_Speed": 18.0, "Max_uc_at_MFD": 0.678494275, "Mot_amps_ratio_MFD": 0.919331193, "Mot_amps_ratio_MxSpd": 0.885168493, "Mot_power_ratio_MFD": 0.85933274, "Mot_power_ratio_MxSpd": 0.769983709, "Power_MFD": 1017.66125, "Power_MxSpd": 1125.64429, "Speed_MFD": 16.0}