{"Interferences": 6, "Mass": 8.428012869093035, "Batt_amps_ratio_MFD": 1.11228824, "Batt_amps_ratio_MxSpd": 1.2064693, "Distance_MxSpd": 1209.47961, "Max_Distance": 1277.3667, "Hover_Time": 32.1328735, "Max_Speed": 38.0, "Max_uc_at_MFD": 0.661441684, "Mot_amps_ratio_MFD": 0.882922411, "Mot_amps_ratio_MxSpd": 0.969271958, "Mot_power_ratio_MFD": 0.378287137, "Mot_power_ratio_MxSpd": 0.415283501, "Power_MFD": 4245.52197, "Power_MxSpd": 4765.71289, "Speed_MFD": 37.0}