{"Interferences": 24, "Mass": 4.374800211569834, "Batt_amps_ratio_MFD": 0.129928008, "Batt_amps_ratio_MxSpd": 0.129928008, "Distance_MxSpd": 4137.67627, "Max_Distance": 4137.67627, "Hover_Time": 324.112457, "Max_Speed": 14.0, "Max_uc_at_MFD": 0.999113262, "Mot_amps_ratio_MFD": 0.266851366, "Mot_amps_ratio_MxSpd": 0.266851366, "Mot_power_ratio_MFD": 0.0987350047, "Mot_power_ratio_MxSpd": 0.0987350047, "Power_MFD": 614.592041, "Power_MxSpd": 614.592041, "Speed_MFD": 14.0}