{"Interferences": 8, "Mass": 5.237644137100684, "Batt_amps_ratio_MFD": 0.377706558, "Batt_amps_ratio_MxSpd": 0.377706558, "Distance_MxSpd": 2744.98828, "Max_Distance": 2744.98828, "Hover_Time": 150.832886, "Max_Speed": 27.0, "Max_uc_at_MFD": 0.983462334, "Mot_amps_ratio_MFD": 0.571382523, "Mot_amps_ratio_MxSpd": 0.571382523, "Mot_power_ratio_MFD": 0.281882048, "Mot_power_ratio_MxSpd": 0.281882048, "Power_MFD": 1385.44275, "Power_MxSpd": 1385.44275, "Speed_MFD": 27.0}