{"Interferences": 21, "Mass": 4.389499602735333, "Batt_amps_ratio_MFD": 0.220663905, "Batt_amps_ratio_MxSpd": 0.220663905, "Distance_MxSpd": 3828.44653, "Max_Distance": 3828.44653, "Hover_Time": 219.243225, "Max_Speed": 22.0, "Max_uc_at_MFD": 0.977100253, "Mot_amps_ratio_MFD": 0.321712077, "Mot_amps_ratio_MxSpd": 0.321712077, "Mot_power_ratio_MFD": 0.168686837, "Mot_power_ratio_MxSpd": 0.168686837, "Power_MFD": 932.782532, "Power_MxSpd": 932.782532, "Speed_MFD": 22.0}