{"Interferences": 11, "Mass": 3.3452581486573583, "Batt_amps_ratio_MFD": 0.561122119, "Batt_amps_ratio_MxSpd": 0.619946957, "Distance_MxSpd": 1424.63806, "Max_Distance": 1437.12036, "Hover_Time": 97.9259262, "Max_Speed": 23.0, "Max_uc_at_MFD": 0.927676678, "Mot_amps_ratio_MFD": 0.489462793, "Mot_amps_ratio_MxSpd": 0.542301118, "Mot_power_ratio_MFD": 0.24146831, "Mot_power_ratio_MxSpd": 0.267535239, "Power_MFD": 762.49585, "Power_MxSpd": 902.440308, "Speed_MFD": 21.0}