{"Interferences": 9, "Mass": 3.935057999762004, "Batt_amps_ratio_MFD": 1.00184989, "Batt_amps_ratio_MxSpd": 1.15782022, "Distance_MxSpd": 1028.13879, "Max_Distance": 1034.88562, "Hover_Time": 57.7314644, "Max_Speed": 31.0, "Max_uc_at_MFD": 0.877919257, "Mot_amps_ratio_MFD": 0.605773926, "Mot_amps_ratio_MxSpd": 0.738301873, "Mot_power_ratio_MFD": 0.302950948, "Mot_power_ratio_MxSpd": 0.369228899, "Power_MFD": 1165.18152, "Power_MxSpd": 1528.62793, "Speed_MFD": 27.0}