{"Interferences": 12, "Mass": 3.3851310463489, "Batt_amps_ratio_MFD": 0.84080559, "Batt_amps_ratio_MxSpd": 0.97460264, "Distance_MxSpd": 1182.02014, "Max_Distance": 1187.43262, "Hover_Time": 0.0, "Max_Speed": 30.0, "Max_uc_at_MFD": 0.799830616, "Mot_amps_ratio_MFD": 0.562531292, "Mot_amps_ratio_MxSpd": 0.764219761, "Mot_power_ratio_MFD": 0.375402689, "Mot_power_ratio_MxSpd": 0.50999856, "Power_MFD": 965.125183, "Power_MxSpd": 1390.58484, "Speed_MFD": 26.0}