{"Interferences": 16, "Mass": 7.16376140193663, "Batt_amps_ratio_MFD": 0.335688055, "Batt_amps_ratio_MxSpd": 0.401969701, "Distance_MxSpd": 3056.94678, "Max_Distance": 3088.58179, "Hover_Time": 143.280472, "Max_Speed": 32.0, "Max_uc_at_MFD": 0.933107495, "Mot_amps_ratio_MFD": 0.362112999, "Mot_amps_ratio_MxSpd": 0.40007478, "Mot_power_ratio_MFD": 0.22330302, "Mot_power_ratio_MxSpd": 0.246712774, "Power_MFD": 1961.08289, "Power_MxSpd": 2612.17847, "Speed_MFD": 27.0}