{"Interferences": 16, "Mass": 8.777585732358304, "Batt_amps_ratio_MFD": 0.642317653, "Batt_amps_ratio_MxSpd": 0.642317653, "Distance_MxSpd": 2152.2063, "Max_Distance": 2152.2063, "Hover_Time": 56.0187149, "Max_Speed": 36.0, "Max_uc_at_MFD": 0.967762947, "Mot_amps_ratio_MFD": 0.983801365, "Mot_amps_ratio_MxSpd": 0.983801365, "Mot_power_ratio_MFD": 0.491847932, "Mot_power_ratio_MxSpd": 0.491847932, "Power_MFD": 5480.23535, "Power_MxSpd": 5480.23535, "Speed_MFD": 36.0}