{"Interferences": 72, "Mass": 9.21105647795932, "Batt_amps_ratio_MFD": 0.373742253, "Batt_amps_ratio_MxSpd": 0.373742253, "Distance_MxSpd": 2774.10425, "Max_Distance": 2774.10425, "Hover_Time": 0.0, "Max_Speed": 9.0, "Max_uc_at_MFD": 0.995439708, "Mot_amps_ratio_MFD": 0.538597405, "Mot_amps_ratio_MxSpd": 0.538597405, "Mot_power_ratio_MFD": 0.354277432, "Mot_power_ratio_MxSpd": 0.354277432, "Power_MFD": 1069.60254, "Power_MxSpd": 1069.60254, "Speed_MFD": 9.0}