{"Interferences": 13, "Mass": 6.452602512856079, "Batt_amps_ratio_MFD": 1.72053266, "Batt_amps_ratio_MxSpd": 1.89056838, "Distance_MxSpd": 467.161102, "Max_Distance": 491.010712, "Hover_Time": 25.3282928, "Max_Speed": 23.0, "Max_uc_at_MFD": 0.993465066, "Mot_amps_ratio_MFD": 0.567367911, "Mot_amps_ratio_MxSpd": 0.827728748, "Mot_power_ratio_MFD": 0.213155746, "Mot_power_ratio_MxSpd": 0.31097132, "Power_MFD": 1618.16309, "Power_MxSpd": 1837.41199, "Speed_MFD": 22.0}