{"Interferences": 17, "Mass": 6.787122288953047, "Batt_amps_ratio_MFD": 0.385938764, "Batt_amps_ratio_MxSpd": 0.385938764, "Distance_MxSpd": 1094.47412, "Max_Distance": 1094.47412, "Hover_Time": 0.0, "Max_Speed": 11.0, "Max_uc_at_MFD": 0.999938488, "Mot_amps_ratio_MFD": 0.583852053, "Mot_amps_ratio_MxSpd": 0.583852053, "Mot_power_ratio_MFD": 0.30749619, "Mot_power_ratio_MxSpd": 0.30749619, "Power_MFD": 1355.50854, "Power_MxSpd": 1355.50854, "Speed_MFD": 11.0}