{"Interferences": 12, "Mass": 6.5041205288955695, "Batt_amps_ratio_MFD": 0.364103794, "Batt_amps_ratio_MxSpd": 0.364103794, "Distance_MxSpd": 421.857727, "Max_Distance": 421.857727, "Hover_Time": 0.0, "Max_Speed": 4.0, "Max_uc_at_MFD": 0.613834441, "Mot_amps_ratio_MFD": 0.959534824, "Mot_amps_ratio_MxSpd": 0.959534824, "Mot_power_ratio_MFD": 0.968257844, "Mot_power_ratio_MxSpd": 0.968257844, "Power_MFD": 1556.62219, "Power_MxSpd": 1556.62219, "Speed_MFD": 4.0}