{"Interferences": 36, "Mass": 3.084252899924771, "Batt_amps_ratio_MFD": 0.522124052, "Batt_amps_ratio_MxSpd": 0.522124052, "Distance_MxSpd": 1544.46057, "Max_Distance": 1544.46057, "Hover_Time": 0.0, "Max_Speed": 21.0, "Max_uc_at_MFD": 0.869615555, "Mot_amps_ratio_MFD": 0.638825238, "Mot_amps_ratio_MxSpd": 0.638825238, "Mot_power_ratio_MFD": 0.389307588, "Mot_power_ratio_MxSpd": 0.389307588, "Power_MFD": 680.807434, "Power_MxSpd": 680.807434, "Speed_MFD": 21.0}