{"Interferences": 49, "Mass": 2.71456586998684, "Batt_amps_ratio_MFD": 0.83542186, "Batt_amps_ratio_MxSpd": 1.0821203, "Distance_MxSpd": 993.604858, "Max_Distance": 1057.19043, "Hover_Time": 64.0745239, "Max_Speed": 28.0, "Max_uc_at_MFD": 0.667352319, "Mot_amps_ratio_MFD": 0.64594239, "Mot_amps_ratio_MxSpd": 0.857298791, "Mot_power_ratio_MFD": 0.62737155, "Mot_power_ratio_MxSpd": 0.832651496, "Power_MFD": 752.185669, "Power_MxSpd": 1217.40686, "Speed_MFD": 23.0}