{
  "generator_version":"UAV2_gen12",
  "name":"design_9397_7fc017b75cd44cf989b150ceddf5e24d_dw_dl",
  "hub":{
    "node_type":"ConnectedHub4_2_2",
    "frontSegment":{
      "node_type":"PropArm",
      "armLength":247.4679641211055,
      "motor":{
        "motorType":"kde_direct_KDE700XF_535_G3"
      },
      "prop":{
        "propType":"apc_propellers_17x8E"
      },
      "flange":{
        "offset":19.07127233878994,
        "angle":162.90019479297084
      }
    },
    "rearSegment":{
      "node_type":"WingArm",
      "armLength":268.50810652353164,
      "wing":{
        "wingType":"Wing_vert_hole",
        "nacaProfile":"2509",
        "span":1756.5579377511388,
        "chordInner":224.234753059985,
        "chordOuter":88.99448652142553,
        "taperOffset":false,
        "aileronBias":0.6943650338462236,
        "flapBias":0.3276233494228941,
        "load":958.5937881603377,
        "tubeOffset":31.502930438598007,
        "tubeRot":245.13153575231178
      },
      "servo":{
        "servoType":"Hitec_HS_81"
      }
    }
  },
  "fuselageWithComponents":{
    "node_type":"DualBatteryFuselageWithComponents",
    "battery":{
      "batteryType":"Tattu25C28000mAh6S1P"
    },
    "fuselage":{
      "length":411.0,
      "vertDiameter":181.5,
      "horzDiameter":386.4,
      "floorHeight":30.25,
      "battery1X":-102.75,
      "battery1Y":6.0,
      "battery2X":103.75,
      "battery2Y":6.0,
      "rpmX":0.0,
      "rpmY":-118.8,
      "autoPilotX":0.0,
      "autoPilotY":62.5,
      "currentX":0.0,
      "currentY":-98.65,
      "voltageX":0.0,
      "voltageY":116.3,
      "gpsX":0.0,
      "gpsY":-58.5,
      "varioX":0.0,
      "varioY":94.65
    }
  }
}