{"Interferences": 15, "Mass": 6.723598951595018, "Batt_amps_ratio_MFD": 1.71508813, "Batt_amps_ratio_MxSpd": 1.71508813, "Distance_MxSpd": 403.011353, "Max_Distance": 403.011353, "Hover_Time": 21.8115025, "Max_Speed": 18.0, "Max_uc_at_MFD": 0.798515737, "Mot_amps_ratio_MFD": 0.989352524, "Mot_amps_ratio_MxSpd": 0.989352524, "Mot_power_ratio_MFD": 0.622302771, "Mot_power_ratio_MxSpd": 0.622302771, "Power_MFD": 1886.21143, "Power_MxSpd": 1886.21143, "Speed_MFD": 18.0}