{"Interferences": 49, "Mass": 9.187711761891975, "Batt_amps_ratio_MFD": 0.7885077, "Batt_amps_ratio_MxSpd": 0.7885077, "Distance_MxSpd": 14244.6299, "Max_Distance": 14244.6299, "Hover_Time": 502.748077, "Max_Speed": 39.0, "Max_uc_at_MFD": 0.657068849, "Mot_amps_ratio_MFD": 0.855231106, "Mot_amps_ratio_MxSpd": 0.855231106, "Mot_power_ratio_MFD": 0.880217791, "Mot_power_ratio_MxSpd": 0.880217791, "Power_MFD": 3384.15381, "Power_MxSpd": 3384.15381, "Speed_MFD": 39.0}