{
  "generator_version":"UAV2_gen12",
  "name":"design_561_c7a86e499fd7489eb5183e174b3f032e_dw_dl",
  "hub":{
    "node_type":"ConnectedHub3_2_1",
    "angle":120.0,
    "centerSegment":{
      "node_type":"BendSegment",
      "angle":-90.0,
      "armLength":122.13996374161493,
      "mainSegment":{
        "node_type":"PropArm",
        "armLength":368.02116053977545,
        "motor":{
          "motorType":"kde_direct_KDE4012XF_400"
        },
        "prop":{
          "propType":"apc_propellers_17x10"
        },
        "flange":{
          "offset":-34.50799448522104,
          "angle":336.0632839827612
        }
      }
    },
    "mainSegment":{
      "node_type":"AngledWingArm",
      "arm1Length":246.8111167534938,
      "arm2Length":99.83253147607435,
      "wing":{
        "wingType":"Wing_vert_hole",
        "nacaProfile":"2612",
        "span":1149.2426546049064,
        "chordInner":162.26961603546872,
        "chordOuter":146.03449944947803,
        "taperOffset":true,
        "aileronBias":0.5171167040989493,
        "flapBias":0.581093248987679,
        "load":344.77333175266807,
        "tubeOffset":57.33281024894694,
        "tubeRot":272.3981746997828
      },
      "servo":{
        "servoType":"Hitec_D89MW"
      }
    }
  },
  "fuselageWithComponents":{
    "node_type":"DualBatteryFuselageWithComponents",
    "battery":{
      "batteryType":"Tattu30C22000mAh6S1P"
    },
    "fuselage":{
      "length":413.0,
      "vertDiameter":136.5,
      "horzDiameter":377.4,
      "floorHeight":22.75,
      "battery1X":-103.25,
      "battery1Y":6.0,
      "battery2X":104.25,
      "battery2Y":6.0,
      "rpmX":0.0,
      "rpmY":-115.8,
      "autoPilotX":0.0,
      "autoPilotY":59.5,
      "currentX":0.0,
      "currentY":-95.65,
      "voltageX":0.0,
      "voltageY":113.3,
      "gpsX":0.0,
      "gpsY":-55.5,
      "varioX":0.0,
      "varioY":91.65
    }
  }
}