{"Interferences": 10, "Mass": 4.853851939557502, "Batt_amps_ratio_MFD": 0.584575117, "Batt_amps_ratio_MxSpd": 0.809779286, "Distance_MxSpd": 1090.6676, "Max_Distance": 1248.08594, "Hover_Time": 59.97715, "Max_Speed": 23.0, "Max_uc_at_MFD": 0.877399683, "Mot_amps_ratio_MFD": 0.533463717, "Mot_amps_ratio_MxSpd": 0.602783501, "Mot_power_ratio_MFD": 0.334932566, "Mot_power_ratio_MxSpd": 0.383213133, "Power_MFD": 856.316345, "Power_MxSpd": 1319.25659, "Speed_MFD": 19.0}