{"Interferences": 43, "Mass": 8.42649749504866, "Batt_amps_ratio_MFD": 0.245642826, "Batt_amps_ratio_MxSpd": 0.245642826, "Distance_MxSpd": 15007.1553, "Max_Distance": 15007.1553, "Hover_Time": 660.395081, "Max_Speed": 32.0, "Max_uc_at_MFD": 0.668947101, "Mot_amps_ratio_MFD": 0.916796505, "Mot_amps_ratio_MxSpd": 0.916796505, "Mot_power_ratio_MFD": 0.687597394, "Mot_power_ratio_MxSpd": 0.687597394, "Power_MFD": 2405.43091, "Power_MxSpd": 2405.43091, "Speed_MFD": 32.0}