{"Interferences": 56, "Mass": 8.968453339727867, "Batt_amps_ratio_MFD": 0.606955767, "Batt_amps_ratio_MxSpd": 0.7364375, "Distance_MxSpd": 9907.1543, "Max_Distance": 10438.9814, "Hover_Time": 424.52771, "Max_Speed": 38.0, "Max_uc_at_MFD": 0.988831937, "Mot_amps_ratio_MFD": 0.95174861, "Mot_amps_ratio_MxSpd": 0.918354213, "Mot_power_ratio_MFD": 0.733103693, "Mot_power_ratio_MxSpd": 0.70738095, "Power_MFD": 3016.39038, "Power_MxSpd": 3917.85596, "Speed_MFD": 33.0}