{"Interferences": 22, "Mass": 3.554325915476921, "Batt_amps_ratio_MFD": 0.985900581, "Batt_amps_ratio_MxSpd": 1.32457781, "Distance_MxSpd": 637.788147, "Max_Distance": 662.135681, "Hover_Time": 42.2669601, "Max_Speed": 22.0, "Max_uc_at_MFD": 0.927346647, "Mot_amps_ratio_MFD": 0.466151744, "Mot_amps_ratio_MxSpd": 0.511781037, "Mot_power_ratio_MFD": 0.311430275, "Mot_power_ratio_MxSpd": 0.341914654, "Power_MFD": 960.657776, "Power_MxSpd": 1403.51868, "Speed_MFD": 17.0}