{"Interferences": 30, "Mass": 9.08239337530264, "Batt_amps_ratio_MFD": 1.82760119, "Batt_amps_ratio_MxSpd": 1.82760119, "Distance_MxSpd": 420.222961, "Max_Distance": 420.222961, "Hover_Time": 0.0, "Max_Speed": 20.0, "Max_uc_at_MFD": 0.997647882, "Mot_amps_ratio_MFD": 0.522939682, "Mot_amps_ratio_MxSpd": 0.522939682, "Mot_power_ratio_MFD": 0.246696785, "Mot_power_ratio_MxSpd": 0.246696785, "Power_MFD": 1808.91919, "Power_MxSpd": 1808.91919, "Speed_MFD": 20.0}