{"Interferences": 4, "Mass": 5.295620643005749, "Batt_amps_ratio_MFD": 0.930904806, "Batt_amps_ratio_MxSpd": 1.50433159, "Distance_MxSpd": 229.736588, "Max_Distance": 288.751312, "Hover_Time": 0.0, "Max_Speed": 9.0, "Max_uc_at_MFD": 0.992816091, "Mot_amps_ratio_MFD": 0.545842588, "Mot_amps_ratio_MxSpd": 0.875259578, "Mot_power_ratio_MFD": 0.336602956, "Mot_power_ratio_MxSpd": 0.539743423, "Power_MFD": 814.470459, "Power_MxSpd": 1616.51465, "Speed_MFD": 7.0}