{"Interferences": 21, "Mass": 4.521540241577205, "Batt_amps_ratio_MFD": 0.882491767, "Batt_amps_ratio_MxSpd": 0.992919147, "Distance_MxSpd": 1044.19373, "Max_Distance": 1087.82886, "Hover_Time": 54.7839851, "Max_Speed": 27.0, "Max_uc_at_MFD": 0.909649074, "Mot_amps_ratio_MFD": 0.678945303, "Mot_amps_ratio_MxSpd": 0.786569059, "Mot_power_ratio_MFD": 0.340623379, "Mot_power_ratio_MxSpd": 0.394617677, "Power_MFD": 1107.38684, "Power_MxSpd": 1347.21411, "Speed_MFD": 25.0}