{"Interferences": 1, "Mass": 7.540532065804731, "Batt_amps_ratio_MFD": 1.36501479, "Batt_amps_ratio_MxSpd": 1.9178654, "Distance_MxSpd": 2522.80469, "Max_Distance": 2785.02466, "Hover_Time": 120.019707, "Max_Speed": 42.0, "Max_uc_at_MFD": 0.638997555, "Mot_amps_ratio_MFD": 0.478084475, "Mot_amps_ratio_MxSpd": 0.784667253, "Mot_power_ratio_MFD": 0.356434554, "Mot_power_ratio_MxSpd": 0.585006475, "Power_MFD": 3568.91504, "Power_MxSpd": 6305.68604, "Speed_MFD": 33.0}