{"Interferences": 14, "Mass": 3.827341529806859, "Batt_amps_ratio_MFD": 0.485897988, "Batt_amps_ratio_MxSpd": 0.485897988, "Distance_MxSpd": 1817.66541, "Max_Distance": 1817.66541, "Hover_Time": 122.000549, "Max_Speed": 23.0, "Max_uc_at_MFD": 0.978515565, "Mot_amps_ratio_MFD": 0.328524768, "Mot_amps_ratio_MxSpd": 0.328524768, "Mot_power_ratio_MFD": 0.123196788, "Mot_power_ratio_MxSpd": 0.123196788, "Power_MFD": 821.049011, "Power_MxSpd": 821.049011, "Speed_MFD": 23.0}