{"Interferences": 13, "Mass": 3.569606395136128, "Batt_amps_ratio_MFD": 0.271440268, "Batt_amps_ratio_MxSpd": 0.361670971, "Distance_MxSpd": 3079.04175, "Max_Distance": 3253.75439, "Hover_Time": 219.206711, "Max_Speed": 29.0, "Max_uc_at_MFD": 0.76741451, "Mot_amps_ratio_MFD": 0.50100261, "Mot_amps_ratio_MxSpd": 0.698430359, "Mot_power_ratio_MFD": 0.308951616, "Mot_power_ratio_MxSpd": 0.430698723, "Power_MFD": 850.742798, "Power_MxSpd": 1443.14392, "Speed_MFD": 23.0}