{"Interferences": 10, "Mass": 10.895863402183949, "Batt_amps_ratio_MFD": 0.747080386, "Batt_amps_ratio_MxSpd": 0.883544505, "Distance_MxSpd": 7171.11572, "Max_Distance": 7967.01416, "Hover_Time": 0.0, "Max_Speed": 33.0, "Max_uc_at_MFD": 0.946975589, "Mot_amps_ratio_MFD": 0.740666986, "Mot_amps_ratio_MxSpd": 0.812001169, "Mot_power_ratio_MFD": 0.745023847, "Mot_power_ratio_MxSpd": 0.816777647, "Power_MFD": 3564.61597, "Power_MxSpd": 4293.87109, "Speed_MFD": 31.0}