{"Interferences": 2, "Mass": 4.68291084076694, "Batt_amps_ratio_MFD": 0.675394952, "Batt_amps_ratio_MxSpd": 1.06786132, "Distance_MxSpd": 1222.63062, "Max_Distance": 1364.53491, "Hover_Time": 78.5619049, "Max_Speed": 34.0, "Max_uc_at_MFD": 0.980254233, "Mot_amps_ratio_MFD": 0.580539346, "Mot_amps_ratio_MxSpd": 0.448074877, "Mot_power_ratio_MFD": 0.357999265, "Mot_power_ratio_MxSpd": 0.276312828, "Power_MFD": 1370.80615, "Power_MxSpd": 2463.32324, "Speed_MFD": 24.0}