{"Interferences": 15, "Mass": 3.743161956393964, "Batt_amps_ratio_MFD": 0.271875799, "Batt_amps_ratio_MxSpd": 0.318662047, "Distance_MxSpd": 3374.10742, "Max_Distance": 3389.78296, "Hover_Time": 201.398636, "Max_Speed": 28.0, "Max_uc_at_MFD": 0.886870503, "Mot_amps_ratio_MFD": 0.377673328, "Mot_amps_ratio_MxSpd": 0.44079259, "Mot_power_ratio_MFD": 0.34934783, "Mot_power_ratio_MxSpd": 0.407733142, "Power_MFD": 1069.32043, "Power_MxSpd": 1391.97375, "Speed_MFD": 24.0}