{"Interferences": 19, "Mass": 3.92995318093399, "Batt_amps_ratio_MFD": 0.160693198, "Batt_amps_ratio_MxSpd": 0.160693198, "Distance_MxSpd": 4540.3291, "Max_Distance": 4540.3291, "Hover_Time": 0.0, "Max_Speed": 19.0, "Max_uc_at_MFD": 0.930252492, "Mot_amps_ratio_MFD": 0.828951776, "Mot_amps_ratio_MxSpd": 0.828951776, "Mot_power_ratio_MFD": 0.408949524, "Mot_power_ratio_MxSpd": 0.408949524, "Power_MFD": 921.870544, "Power_MxSpd": 921.870544, "Speed_MFD": 19.0}