{"Interferences": 16, "Mass": 8.028828990476224, "Batt_amps_ratio_MFD": 1.96406519, "Batt_amps_ratio_MxSpd": 1.96406519, "Distance_MxSpd": 78.2051468, "Max_Distance": 78.2051468, "Hover_Time": 0.0, "Max_Speed": 4.0, "Max_uc_at_MFD": 0.999999225, "Mot_amps_ratio_MFD": 0.98353976, "Mot_amps_ratio_MxSpd": 0.98353976, "Mot_power_ratio_MFD": 0.656360805, "Mot_power_ratio_MxSpd": 0.656360805, "Power_MFD": 2865.32373, "Power_MxSpd": 2865.32373, "Speed_MFD": 4.0}