{"Interferences": 8, "Mass": 7.31882061272525, "Batt_amps_ratio_MFD": 1.60438979, "Batt_amps_ratio_MxSpd": 3.04940271, "Distance_MxSpd": 440.742035, "Max_Distance": 526.555359, "Hover_Time": 27.9683971, "Max_Speed": 35.0, "Max_uc_at_MFD": 0.824759305, "Mot_amps_ratio_MFD": 0.596251905, "Mot_amps_ratio_MxSpd": 0.859184384, "Mot_power_ratio_MFD": 0.375042468, "Mot_power_ratio_MxSpd": 0.541978538, "Power_MFD": 1833.12646, "Power_MxSpd": 4969.11426, "Speed_MFD": 22.0}