{"Interferences": 2, "Mass": 2.959835644084713, "Batt_amps_ratio_MFD": 0.499723554, "Batt_amps_ratio_MxSpd": 0.499723554, "Distance_MxSpd": 1306.32227, "Max_Distance": 1306.32227, "Hover_Time": 96.664917, "Max_Speed": 17.0, "Max_uc_at_MFD": 0.99999994, "Mot_amps_ratio_MFD": 0.145947635, "Mot_amps_ratio_MxSpd": 0.145947635, "Mot_power_ratio_MFD": 0.0918010622, "Mot_power_ratio_MxSpd": 0.0918010622, "Power_MFD": 529.998352, "Power_MxSpd": 529.998352, "Speed_MFD": 17.0}