{
  "generator_version":"UAV2_gen12",
  "name":"design_261_e6b7734d7fb94816a731834274d7767e_s",
  "hub":{
    "node_type":"ConnectedHub6_2_2_2",
    "frontSegment":{
      "node_type":"PropArm",
      "armLength":446.26601870668327,
      "motor":{
        "motorType":"kde_direct_KDE700XF_455_G3"
      },
      "prop":{
        "propType":"apc_propellers_16x14"
      },
      "flange":{
        "offset":25.12147168632957,
        "angle":0.0
      }
    },
    "middleSegment":{
      "node_type":"WingArm",
      "armLength":484.37374522763974,
      "wing":{
        "wingType":"Wing_horiz_hole",
        "nacaProfile":"6515",
        "span":1043.9843035378371,
        "chordInner":250.44046509355772,
        "chordOuter":107.40289554099093,
        "taperOffset":false,
        "aileronBias":0.8763158364245001,
        "flapBias":0.3420006294737331,
        "load":467.18608935197994,
        "tubeOffset":24.8785766421311,
        "tubeRot":270.0
      },
      "servo":{
        "servoType":"Hitec_HS_40"
      }
    },
    "rearSegment":{
      "node_type":"AngledWingArm",
      "arm1Length":316.9105020744912,
      "arm2Length":178.50245061427913,
      "wing":{
        "wingType":"Wing_vert_hole",
        "nacaProfile":"4306",
        "span":343.56119581255143,
        "chordInner":213.18437040929763,
        "chordOuter":157.27369863566574,
        "taperOffset":false,
        "aileronBias":0.9103863915212274,
        "flapBias":0.1999341801567927,
        "load":750.8528291482436,
        "tubeOffset":25.085122427903357,
        "tubeRot":286.88858874183927
      },
      "servo":{
        "servoType":"Hitec_HS_5496MH"
      }
    }
  },
  "fuselageWithComponents":{
    "node_type":"SingleBatteryFuselageWithComponents",
    "battery":{
      "batteryType":"TurnigyGraphene1600mAh4S75CSquare"
    },
    "fuselage":{
      "length":95.0,
      "vertDiameter":52.5,
      "horzDiameter":338.4,
      "floorHeight":8.75,
      "batteryX":0.0,
      "batteryY":6.0,
      "rpmX":0.0,
      "rpmY":-102.8,
      "autoPilotX":0.0,
      "autoPilotY":46.5,
      "currentX":0.0,
      "currentY":-82.65,
      "voltageX":0.0,
      "voltageY":100.3,
      "gpsX":0.0,
      "gpsY":-42.5,
      "varioX":0.0,
      "varioY":78.65
    }
  }
}