{
  "generator_version":"UAV2_gen12",
  "name":"design_1220_d5d7753cefa04fda9a3a1a7ea5e982cd_s",
  "hub":{
    "node_type":"ConnectedHub4_Sym",
    "mainSegment":{
      "node_type":"BranchSegment_Asym",
      "armLength":405.2340276472279,
      "angle":98.66031948049746,
      "frontSegment":{
        "node_type":"PropArm",
        "armLength":423.6878972721339,
        "motor":{
          "motorType":"t_motor_MN5212KV420"
        },
        "prop":{
          "propType":"apc_propellers_16x8E"
        },
        "flange":{
          "offset":-25.101499830524443,
          "angle":0.0
        }
      },
      "rearSegment":{
        "node_type":"AngledWingArm",
        "arm1Length":439.83375479182644,
        "arm2Length":133.12434105683167,
        "wing":{
          "wingType":"Wing_vert_hole",
          "nacaProfile":"2418",
          "span":1854.8857832112578,
          "chordInner":318.0442003957538,
          "chordOuter":130.31391725350892,
          "taperOffset":true,
          "aileronBias":0.17582978537979616,
          "flapBias":0.9386622270684348,
          "load":826.8657640368986,
          "tubeOffset":59.13838201840239,
          "tubeRot":266.854981186114
        },
        "servo":{
          "servoType":"Hitec_HS_45HB"
        }
      }
    }
  },
  "fuselageWithComponents":{
    "node_type":"SingleBatteryFuselageWithComponents",
    "battery":{
      "batteryType":"Tattu5C28000mAh6S1P"
    },
    "fuselage":{
      "length":203.0,
      "vertDiameter":133.5,
      "horzDiameter":378.15,
      "floorHeight":22.25,
      "batteryX":0.0,
      "batteryY":6.0,
      "rpmX":0.0,
      "rpmY":-116.05,
      "autoPilotX":0.0,
      "autoPilotY":59.75,
      "currentX":0.0,
      "currentY":-95.9,
      "voltageX":0.0,
      "voltageY":113.55,
      "gpsX":0.0,
      "gpsY":-55.75,
      "varioX":0.0,
      "varioY":91.9
    }
  }
}