{"Interferences": 4, "Mass": 7.232146841348764, "Batt_amps_ratio_MFD": 0.658295572, "Batt_amps_ratio_MxSpd": 0.658295572, "Distance_MxSpd": 2274.96606, "Max_Distance": 2274.96606, "Hover_Time": 0.0, "Max_Speed": 13.0, "Max_uc_at_MFD": 0.888162911, "Mot_amps_ratio_MFD": 0.860009968, "Mot_amps_ratio_MxSpd": 0.860009968, "Mot_power_ratio_MFD": 0.653607547, "Mot_power_ratio_MxSpd": 0.653607547, "Power_MFD": 2195.59888, "Power_MxSpd": 2195.59888, "Speed_MFD": 13.0}