{"Interferences": 125, "Mass": 8.437873022817534, "Batt_amps_ratio_MFD": 0.978605807, "Batt_amps_ratio_MxSpd": 1.06307042, "Distance_MxSpd": 722.435669, "Max_Distance": 745.550476, "Hover_Time": 0.0, "Max_Speed": 20.0, "Max_uc_at_MFD": 0.804367125, "Mot_amps_ratio_MFD": 0.70959115, "Mot_amps_ratio_MxSpd": 0.847547472, "Mot_power_ratio_MFD": 0.474069178, "Mot_power_ratio_MxSpd": 0.566236138, "Power_MFD": 1720.66992, "Power_MxSpd": 1950.98059, "Speed_MFD": 19.0}