{
  "generator_version":"UAV2_gen12",
  "name":"design_4883_e01a80ff91dc449a919aa39180cd6bed_dw",
  "hub":{
    "node_type":"ConnectedHub3_2_1",
    "angle":156.15512426916737,
    "centerSegment":{
      "node_type":"AngledPropArm",
      "armLength":260.1790728587324,
      "motor":{
        "motorType":"t_motor_MN4012KV480"
      },
      "prop":{
        "propType":"apc_propellers_18x6W"
      }
    },
    "mainSegment":{
      "node_type":"AngledWingArm",
      "arm1Length":269.13086454601375,
      "arm2Length":199.07894297393392,
      "wing":{
        "wingType":"Wing_vert_hole",
        "nacaProfile":"6421",
        "span":1391.1851718356938,
        "chordInner":147.0919674467842,
        "chordOuter":80.00454295115406,
        "taperOffset":false,
        "aileronBias":0.6445976127327392,
        "flapBias":0.34275571622621237,
        "load":568.2835030860001,
        "tubeOffset":38.801784161984955,
        "tubeRot":302.9782122848341
      },
      "servo":{
        "servoType":"Hitec_D89MW"
      }
    }
  },
  "fuselageWithComponents":{
    "node_type":"DualBatteryFuselageWithComponents",
    "battery":{
      "batteryType":"Tattu30C16000mAh6S1P"
    },
    "fuselage":{
      "length":190.0,
      "vertDiameter":114.0,
      "horzDiameter":483.9,
      "floorHeight":19.0,
      "battery1X":0.0,
      "battery1Y":-27.0,
      "battery2X":0.0,
      "battery2Y":40.0,
      "rpmX":0.0,
      "rpmY":-151.3,
      "autoPilotX":0.0,
      "autoPilotY":95.0,
      "currentX":0.0,
      "currentY":-131.15,
      "voltageX":0.0,
      "voltageY":148.8,
      "gpsX":0.0,
      "gpsY":-91.0,
      "varioX":0.0,
      "varioY":127.15
    }
  }
}