{"Interferences": 30, "Mass": 7.387198009421553, "Batt_amps_ratio_MFD": 0.444387496, "Batt_amps_ratio_MxSpd": 0.444387496, "Distance_MxSpd": 6696.85791, "Max_Distance": 6696.85791, "Hover_Time": 346.854523, "Max_Speed": 31.0, "Max_uc_at_MFD": 0.775187969, "Mot_amps_ratio_MFD": 0.906569004, "Mot_amps_ratio_MxSpd": 0.906569004, "Mot_power_ratio_MFD": 0.679926753, "Mot_power_ratio_MxSpd": 0.679926753, "Power_MFD": 2469.88623, "Power_MxSpd": 2469.88623, "Speed_MFD": 31.0}