{"Interferences": 41, "Mass": 10.620719841605451, "Batt_amps_ratio_MFD": 0.844382584, "Batt_amps_ratio_MxSpd": 0.844382584, "Distance_MxSpd": 454.770142, "Max_Distance": 454.770142, "Hover_Time": 0.0, "Max_Speed": 10.0, "Max_uc_at_MFD": 0.898304343, "Mot_amps_ratio_MFD": 0.989689648, "Mot_amps_ratio_MxSpd": 0.989689648, "Mot_power_ratio_MFD": 0.960410953, "Mot_power_ratio_MxSpd": 0.960410953, "Power_MFD": 5335.06299, "Power_MxSpd": 5335.06299, "Speed_MFD": 10.0}