{"Interferences": 16, "Mass": 6.42158805215468, "Batt_amps_ratio_MFD": 0.22770068, "Batt_amps_ratio_MxSpd": 0.22770068, "Distance_MxSpd": 3710.13379, "Max_Distance": 3710.13379, "Hover_Time": 203.787781, "Max_Speed": 22.0, "Max_uc_at_MFD": 0.665602863, "Mot_amps_ratio_MFD": 0.863353789, "Mot_amps_ratio_MxSpd": 0.863353789, "Mot_power_ratio_MFD": 0.638881803, "Mot_power_ratio_MxSpd": 0.638881803, "Power_MFD": 1237.00659, "Power_MxSpd": 1237.00659, "Speed_MFD": 22.0}