{"Interferences": 30, "Mass": 8.447933883126515, "Batt_amps_ratio_MFD": 1.22099304, "Batt_amps_ratio_MxSpd": 1.22099304, "Distance_MxSpd": 408.847565, "Max_Distance": 408.847565, "Hover_Time": 31.3332481, "Max_Speed": 13.0, "Max_uc_at_MFD": 0.991045475, "Mot_amps_ratio_MFD": 0.505660832, "Mot_amps_ratio_MxSpd": 0.505660832, "Mot_power_ratio_MFD": 0.197027877, "Mot_power_ratio_MxSpd": 0.197027877, "Power_MFD": 1801.23926, "Power_MxSpd": 1801.23926, "Speed_MFD": 13.0}