{"Interferences": 2, "Mass": 3.5143598667395533, "Batt_amps_ratio_MFD": 1.6721741, "Batt_amps_ratio_MxSpd": 2.46784019, "Distance_MxSpd": 482.365112, "Max_Distance": 505.210541, "Hover_Time": 31.2171459, "Max_Speed": 31.0, "Max_uc_at_MFD": 0.467752934, "Mot_amps_ratio_MFD": 0.546836376, "Mot_amps_ratio_MxSpd": 0.7153157, "Mot_power_ratio_MFD": 0.343960077, "Mot_power_ratio_MxSpd": 0.449933589, "Power_MFD": 764.63623, "Power_MxSpd": 1517.651, "Speed_MFD": 22.0}