{"Interferences": 16, "Mass": 4.4067031381180914, "Batt_amps_ratio_MFD": 0.215196028, "Batt_amps_ratio_MxSpd": 0.215196028, "Distance_MxSpd": 2319.74536, "Max_Distance": 2319.74536, "Hover_Time": 0.0, "Max_Speed": 13.0, "Max_uc_at_MFD": 0.947244883, "Mot_amps_ratio_MFD": 0.250806212, "Mot_amps_ratio_MxSpd": 0.250806212, "Mot_power_ratio_MFD": 0.167374387, "Mot_power_ratio_MxSpd": 0.167374387, "Power_MFD": 406.224365, "Power_MxSpd": 406.224365, "Speed_MFD": 13.0}