{"Interferences": 3, "Mass": 6.622950383396387, "Batt_amps_ratio_MFD": 1.38618815, "Batt_amps_ratio_MxSpd": 1.38618815, "Distance_MxSpd": 415.527985, "Max_Distance": 415.527985, "Hover_Time": 0.0, "Max_Speed": 5.0, "Max_uc_at_MFD": 0.849976182, "Mot_amps_ratio_MFD": 0.826991856, "Mot_amps_ratio_MxSpd": 0.826991856, "Mot_power_ratio_MFD": 0.79029721, "Mot_power_ratio_MxSpd": 0.79029721, "Power_MFD": 4099.36035, "Power_MxSpd": 4099.36035, "Speed_MFD": 5.0}