{"Interferences": 3, "Mass": 4.264609664345562, "Batt_amps_ratio_MFD": 0.554451704, "Batt_amps_ratio_MxSpd": 0.823656857, "Distance_MxSpd": 1258.77661, "Max_Distance": 1385.1521, "Hover_Time": 89.8200455, "Max_Speed": 27.0, "Max_uc_at_MFD": 0.976866186, "Mot_amps_ratio_MFD": 0.434519887, "Mot_amps_ratio_MxSpd": 0.372217119, "Mot_power_ratio_MFD": 0.217259943, "Mot_power_ratio_MxSpd": 0.186108559, "Power_MFD": 856.868713, "Power_MxSpd": 1412.48328, "Speed_MFD": 20.0}