{"Interferences": 21, "Mass": 3.0773143649120622, "Batt_amps_ratio_MFD": 0.819402814, "Batt_amps_ratio_MxSpd": 0.819402814, "Distance_MxSpd": 749.814392, "Max_Distance": 749.814392, "Hover_Time": 0.0, "Max_Speed": 16.0, "Max_uc_at_MFD": 0.990483224, "Mot_amps_ratio_MFD": 0.808829308, "Mot_amps_ratio_MxSpd": 0.808829308, "Mot_power_ratio_MFD": 0.39902246, "Mot_power_ratio_MxSpd": 0.39902246, "Power_MFD": 1021.28857, "Power_MxSpd": 1021.28857, "Speed_MFD": 16.0}