{"Interferences": 24, "Mass": 5.678009985067226, "Batt_amps_ratio_MFD": 3.95832062, "Batt_amps_ratio_MxSpd": 3.95832062, "Distance_MxSpd": 485.054169, "Max_Distance": 485.054169, "Hover_Time": 9.70108318, "Max_Speed": 50.0, "Max_uc_at_MFD": 0.5, "Mot_amps_ratio_MFD": 0.969191194, "Mot_amps_ratio_MxSpd": 0.969191194, "Mot_power_ratio_MFD": 0.728235304, "Mot_power_ratio_MxSpd": 0.728235304, "Power_MFD": 3299.92163, "Power_MxSpd": 3299.92163, "Speed_MFD": 50.0}