{"Interferences": 88, "Mass": 12.220440747156276, "Batt_amps_ratio_MFD": 0.229263932, "Batt_amps_ratio_MxSpd": 0.229263932, "Distance_MxSpd": 14571.8516, "Max_Distance": 14571.8516, "Hover_Time": 512.035095, "Max_Speed": 29.0, "Max_uc_at_MFD": 0.999955416, "Mot_amps_ratio_MFD": 0.957764447, "Mot_amps_ratio_MxSpd": 0.957764447, "Mot_power_ratio_MFD": 0.718834579, "Mot_power_ratio_MxSpd": 0.718834579, "Power_MFD": 3249.76636, "Power_MxSpd": 3249.76636, "Speed_MFD": 29.0}