{"Interferences": 2, "Mass": 3.979763800388025, "Batt_amps_ratio_MFD": 0.853164494, "Batt_amps_ratio_MxSpd": 0.853164494, "Distance_MxSpd": 1170.23157, "Max_Distance": 1170.23157, "Hover_Time": 65.1724167, "Max_Speed": 26.0, "Max_uc_at_MFD": 0.87287885, "Mot_amps_ratio_MFD": 0.496057689, "Mot_amps_ratio_MxSpd": 0.496057689, "Mot_power_ratio_MFD": 0.305902243, "Mot_power_ratio_MxSpd": 0.305902243, "Power_MFD": 1165.42346, "Power_MxSpd": 1165.42346, "Speed_MFD": 26.0}