{"Interferences": 13, "Mass": 7.507169870690182, "Batt_amps_ratio_MFD": 1.43003011, "Batt_amps_ratio_MxSpd": 2.22258496, "Distance_MxSpd": 11402.9385, "Max_Distance": 12889.2393, "Hover_Time": 495.433319, "Max_Speed": 44.0, "Max_uc_at_MFD": 0.640253007, "Mot_amps_ratio_MFD": 0.557531714, "Mot_amps_ratio_MxSpd": 0.981563091, "Mot_power_ratio_MFD": 0.378262877, "Mot_power_ratio_MxSpd": 0.661529839, "Power_MFD": 2442.81567, "Power_MxSpd": 5275.21533, "Speed_MFD": 32.0}