{"Interferences": 24, "Mass": 6.310830232634935, "Batt_amps_ratio_MFD": 0.413338035, "Batt_amps_ratio_MxSpd": 0.512552261, "Distance_MxSpd": 8241.11133, "Max_Distance": 8825.70605, "Hover_Time": 614.043335, "Max_Speed": 22.0, "Max_uc_at_MFD": 0.645461202, "Mot_amps_ratio_MFD": 0.873445392, "Mot_amps_ratio_MxSpd": 0.80620569, "Mot_power_ratio_MFD": 0.702866614, "Mot_power_ratio_MxSpd": 0.648758471, "Power_MFD": 1317.14282, "Power_MxSpd": 1715.15295, "Speed_MFD": 19.0}