{
  "generator_version":"UAV2_gen12",
  "name":"design_3732_d11d49dea5ec4d21833425ef0131a809_dw",
  "hub":{
    "node_type":"ConnectedHub4_2_2",
    "frontSegment":{
      "node_type":"PropArm",
      "armLength":185.31001048512078,
      "motor":{
        "motorType":"t_motor_MN3515KV400"
      },
      "prop":{
        "propType":"apc_propellers_16x4W"
      },
      "flange":{
        "offset":20.358870190493718,
        "angle":0.0
      }
    },
    "rearSegment":{
      "node_type":"AngledWingArm",
      "arm1Length":407.27156987800333,
      "arm2Length":85.87494917722093,
      "wing":{
        "wingType":"Wing_vert_hole",
        "nacaProfile":"6518",
        "span":1740.1191726564934,
        "chordInner":256.99458311339197,
        "chordOuter":122.49580554918842,
        "taperOffset":false,
        "aileronBias":0.13191751656039852,
        "flapBias":0.7797456281930484,
        "load":715.2653092146994,
        "tubeOffset":12.466185284619016,
        "tubeRot":270.0
      },
      "servo":{
        "servoType":"Hitec_HS_85BB"
      }
    }
  },
  "fuselageWithComponents":{
    "node_type":"DualBatteryFuselageWithComponents",
    "battery":{
      "batteryType":"Tattu25C8000mAh6S1P"
    },
    "fuselage":{
      "length":168.0,
      "vertDiameter":97.5,
      "horzDiameter":441.9,
      "floorHeight":16.25,
      "battery1X":0.0,
      "battery1Y":-20.0,
      "battery2X":0.0,
      "battery2Y":33.0,
      "rpmX":0.0,
      "rpmY":-137.3,
      "autoPilotX":0.0,
      "autoPilotY":81.0,
      "currentX":0.0,
      "currentY":-117.15,
      "voltageX":0.0,
      "voltageY":134.8,
      "gpsX":0.0,
      "gpsY":-77.0,
      "varioX":0.0,
      "varioY":113.15
    }
  }
}