{"Interferences": 1, "Mass": 6.200782177543156, "Batt_amps_ratio_MFD": 0.678459525, "Batt_amps_ratio_MxSpd": 0.72856921, "Distance_MxSpd": 1581.18127, "Max_Distance": 1584.7666, "Hover_Time": 77.202507, "Max_Speed": 30.0, "Max_uc_at_MFD": 0.96595639, "Mot_amps_ratio_MFD": 0.404755026, "Mot_amps_ratio_MxSpd": 0.416342765, "Mot_power_ratio_MFD": 0.150881991, "Mot_power_ratio_MxSpd": 0.155201599, "Power_MFD": 2591.05615, "Power_MxSpd": 2915.82495, "Speed_MFD": 28.0}