{"Interferences": 6, "Mass": 3.875919506342861, "Batt_amps_ratio_MFD": 0.391310126, "Batt_amps_ratio_MxSpd": 0.53309834, "Distance_MxSpd": 1944.85681, "Max_Distance": 2158.90137, "Hover_Time": 138.783524, "Max_Speed": 27.0, "Max_uc_at_MFD": 0.98617816, "Mot_amps_ratio_MFD": 0.72658205, "Mot_amps_ratio_MxSpd": 0.674032032, "Mot_power_ratio_MFD": 0.272525817, "Mot_power_ratio_MxSpd": 0.252815396, "Power_MFD": 896.076416, "Power_MxSpd": 1255.81616, "Speed_MFD": 22.0}