{"Interferences": 6, "Mass": 7.186065114075577, "Batt_amps_ratio_MFD": 0.2770603, "Batt_amps_ratio_MxSpd": 0.29793644, "Distance_MxSpd": 11986.4492, "Max_Distance": 12058.0254, "Hover_Time": 601.611938, "Max_Speed": 31.0, "Max_uc_at_MFD": 0.673279941, "Mot_amps_ratio_MFD": 0.892773092, "Mot_amps_ratio_MxSpd": 0.982393742, "Mot_power_ratio_MFD": 0.688166022, "Mot_power_ratio_MxSpd": 0.757247269, "Power_MFD": 2151.69263, "Power_MxSpd": 2427.37427, "Speed_MFD": 29.0}