{"Interferences": 16, "Mass": 6.2943126998136, "Batt_amps_ratio_MFD": 0.31400311, "Batt_amps_ratio_MxSpd": 0.31400311, "Distance_MxSpd": 2568.12744, "Max_Distance": 2568.12744, "Hover_Time": 132.4496, "Max_Speed": 21.0, "Max_uc_at_MFD": 1.0, "Mot_amps_ratio_MFD": 0.645097554, "Mot_amps_ratio_MxSpd": 0.645097554, "Mot_power_ratio_MFD": 0.600565016, "Mot_power_ratio_MxSpd": 0.600565016, "Power_MFD": 2275.30347, "Power_MxSpd": 2275.30347, "Speed_MFD": 21.0}