{
  "generator_version":"UAV2_gen12",
  "name":"design_8742_98d7356e8049456cb71f74606a490e68_s",
  "hub":{
    "node_type":"ConnectedHub3_2_1",
    "angle":64.82168303477516,
    "centerSegment":{
      "node_type":"BranchSegment_Sym",
      "armLength":440.68151301320063,
      "angle":88.58059734406102,
      "mainSegment":{
        "node_type":"AngledPropArm",
        "armLength":291.9003924428177,
        "motor":{
          "motorType":"kde_direct_KDE5215XF_435"
        },
        "prop":{
          "propType":"apc_propellers_15x8"
        }
      }
    },
    "mainSegment":{
      "node_type":"AngledWingArm",
      "arm1Length":107.27605242431936,
      "arm2Length":95.10890929064884,
      "wing":{
        "wingType":"Wing_horiz_hole",
        "nacaProfile":"6512",
        "span":989.1763918355686,
        "chordInner":336.46800084612954,
        "chordOuter":133.30118079606143,
        "taperOffset":true,
        "aileronBias":0.5162107433483679,
        "flapBias":0.6191615889588351,
        "load":803.6972820149333,
        "tubeOffset":21.797657921311988,
        "tubeRot":270.0
      },
      "servo":{
        "servoType":"Hitec_HS_82MG"
      }
    }
  },
  "fuselageWithComponents":{
    "node_type":"SingleBatteryFuselageWithComponents",
    "battery":{
      "batteryType":"Tattu25C7000mAh6S1P"
    },
    "fuselage":{
      "length":138.0,
      "vertDiameter":63.0,
      "horzDiameter":383.4,
      "floorHeight":10.5,
      "batteryX":0.0,
      "batteryY":6.0,
      "rpmX":0.0,
      "rpmY":-117.8,
      "autoPilotX":0.0,
      "autoPilotY":61.5,
      "currentX":0.0,
      "currentY":-97.65,
      "voltageX":0.0,
      "voltageY":115.3,
      "gpsX":0.0,
      "gpsY":-57.5,
      "varioX":0.0,
      "varioY":93.65
    }
  }
}