{
  "generator_version":"UAV2_gen12",
  "name":"design_47541_51241d74eec84741915d9b356e4f7cd9_s",
  "hub":{
    "node_type":"ConnectedHub6_2_2_2",
    "frontSegment":{
      "node_type":"PropArm",
      "armLength":413.41627406659694,
      "motor":{
        "motorType":"kde_direct_KDE600XF_1100_G3"
      },
      "prop":{
        "propType":"apc_propellers_9x6"
      },
      "flange":{
        "offset":-11.026650822054862,
        "angle":0.0
      }
    },
    "middleSegment":{
      "node_type":"PropArm",
      "armLength":373.32429876178435,
      "motor":{
        "motorType":"t_motor_AT3530KV580"
      },
      "prop":{
        "propType":"apc_propellers_18x8W"
      },
      "flange":{
        "offset":-16.904412369952496,
        "angle":90.0
      }
    },
    "rearSegment":{
      "node_type":"AngledWingArm",
      "arm1Length":230.15415038400127,
      "arm2Length":166.58746089471978,
      "wing":{
        "wingType":"Wing_vert_hole",
        "nacaProfile":"4406",
        "span":1520.2127927796787,
        "chordInner":413.3610174751921,
        "chordOuter":91.78333073852357,
        "taperOffset":true,
        "aileronBias":0.19486999714653136,
        "flapBias":0.41638048505442704,
        "load":451.1928178411274,
        "tubeOffset":18.91287503942082,
        "tubeRot":260.36202082290265
      },
      "servo":{
        "servoType":"Hitec_HS_55"
      }
    }
  },
  "fuselageWithComponents":{
    "node_type":"SingleBatteryFuselageWithComponents",
    "battery":{
      "batteryType":"Tattu25C8000mAh6S1P"
    },
    "fuselage":{
      "length":168.0,
      "vertDiameter":97.5,
      "horzDiameter":362.4,
      "floorHeight":16.25,
      "batteryX":0.0,
      "batteryY":6.0,
      "rpmX":0.0,
      "rpmY":-110.8,
      "autoPilotX":0.0,
      "autoPilotY":54.5,
      "currentX":0.0,
      "currentY":-90.65,
      "voltageX":0.0,
      "voltageY":108.3,
      "gpsX":0.0,
      "gpsY":-50.5,
      "varioX":0.0,
      "varioY":86.65
    }
  }
}