{
  "generator_version":"UAV2_gen12",
  "name":"design_6138_c413ebbcfa9d4029918b959354de1827_s",
  "hub":{
    "node_type":"ConnectedHub6_2_2_2",
    "frontSegment":{
      "node_type":"AngledWingArm",
      "arm1Length":102.45317506342747,
      "arm2Length":174.14676659145667,
      "wing":{
        "wingType":"Wing_vert_hole",
        "nacaProfile":"6421",
        "span":1830.1791041915662,
        "chordInner":345.5196637345973,
        "chordOuter":110.84773631556394,
        "taperOffset":true,
        "aileronBias":0.11333005368240573,
        "flapBias":0.8390638467257702,
        "load":652.7045219225179,
        "tubeOffset":60.58416196558824,
        "tubeRot":270.0
      },
      "servo":{
        "servoType":"Hitec_HS_85MG"
      }
    },
    "middleSegment":{
      "node_type":"PropArm",
      "armLength":372.26451867983155,
      "motor":{
        "motorType":"t_motor_AT4120KV500"
      },
      "prop":{
        "propType":"apc_propellers_20x8W"
      },
      "flange":{
        "offset":4.161272353045234,
        "angle":180.0
      }
    },
    "rearSegment":{
      "node_type":"AngledWingArm",
      "arm1Length":442.03753994210837,
      "arm2Length":118.11888941507598,
      "wing":{
        "wingType":"Wing_vert_hole",
        "nacaProfile":"4421",
        "span":1663.8257110292013,
        "chordInner":190.1183996788649,
        "chordOuter":187.48816373446564,
        "taperOffset":true,
        "aileronBias":0.9941888100245867,
        "flapBias":0.33267380399081503,
        "load":859.0711094455459,
        "tubeOffset":13.396011660459965,
        "tubeRot":298.53481873460936
      },
      "servo":{
        "servoType":"Hitec_HS_5565MH"
      }
    }
  },
  "fuselageWithComponents":{
    "node_type":"SingleBatteryFuselageWithComponents",
    "battery":{
      "batteryType":"TattuPro25C22000mAh14S1P"
    },
    "fuselage":{
      "length":238.0,
      "vertDiameter":261.0,
      "horzDiameter":461.4,
      "floorHeight":43.5,
      "batteryX":0.0,
      "batteryY":6.0,
      "rpmX":0.0,
      "rpmY":-143.8,
      "autoPilotX":0.0,
      "autoPilotY":87.5,
      "currentX":0.0,
      "currentY":-123.65,
      "voltageX":0.0,
      "voltageY":141.3,
      "gpsX":0.0,
      "gpsY":-83.5,
      "varioX":0.0,
      "varioY":119.65
    }
  }
}