{"Interferences": 4, "Mass": 4.23130697843848, "Batt_amps_ratio_MFD": 0.491964519, "Batt_amps_ratio_MxSpd": 0.491964519, "Distance_MxSpd": 1092.76172, "Max_Distance": 1092.76172, "Hover_Time": 85.3630219, "Max_Speed": 14.0, "Max_uc_at_MFD": 0.999752283, "Mot_amps_ratio_MFD": 0.179100275, "Mot_amps_ratio_MxSpd": 0.179100275, "Mot_power_ratio_MFD": 0.111157723, "Mot_power_ratio_MxSpd": 0.111157723, "Power_MFD": 667.240662, "Power_MxSpd": 667.240662, "Speed_MFD": 14.0}