{"Interferences": 0, "Mass": 3.835595412704713, "Batt_amps_ratio_MFD": 0.464578599, "Batt_amps_ratio_MxSpd": 0.484110087, "Distance_MxSpd": 1983.02002, "Max_Distance": 1983.73328, "Hover_Time": 122.537323, "Max_Speed": 25.0, "Max_uc_at_MFD": 0.937829852, "Mot_amps_ratio_MFD": 0.30583179, "Mot_amps_ratio_MxSpd": 0.320840091, "Mot_power_ratio_MFD": 0.144276157, "Mot_power_ratio_MxSpd": 0.151356325, "Power_MFD": 940.547363, "Power_MxSpd": 1017.39221, "Speed_MFD": 24.0}