{"Interferences": 34, "Mass": 8.083231564670271, "Batt_amps_ratio_MFD": 0.735207021, "Batt_amps_ratio_MxSpd": 0.735207021, "Distance_MxSpd": 6789.92432, "Max_Distance": 6789.92432, "Hover_Time": 0.0, "Max_Speed": 26.0, "Max_uc_at_MFD": 0.597556472, "Mot_amps_ratio_MFD": 0.743543208, "Mot_amps_ratio_MxSpd": 0.743543208, "Mot_power_ratio_MFD": 0.890137792, "Mot_power_ratio_MxSpd": 0.890137792, "Power_MFD": 1921.49109, "Power_MxSpd": 1921.49109, "Speed_MFD": 26.0}