{"Interferences": 30, "Mass": 7.591437125237407, "Batt_amps_ratio_MFD": 0.462715596, "Batt_amps_ratio_MxSpd": 0.462715596, "Distance_MxSpd": 6224.12549, "Max_Distance": 6224.12549, "Hover_Time": 426.180176, "Max_Speed": 15.0, "Max_uc_at_MFD": 1.0, "Mot_amps_ratio_MFD": 0.261657387, "Mot_amps_ratio_MxSpd": 0.261657387, "Mot_power_ratio_MFD": 0.0747378767, "Mot_power_ratio_MxSpd": 0.0747378767, "Power_MFD": 1435.69775, "Power_MxSpd": 1435.69775, "Speed_MFD": 15.0}