{"Interferences": 3, "Mass": 4.494537642520321, "Batt_amps_ratio_MFD": 1.18124795, "Batt_amps_ratio_MxSpd": 1.18124795, "Distance_MxSpd": 487.619904, "Max_Distance": 487.619904, "Hover_Time": 43.0788727, "Max_Speed": 15.0, "Max_uc_at_MFD": 0.991318226, "Mot_amps_ratio_MFD": 0.487163574, "Mot_amps_ratio_MxSpd": 0.487163574, "Mot_power_ratio_MFD": 0.182789266, "Mot_power_ratio_MxSpd": 0.182789266, "Power_MFD": 1161.64111, "Power_MxSpd": 1161.64111, "Speed_MFD": 15.0}