{"Interferences": 192, "Mass": 12.901872412694846, "Batt_amps_ratio_MFD": 0.799658597, "Batt_amps_ratio_MxSpd": 0.799658597, "Distance_MxSpd": 192.081985, "Max_Distance": 192.081985, "Hover_Time": 39.8751106, "Max_Speed": 4.0, "Max_uc_at_MFD": 0.999684513, "Mot_amps_ratio_MFD": 0.815728128, "Mot_amps_ratio_MxSpd": 0.815728128, "Mot_power_ratio_MFD": 0.402425885, "Mot_power_ratio_MxSpd": 0.402425885, "Power_MFD": 2289.31494, "Power_MxSpd": 2289.31494, "Speed_MFD": 4.0}