{"Interferences": 20, "Mass": 11.202879887217954, "Batt_amps_ratio_MFD": 0.14230825, "Batt_amps_ratio_MxSpd": 0.164898515, "Distance_MxSpd": 15369.4531, "Max_Distance": 16190.207, "Hover_Time": 0.0, "Max_Speed": 22.0, "Max_uc_at_MFD": 0.648825645, "Mot_amps_ratio_MFD": 0.728979945, "Mot_amps_ratio_MxSpd": 0.985576689, "Mot_power_ratio_MFD": 0.554024756, "Mot_power_ratio_MxSpd": 0.749038279, "Power_MFD": 1077.0072, "Power_MxSpd": 1384.79553, "Speed_MFD": 20.0}