{"Interferences": 20, "Mass": 4.2031959379853205, "Batt_amps_ratio_MFD": 1.11348104, "Batt_amps_ratio_MxSpd": 1.83362281, "Distance_MxSpd": 712.03302, "Max_Distance": 793.188171, "Hover_Time": 49.3523979, "Max_Speed": 34.0, "Max_uc_at_MFD": 0.524840295, "Mot_amps_ratio_MFD": 0.916166842, "Mot_amps_ratio_MxSpd": 0.986789703, "Mot_power_ratio_MFD": 0.688393712, "Mot_power_ratio_MxSpd": 0.741458595, "Power_MFD": 1009.37177, "Power_MxSpd": 2272.5481, "Speed_MFD": 23.0}