{"Interferences": 33, "Mass": 4.651972618438896, "Batt_amps_ratio_MFD": 2.28651333, "Batt_amps_ratio_MxSpd": 2.28651333, "Distance_MxSpd": 50.3823853, "Max_Distance": 50.3823853, "Hover_Time": 18.6345711, "Max_Speed": 3.0, "Max_uc_at_MFD": 0.990084648, "Mot_amps_ratio_MFD": 0.656309009, "Mot_amps_ratio_MxSpd": 0.656309009, "Mot_power_ratio_MFD": 0.326206237, "Mot_power_ratio_MxSpd": 0.326206237, "Power_MFD": 2334.95288, "Power_MxSpd": 2334.95288, "Speed_MFD": 3.0}