{"Interferences": 15, "Mass": 3.924994534330902, "Batt_amps_ratio_MFD": 0.125234216, "Batt_amps_ratio_MxSpd": 0.125234216, "Distance_MxSpd": 4292.75635, "Max_Distance": 4292.75635, "Hover_Time": 342.666443, "Max_Speed": 14.0, "Max_uc_at_MFD": 0.998580217, "Mot_amps_ratio_MFD": 0.26480794, "Mot_amps_ratio_MxSpd": 0.26480794, "Mot_power_ratio_MFD": 0.0979789346, "Mot_power_ratio_MxSpd": 0.0979789346, "Power_MFD": 501.918549, "Power_MxSpd": 501.918549, "Speed_MFD": 14.0}