{"Interferences": 2, "Mass": 3.606209393283381, "Batt_amps_ratio_MFD": 0.537489057, "Batt_amps_ratio_MxSpd": 0.537489057, "Distance_MxSpd": 1357.42297, "Max_Distance": 1357.42297, "Hover_Time": 86.8967743, "Max_Speed": 19.0, "Max_uc_at_MFD": 0.999807954, "Mot_amps_ratio_MFD": 0.348651975, "Mot_amps_ratio_MxSpd": 0.348651975, "Mot_power_ratio_MFD": 0.172001645, "Mot_power_ratio_MxSpd": 0.172001645, "Power_MFD": 695.124084, "Power_MxSpd": 695.124084, "Speed_MFD": 19.0}