{"Interferences": 34, "Mass": 12.18122291038413, "Batt_amps_ratio_MFD": 1.02806652, "Batt_amps_ratio_MxSpd": 1.02806652, "Distance_MxSpd": 37.3516655, "Max_Distance": 37.3516655, "Hover_Time": 0.0, "Max_Speed": 1.0, "Max_uc_at_MFD": 0.999442399, "Mot_amps_ratio_MFD": 0.999014795, "Mot_amps_ratio_MxSpd": 0.999014795, "Mot_power_ratio_MFD": 0.492847294, "Mot_power_ratio_MxSpd": 0.492847294, "Power_MFD": 3845.50293, "Power_MxSpd": 3845.50293, "Speed_MFD": 1.0}