{"Interferences": 8, "Mass": 3.830082964797845, "Batt_amps_ratio_MFD": 0.928441703, "Batt_amps_ratio_MxSpd": 0.928441703, "Distance_MxSpd": 1158.06946, "Max_Distance": 1158.06946, "Hover_Time": 66.8537903, "Max_Speed": 28.0, "Max_uc_at_MFD": 0.987696111, "Mot_amps_ratio_MFD": 0.47243914, "Mot_amps_ratio_MxSpd": 0.47243914, "Mot_power_ratio_MFD": 0.354329348, "Mot_power_ratio_MxSpd": 0.354329348, "Power_MFD": 1360.4198, "Power_MxSpd": 1360.4198, "Speed_MFD": 28.0}