{"Interferences": 4, "Mass": 7.82699059594589, "Batt_amps_ratio_MFD": 0.192155585, "Batt_amps_ratio_MxSpd": 0.192155585, "Distance_MxSpd": 17985.4258, "Max_Distance": 17985.4258, "Hover_Time": 0.0, "Max_Speed": 30.0, "Max_uc_at_MFD": 0.98209703, "Mot_amps_ratio_MFD": 0.990473449, "Mot_amps_ratio_MxSpd": 0.990473449, "Mot_power_ratio_MFD": 0.99148196, "Mot_power_ratio_MxSpd": 0.99148196, "Power_MFD": 2703.95679, "Power_MxSpd": 2703.95679, "Speed_MFD": 30.0}