{"Interferences": 62, "Mass": 7.047188499737238, "Batt_amps_ratio_MFD": 0.9938972, "Batt_amps_ratio_MxSpd": 0.9938972, "Distance_MxSpd": 386.357849, "Max_Distance": 386.357849, "Hover_Time": 35.8965416, "Max_Speed": 10.0, "Max_uc_at_MFD": 0.99999994, "Mot_amps_ratio_MFD": 0.624168158, "Mot_amps_ratio_MxSpd": 0.624168158, "Mot_power_ratio_MFD": 0.380375415, "Mot_power_ratio_MxSpd": 0.380375415, "Power_MFD": 2194.04224, "Power_MxSpd": 2194.04224, "Speed_MFD": 10.0}