{"Interferences": 7, "Mass": 6.051196075523037, "Batt_amps_ratio_MFD": 1.2315129, "Batt_amps_ratio_MxSpd": 1.2315129, "Distance_MxSpd": 93.5434799, "Max_Distance": 93.5434799, "Hover_Time": 29.7684879, "Max_Speed": 3.0, "Max_uc_at_MFD": 0.99999994, "Mot_amps_ratio_MFD": 0.834796011, "Mot_amps_ratio_MxSpd": 0.834796011, "Mot_power_ratio_MFD": 0.417633146, "Mot_power_ratio_MxSpd": 0.417633146, "Power_MFD": 1559.36121, "Power_MxSpd": 1559.36121, "Speed_MFD": 3.0}