{
  "generator_version":"UAV2_gen12",
  "name":"design_6281_2b65cb1d581540e8a559b9766ed80c22_dw_dl",
  "hub":{
    "node_type":"ConnectedHub4_2_2",
    "frontSegment":{
      "node_type":"SidewaysBendSegment",
      "angle":-90.0,
      "armLength":77.893462657367,
      "mainSegment":{
        "node_type":"PropArm",
        "armLength":425.5211790027319,
        "motor":{
          "motorType":"t_motor_MN3515KV400"
        },
        "prop":{
          "propType":"apc_propellers_16x4W"
        },
        "flange":{
          "offset":-46.01209467257071,
          "angle":270.0
        }
      }
    },
    "rearSegment":{
      "node_type":"AngledWingArm",
      "arm1Length":189.75717474413486,
      "arm2Length":84.29404078407653,
      "wing":{
        "wingType":"Wing_vert_hole",
        "nacaProfile":"4521",
        "span":1026.9109512320533,
        "chordInner":294.84422933255485,
        "chordOuter":143.17456565782703,
        "taperOffset":false,
        "aileronBias":0.3425082380510722,
        "flapBias":0.5120846225590816,
        "load":629.0351322772809,
        "tubeOffset":70.8320271262716,
        "tubeRot":242.77460589000702
      },
      "servo":{
        "servoType":"Hitec_HS_5565MH"
      }
    }
  },
  "fuselageWithComponents":{
    "node_type":"DualBatteryFuselageWithComponents",
    "battery":{
      "batteryType":"TurnigyGraphene4000mAh3S75C"
    },
    "fuselage":{
      "length":291.0,
      "vertDiameter":76.5,
      "horzDiameter":327.9,
      "floorHeight":12.75,
      "battery1X":-72.75,
      "battery1Y":6.0,
      "battery2X":73.75,
      "battery2Y":6.0,
      "rpmX":0.0,
      "rpmY":-99.3,
      "autoPilotX":0.0,
      "autoPilotY":43.0,
      "currentX":0.0,
      "currentY":-79.15,
      "voltageX":0.0,
      "voltageY":96.8,
      "gpsX":0.0,
      "gpsY":-39.0,
      "varioX":0.0,
      "varioY":75.15
    }
  }
}