{"Interferences": 32, "Mass": 2.2245987996096948, "Batt_amps_ratio_MFD": 0.506375432, "Batt_amps_ratio_MxSpd": 0.506375432, "Distance_MxSpd": 1440.82825, "Max_Distance": 1440.82825, "Hover_Time": 0.0, "Max_Speed": 19.0, "Max_uc_at_MFD": 0.858338058, "Mot_amps_ratio_MFD": 0.530191004, "Mot_amps_ratio_MxSpd": 0.530191004, "Mot_power_ratio_MFD": 0.42503646, "Mot_power_ratio_MxSpd": 0.42503646, "Power_MFD": 680.227783, "Power_MxSpd": 680.227783, "Speed_MFD": 19.0}