{"Interferences": 3, "Mass": 3.176318575720493, "Batt_amps_ratio_MFD": 0.324293733, "Batt_amps_ratio_MxSpd": 0.324293733, "Distance_MxSpd": 947.289368, "Max_Distance": 947.289368, "Hover_Time": 120.015137, "Max_Speed": 8.0, "Max_uc_at_MFD": 0.999998689, "Mot_amps_ratio_MFD": 0.265783727, "Mot_amps_ratio_MxSpd": 0.265783727, "Mot_power_ratio_MFD": 0.163899958, "Mot_power_ratio_MxSpd": 0.163899958, "Power_MFD": 545.28479, "Power_MxSpd": 545.28479, "Speed_MFD": 8.0}