{"Interferences": 46, "Mass": 6.655600820636311, "Batt_amps_ratio_MFD": 0.87032187, "Batt_amps_ratio_MxSpd": 0.87032187, "Distance_MxSpd": 1632.49939, "Max_Distance": 1632.49939, "Hover_Time": 0.0, "Max_Speed": 37.0, "Max_uc_at_MFD": 0.691196501, "Mot_amps_ratio_MFD": 0.949157059, "Mot_amps_ratio_MxSpd": 0.949157059, "Mot_power_ratio_MFD": 0.895529687, "Mot_power_ratio_MxSpd": 0.895529687, "Power_MFD": 3021.78027, "Power_MxSpd": 3021.78027, "Speed_MFD": 37.0}