{"Interferences": 5, "Mass": 5.847429960325435, "Batt_amps_ratio_MFD": 1.09007931, "Batt_amps_ratio_MxSpd": 1.50081897, "Distance_MxSpd": 972.269165, "Max_Distance": 1056.80383, "Hover_Time": 44.7157745, "Max_Speed": 38.0, "Max_uc_at_MFD": 0.841869175, "Mot_amps_ratio_MFD": 0.440384805, "Mot_amps_ratio_MxSpd": 0.511206925, "Mot_power_ratio_MFD": 0.125788257, "Mot_power_ratio_MxSpd": 0.146017358, "Power_MFD": 1970.75269, "Power_MxSpd": 3422.67188, "Speed_MFD": 30.0}