{"Interferences": 47, "Mass": 3.4025481358267693, "Batt_amps_ratio_MFD": 0.377770007, "Batt_amps_ratio_MxSpd": 0.377770007, "Distance_MxSpd": 1423.08801, "Max_Distance": 1423.08801, "Hover_Time": 0.0, "Max_Speed": 14.0, "Max_uc_at_MFD": 0.998473406, "Mot_amps_ratio_MFD": 0.428402662, "Mot_amps_ratio_MxSpd": 0.428402662, "Mot_power_ratio_MFD": 0.264181644, "Mot_power_ratio_MxSpd": 0.264181644, "Power_MFD": 590.945862, "Power_MxSpd": 590.945862, "Speed_MFD": 14.0}