{"Interferences": 9, "Mass": 5.221327323732671, "Batt_amps_ratio_MFD": 0.621164024, "Batt_amps_ratio_MxSpd": 0.621164024, "Distance_MxSpd": 989.110718, "Max_Distance": 989.110718, "Hover_Time": 53.3231697, "Max_Speed": 16.0, "Max_uc_at_MFD": 0.839346111, "Mot_amps_ratio_MFD": 0.829504311, "Mot_amps_ratio_MxSpd": 0.829504311, "Mot_power_ratio_MFD": 0.622128248, "Mot_power_ratio_MxSpd": 0.622128248, "Power_MFD": 2014.24634, "Power_MxSpd": 2014.24634, "Speed_MFD": 16.0}