{"Interferences": 5, "Mass": 5.286670890691777, "Batt_amps_ratio_MFD": 1.87289381, "Batt_amps_ratio_MxSpd": 2.10090852, "Distance_MxSpd": 603.167603, "Max_Distance": 615.090942, "Hover_Time": 23.7324848, "Max_Speed": 33.0, "Max_uc_at_MFD": 0.871977031, "Mot_amps_ratio_MFD": 0.892068207, "Mot_amps_ratio_MxSpd": 0.990641773, "Mot_power_ratio_MFD": 0.582468033, "Mot_power_ratio_MxSpd": 0.646830797, "Power_MFD": 2243.37793, "Power_MxSpd": 2718.70435, "Speed_MFD": 30.0}