{"Interferences": 2, "Mass": 4.12620824188587, "Batt_amps_ratio_MFD": 1.00365305, "Batt_amps_ratio_MxSpd": 1.00365305, "Distance_MxSpd": 803.464966, "Max_Distance": 803.464966, "Hover_Time": 48.0192528, "Max_Speed": 21.0, "Max_uc_at_MFD": 0.995503485, "Mot_amps_ratio_MFD": 0.584801912, "Mot_amps_ratio_MxSpd": 0.584801912, "Mot_power_ratio_MFD": 0.36062783, "Mot_power_ratio_MxSpd": 0.36062783, "Power_MFD": 1364.64734, "Power_MxSpd": 1364.64734, "Speed_MFD": 21.0}