{"Interferences": 47, "Mass": 5.590623746736047, "Batt_amps_ratio_MFD": 0.390391916, "Batt_amps_ratio_MxSpd": 0.422440886, "Distance_MxSpd": 7362.92334, "Max_Distance": 7377.20215, "Hover_Time": 410.694611, "Max_Speed": 27.0, "Max_uc_at_MFD": 0.999838412, "Mot_amps_ratio_MFD": 0.597649276, "Mot_amps_ratio_MxSpd": 0.591849506, "Mot_power_ratio_MFD": 0.36421451, "Mot_power_ratio_MxSpd": 0.360680044, "Power_MFD": 1271.46301, "Power_MxSpd": 1433.93909, "Speed_MFD": 25.0}