{"Interferences": 12, "Mass": 8.225131602148737, "Batt_amps_ratio_MFD": 0.84181571, "Batt_amps_ratio_MxSpd": 0.912915826, "Distance_MxSpd": 3911.86108, "Max_Distance": 3968.56445, "Hover_Time": 194.066376, "Max_Speed": 31.0, "Max_uc_at_MFD": 0.714390337, "Mot_amps_ratio_MFD": 0.788284004, "Mot_amps_ratio_MxSpd": 0.820606172, "Mot_power_ratio_MFD": 0.583330154, "Mot_power_ratio_MxSpd": 0.615801334, "Power_MFD": 2448.23706, "Power_MxSpd": 2794.18335, "Speed_MFD": 29.0}