{"Interferences": 17, "Mass": 3.39340552102599, "Batt_amps_ratio_MFD": 1.12768626, "Batt_amps_ratio_MxSpd": 1.52661705, "Distance_MxSpd": 679.148743, "Max_Distance": 715.092529, "Hover_Time": 47.8178062, "Max_Speed": 27.0, "Max_uc_at_MFD": 0.583934903, "Mot_amps_ratio_MFD": 0.65216428, "Mot_amps_ratio_MxSpd": 0.94598484, "Mot_power_ratio_MFD": 0.326684117, "Mot_power_ratio_MxSpd": 0.473865628, "Power_MFD": 696.131775, "Power_MxSpd": 1150.02173, "Speed_MFD": 21.0}