{"Interferences": 83, "Mass": 7.295228928521233, "Batt_amps_ratio_MFD": 1.02587605, "Batt_amps_ratio_MxSpd": 1.11781549, "Distance_MxSpd": 4019.26807, "Max_Distance": 4042.59351, "Hover_Time": 161.416061, "Max_Speed": 39.0, "Max_uc_at_MFD": 0.64037317, "Mot_amps_ratio_MFD": 0.759447932, "Mot_amps_ratio_MxSpd": 0.937150538, "Mot_power_ratio_MFD": 0.716539085, "Mot_power_ratio_MxSpd": 0.884201527, "Power_MFD": 2579.12622, "Power_MxSpd": 3060.04419, "Speed_MFD": 36.0}