{"Interferences": 10, "Mass": 10.817783767256014, "Batt_amps_ratio_MFD": 0.361307293, "Batt_amps_ratio_MxSpd": 0.448731929, "Distance_MxSpd": 6418.08594, "Max_Distance": 7014.52783, "Hover_Time": 275.05304, "Max_Speed": 25.0, "Max_uc_at_MFD": 1.0, "Mot_amps_ratio_MFD": 0.633446634, "Mot_amps_ratio_MxSpd": 0.795947373, "Mot_power_ratio_MFD": 0.390625417, "Mot_power_ratio_MxSpd": 0.490834206, "Power_MFD": 2317.3999, "Power_MxSpd": 3017.86548, "Speed_MFD": 22.0}