{"Interferences": 6, "Mass": 6.675864759461705, "Batt_amps_ratio_MFD": 4.47633553, "Batt_amps_ratio_MxSpd": 4.47633553, "Distance_MxSpd": 197.304245, "Max_Distance": 197.304245, "Hover_Time": 0.0, "Max_Speed": 23.0, "Max_uc_at_MFD": 0.928118765, "Mot_amps_ratio_MFD": 0.908017397, "Mot_amps_ratio_MxSpd": 0.908017397, "Mot_power_ratio_MFD": 0.856714427, "Mot_power_ratio_MxSpd": 0.856714427, "Power_MFD": 4763.19385, "Power_MxSpd": 4763.19385, "Speed_MFD": 23.0}