{"Interferences": 3, "Mass": 4.930665206783295, "Batt_amps_ratio_MFD": 1.50703228, "Batt_amps_ratio_MxSpd": 2.60221839, "Distance_MxSpd": 531.239075, "Max_Distance": 662.49408, "Hover_Time": 36.38274, "Max_Speed": 36.0, "Max_uc_at_MFD": 0.619885206, "Mot_amps_ratio_MFD": 0.619815469, "Mot_amps_ratio_MxSpd": 0.872667849, "Mot_power_ratio_MFD": 0.584795892, "Mot_power_ratio_MxSpd": 0.823362112, "Power_MFD": 1539.1604, "Power_MxSpd": 3550.2002, "Speed_MFD": 26.0}