{"Interferences": 1, "Mass": 5.967946533235581, "Batt_amps_ratio_MFD": 0.427908599, "Batt_amps_ratio_MxSpd": 0.427908599, "Distance_MxSpd": 6999.62549, "Max_Distance": 6999.62549, "Hover_Time": 393.703949, "Max_Speed": 26.0, "Max_uc_at_MFD": 0.99999994, "Mot_amps_ratio_MFD": 0.623431206, "Mot_amps_ratio_MxSpd": 0.623431206, "Mot_power_ratio_MFD": 0.307559401, "Mot_power_ratio_MxSpd": 0.307559401, "Power_MFD": 1507.75891, "Power_MxSpd": 1507.75891, "Speed_MFD": 26.0}