{"Interferences": 12, "Mass": 9.652348284311053, "Batt_amps_ratio_MFD": 1.06892228, "Batt_amps_ratio_MxSpd": 1.06892228, "Distance_MxSpd": 10777.2109, "Max_Distance": 10777.2109, "Hover_Time": 546.490906, "Max_Speed": 20.0, "Max_uc_at_MFD": 0.687750459, "Mot_amps_ratio_MFD": 0.962202907, "Mot_amps_ratio_MxSpd": 0.962202907, "Mot_power_ratio_MFD": 0.712030172, "Mot_power_ratio_MxSpd": 0.712030172, "Power_MFD": 2078.93701, "Power_MxSpd": 2078.93701, "Speed_MFD": 20.0}