{"Interferences": 56, "Mass": 8.166749752951198, "Batt_amps_ratio_MFD": 0.171698079, "Batt_amps_ratio_MxSpd": 0.171698079, "Distance_MxSpd": 11406.0684, "Max_Distance": 11406.0684, "Hover_Time": 707.987976, "Max_Speed": 17.0, "Max_uc_at_MFD": 0.997715354, "Mot_amps_ratio_MFD": 0.4768686, "Mot_amps_ratio_MxSpd": 0.4768686, "Mot_power_ratio_MFD": 0.238568634, "Mot_power_ratio_MxSpd": 0.238568634, "Power_MFD": 1308.90576, "Power_MxSpd": 1308.90576, "Speed_MFD": 17.0}