{"Interferences": 6, "Mass": 5.1245917493070445, "Batt_amps_ratio_MFD": 1.30604243, "Batt_amps_ratio_MxSpd": 1.30604243, "Distance_MxSpd": 323.4198, "Max_Distance": 323.4198, "Hover_Time": 0.0, "Max_Speed": 11.0, "Max_uc_at_MFD": 1.0, "Mot_amps_ratio_MFD": 0.492617667, "Mot_amps_ratio_MxSpd": 0.492617667, "Mot_power_ratio_MFD": 0.246360853, "Mot_power_ratio_MxSpd": 0.246360853, "Power_MFD": 1388.05566, "Power_MxSpd": 1388.05566, "Speed_MFD": 11.0}