{"Interferences": 18, "Mass": 4.148055194284771, "Batt_amps_ratio_MFD": 1.709216, "Batt_amps_ratio_MxSpd": 1.709216, "Distance_MxSpd": 67.3993225, "Max_Distance": 67.3993225, "Hover_Time": 20.7592602, "Max_Speed": 3.0, "Max_uc_at_MFD": 0.931886971, "Mot_amps_ratio_MFD": 0.790494025, "Mot_amps_ratio_MxSpd": 0.790494025, "Mot_power_ratio_MFD": 0.387109578, "Mot_power_ratio_MxSpd": 0.387109578, "Power_MFD": 1661.77637, "Power_MxSpd": 1661.77637, "Speed_MFD": 3.0}