{"Interferences": 0, "Mass": 4.370949501165859, "Batt_amps_ratio_MFD": 0.465613574, "Batt_amps_ratio_MxSpd": 0.983132958, "Distance_MxSpd": 1601.41101, "Max_Distance": 2226.73926, "Hover_Time": 147.750839, "Max_Speed": 41.0, "Max_uc_at_MFD": 0.786214113, "Mot_amps_ratio_MFD": 0.942790806, "Mot_amps_ratio_MxSpd": 0.966422021, "Mot_power_ratio_MFD": 0.70709312, "Mot_power_ratio_MxSpd": 0.724816501, "Power_MFD": 1622.85828, "Power_MxSpd": 4469.1709, "Speed_MFD": 27.0}