{"Interferences": 25, "Mass": 8.612284785888725, "Batt_amps_ratio_MFD": 1.85599792, "Batt_amps_ratio_MxSpd": 1.85599792, "Distance_MxSpd": 7758.62939, "Max_Distance": 7758.62939, "Hover_Time": 0.0, "Max_Speed": 25.0, "Max_uc_at_MFD": 0.81990397, "Mot_amps_ratio_MFD": 0.982985377, "Mot_amps_ratio_MxSpd": 0.982985377, "Mot_power_ratio_MFD": 0.985080779, "Mot_power_ratio_MxSpd": 0.985080779, "Power_MFD": 2546.26245, "Power_MxSpd": 2546.26245, "Speed_MFD": 25.0}