{"Interferences": 34, "Mass": 11.829634040818116, "Batt_amps_ratio_MFD": 0.257626891, "Batt_amps_ratio_MxSpd": 0.257626891, "Distance_MxSpd": 1639.58032, "Max_Distance": 1639.58032, "Hover_Time": 0.0, "Max_Speed": 11.0, "Max_uc_at_MFD": 0.999973059, "Mot_amps_ratio_MFD": 0.423824638, "Mot_amps_ratio_MxSpd": 0.423824638, "Mot_power_ratio_MFD": 0.317868471, "Mot_power_ratio_MxSpd": 0.317868471, "Power_MFD": 623.651489, "Power_MxSpd": 623.651489, "Speed_MFD": 11.0}