{"Interferences": 2, "Mass": 4.74716179760972, "Batt_amps_ratio_MFD": 0.415674806, "Batt_amps_ratio_MxSpd": 0.415674806, "Distance_MxSpd": 1755.21826, "Max_Distance": 1755.21826, "Hover_Time": 119.72551, "Max_Speed": 19.0, "Max_uc_at_MFD": 1.0, "Mot_amps_ratio_MFD": 0.495069474, "Mot_amps_ratio_MxSpd": 0.495069474, "Mot_power_ratio_MFD": 0.228969634, "Mot_power_ratio_MxSpd": 0.228969634, "Power_MFD": 905.504822, "Power_MxSpd": 905.504822, "Speed_MFD": 19.0}