{"Interferences": 4, "Mass": 2.5273675290585444, "Batt_amps_ratio_MFD": 0.910301089, "Batt_amps_ratio_MxSpd": 1.31061256, "Distance_MxSpd": 849.679016, "Max_Distance": 928.044556, "Hover_Time": 58.6409264, "Max_Speed": 29.0, "Max_uc_at_MFD": 0.941767514, "Mot_amps_ratio_MFD": 0.564299822, "Mot_amps_ratio_MxSpd": 0.547157466, "Mot_power_ratio_MFD": 0.447409153, "Mot_power_ratio_MxSpd": 0.433817685, "Power_MFD": 851.605164, "Power_MxSpd": 1406.42981, "Speed_MFD": 22.0}