{"Interferences": 3, "Mass": 5.618331218025496, "Batt_amps_ratio_MFD": 0.616711736, "Batt_amps_ratio_MxSpd": 0.884322166, "Distance_MxSpd": 1215.84656, "Max_Distance": 1307.5802, "Hover_Time": 75.489975, "Max_Speed": 28.0, "Max_uc_at_MFD": 0.997469902, "Mot_amps_ratio_MFD": 0.455738068, "Mot_amps_ratio_MxSpd": 0.346870869, "Mot_power_ratio_MFD": 0.281038463, "Mot_power_ratio_MxSpd": 0.213903695, "Power_MFD": 1255.97119, "Power_MxSpd": 2044.82666, "Speed_MFD": 21.0}