{"Interferences": 9, "Mass": 4.567972575156727, "Batt_amps_ratio_MFD": 1.30476856, "Batt_amps_ratio_MxSpd": 1.30476856, "Distance_MxSpd": 588.610107, "Max_Distance": 588.610107, "Hover_Time": 41.830265, "Max_Speed": 20.0, "Max_uc_at_MFD": 0.659929991, "Mot_amps_ratio_MFD": 0.944462419, "Mot_amps_ratio_MxSpd": 0.944462419, "Mot_power_ratio_MFD": 0.978463113, "Mot_power_ratio_MxSpd": 0.978463113, "Power_MFD": 1908.02783, "Power_MxSpd": 1908.02783, "Speed_MFD": 20.0}