{"Interferences": 101, "Mass": 12.165341754894504, "Batt_amps_ratio_MFD": 1.51526403, "Batt_amps_ratio_MxSpd": 1.51526403, "Distance_MxSpd": 13684.7432, "Max_Distance": 13684.7432, "Hover_Time": 490.409729, "Max_Speed": 36.0, "Max_uc_at_MFD": 0.992196321, "Mot_amps_ratio_MFD": 0.649944961, "Mot_amps_ratio_MxSpd": 0.649944961, "Mot_power_ratio_MFD": 0.324937612, "Mot_power_ratio_MxSpd": 0.324937612, "Power_MFD": 3922.96899, "Power_MxSpd": 3922.96899, "Speed_MFD": 36.0}