{
  "generator_version":"UAV2_gen12",
  "name":"design_2438_84417253048a46e0b61500ea31db4436_dw_dl",
  "hub":{
    "node_type":"ConnectedHub4_Sym",
    "mainSegment":{
      "node_type":"BranchWithTopSegment_Asym",
      "armLength":398.50713432988175,
      "angle":180.0,
      "leftSegment":{
        "node_type":"SidewaysBendSegment",
        "angle":-90.0,
        "armLength":118.94655377657334,
        "mainSegment":{
          "node_type":"PropArm",
          "armLength":220.64544630239251,
          "motor":{
            "motorType":"t_motor_AT4120KV500"
          },
          "prop":{
            "propType":"apc_propellers_16x6"
          },
          "flange":{
            "offset":2.1041765052359196,
            "angle":276.1869543495493
          }
        }
      },
      "rightSegment":{
        "node_type":"WingArm",
        "armLength":130.27114312600395,
        "wing":{
          "wingType":"Wing_vert_hole",
          "nacaProfile":"2412",
          "span":501.71671475763725,
          "chordInner":205.29771276141582,
          "chordOuter":147.42678816340765,
          "taperOffset":false,
          "aileronBias":0.2540934554267651,
          "flapBias":0.287961836772809,
          "load":420.8716510188334,
          "tubeOffset":70.23576189328759,
          "tubeRot":270.9029174408582
        },
        "servo":{
          "servoType":"Hitec_HS_645MG"
        }
      },
      "topSegment":{
        "node_type":"AngledWingArm",
        "arm1Length":63.95150003177161,
        "arm2Length":51.958295814303725,
        "wing":{
          "wingType":"Wing_horiz_hole",
          "nacaProfile":"6321",
          "span":1074.0883629310372,
          "chordInner":167.9569205514959,
          "chordOuter":152.7195508936804,
          "taperOffset":true,
          "aileronBias":0.7940620532994045,
          "flapBias":0.29335389075670093,
          "load":738.7309843385902,
          "tubeOffset":66.79096598998845,
          "tubeRot":270.0
        },
        "servo":{
          "servoType":"Hitec_HS_645MG"
        }
      }
    }
  },
  "fuselageWithComponents":{
    "node_type":"DualBatteryFuselageWithComponents",
    "battery":{
      "batteryType":"TurnigyGraphene4000mAh6S75C"
    },
    "fuselage":{
      "length":291.0,
      "vertDiameter":76.5,
      "horzDiameter":362.4,
      "floorHeight":12.75,
      "battery1X":-72.75,
      "battery1Y":6.0,
      "battery2X":73.75,
      "battery2Y":6.0,
      "rpmX":0.0,
      "rpmY":-110.8,
      "autoPilotX":0.0,
      "autoPilotY":54.5,
      "currentX":0.0,
      "currentY":-90.65,
      "voltageX":0.0,
      "voltageY":108.3,
      "gpsX":0.0,
      "gpsY":-50.5,
      "varioX":0.0,
      "varioY":86.65
    }
  }
}