{"Interferences": 15, "Mass": 5.079779899431618, "Batt_amps_ratio_MFD": 0.301463366, "Batt_amps_ratio_MxSpd": 0.475814849, "Distance_MxSpd": 2743.92432, "Max_Distance": 3057.08789, "Hover_Time": 124.656693, "Max_Speed": 34.0, "Max_uc_at_MFD": 0.678762078, "Mot_amps_ratio_MFD": 0.695811927, "Mot_amps_ratio_MxSpd": 0.992227435, "Mot_power_ratio_MFD": 0.636053979, "Mot_power_ratio_MxSpd": 0.907012641, "Power_MFD": 1363.12756, "Power_MxSpd": 2921.88062, "Speed_MFD": 24.0}