{"Interferences": 6, "Mass": 5.840316725139394, "Batt_amps_ratio_MFD": 0.846579611, "Batt_amps_ratio_MxSpd": 1.09314334, "Distance_MxSpd": 6323.0498, "Max_Distance": 6577.0542, "Hover_Time": 272.409943, "Max_Speed": 36.0, "Max_uc_at_MFD": 0.852428615, "Mot_amps_ratio_MFD": 0.656121731, "Mot_amps_ratio_MxSpd": 0.836162925, "Mot_power_ratio_MFD": 0.6756078, "Mot_power_ratio_MxSpd": 0.860995948, "Power_MFD": 2378.17432, "Power_MxSpd": 3547.65674, "Speed_MFD": 29.0}