{"Interferences": 25, "Mass": 8.046629624630494, "Batt_amps_ratio_MFD": 1.17094219, "Batt_amps_ratio_MxSpd": 1.17094219, "Distance_MxSpd": 1827.09998, "Max_Distance": 1827.09998, "Hover_Time": 86.1358871, "Max_Speed": 26.0, "Max_uc_at_MFD": 0.681649387, "Mot_amps_ratio_MFD": 0.927488983, "Mot_amps_ratio_MxSpd": 0.927488983, "Mot_power_ratio_MFD": 0.927488983, "Mot_power_ratio_MxSpd": 0.927488983, "Power_MFD": 2954.83936, "Power_MxSpd": 2954.83936, "Speed_MFD": 26.0}