{"Interferences": 3, "Mass": 3.3158472790113453, "Batt_amps_ratio_MFD": 0.646644354, "Batt_amps_ratio_MxSpd": 1.27813792, "Distance_MxSpd": 931.354919, "Max_Distance": 1128.28638, "Hover_Time": 73.1402054, "Max_Speed": 31.0, "Max_uc_at_MFD": 0.728667796, "Mot_amps_ratio_MFD": 0.33551541, "Mot_amps_ratio_MxSpd": 0.543737471, "Mot_power_ratio_MFD": 0.34302038, "Mot_power_ratio_MxSpd": 0.555899978, "Power_MFD": 715.962891, "Power_MxSpd": 1942.37476, "Speed_MFD": 19.0}