{"Interferences": 34, "Mass": 7.593885603810588, "Batt_amps_ratio_MFD": 0.991092861, "Batt_amps_ratio_MxSpd": 0.991092861, "Distance_MxSpd": 1162.35327, "Max_Distance": 1162.35327, "Hover_Time": 46.6406975, "Max_Speed": 30.0, "Max_uc_at_MFD": 0.998997092, "Mot_amps_ratio_MFD": 0.592668235, "Mot_amps_ratio_MxSpd": 0.592668235, "Mot_power_ratio_MFD": 0.3959544, "Mot_power_ratio_MxSpd": 0.3959544, "Power_MFD": 2944.552, "Power_MxSpd": 2944.552, "Speed_MFD": 30.0}