{"Interferences": 12, "Mass": 3.618905248315217, "Batt_amps_ratio_MFD": 0.238825783, "Batt_amps_ratio_MxSpd": 0.238825783, "Distance_MxSpd": 2894.15991, "Max_Distance": 2894.15991, "Hover_Time": 205.472824, "Max_Speed": 18.0, "Max_uc_at_MFD": 0.999999821, "Mot_amps_ratio_MFD": 0.271619976, "Mot_amps_ratio_MxSpd": 0.271619976, "Mot_power_ratio_MFD": 0.101914875, "Mot_power_ratio_MxSpd": 0.101914875, "Power_MFD": 558.464539, "Power_MxSpd": 558.464539, "Speed_MFD": 18.0}