{"Interferences": 43, "Mass": 2.6718317849447057, "Batt_amps_ratio_MFD": 0.893771112, "Batt_amps_ratio_MxSpd": 1.09787011, "Distance_MxSpd": 979.35083, "Max_Distance": 1031.13647, "Hover_Time": 72.4600067, "Max_Speed": 28.0, "Max_uc_at_MFD": 0.909034431, "Mot_amps_ratio_MFD": 0.848734021, "Mot_amps_ratio_MxSpd": 0.858891606, "Mot_power_ratio_MFD": 0.558278382, "Mot_power_ratio_MxSpd": 0.564959824, "Power_MFD": 776.349854, "Power_MxSpd": 1090.45117, "Speed_MFD": 24.0}