{"Interferences": 79, "Mass": 6.325969027884044, "Batt_amps_ratio_MFD": 0.270152718, "Batt_amps_ratio_MxSpd": 0.270152718, "Distance_MxSpd": 11087.0625, "Max_Distance": 11087.0625, "Hover_Time": 530.149231, "Max_Speed": 26.0, "Max_uc_at_MFD": 0.99842757, "Mot_amps_ratio_MFD": 0.404052705, "Mot_amps_ratio_MxSpd": 0.404052705, "Mot_power_ratio_MFD": 0.383850068, "Mot_power_ratio_MxSpd": 0.383850068, "Power_MFD": 1517.72705, "Power_MxSpd": 1517.72705, "Speed_MFD": 26.0}