{"Interferences": 17, "Mass": 8.694731380719324, "Batt_amps_ratio_MFD": 0.906047225, "Batt_amps_ratio_MxSpd": 0.906047225, "Distance_MxSpd": 762.874146, "Max_Distance": 762.874146, "Hover_Time": 0.0, "Max_Speed": 18.0, "Max_uc_at_MFD": 0.999956429, "Mot_amps_ratio_MFD": 0.874865353, "Mot_amps_ratio_MxSpd": 0.874865353, "Mot_power_ratio_MFD": 0.58383739, "Mot_power_ratio_MxSpd": 0.58383739, "Power_MFD": 3529.02686, "Power_MxSpd": 3529.02686, "Speed_MFD": 18.0}