{"Interferences": 29, "Mass": 3.2139014186199537, "Batt_amps_ratio_MFD": 0.60952282, "Batt_amps_ratio_MxSpd": 0.71058619, "Distance_MxSpd": 1350.99731, "Max_Distance": 1386.0022, "Hover_Time": 0.0, "Max_Speed": 25.0, "Max_uc_at_MFD": 0.881582439, "Mot_amps_ratio_MFD": 0.737675428, "Mot_amps_ratio_MxSpd": 0.855293274, "Mot_power_ratio_MFD": 0.369045526, "Mot_power_ratio_MxSpd": 0.427887559, "Power_MFD": 754.012634, "Power_MxSpd": 976.18927, "Speed_MFD": 22.0}