{"Interferences": 32, "Mass": 3.423255751995922, "Batt_amps_ratio_MFD": 0.588574708, "Batt_amps_ratio_MxSpd": 0.588574708, "Distance_MxSpd": 1239.60474, "Max_Distance": 1239.60474, "Hover_Time": 84.632103, "Max_Speed": 19.0, "Max_uc_at_MFD": 0.998000681, "Mot_amps_ratio_MFD": 0.305512995, "Mot_amps_ratio_MxSpd": 0.305512995, "Mot_power_ratio_MFD": 0.113039814, "Mot_power_ratio_MxSpd": 0.113039814, "Power_MFD": 597.214539, "Power_MxSpd": 597.214539, "Speed_MFD": 19.0}