{
  "generator_version":"UAV2_gen12",
  "name":"design_2933_4ce8f35cd6cb4b4cb4b8df43d8ef3b62_dw",
  "hub":{
    "node_type":"ConnectedHub3_2_1",
    "angle":180.0,
    "centerSegment":{
      "node_type":"PropArm",
      "armLength":231.76423397252532,
      "motor":{
        "motorType":"t_motor_U7_V2.0KV490"
      },
      "prop":{
        "propType":"apc_propellers_16x12E"
      },
      "flange":{
        "offset":-18.820850108222764,
        "angle":0.0
      }
    },
    "mainSegment":{
      "node_type":"DoubleBendSegment",
      "angle":-59.83870417936832,
      "arm1Length":424.51069619576225,
      "arm2Length":236.4105887182724,
      "mainSegment":{
        "node_type":"AngledWingArm",
        "arm1Length":288.50893177043207,
        "arm2Length":180.17307815196205,
        "wing":{
          "wingType":"Wing_vert_hole",
          "nacaProfile":"2212",
          "span":792.3040394725618,
          "chordInner":256.3408422861154,
          "chordOuter":161.89834587216558,
          "taperOffset":true,
          "aileronBias":0.28272053044151263,
          "flapBias":0.25241974290538055,
          "load":123.328189656946,
          "tubeOffset":20.569601326921898,
          "tubeRot":266.6767254985563
        },
        "servo":{
          "servoType":"Hitec_HS_82MG"
        }
      }
    }
  },
  "fuselageWithComponents":{
    "node_type":"DualBatteryFuselageWithComponents",
    "battery":{
      "batteryType":"TurnigyGraphene3000mAh4S75C"
    },
    "fuselage":{
      "length":137.0,
      "vertDiameter":51.0,
      "horzDiameter":423.9,
      "floorHeight":8.5,
      "battery1X":0.0,
      "battery1Y":-17.0,
      "battery2X":0.0,
      "battery2Y":30.0,
      "rpmX":0.0,
      "rpmY":-131.3,
      "autoPilotX":0.0,
      "autoPilotY":75.0,
      "currentX":0.0,
      "currentY":-111.15,
      "voltageX":0.0,
      "voltageY":128.8,
      "gpsX":0.0,
      "gpsY":-71.0,
      "varioX":0.0,
      "varioY":107.15
    }
  }
}