{"Interferences": 7, "Mass": 5.00873935734076, "Batt_amps_ratio_MFD": 0.28339389, "Batt_amps_ratio_MxSpd": 0.308865428, "Distance_MxSpd": 3232.47583, "Max_Distance": 3252.01099, "Hover_Time": 188.495682, "Max_Speed": 26.0, "Max_uc_at_MFD": 0.678116977, "Mot_amps_ratio_MFD": 0.587183654, "Mot_amps_ratio_MxSpd": 0.695944667, "Mot_power_ratio_MFD": 0.575094581, "Mot_power_ratio_MxSpd": 0.681616366, "Power_MFD": 1137.42822, "Power_MxSpd": 1317.07825, "Speed_MFD": 24.0}