{"Interferences": 11, "Mass": 23.24733273479488, "Batt_amps_ratio_MFD": 1.01928139, "Batt_amps_ratio_MxSpd": 1.01928139, "Distance_MxSpd": 5651.04004, "Max_Distance": 5651.04004, "Hover_Time": 0.0, "Max_Speed": 50.0, "Max_uc_at_MFD": 0.974994481, "Mot_amps_ratio_MFD": 0.895178795, "Mot_amps_ratio_MxSpd": 0.895178795, "Mot_power_ratio_MFD": 0.767850697, "Mot_power_ratio_MxSpd": 0.767850697, "Power_MFD": 22512.6738, "Power_MxSpd": 22512.6738, "Speed_MFD": 50.0}