{"Interferences": 16, "Mass": 5.60917819176454, "Batt_amps_ratio_MFD": 0.420129776, "Batt_amps_ratio_MxSpd": 0.699204385, "Distance_MxSpd": 6260.83008, "Max_Distance": 7677.62793, "Hover_Time": 423.796082, "Max_Speed": 38.0, "Max_uc_at_MFD": 0.822551072, "Mot_amps_ratio_MFD": 0.705258429, "Mot_amps_ratio_MxSpd": 0.79707849, "Mot_power_ratio_MFD": 0.725057006, "Mot_power_ratio_MxSpd": 0.81945467, "Power_MFD": 1943.32825, "Power_MxSpd": 4206.78174, "Speed_MFD": 28.0}