{"Interferences": 16, "Mass": 9.143389287993624, "Batt_amps_ratio_MFD": 2.76201487, "Batt_amps_ratio_MxSpd": 2.76201487, "Distance_MxSpd": 6881.93262, "Max_Distance": 6881.93262, "Hover_Time": 247.235748, "Max_Speed": 33.0, "Max_uc_at_MFD": 0.600300908, "Mot_amps_ratio_MFD": 0.937990248, "Mot_amps_ratio_MxSpd": 0.937990248, "Mot_power_ratio_MFD": 0.939989746, "Mot_power_ratio_MxSpd": 0.939989746, "Power_MFD": 3348.56958, "Power_MxSpd": 3348.56958, "Speed_MFD": 33.0}