{
  "generator_version":"UAV2_gen12",
  "name":"design_358_441807868d8747d19fdd12027010620f_dw",
  "hub":{
    "node_type":"ConnectedHub6_2_2_2",
    "frontSegment":{
      "node_type":"SidewaysBendSegment",
      "angle":-90.0,
      "armLength":216.3625489199393,
      "mainSegment":{
        "node_type":"AngledWingArm",
        "arm1Length":342.23493155499705,
        "arm2Length":160.71779545426213,
        "wing":{
          "wingType":"Wing_horiz_hole",
          "nacaProfile":"2518",
          "span":1081.5480573353527,
          "chordInner":170.05181428729355,
          "chordOuter":149.80778639057246,
          "taperOffset":true,
          "aileronBias":0.32322791863377165,
          "flapBias":0.14843316883239593,
          "load":556.4197105658627,
          "tubeOffset":38.20880705082304,
          "tubeRot":270.0
        },
        "servo":{
          "servoType":"Hitec_HS_53"
        }
      }
    },
    "middleSegment":{
      "node_type":"SidewaysBendSegment",
      "angle":-50.24464180154044,
      "armLength":475.78981578253104,
      "mainSegment":{
        "node_type":"PropArm",
        "armLength":255.42573318725226,
        "motor":{
          "motorType":"t_motor_MN5208KV340"
        },
        "prop":{
          "propType":"apc_propellers_15_5x12W"
        },
        "flange":{
          "offset":18.12758581876524,
          "angle":0.0
        }
      }
    },
    "rearSegment":{
      "node_type":"WingArm",
      "armLength":196.8786347668641,
      "wing":{
        "wingType":"Wing_vert_hole",
        "nacaProfile":"4515",
        "span":270.337757823373,
        "chordInner":408.13060795430613,
        "chordOuter":56.89821062169486,
        "taperOffset":false,
        "aileronBias":0.7224013950686529,
        "flapBias":0.22254869285087914,
        "load":189.25556107853032,
        "tubeOffset":80.76014212729365,
        "tubeRot":270.0
      },
      "servo":{
        "servoType":"Hitec_D485HW"
      }
    }
  },
  "fuselageWithComponents":{
    "node_type":"DualBatteryFuselageWithComponents",
    "battery":{
      "batteryType":"TurnigyGraphene1300mAh4S75C"
    },
    "fuselage":{
      "length":84.0,
      "vertDiameter":52.5,
      "horzDiameter":396.9,
      "floorHeight":8.75,
      "battery1X":-4.5,
      "battery1Y":-12.5,
      "battery2X":-4.5,
      "battery2Y":25.5,
      "rpmX":-4.5,
      "rpmY":-122.3,
      "autoPilotX":-4.5,
      "autoPilotY":66.0,
      "currentX":-4.5,
      "currentY":-102.15,
      "voltageX":-4.5,
      "voltageY":119.8,
      "gpsX":-4.5,
      "gpsY":-62.0,
      "varioX":-4.5,
      "varioY":98.15
    }
  }
}