{"Interferences": 10, "Mass": 3.176579852805168, "Batt_amps_ratio_MFD": 0.516397774, "Batt_amps_ratio_MxSpd": 0.516397774, "Distance_MxSpd": 1115.41931, "Max_Distance": 1115.41931, "Hover_Time": 0.0, "Max_Speed": 15.0, "Max_uc_at_MFD": 0.964532316, "Mot_amps_ratio_MFD": 0.688188553, "Mot_amps_ratio_MxSpd": 0.688188553, "Mot_power_ratio_MFD": 0.419390202, "Mot_power_ratio_MxSpd": 0.419390202, "Power_MFD": 716.251526, "Power_MxSpd": 716.251526, "Speed_MFD": 15.0}