{"Interferences": 16, "Mass": 4.445400369598869, "Batt_amps_ratio_MFD": 0.258695036, "Batt_amps_ratio_MxSpd": 0.309858382, "Distance_MxSpd": 4337.46533, "Max_Distance": 4453.12012, "Hover_Time": 157.362228, "Max_Speed": 35.0, "Max_uc_at_MFD": 0.865801573, "Mot_amps_ratio_MFD": 0.76096487, "Mot_amps_ratio_MxSpd": 0.99715215, "Mot_power_ratio_MFD": 0.675736845, "Mot_power_ratio_MxSpd": 0.885471106, "Power_MFD": 1992.6051, "Power_MxSpd": 2672.09009, "Speed_MFD": 30.0}