{"Interferences": 22, "Mass": 3.834483930752534, "Batt_amps_ratio_MFD": 1.29666924, "Batt_amps_ratio_MxSpd": 1.29666924, "Distance_MxSpd": 651.515442, "Max_Distance": 651.515442, "Hover_Time": 41.2315216, "Max_Speed": 22.0, "Max_uc_at_MFD": 0.998078644, "Mot_amps_ratio_MFD": 0.446560383, "Mot_amps_ratio_MxSpd": 0.446560383, "Mot_power_ratio_MFD": 0.223756149, "Mot_power_ratio_MxSpd": 0.223756149, "Power_MFD": 942.027405, "Power_MxSpd": 942.027405, "Speed_MFD": 22.0}