{
  "generator_version":"UAV2_gen12",
  "name":"design_1682_77c6bd1ae8974bf480957fe8e889b954_dw_dl",
  "hub":{
    "node_type":"ConnectedHub6_Sym",
    "mainSegment":{
      "node_type":"BranchWithTopSegment_Asym",
      "armLength":464.21456220003404,
      "angle":180.0,
      "leftSegment":{
        "node_type":"AngledWingArm",
        "arm1Length":235.3071209171744,
        "arm2Length":139.45588620064748,
        "wing":{
          "wingType":"Wing_horiz_hole",
          "nacaProfile":"2415",
          "span":614.2915917072694,
          "chordInner":244.96209972823488,
          "chordOuter":159.1411962409672,
          "taperOffset":true,
          "aileronBias":0.9517558598917325,
          "flapBias":0.22486616022121586,
          "load":276.3402651161255,
          "tubeOffset":87.62707808111098,
          "tubeRot":302.75764495672547
        },
        "servo":{
          "servoType":"Hitec_HS_5496MH"
        }
      },
      "rightSegment":{
        "node_type":"PropArm",
        "armLength":407.14364367444915,
        "motor":{
          "motorType":"t_motor_MN3520KV400"
        },
        "prop":{
          "propType":"apc_propellers_17x6E"
        },
        "flange":{
          "offset":-23.014078797504943,
          "angle":0.0
        }
      },
      "topSegment":{
        "node_type":"AngledWingArm",
        "arm1Length":311.5469652943404,
        "arm2Length":89.4339208843399,
        "wing":{
          "wingType":"Wing_horiz_hole",
          "nacaProfile":"6712",
          "span":855.3922574339044,
          "chordInner":437.2647219121068,
          "chordOuter":171.6452793761374,
          "taperOffset":false,
          "aileronBias":0.4245554774017264,
          "flapBias":0.21514505038237364,
          "load":560.4458251347247,
          "tubeOffset":30.863552336173488,
          "tubeRot":226.43034644706094
        },
        "servo":{
          "servoType":"Hitec_HS_7245MH"
        }
      }
    }
  },
  "fuselageWithComponents":{
    "node_type":"DualBatteryFuselageWithComponents",
    "battery":{
      "batteryType":"TattuPro25C22000mAh14S1P"
    },
    "fuselage":{
      "length":477.0,
      "vertDiameter":261.0,
      "horzDiameter":461.4,
      "floorHeight":43.5,
      "battery1X":-119.25,
      "battery1Y":6.0,
      "battery2X":120.25,
      "battery2Y":6.0,
      "rpmX":0.0,
      "rpmY":-143.8,
      "autoPilotX":0.0,
      "autoPilotY":87.5,
      "currentX":0.0,
      "currentY":-123.65,
      "voltageX":0.0,
      "voltageY":141.3,
      "gpsX":0.0,
      "gpsY":-83.5,
      "varioX":0.0,
      "varioY":119.65
    }
  }
}