{"Interferences": 13, "Mass": 5.595151803459623, "Batt_amps_ratio_MFD": 0.917483151, "Batt_amps_ratio_MxSpd": 1.21221757, "Distance_MxSpd": 1013.67944, "Max_Distance": 1088.19434, "Hover_Time": 41.8747787, "Max_Speed": 32.0, "Max_uc_at_MFD": 0.815921962, "Mot_amps_ratio_MFD": 0.467435241, "Mot_amps_ratio_MxSpd": 0.645552814, "Mot_power_ratio_MFD": 0.155795038, "Mot_power_ratio_MxSpd": 0.215161189, "Power_MFD": 1730.86023, "Power_MxSpd": 2761.68701, "Speed_MFD": 26.0}