{"Interferences": 8, "Mass": 9.145229384188948, "Batt_amps_ratio_MFD": 0.606457889, "Batt_amps_ratio_MxSpd": 1.1867404, "Distance_MxSpd": 873.653625, "Max_Distance": 1393.00684, "Hover_Time": 45.0694046, "Max_Speed": 27.0, "Max_uc_at_MFD": 0.99545145, "Mot_amps_ratio_MFD": 0.835423529, "Mot_amps_ratio_MxSpd": 0.980913877, "Mot_power_ratio_MFD": 0.515177846, "Mot_power_ratio_MxSpd": 0.640479028, "Power_MFD": 2788.42798, "Power_MxSpd": 5624.10791, "Speed_MFD": 22.0}