{"Interferences": 44, "Mass": 7.30383526786964, "Batt_amps_ratio_MFD": 0.630134344, "Batt_amps_ratio_MxSpd": 0.630134344, "Distance_MxSpd": 1828.18164, "Max_Distance": 1828.18164, "Hover_Time": 0.0, "Max_Speed": 30.0, "Max_uc_at_MFD": 0.80263561, "Mot_amps_ratio_MFD": 0.920214891, "Mot_amps_ratio_MxSpd": 0.920214891, "Mot_power_ratio_MFD": 0.948478639, "Mot_power_ratio_MxSpd": 0.948478639, "Power_MFD": 2981.12354, "Power_MxSpd": 2981.12354, "Speed_MFD": 30.0}