{"Interferences": 2, "Mass": 2.569354468073686, "Batt_amps_ratio_MFD": 0.442448735, "Batt_amps_ratio_MxSpd": 0.626391053, "Distance_MxSpd": 1593.89246, "Max_Distance": 1735.79431, "Hover_Time": 120.952438, "Max_Speed": 26.0, "Max_uc_at_MFD": 0.902686775, "Mot_amps_ratio_MFD": 0.334770232, "Mot_amps_ratio_MxSpd": 0.448782116, "Mot_power_ratio_MFD": 0.210570469, "Mot_power_ratio_MxSpd": 0.282283962, "Power_MFD": 585.846863, "Power_MxSpd": 965.983337, "Speed_MFD": 20.0}