{"Interferences": 20, "Mass": 7.675614196114054, "Batt_amps_ratio_MFD": 1.92173779, "Batt_amps_ratio_MxSpd": 2.98347068, "Distance_MxSpd": 398.998383, "Max_Distance": 499.547852, "Hover_Time": 14.121088, "Max_Speed": 31.0, "Max_uc_at_MFD": 0.99304837, "Mot_amps_ratio_MFD": 0.722790658, "Mot_amps_ratio_MxSpd": 0.919885874, "Mot_power_ratio_MFD": 0.672894776, "Mot_power_ratio_MxSpd": 0.850894451, "Power_MFD": 2352.42334, "Power_MxSpd": 4233.64844, "Speed_MFD": 25.0}