{
  "generator_version":"UAV2_gen12",
  "name":"design_1660_98642b3dc47a4cfd834186ab7dd29572_dw",
  "hub":{
    "node_type":"ConnectedHub3_2_1",
    "angle":48.04262154570866,
    "centerSegment":{
      "node_type":"AngledPropArm",
      "armLength":64.51763687020924,
      "motor":{
        "motorType":"kde_direct_KDE700XF_535_G3"
      },
      "prop":{
        "propType":"apc_propellers_17x8N"
      }
    },
    "mainSegment":{
      "node_type":"SidewaysBendWithTopSegment",
      "angle":76.52955054701522,
      "armLength":412.3827265833492,
      "mainSegment":{
        "node_type":"AngledWingArm",
        "arm1Length":433.98276984544884,
        "arm2Length":175.04241142845518,
        "wing":{
          "wingType":"Wing_horiz_hole",
          "nacaProfile":"2315",
          "span":1945.9532475194158,
          "chordInner":115.0517147419329,
          "chordOuter":69.74360464689522,
          "taperOffset":false,
          "aileronBias":0.40908612142007617,
          "flapBias":0.5405921263793442,
          "load":938.563714317488,
          "tubeOffset":18.25662034367803,
          "tubeRot":287.36406126019295
        },
        "servo":{
          "servoType":"Hitec_HS_225BB"
        }
      },
      "topSegment":{
        "node_type":"AngledPropArm",
        "armLength":239.1861230524054,
        "motor":{
          "motorType":"t_motor_MN4012KV400"
        },
        "prop":{
          "propType":"apc_propellers_15x6E"
        }
      }
    }
  },
  "fuselageWithComponents":{
    "node_type":"DualBatteryFuselageWithComponents",
    "battery":{
      "batteryType":"Tattu5C28000mAh6S1P"
    },
    "fuselage":{
      "length":203.0,
      "vertDiameter":133.5,
      "horzDiameter":473.4,
      "floorHeight":22.25,
      "battery1X":0.0,
      "battery1Y":-25.25,
      "battery2X":0.0,
      "battery2Y":38.25,
      "rpmX":0.0,
      "rpmY":-147.8,
      "autoPilotX":0.0,
      "autoPilotY":91.5,
      "currentX":0.0,
      "currentY":-127.65,
      "voltageX":0.0,
      "voltageY":145.3,
      "gpsX":0.0,
      "gpsY":-87.5,
      "varioX":0.0,
      "varioY":123.65
    }
  }
}