{"Interferences": 13, "Mass": 10.741831989774893, "Batt_amps_ratio_MFD": 0.270362884, "Batt_amps_ratio_MxSpd": 0.321802676, "Distance_MxSpd": 10142.8613, "Max_Distance": 10297.2715, "Hover_Time": 372.452545, "Max_Speed": 34.0, "Max_uc_at_MFD": 0.88867867, "Mot_amps_ratio_MFD": 0.823185802, "Mot_amps_ratio_MxSpd": 0.98743391, "Mot_power_ratio_MFD": 0.761446834, "Mot_power_ratio_MxSpd": 0.913376331, "Power_MFD": 3111.42847, "Power_MxSpd": 4115.69482, "Speed_MFD": 29.0}