{"Interferences": 26, "Mass": 13.697479217742046, "Batt_amps_ratio_MFD": 0.702391028, "Batt_amps_ratio_MxSpd": 0.702391028, "Distance_MxSpd": 13120.8965, "Max_Distance": 13120.8965, "Hover_Time": 487.102173, "Max_Speed": 32.0, "Max_uc_at_MFD": 1.0, "Mot_amps_ratio_MFD": 0.864515722, "Mot_amps_ratio_MxSpd": 0.864515722, "Mot_power_ratio_MFD": 0.889773667, "Mot_power_ratio_MxSpd": 0.889773667, "Power_MFD": 4083.75269, "Power_MxSpd": 4083.75269, "Speed_MFD": 32.0}