{"Interferences": 15, "Mass": 7.05690126416401, "Batt_amps_ratio_MFD": 0.786943078, "Batt_amps_ratio_MxSpd": 0.786943078, "Distance_MxSpd": 2781.39551, "Max_Distance": 2781.39551, "Hover_Time": 0.0, "Max_Speed": 19.0, "Max_uc_at_MFD": 0.994865954, "Mot_amps_ratio_MFD": 0.741678417, "Mot_amps_ratio_MxSpd": 0.741678417, "Mot_power_ratio_MFD": 0.24719964, "Mot_power_ratio_MxSpd": 0.24719964, "Power_MFD": 2020.49841, "Power_MxSpd": 2020.49841, "Speed_MFD": 19.0}