{"Interferences": 8, "Mass": 3.542363414169177, "Batt_amps_ratio_MFD": 0.557077825, "Batt_amps_ratio_MxSpd": 0.813421309, "Distance_MxSpd": 1227.4082, "Max_Distance": 1309.69128, "Hover_Time": 81.5471725, "Max_Speed": 26.0, "Max_uc_at_MFD": 0.879189074, "Mot_amps_ratio_MFD": 0.303819418, "Mot_amps_ratio_MxSpd": 0.466205776, "Mot_power_ratio_MFD": 0.191102415, "Mot_power_ratio_MxSpd": 0.293243438, "Power_MFD": 742.900085, "Power_MxSpd": 1256.30981, "Speed_MFD": 19.0}