{"Interferences": 20, "Mass": 4.105463773582069, "Batt_amps_ratio_MFD": 1.02685368, "Batt_amps_ratio_MxSpd": 1.24017024, "Distance_MxSpd": 836.014221, "Max_Distance": 860.103088, "Hover_Time": 54.1083946, "Max_Speed": 27.0, "Max_uc_at_MFD": 0.969130337, "Mot_amps_ratio_MFD": 0.454913318, "Mot_amps_ratio_MxSpd": 0.437984347, "Mot_power_ratio_MFD": 0.2244239, "Mot_power_ratio_MxSpd": 0.216072276, "Power_MFD": 1009.08264, "Power_MxSpd": 1341.90112, "Speed_MFD": 23.0}