{"Interferences": 17, "Mass": 7.985232172127081, "Batt_amps_ratio_MFD": 0.816025376, "Batt_amps_ratio_MxSpd": 1.28407478, "Distance_MxSpd": 5831.43604, "Max_Distance": 6588.03027, "Hover_Time": 310.652802, "Max_Speed": 39.0, "Max_uc_at_MFD": 0.944265425, "Mot_amps_ratio_MFD": 0.889652312, "Mot_amps_ratio_MxSpd": 0.784237623, "Mot_power_ratio_MFD": 0.585193515, "Mot_power_ratio_MxSpd": 0.515854061, "Power_MFD": 2268.16577, "Power_MxSpd": 4192.12207, "Speed_MFD": 28.0}