{"Interferences": 14, "Mass": 4.132020435308445, "Batt_amps_ratio_MFD": 0.366907239, "Batt_amps_ratio_MxSpd": 0.40627858, "Distance_MxSpd": 2268.39429, "Max_Distance": 2302.4895, "Hover_Time": 144.491684, "Max_Speed": 24.0, "Max_uc_at_MFD": 0.948189914, "Mot_amps_ratio_MFD": 0.80900681, "Mot_amps_ratio_MxSpd": 0.91019845, "Mot_power_ratio_MFD": 0.399110019, "Mot_power_ratio_MxSpd": 0.449031234, "Power_MFD": 981.981323, "Power_MxSpd": 1156.50769, "Speed_MFD": 22.0}