{"Interferences": 5, "Mass": 3.172371337578451, "Batt_amps_ratio_MFD": 0.148305163, "Batt_amps_ratio_MxSpd": 0.148305163, "Distance_MxSpd": 3624.95801, "Max_Distance": 3624.95801, "Hover_Time": 288.286835, "Max_Speed": 14.0, "Max_uc_at_MFD": 0.987088561, "Mot_amps_ratio_MFD": 0.239908755, "Mot_amps_ratio_MxSpd": 0.239908755, "Mot_power_ratio_MFD": 0.110957801, "Mot_power_ratio_MxSpd": 0.110957801, "Power_MFD": 477.006256, "Power_MxSpd": 477.006256, "Speed_MFD": 14.0}