{"Interferences": 14, "Mass": 7.478143491127517, "Batt_amps_ratio_MFD": 2.01899838, "Batt_amps_ratio_MxSpd": 2.01899838, "Distance_MxSpd": 247.251312, "Max_Distance": 247.251312, "Hover_Time": 0.0, "Max_Speed": 13.0, "Max_uc_at_MFD": 0.999725759, "Mot_amps_ratio_MFD": 0.633240283, "Mot_amps_ratio_MxSpd": 0.633240283, "Mot_power_ratio_MFD": 0.388180673, "Mot_power_ratio_MxSpd": 0.388180673, "Power_MFD": 2895.97705, "Power_MxSpd": 2895.97705, "Speed_MFD": 13.0}