{"Interferences": 15, "Mass": 11.993964154100333, "Batt_amps_ratio_MFD": 0.384664565, "Batt_amps_ratio_MxSpd": 0.384664565, "Distance_MxSpd": 5989.63428, "Max_Distance": 5989.63428, "Hover_Time": 0.0, "Max_Speed": 20.0, "Max_uc_at_MFD": 0.572256505, "Mot_amps_ratio_MFD": 0.840391517, "Mot_amps_ratio_MxSpd": 0.840391517, "Mot_power_ratio_MFD": 0.863983572, "Mot_power_ratio_MxSpd": 0.863983572, "Power_MFD": 2671.44458, "Power_MxSpd": 2671.44458, "Speed_MFD": 20.0}