{"Interferences": 0, "Mass": 4.881797984709907, "Batt_amps_ratio_MFD": 0.251942694, "Batt_amps_ratio_MxSpd": 0.479047269, "Distance_MxSpd": 2965.88672, "Max_Distance": 3353.14331, "Hover_Time": 195.58844, "Max_Speed": 37.0, "Max_uc_at_MFD": 0.591522813, "Mot_amps_ratio_MFD": 0.461547524, "Mot_amps_ratio_MxSpd": 0.898536146, "Mot_power_ratio_MFD": 0.230903774, "Mot_power_ratio_MxSpd": 0.449521184, "Power_MFD": 1134.76501, "Power_MxSpd": 3563.28613, "Speed_MFD": 22.0}