{"Interferences": 1, "Mass": 9.606293427595784, "Batt_amps_ratio_MFD": 0.3561818, "Batt_amps_ratio_MxSpd": 0.383001447, "Distance_MxSpd": 9625.0293, "Max_Distance": 9702.91016, "Hover_Time": 458.62262, "Max_Speed": 32.0, "Max_uc_at_MFD": 0.999869347, "Mot_amps_ratio_MFD": 0.513183892, "Mot_amps_ratio_MxSpd": 0.48923859, "Mot_power_ratio_MFD": 0.316463411, "Mot_power_ratio_MxSpd": 0.301697135, "Power_MFD": 2649.76904, "Power_MxSpd": 2990.29224, "Speed_MFD": 30.0}