{"Interferences": 34, "Mass": 10.017551583718966, "Batt_amps_ratio_MFD": 1.62115908, "Batt_amps_ratio_MxSpd": 1.94745088, "Distance_MxSpd": 473.234009, "Max_Distance": 497.421875, "Hover_Time": 0.0, "Max_Speed": 24.0, "Max_uc_at_MFD": 0.807780445, "Mot_amps_ratio_MFD": 0.896737158, "Mot_amps_ratio_MxSpd": 0.848739147, "Mot_power_ratio_MFD": 0.575562, "Mot_power_ratio_MxSpd": 0.74650836, "Power_MFD": 4046.19214, "Power_MxSpd": 5345.30127, "Speed_MFD": 21.0}