{"Interferences": 6, "Mass": 3.4278027275651914, "Batt_amps_ratio_MFD": 0.883648753, "Batt_amps_ratio_MxSpd": 1.07295883, "Distance_MxSpd": 966.299927, "Max_Distance": 999.492126, "Hover_Time": 58.3974266, "Max_Speed": 27.0, "Max_uc_at_MFD": 0.78485626, "Mot_amps_ratio_MFD": 0.611447811, "Mot_amps_ratio_MxSpd": 0.765904367, "Mot_power_ratio_MFD": 0.3619771, "Mot_power_ratio_MxSpd": 0.453415394, "Power_MFD": 803.469238, "Power_MxSpd": 1162.44238, "Speed_MFD": 23.0}