{"Interferences": 11, "Mass": 2.917316091499257, "Batt_amps_ratio_MFD": 0.926243782, "Batt_amps_ratio_MxSpd": 1.34556854, "Distance_MxSpd": 285.381226, "Max_Distance": 331.66214, "Hover_Time": 0.0, "Max_Speed": 10.0, "Max_uc_at_MFD": 0.588635027, "Mot_amps_ratio_MFD": 0.580099285, "Mot_amps_ratio_MxSpd": 0.939485967, "Mot_power_ratio_MFD": 0.568156064, "Mot_power_ratio_MxSpd": 0.912475705, "Power_MFD": 987.800659, "Power_MxSpd": 1746.81799, "Speed_MFD": 8.0}