{"Interferences": 15, "Mass": 6.317981899846596, "Batt_amps_ratio_MFD": 0.315294981, "Batt_amps_ratio_MxSpd": 0.315294981, "Distance_MxSpd": 730.744263, "Max_Distance": 730.744263, "Hover_Time": 0.0, "Max_Speed": 6.0, "Max_uc_at_MFD": 1.0, "Mot_amps_ratio_MFD": 0.474890649, "Mot_amps_ratio_MxSpd": 0.474890649, "Mot_power_ratio_MFD": 0.135644242, "Mot_power_ratio_MxSpd": 0.135644242, "Power_MFD": 2007.91809, "Power_MxSpd": 2007.91809, "Speed_MFD": 6.0}