{"Interferences": 11, "Mass": 4.764753788340005, "Batt_amps_ratio_MFD": 0.170271724, "Batt_amps_ratio_MxSpd": 0.170271724, "Distance_MxSpd": 1804.17505, "Max_Distance": 1804.17505, "Hover_Time": 228.743729, "Max_Speed": 8.0, "Max_uc_at_MFD": 1.0, "Mot_amps_ratio_MFD": 0.233328938, "Mot_amps_ratio_MxSpd": 0.233328938, "Mot_power_ratio_MFD": 0.087547645, "Mot_power_ratio_MxSpd": 0.087547645, "Power_MFD": 554.575134, "Power_MxSpd": 554.575134, "Speed_MFD": 8.0}