{"Interferences": 11, "Mass": 5.018184630350953, "Batt_amps_ratio_MFD": 0.475754976, "Batt_amps_ratio_MxSpd": 0.475754976, "Distance_MxSpd": 5327.11182, "Max_Distance": 5327.11182, "Hover_Time": 293.964905, "Max_Speed": 22.0, "Max_uc_at_MFD": 0.697721601, "Mot_amps_ratio_MFD": 0.981741488, "Mot_amps_ratio_MxSpd": 0.981741488, "Mot_power_ratio_MFD": 0.635677636, "Mot_power_ratio_MxSpd": 0.635677636, "Power_MFD": 1073.99048, "Power_MxSpd": 1073.99048, "Speed_MFD": 22.0}