{"Interferences": 15, "Mass": 11.153503133525934, "Batt_amps_ratio_MFD": 1.27747464, "Batt_amps_ratio_MxSpd": 1.27747464, "Distance_MxSpd": 601.186096, "Max_Distance": 601.186096, "Hover_Time": 26.5648193, "Max_Speed": 20.0, "Max_uc_at_MFD": 0.998505235, "Mot_amps_ratio_MFD": 0.832428217, "Mot_amps_ratio_MxSpd": 0.832428217, "Mot_power_ratio_MFD": 0.505691171, "Mot_power_ratio_MxSpd": 0.505691171, "Power_MFD": 3726.94165, "Power_MxSpd": 3726.94165, "Speed_MFD": 20.0}