{
  "generator_version":"UAV2_gen12",
  "name":"design_2901_682c691079424afa8469f06d8663b0b1_dw",
  "hub":{
    "node_type":"ConnectedHub4_Sym",
    "mainSegment":{
      "node_type":"SidewaysBendWithTopSegment",
      "angle":38.63190027156347,
      "armLength":57.549323502159055,
      "mainSegment":{
        "node_type":"PropArm",
        "armLength":201.057107825605,
        "motor":{
          "motorType":"t_motor_MN5208KV340"
        },
        "prop":{
          "propType":"apc_propellers_15x4W"
        },
        "flange":{
          "offset":-41.345043011226636,
          "angle":90.0
        }
      },
      "topSegment":{
        "node_type":"AngledWingArm",
        "arm1Length":304.62794814463285,
        "arm2Length":161.09704677190624,
        "wing":{
          "wingType":"Wing_horiz_hole",
          "nacaProfile":"6509",
          "span":1354.31037224252,
          "chordInner":247.19064921515888,
          "chordOuter":53.85990224518588,
          "taperOffset":false,
          "aileronBias":0.26165907335226457,
          "flapBias":0.6408392766213185,
          "load":855.505312818467,
          "tubeOffset":77.90033365785462,
          "tubeRot":270.0
        },
        "servo":{
          "servoType":"Hitec_HS_5070MH"
        }
      }
    }
  },
  "fuselageWithComponents":{
    "node_type":"DualBatteryFuselageWithComponents",
    "battery":{
      "batteryType":"Tattu25C30000mAh6S1P"
    },
    "fuselage":{
      "length":217.0,
      "vertDiameter":180.0,
      "horzDiameter":483.9,
      "floorHeight":30.0,
      "battery1X":0.0,
      "battery1Y":-27.0,
      "battery2X":0.0,
      "battery2Y":40.0,
      "rpmX":0.0,
      "rpmY":-151.3,
      "autoPilotX":0.0,
      "autoPilotY":95.0,
      "currentX":0.0,
      "currentY":-131.15,
      "voltageX":0.0,
      "voltageY":148.8,
      "gpsX":0.0,
      "gpsY":-91.0,
      "varioX":0.0,
      "varioY":127.15
    }
  }
}