{"Interferences": 33, "Mass": 3.9471870688744426, "Batt_amps_ratio_MFD": 0.461215079, "Batt_amps_ratio_MxSpd": 0.530723333, "Distance_MxSpd": 2025.91431, "Max_Distance": 2081.4585, "Hover_Time": 128.25618, "Max_Speed": 28.0, "Max_uc_at_MFD": 0.973904133, "Mot_amps_ratio_MFD": 0.421003371, "Mot_amps_ratio_MxSpd": 0.411861748, "Mot_power_ratio_MFD": 0.210501686, "Mot_power_ratio_MxSpd": 0.205930874, "Power_MFD": 989.397461, "Power_MxSpd": 1185.8457, "Speed_MFD": 25.0}