{"Interferences": 25, "Mass": 6.569289993059586, "Batt_amps_ratio_MFD": 0.393074661, "Batt_amps_ratio_MxSpd": 0.405805051, "Distance_MxSpd": 3028.05493, "Max_Distance": 3028.43237, "Hover_Time": 129.430084, "Max_Speed": 32.0, "Max_uc_at_MFD": 0.577917337, "Mot_amps_ratio_MFD": 0.924713552, "Mot_amps_ratio_MxSpd": 0.966749132, "Mot_power_ratio_MFD": 0.855360031, "Mot_power_ratio_MxSpd": 0.894242942, "Power_MFD": 2089.22412, "Power_MxSpd": 2224.30444, "Speed_MFD": 31.0}