{"Interferences": 67, "Mass": 7.276048815555366, "Batt_amps_ratio_MFD": 1.70455921, "Batt_amps_ratio_MxSpd": 1.70455921, "Distance_MxSpd": 292.861633, "Max_Distance": 292.861633, "Hover_Time": 0.0, "Max_Speed": 13.0, "Max_uc_at_MFD": 0.9990592, "Mot_amps_ratio_MFD": 0.979100347, "Mot_amps_ratio_MxSpd": 0.979100347, "Mot_power_ratio_MFD": 0.573412657, "Mot_power_ratio_MxSpd": 0.573412657, "Power_MFD": 2377.79956, "Power_MxSpd": 2377.79956, "Speed_MFD": 13.0}