{
  "generator_version":"UAV2_gen12",
  "name":"design_47807_edefb5fd68594a979a4cb4154a924150_dw",
  "hub":{
    "node_type":"ConnectedHub3_2_1",
    "angle":180.0,
    "centerSegment":{
      "node_type":"AngledPropArm",
      "armLength":151.29456676134848,
      "motor":{
        "motorType":"t_motor_MN3520KV400"
      },
      "prop":{
        "propType":"apc_propellers_18x8"
      }
    },
    "mainSegment":{
      "node_type":"BranchSegment_Sym",
      "armLength":327.8998760321366,
      "angle":180.0,
      "mainSegment":{
        "node_type":"SidewaysBendSegment",
        "angle":-99.1508694624071,
        "armLength":138.07660623714634,
        "mainSegment":{
          "node_type":"AngledWingArm",
          "arm1Length":461.57217315335816,
          "arm2Length":138.20626847049584,
          "wing":{
            "wingType":"Wing_vert_hole",
            "nacaProfile":"6521",
            "span":771.0962178704128,
            "chordInner":134.09690812388462,
            "chordOuter":174.53499950133323,
            "taperOffset":true,
            "aileronBias":0.578275577631343,
            "flapBias":0.2439815531844121,
            "load":258.10217346801994,
            "tubeOffset":38.61142175020441,
            "tubeRot":263.81346522578656
          },
          "servo":{
            "servoType":"Hitec_HS_625MG"
          }
        }
      }
    }
  },
  "fuselageWithComponents":{
    "node_type":"DualBatteryFuselageWithComponents",
    "battery":{
      "batteryType":"TattuPlus25C22000mAh12S1PAGRI"
    },
    "fuselage":{
      "length":235.0,
      "vertDiameter":258.0,
      "horzDiameter":636.9,
      "floorHeight":43.0,
      "battery1X":0.0,
      "battery1Y":-52.5,
      "battery2X":0.0,
      "battery2Y":65.5,
      "rpmX":0.0,
      "rpmY":-202.3,
      "autoPilotX":0.0,
      "autoPilotY":146.0,
      "currentX":0.0,
      "currentY":-182.15,
      "voltageX":0.0,
      "voltageY":199.8,
      "gpsX":0.0,
      "gpsY":-142.0,
      "varioX":0.0,
      "varioY":178.15
    }
  }
}