{"Interferences": 6, "Mass": 5.871540444356109, "Batt_amps_ratio_MFD": 0.578572094, "Batt_amps_ratio_MxSpd": 0.578572094, "Distance_MxSpd": 3839.99561, "Max_Distance": 3839.99561, "Hover_Time": 116.435921, "Max_Speed": 27.0, "Max_uc_at_MFD": 0.98540014, "Mot_amps_ratio_MFD": 0.941939235, "Mot_amps_ratio_MxSpd": 0.941939235, "Mot_power_ratio_MFD": 0.706454456, "Mot_power_ratio_MxSpd": 0.706454456, "Power_MFD": 2187.52344, "Power_MxSpd": 2187.52344, "Speed_MFD": 27.0}