{"Interferences": 8, "Mass": 5.415623035736783, "Batt_amps_ratio_MFD": 0.397109568, "Batt_amps_ratio_MxSpd": 0.685596108, "Distance_MxSpd": 5600.96533, "Max_Distance": 7010.65918, "Hover_Time": 398.747559, "Max_Speed": 40.0, "Max_uc_at_MFD": 0.850029707, "Mot_amps_ratio_MFD": 0.70299679, "Mot_amps_ratio_MxSpd": 0.710301042, "Mot_power_ratio_MFD": 0.703712583, "Mot_power_ratio_MxSpd": 0.711024225, "Power_MFD": 1978.06921, "Power_MxSpd": 4061.15625, "Speed_MFD": 29.0}