{"Interferences": 16, "Mass": 6.695147800644855, "Batt_amps_ratio_MFD": 0.445937365, "Batt_amps_ratio_MxSpd": 0.84289211, "Distance_MxSpd": 5125.21143, "Max_Distance": 6458.30615, "Hover_Time": 285.138031, "Max_Speed": 45.0, "Max_uc_at_MFD": 0.781838238, "Mot_amps_ratio_MFD": 0.908505738, "Mot_amps_ratio_MxSpd": 0.981447279, "Mot_power_ratio_MFD": 0.910442352, "Mot_power_ratio_MxSpd": 0.983539402, "Power_MFD": 2364.39673, "Power_MxSpd": 5991.86572, "Speed_MFD": 30.0}