{"Interferences": 22, "Mass": 5.50885538981619, "Batt_amps_ratio_MFD": 0.932907104, "Batt_amps_ratio_MxSpd": 0.932907104, "Distance_MxSpd": 205.808273, "Max_Distance": 205.808273, "Hover_Time": 0.0, "Max_Speed": 5.0, "Max_uc_at_MFD": 0.700166821, "Mot_amps_ratio_MFD": 0.989557028, "Mot_amps_ratio_MxSpd": 0.989557028, "Mot_power_ratio_MFD": 0.961319029, "Mot_power_ratio_MxSpd": 0.961319029, "Power_MFD": 2375.90332, "Power_MxSpd": 2375.90332, "Speed_MFD": 5.0}