{"Interferences": 67, "Mass": 4.171288755882218, "Batt_amps_ratio_MFD": 1.61824107, "Batt_amps_ratio_MxSpd": 1.84606004, "Distance_MxSpd": 520.026428, "Max_Distance": 522.04834, "Hover_Time": 18.6393147, "Max_Speed": 25.0, "Max_uc_at_MFD": 0.451520324, "Mot_amps_ratio_MFD": 0.716809034, "Mot_amps_ratio_MxSpd": 0.800741494, "Mot_power_ratio_MFD": 0.702051222, "Mot_power_ratio_MxSpd": 0.784255624, "Power_MFD": 1031.70422, "Power_MxSpd": 1350.06055, "Speed_MFD": 22.0}