{"Interferences": 0, "Mass": 3.593368229841049, "Batt_amps_ratio_MFD": 0.116237983, "Batt_amps_ratio_MxSpd": 0.116237983, "Distance_MxSpd": 991.07019, "Max_Distance": 991.07019, "Hover_Time": 329.149994, "Max_Speed": 3.0, "Max_uc_at_MFD": 0.999935448, "Mot_amps_ratio_MFD": 0.397816092, "Mot_amps_ratio_MxSpd": 0.397816092, "Mot_power_ratio_MFD": 0.147191957, "Mot_power_ratio_MxSpd": 0.147191957, "Power_MFD": 458.199677, "Power_MxSpd": 458.199677, "Speed_MFD": 3.0}