{"Interferences": 20, "Mass": 5.807829141759782, "Batt_amps_ratio_MFD": 0.587897956, "Batt_amps_ratio_MxSpd": 0.587897956, "Distance_MxSpd": 5682.61865, "Max_Distance": 5682.61865, "Hover_Time": 320.781891, "Max_Speed": 29.0, "Max_uc_at_MFD": 0.765196383, "Mot_amps_ratio_MFD": 0.952304184, "Mot_amps_ratio_MxSpd": 0.952304184, "Mot_power_ratio_MFD": 0.845646083, "Mot_power_ratio_MxSpd": 0.845646083, "Power_MFD": 1819.8822, "Power_MxSpd": 1819.8822, "Speed_MFD": 29.0}