{"Interferences": 6, "Mass": 4.67603608513427, "Batt_amps_ratio_MFD": 0.281491607, "Batt_amps_ratio_MxSpd": 0.281491607, "Distance_MxSpd": 3001.15527, "Max_Distance": 3001.15527, "Hover_Time": 188.255966, "Max_Speed": 22.0, "Max_uc_at_MFD": 0.997019291, "Mot_amps_ratio_MFD": 0.409766674, "Mot_amps_ratio_MxSpd": 0.409766674, "Mot_power_ratio_MFD": 0.153749079, "Mot_power_ratio_MxSpd": 0.153749079, "Power_MFD": 891.535706, "Power_MxSpd": 891.535706, "Speed_MFD": 22.0}