{"Interferences": 1, "Mass": 4.402056084791341, "Batt_amps_ratio_MFD": 0.367818385, "Batt_amps_ratio_MxSpd": 0.367818385, "Distance_MxSpd": 1983.58765, "Max_Distance": 1983.58765, "Hover_Time": 128.567368, "Max_Speed": 19.0, "Max_uc_at_MFD": 0.998304546, "Mot_amps_ratio_MFD": 0.715283573, "Mot_amps_ratio_MxSpd": 0.715283573, "Mot_power_ratio_MFD": 0.441091537, "Mot_power_ratio_MxSpd": 0.441091537, "Power_MFD": 839.482239, "Power_MxSpd": 839.482239, "Speed_MFD": 19.0}