{"Interferences": 30, "Mass": 9.275798413934154, "Batt_amps_ratio_MFD": 1.01984084, "Batt_amps_ratio_MxSpd": 1.01984084, "Distance_MxSpd": 20332.5859, "Max_Distance": 20332.5859, "Hover_Time": 816.550354, "Max_Speed": 36.0, "Max_uc_at_MFD": 0.999161422, "Mot_amps_ratio_MFD": 0.954709888, "Mot_amps_ratio_MxSpd": 0.954709888, "Mot_power_ratio_MFD": 0.706485331, "Mot_power_ratio_MxSpd": 0.706485331, "Power_MFD": 2925.79834, "Power_MxSpd": 2925.79834, "Speed_MFD": 36.0}