{"Interferences": 6, "Mass": 5.953514322194357, "Batt_amps_ratio_MFD": 0.249469802, "Batt_amps_ratio_MxSpd": 0.283446729, "Distance_MxSpd": 1490.22705, "Max_Distance": 1539.26453, "Hover_Time": 0.0, "Max_Speed": 11.0, "Max_uc_at_MFD": 0.813698292, "Mot_amps_ratio_MFD": 0.422518939, "Mot_amps_ratio_MxSpd": 0.472544104, "Mot_power_ratio_MFD": 0.18102777, "Mot_power_ratio_MxSpd": 0.202461004, "Power_MFD": 1974.5979, "Power_MxSpd": 2389.62842, "Speed_MFD": 10.0}