{"Interferences": 51, "Mass": 5.656401462615727, "Batt_amps_ratio_MFD": 0.362060905, "Batt_amps_ratio_MxSpd": 0.377497613, "Distance_MxSpd": 7629.1875, "Max_Distance": 7636.28467, "Hover_Time": 395.438171, "Max_Speed": 25.0, "Max_uc_at_MFD": 0.982166827, "Mot_amps_ratio_MFD": 0.595877826, "Mot_amps_ratio_MxSpd": 0.609047592, "Mot_power_ratio_MFD": 0.298948884, "Mot_power_ratio_MxSpd": 0.305556089, "Power_MFD": 1186.10693, "Power_MxSpd": 1268.29309, "Speed_MFD": 24.0}