{"Interferences": 7, "Mass": 7.883611898585508, "Batt_amps_ratio_MFD": 1.06318498, "Batt_amps_ratio_MxSpd": 1.06318498, "Distance_MxSpd": 361.178925, "Max_Distance": 361.178925, "Hover_Time": 0.0, "Max_Speed": 10.0, "Max_uc_at_MFD": 0.999999762, "Mot_amps_ratio_MFD": 0.604728937, "Mot_amps_ratio_MxSpd": 0.604728937, "Mot_power_ratio_MFD": 0.302672327, "Mot_power_ratio_MxSpd": 0.302672327, "Power_MFD": 2443.88599, "Power_MxSpd": 2443.88599, "Speed_MFD": 10.0}