{"Interferences": 0, "Mass": 7.229003717507751, "Batt_amps_ratio_MFD": 0.933503926, "Batt_amps_ratio_MxSpd": 0.933503926, "Distance_MxSpd": 2591.52637, "Max_Distance": 2591.52637, "Hover_Time": 0.0, "Max_Speed": 21.0, "Max_uc_at_MFD": 0.506220996, "Mot_amps_ratio_MFD": 0.579422176, "Mot_amps_ratio_MxSpd": 0.579422176, "Mot_power_ratio_MFD": 0.289680004, "Mot_power_ratio_MxSpd": 0.289680004, "Power_MFD": 1871.79297, "Power_MxSpd": 1871.79297, "Speed_MFD": 21.0}