{"Interferences": 8, "Mass": 4.664404127638861, "Batt_amps_ratio_MFD": 0.76263231, "Batt_amps_ratio_MxSpd": 0.76263231, "Distance_MxSpd": 3236.90894, "Max_Distance": 3236.90894, "Hover_Time": 0.0, "Max_Speed": 30.0, "Max_uc_at_MFD": 0.529917955, "Mot_amps_ratio_MFD": 0.833187222, "Mot_amps_ratio_MxSpd": 0.833187222, "Mot_power_ratio_MFD": 0.78611213, "Mot_power_ratio_MxSpd": 0.78611213, "Power_MFD": 1721.15173, "Power_MxSpd": 1721.15173, "Speed_MFD": 30.0}