{"Interferences": 5, "Mass": 3.2752516863040038, "Batt_amps_ratio_MFD": 0.169159442, "Batt_amps_ratio_MxSpd": 0.186646163, "Distance_MxSpd": 3497.5271, "Max_Distance": 3632.07617, "Hover_Time": 264.122528, "Max_Speed": 17.0, "Max_uc_at_MFD": 0.879699409, "Mot_amps_ratio_MFD": 0.480031312, "Mot_amps_ratio_MxSpd": 0.640621901, "Mot_power_ratio_MFD": 0.236815438, "Mot_power_ratio_MxSpd": 0.316040128, "Power_MFD": 544.463501, "Power_MxSpd": 666.304871, "Speed_MFD": 16.0}