{
  "generator_version":"UAV2_gen12",
  "name":"design_8669_d29035ad268a42afab911a2e3bc5802f_dw",
  "hub":{
    "node_type":"ConnectedHub6_Sym",
    "mainSegment":{
      "node_type":"BendSegment",
      "angle":-90.0,
      "armLength":481.564828943799,
      "mainSegment":{
        "node_type":"BranchSegment_Asym",
        "armLength":206.3398739334999,
        "angle":120.0,
        "frontSegment":{
          "node_type":"WingArm",
          "armLength":366.67930421499585,
          "wing":{
            "wingType":"Wing_horiz_hole",
            "nacaProfile":"6312",
            "span":1914.3810915579936,
            "chordInner":470.2885379324344,
            "chordOuter":60.01281214762353,
            "taperOffset":true,
            "aileronBias":0.12009026936081918,
            "flapBias":0.735218783175983,
            "load":372.3134772773028,
            "tubeOffset":78.18575695743934,
            "tubeRot":222.97346852968363
          },
          "servo":{
            "servoType":"Hitec_HS_7245MH"
          }
        },
        "rearSegment":{
          "node_type":"PropArm",
          "armLength":271.14459104233356,
          "motor":{
            "motorType":"t_motor_U7_V2.0KV420"
          },
          "prop":{
            "propType":"apc_propellers_16x8E"
          },
          "flange":{
            "offset":-34.23730755718043,
            "angle":292.6403971085887
          }
        }
      }
    }
  },
  "fuselageWithComponents":{
    "node_type":"DualBatteryFuselageWithComponents",
    "battery":{
      "batteryType":"Tattu30C12000mAh6S1P"
    },
    "fuselage":{
      "length":190.0,
      "vertDiameter":106.5,
      "horzDiameter":450.9,
      "floorHeight":17.75,
      "battery1X":0.0,
      "battery1Y":-21.5,
      "battery2X":0.0,
      "battery2Y":34.5,
      "rpmX":0.0,
      "rpmY":-140.3,
      "autoPilotX":0.0,
      "autoPilotY":84.0,
      "currentX":0.0,
      "currentY":-120.15,
      "voltageX":0.0,
      "voltageY":137.8,
      "gpsX":0.0,
      "gpsY":-80.0,
      "varioX":0.0,
      "varioY":116.15
    }
  }
}