{"Interferences": 6, "Mass": 6.738627330100459, "Batt_amps_ratio_MFD": 0.60695684, "Batt_amps_ratio_MxSpd": 0.60695684, "Distance_MxSpd": 379.598633, "Max_Distance": 379.598633, "Hover_Time": 0.0, "Max_Speed": 2.0, "Max_uc_at_MFD": 0.997970521, "Mot_amps_ratio_MFD": 0.895246863, "Mot_amps_ratio_MxSpd": 0.895246863, "Mot_power_ratio_MFD": 0.921402693, "Mot_power_ratio_MxSpd": 0.921402693, "Power_MFD": 2623.53955, "Power_MxSpd": 2623.53955, "Speed_MFD": 2.0}