{"Interferences": 3, "Mass": 4.792747608933724, "Batt_amps_ratio_MFD": 1.26024389, "Batt_amps_ratio_MxSpd": 1.63881528, "Distance_MxSpd": 702.946838, "Max_Distance": 731.286987, "Hover_Time": 39.4013939, "Max_Speed": 30.0, "Max_uc_at_MFD": 0.714160323, "Mot_amps_ratio_MFD": 0.68349576, "Mot_amps_ratio_MxSpd": 0.922664165, "Mot_power_ratio_MFD": 0.449588299, "Mot_power_ratio_MxSpd": 0.606907964, "Power_MFD": 1505.70886, "Power_MxSpd": 2432.08691, "Speed_MFD": 24.0}