{"Interferences": 12, "Mass": 6.385867854120511, "Batt_amps_ratio_MFD": 0.403036386, "Batt_amps_ratio_MxSpd": 0.403036386, "Distance_MxSpd": 7717.41748, "Max_Distance": 7717.41748, "Hover_Time": 407.213287, "Max_Speed": 27.0, "Max_uc_at_MFD": 0.795625806, "Mot_amps_ratio_MFD": 0.909030437, "Mot_amps_ratio_MxSpd": 0.909030437, "Mot_power_ratio_MFD": 0.690863132, "Mot_power_ratio_MxSpd": 0.690863132, "Power_MFD": 1677.30664, "Power_MxSpd": 1677.30664, "Speed_MFD": 27.0}