{"Interferences": 14, "Mass": 4.57202392760394, "Batt_amps_ratio_MFD": 0.279779136, "Batt_amps_ratio_MxSpd": 0.279779136, "Distance_MxSpd": 3019.52466, "Max_Distance": 3019.52466, "Hover_Time": 0.0, "Max_Speed": 22.0, "Max_uc_at_MFD": 0.983855009, "Mot_amps_ratio_MFD": 0.527246475, "Mot_amps_ratio_MxSpd": 0.527246475, "Mot_power_ratio_MFD": 0.35224694, "Mot_power_ratio_MxSpd": 0.35224694, "Power_MFD": 1094.68286, "Power_MxSpd": 1094.68286, "Speed_MFD": 22.0}