{"Interferences": 27, "Mass": 7.959244685303632, "Batt_amps_ratio_MFD": 0.76207602, "Batt_amps_ratio_MxSpd": 0.76207602, "Distance_MxSpd": 453.498047, "Max_Distance": 453.498047, "Hover_Time": 0.0, "Max_Speed": 9.0, "Max_uc_at_MFD": 0.98477006, "Mot_amps_ratio_MFD": 0.857551932, "Mot_amps_ratio_MxSpd": 0.857551932, "Mot_power_ratio_MFD": 0.846117914, "Mot_power_ratio_MxSpd": 0.846117914, "Power_MFD": 3400.42822, "Power_MxSpd": 3400.42822, "Speed_MFD": 9.0}