{"Interferences": 19, "Mass": 3.5944271421164484, "Batt_amps_ratio_MFD": 0.655860543, "Batt_amps_ratio_MxSpd": 0.830524623, "Distance_MxSpd": 1202.13171, "Max_Distance": 1229.52966, "Hover_Time": 82.8041153, "Max_Speed": 26.0, "Max_uc_at_MFD": 0.998563588, "Mot_amps_ratio_MFD": 0.551233649, "Mot_amps_ratio_MxSpd": 0.755623341, "Mot_power_ratio_MFD": 0.275813013, "Mot_power_ratio_MxSpd": 0.378080577, "Power_MFD": 723.426392, "Power_MxSpd": 1118.44861, "Speed_MFD": 21.0}