{"Interferences": 32, "Mass": 4.437156052103069, "Batt_amps_ratio_MFD": 0.298391938, "Batt_amps_ratio_MxSpd": 0.334273934, "Distance_MxSpd": 1838.01355, "Max_Distance": 1930.34705, "Hover_Time": 141.21286, "Max_Speed": 16.0, "Max_uc_at_MFD": 0.999983907, "Mot_amps_ratio_MFD": 0.714977443, "Mot_amps_ratio_MxSpd": 0.712186694, "Mot_power_ratio_MFD": 0.352722198, "Mot_power_ratio_MxSpd": 0.35134542, "Power_MFD": 762.287659, "Power_MxSpd": 875.586975, "Speed_MFD": 15.0}