{"Interferences": 18, "Mass": 6.971541642915535, "Batt_amps_ratio_MFD": 0.658665061, "Batt_amps_ratio_MxSpd": 0.91063112, "Distance_MxSpd": 1644.57373, "Max_Distance": 1807.29187, "Hover_Time": 79.7302017, "Max_Speed": 39.0, "Max_uc_at_MFD": 0.976803422, "Mot_amps_ratio_MFD": 0.640428901, "Mot_amps_ratio_MxSpd": 0.570160627, "Mot_power_ratio_MFD": 0.213453397, "Mot_power_ratio_MxSpd": 0.190033168, "Power_MFD": 2514.1145, "Power_MxSpd": 3674.39648, "Speed_MFD": 31.0}