{"Interferences": 12, "Mass": 7.009608864163214, "Batt_amps_ratio_MFD": 0.896139145, "Batt_amps_ratio_MxSpd": 1.29660761, "Distance_MxSpd": 3642.73657, "Max_Distance": 4113.64697, "Hover_Time": 198.12738, "Max_Speed": 41.0, "Max_uc_at_MFD": 0.972417653, "Mot_amps_ratio_MFD": 0.617075026, "Mot_amps_ratio_MxSpd": 0.522080779, "Mot_power_ratio_MFD": 0.205669612, "Mot_power_ratio_MxSpd": 0.174008265, "Power_MFD": 2744.90088, "Power_MxSpd": 4463.14307, "Speed_MFD": 32.0}