{"Interferences": 19, "Mass": 10.429318562159384, "Batt_amps_ratio_MFD": 1.57909262, "Batt_amps_ratio_MxSpd": 1.57909262, "Distance_MxSpd": 875.439453, "Max_Distance": 875.439453, "Hover_Time": 0.0, "Max_Speed": 12.0, "Max_uc_at_MFD": 0.991958797, "Mot_amps_ratio_MFD": 0.833355606, "Mot_amps_ratio_MxSpd": 0.833355606, "Mot_power_ratio_MFD": 0.570510924, "Mot_power_ratio_MxSpd": 0.570510924, "Power_MFD": 4359.52051, "Power_MxSpd": 4359.52051, "Speed_MFD": 12.0}