{
  "generator_version":"UAV2_gen12",
  "name":"design_475_2151dbfde09545df876b069e161e3a86_dw_dl",
  "hub":{
    "node_type":"ConnectedHub2_Sym_Wide",
    "mainSegment":{
      "node_type":"SidewaysBendWithTopSegment",
      "angle":-82.42949258452879,
      "armLength":337.846197400669,
      "mainSegment":{
        "node_type":"PropArm",
        "armLength":113.06026799798505,
        "motor":{
          "motorType":"kde_direct_KDE3520XF_400"
        },
        "prop":{
          "propType":"apc_propellers_17x8"
        },
        "flange":{
          "offset":13.796579894055448,
          "angle":0.0
        }
      },
      "topSegment":{
        "node_type":"DoubleBendSegment",
        "angle":-90.0,
        "arm1Length":172.57547417912642,
        "arm2Length":186.6555625878286,
        "mainSegment":{
          "node_type":"AngledWingArm",
          "arm1Length":454.2152834591365,
          "arm2Length":157.61205425075832,
          "wing":{
            "wingType":"Wing_vert_hole",
            "nacaProfile":"4312",
            "span":890.9588089661898,
            "chordInner":260.46389744107427,
            "chordOuter":63.12087444612591,
            "taperOffset":true,
            "aileronBias":0.9762084786884339,
            "flapBias":0.9990068119358816,
            "load":697.8301990767047,
            "tubeOffset":89.1650360528118,
            "tubeRot":270.0
          },
          "servo":{
            "servoType":"Hitec_HS_7235MH"
          }
        }
      }
    }
  },
  "fuselageWithComponents":{
    "node_type":"DualBatteryFuselageWithComponents",
    "battery":{
      "batteryType":"Tattu30C10000mAh6S1P"
    },
    "fuselage":{
      "length":351.0,
      "vertDiameter":97.5,
      "horzDiameter":372.9,
      "floorHeight":16.25,
      "battery1X":-87.75,
      "battery1Y":6.0,
      "battery2X":88.75,
      "battery2Y":6.0,
      "rpmX":0.0,
      "rpmY":-114.3,
      "autoPilotX":0.0,
      "autoPilotY":58.0,
      "currentX":0.0,
      "currentY":-94.15,
      "voltageX":0.0,
      "voltageY":111.8,
      "gpsX":0.0,
      "gpsY":-54.0,
      "varioX":0.0,
      "varioY":90.15
    }
  }
}