{"Interferences": 19, "Mass": 3.9960639373321305, "Batt_amps_ratio_MFD": 0.687611639, "Batt_amps_ratio_MxSpd": 0.895237863, "Distance_MxSpd": 557.617126, "Max_Distance": 614.300232, "Hover_Time": 0.0, "Max_Speed": 13.0, "Max_uc_at_MFD": 0.92825377, "Mot_amps_ratio_MFD": 0.433918506, "Mot_amps_ratio_MxSpd": 0.512167215, "Mot_power_ratio_MFD": 0.230431616, "Mot_power_ratio_MxSpd": 0.170818597, "Power_MFD": 477.695465, "Power_MxSpd": 643.290039, "Speed_MFD": 11.0}