{"Interferences": 40, "Mass": 7.35778328684624, "Batt_amps_ratio_MFD": 0.892118037, "Batt_amps_ratio_MxSpd": 0.892118037, "Distance_MxSpd": 1936.96338, "Max_Distance": 1936.96338, "Hover_Time": 0.0, "Max_Speed": 15.0, "Max_uc_at_MFD": 0.855342805, "Mot_amps_ratio_MFD": 0.924476802, "Mot_amps_ratio_MxSpd": 0.924476802, "Mot_power_ratio_MFD": 0.989111722, "Mot_power_ratio_MxSpd": 0.989111722, "Power_MFD": 2432.18774, "Power_MxSpd": 2432.18774, "Speed_MFD": 15.0}