{"Interferences": 12, "Mass": 5.846479463859159, "Batt_amps_ratio_MFD": 0.658760488, "Batt_amps_ratio_MxSpd": 1.51085484, "Distance_MxSpd": 1194.55554, "Max_Distance": 1515.57361, "Hover_Time": 75.3287582, "Max_Speed": 47.0, "Max_uc_at_MFD": 0.601921916, "Mot_amps_ratio_MFD": 0.707527757, "Mot_amps_ratio_MxSpd": 0.8754493, "Mot_power_ratio_MFD": 0.667552412, "Mot_power_ratio_MxSpd": 0.825986445, "Power_MFD": 1739.12378, "Power_MxSpd": 5872.52344, "Speed_MFD": 26.0}