{"Interferences": 22, "Mass": 7.496236466153777, "Batt_amps_ratio_MFD": 0.996689737, "Batt_amps_ratio_MxSpd": 1.02778709, "Distance_MxSpd": 4147.16211, "Max_Distance": 4160.97412, "Hover_Time": 153.545776, "Max_Speed": 37.0, "Max_uc_at_MFD": 0.999991357, "Mot_amps_ratio_MFD": 0.633654773, "Mot_amps_ratio_MxSpd": 0.619942725, "Mot_power_ratio_MFD": 0.329698503, "Mot_power_ratio_MxSpd": 0.322563946, "Power_MFD": 3906.34717, "Power_MxSpd": 4099.56494, "Speed_MFD": 36.0}