{"Interferences": 42, "Mass": 3.8368370066782953, "Batt_amps_ratio_MFD": 0.483702391, "Batt_amps_ratio_MxSpd": 0.483702391, "Distance_MxSpd": 6192.2373, "Max_Distance": 6192.2373, "Hover_Time": 0.0, "Max_Speed": 26.0, "Max_uc_at_MFD": 0.664610267, "Mot_amps_ratio_MFD": 0.643427789, "Mot_amps_ratio_MxSpd": 0.643427789, "Mot_power_ratio_MFD": 0.595170677, "Mot_power_ratio_MxSpd": 0.595170677, "Power_MFD": 1088.77087, "Power_MxSpd": 1088.77087, "Speed_MFD": 26.0}