{"Interferences": 14, "Mass": 5.49841365054945, "Batt_amps_ratio_MFD": 0.268677741, "Batt_amps_ratio_MxSpd": 0.316126317, "Distance_MxSpd": 4008.52417, "Max_Distance": 4144.74268, "Hover_Time": 198.884857, "Max_Speed": 33.0, "Max_uc_at_MFD": 0.874717355, "Mot_amps_ratio_MFD": 0.635519564, "Mot_amps_ratio_MxSpd": 0.72439754, "Mot_power_ratio_MFD": 0.470284492, "Mot_power_ratio_MxSpd": 0.536054194, "Power_MFD": 1737.04102, "Power_MxSpd": 2330.76294, "Speed_MFD": 29.0}