{"Interferences": 17, "Mass": 3.474086037801924, "Batt_amps_ratio_MFD": 1.8305738, "Batt_amps_ratio_MxSpd": 1.8305738, "Distance_MxSpd": 104.885147, "Max_Distance": 104.885147, "Hover_Time": 0.0, "Max_Speed": 5.0, "Max_uc_at_MFD": 0.996007085, "Mot_amps_ratio_MFD": 0.937063217, "Mot_amps_ratio_MxSpd": 0.937063217, "Mot_power_ratio_MFD": 0.626040518, "Mot_power_ratio_MxSpd": 0.626040518, "Power_MFD": 2203.99731, "Power_MxSpd": 2203.99731, "Speed_MFD": 5.0}