{"Interferences": 2, "Mass": 4.177070011731821, "Batt_amps_ratio_MFD": 0.782313287, "Batt_amps_ratio_MxSpd": 0.782313287, "Distance_MxSpd": 932.618713, "Max_Distance": 932.618713, "Hover_Time": 46.4924622, "Max_Speed": 19.0, "Max_uc_at_MFD": 0.999730051, "Mot_amps_ratio_MFD": 0.559177279, "Mot_amps_ratio_MxSpd": 0.559177279, "Mot_power_ratio_MFD": 0.275860786, "Mot_power_ratio_MxSpd": 0.275860786, "Power_MFD": 918.398987, "Power_MxSpd": 918.398987, "Speed_MFD": 19.0}