{"Interferences": 12, "Mass": 2.756812401209702, "Batt_amps_ratio_MFD": 0.91321069, "Batt_amps_ratio_MxSpd": 1.058002, "Distance_MxSpd": 871.075806, "Max_Distance": 883.038269, "Hover_Time": 62.3874245, "Max_Speed": 24.0, "Max_uc_at_MFD": 0.533088267, "Mot_amps_ratio_MFD": 0.923577726, "Mot_amps_ratio_MxSpd": 0.961956799, "Mot_power_ratio_MFD": 0.820137024, "Mot_power_ratio_MxSpd": 0.854217649, "Power_MFD": 672.233521, "Power_MxSpd": 867.752502, "Speed_MFD": 21.0}