{"Interferences": 22, "Mass": 5.474573746610485, "Batt_amps_ratio_MFD": 3.83932686, "Batt_amps_ratio_MxSpd": 3.83932686, "Distance_MxSpd": 40.0070152, "Max_Distance": 40.0070152, "Hover_Time": 0.0, "Max_Speed": 4.0, "Max_uc_at_MFD": 0.54895556, "Mot_amps_ratio_MFD": 0.997825384, "Mot_amps_ratio_MxSpd": 0.997825384, "Mot_power_ratio_MFD": 0.738390803, "Mot_power_ratio_MxSpd": 0.738390803, "Power_MFD": 3858.61548, "Power_MxSpd": 3858.61548, "Speed_MFD": 4.0}