{"Interferences": 38, "Mass": 6.232765274313898, "Batt_amps_ratio_MFD": 1.7174679, "Batt_amps_ratio_MxSpd": 2.10426903, "Distance_MxSpd": 510.961304, "Max_Distance": 558.962402, "Hover_Time": 26.1629581, "Max_Speed": 28.0, "Max_uc_at_MFD": 0.925710559, "Mot_amps_ratio_MFD": 0.544896901, "Mot_amps_ratio_MxSpd": 0.59935236, "Mot_power_ratio_MFD": 0.336019754, "Mot_power_ratio_MxSpd": 0.369600624, "Power_MFD": 1862.22791, "Power_MxSpd": 2775.78857, "Speed_MFD": 25.0}