{"Interferences": 5, "Mass": 5.475892839548008, "Batt_amps_ratio_MFD": 0.685770452, "Batt_amps_ratio_MxSpd": 0.685770452, "Distance_MxSpd": 6999.42627, "Max_Distance": 6999.42627, "Hover_Time": 312.657288, "Max_Speed": 25.0, "Max_uc_at_MFD": 0.904504597, "Mot_amps_ratio_MFD": 0.954690397, "Mot_amps_ratio_MxSpd": 0.954690397, "Mot_power_ratio_MFD": 0.6233567, "Mot_power_ratio_MxSpd": 0.6233567, "Power_MFD": 1646.90771, "Power_MxSpd": 1646.90771, "Speed_MFD": 25.0}