{"Interferences": 9, "Mass": 7.963547170960539, "Batt_amps_ratio_MFD": 1.03007734, "Batt_amps_ratio_MxSpd": 1.03007734, "Distance_MxSpd": 1358.01184, "Max_Distance": 1358.01184, "Hover_Time": 83.0963974, "Max_Speed": 17.0, "Max_uc_at_MFD": 0.947142959, "Mot_amps_ratio_MFD": 0.792340517, "Mot_amps_ratio_MxSpd": 0.792340517, "Mot_power_ratio_MFD": 0.769560754, "Mot_power_ratio_MxSpd": 0.769560754, "Power_MFD": 2824.88647, "Power_MxSpd": 2824.88647, "Speed_MFD": 17.0}