{
  "generator_version":"UAV2_gen12",
  "name":"design_7422_acf15b17d9834c1bb02f77bf12bbf0e2_dw_dl",
  "hub":{
    "node_type":"ConnectedHub3_2_1",
    "angle":177.42522199034926,
    "centerSegment":{
      "node_type":"BendSegment",
      "angle":-90.0,
      "armLength":257.6527751793409,
      "mainSegment":{
        "node_type":"PropArm",
        "armLength":127.59367756876303,
        "motor":{
          "motorType":"kde_direct_KDE700XF_455_G3"
        },
        "prop":{
          "propType":"apc_propellers_15x8"
        },
        "flange":{
          "offset":36.10136616137507,
          "angle":0.0
        }
      }
    },
    "mainSegment":{
      "node_type":"AngledWingArm",
      "arm1Length":145.57524952048016,
      "arm2Length":142.33722331505885,
      "wing":{
        "wingType":"Wing_vert_hole",
        "nacaProfile":"2518",
        "span":1187.0970746409896,
        "chordInner":358.85680725089605,
        "chordOuter":57.825895697777604,
        "taperOffset":true,
        "aileronBias":0.30039542262368746,
        "flapBias":0.11378730787881025,
        "load":349.385034206291,
        "tubeOffset":11.721000655785554,
        "tubeRot":309.2302880253057
      },
      "servo":{
        "servoType":"Hitec_HS_85BB"
      }
    }
  },
  "fuselageWithComponents":{
    "node_type":"DualBatteryFuselageWithComponents",
    "battery":{
      "batteryType":"TattuPlus25C22000mAh12S1PAGRI"
    },
    "fuselage":{
      "length":471.0,
      "vertDiameter":258.0,
      "horzDiameter":459.9,
      "floorHeight":43.0,
      "battery1X":-117.75,
      "battery1Y":6.0,
      "battery2X":118.75,
      "battery2Y":6.0,
      "rpmX":0.0,
      "rpmY":-143.3,
      "autoPilotX":0.0,
      "autoPilotY":87.0,
      "currentX":0.0,
      "currentY":-123.15,
      "voltageX":0.0,
      "voltageY":140.8,
      "gpsX":0.0,
      "gpsY":-83.0,
      "varioX":0.0,
      "varioY":119.15
    }
  }
}