{"Interferences": 1, "Mass": 5.94846737160181, "Batt_amps_ratio_MFD": 0.212843671, "Batt_amps_ratio_MxSpd": 0.212843671, "Distance_MxSpd": 2886.62573, "Max_Distance": 2886.62573, "Hover_Time": 200.792282, "Max_Speed": 16.0, "Max_uc_at_MFD": 0.791466832, "Mot_amps_ratio_MFD": 0.897224367, "Mot_amps_ratio_MxSpd": 0.897224367, "Mot_power_ratio_MFD": 0.442630708, "Mot_power_ratio_MxSpd": 0.442630708, "Power_MFD": 947.857361, "Power_MxSpd": 947.857361, "Speed_MFD": 16.0}