{"Interferences": 10, "Mass": 4.789834380394798, "Batt_amps_ratio_MFD": 2.07552052, "Batt_amps_ratio_MxSpd": 2.17641187, "Distance_MxSpd": 405.805542, "Max_Distance": 407.030426, "Hover_Time": 23.2105083, "Max_Speed": 23.0, "Max_uc_at_MFD": 0.861823976, "Mot_amps_ratio_MFD": 0.945561171, "Mot_amps_ratio_MxSpd": 0.983259737, "Mot_power_ratio_MFD": 0.474383235, "Mot_power_ratio_MxSpd": 0.493296415, "Power_MFD": 2208.02319, "Power_MxSpd": 2412.41187, "Speed_MFD": 22.0}