{"Interferences": 16, "Mass": 8.912410104622367, "Batt_amps_ratio_MFD": 1.62840581, "Batt_amps_ratio_MxSpd": 1.62840581, "Distance_MxSpd": 2051.5769, "Max_Distance": 2051.5769, "Hover_Time": 0.0, "Max_Speed": 29.0, "Max_uc_at_MFD": 0.714145601, "Mot_amps_ratio_MFD": 0.959756494, "Mot_amps_ratio_MxSpd": 0.959756494, "Mot_power_ratio_MFD": 0.739428043, "Mot_power_ratio_MxSpd": 0.739428043, "Power_MFD": 6666.24268, "Power_MxSpd": 6666.24268, "Speed_MFD": 29.0}