{"Interferences": 16, "Mass": 11.17312455404724, "Batt_amps_ratio_MFD": 0.984147429, "Batt_amps_ratio_MxSpd": 0.984147429, "Distance_MxSpd": 78.0370865, "Max_Distance": 78.0370865, "Hover_Time": 0.0, "Max_Speed": 2.0, "Max_uc_at_MFD": 0.908757031, "Mot_amps_ratio_MFD": 0.619334757, "Mot_amps_ratio_MxSpd": 0.619334757, "Mot_power_ratio_MFD": 0.305538476, "Mot_power_ratio_MxSpd": 0.305538476, "Power_MFD": 3617.21533, "Power_MxSpd": 3617.21533, "Speed_MFD": 2.0}