{"Interferences": 13, "Mass": 6.13255155311869, "Batt_amps_ratio_MFD": 0.37407589, "Batt_amps_ratio_MxSpd": 0.5825423, "Distance_MxSpd": 2570.80054, "Max_Distance": 2874.28296, "Hover_Time": 150.820618, "Max_Speed": 39.0, "Max_uc_at_MFD": 0.858186543, "Mot_amps_ratio_MFD": 0.52491039, "Mot_amps_ratio_MxSpd": 0.983314633, "Mot_power_ratio_MFD": 0.330168635, "Mot_power_ratio_MxSpd": 0.618504882, "Power_MFD": 1655.54846, "Power_MxSpd": 3748.08228, "Speed_MFD": 28.0}