{"Interferences": 8, "Mass": 3.645371793536696, "Batt_amps_ratio_MFD": 1.02722704, "Batt_amps_ratio_MxSpd": 1.02722704, "Distance_MxSpd": 822.408264, "Max_Distance": 822.408264, "Hover_Time": 55.0741501, "Max_Speed": 22.0, "Max_uc_at_MFD": 0.994614065, "Mot_amps_ratio_MFD": 0.366921902, "Mot_amps_ratio_MxSpd": 0.366921902, "Mot_power_ratio_MFD": 0.135761097, "Mot_power_ratio_MxSpd": 0.135761097, "Power_MFD": 804.665283, "Power_MxSpd": 804.665283, "Speed_MFD": 22.0}