{"Interferences": 43, "Mass": 6.529469031052283, "Batt_amps_ratio_MFD": 0.817904532, "Batt_amps_ratio_MxSpd": 0.817904532, "Distance_MxSpd": 845.086365, "Max_Distance": 845.086365, "Hover_Time": 0.0, "Max_Speed": 6.0, "Max_uc_at_MFD": 0.998592377, "Mot_amps_ratio_MFD": 0.905484796, "Mot_amps_ratio_MxSpd": 0.905484796, "Mot_power_ratio_MFD": 0.670058787, "Mot_power_ratio_MxSpd": 0.670058787, "Power_MFD": 2387.36548, "Power_MxSpd": 2387.36548, "Speed_MFD": 6.0}