{"Interferences": 14, "Mass": 4.71770572474625, "Batt_amps_ratio_MFD": 0.377265036, "Batt_amps_ratio_MxSpd": 0.393144101, "Distance_MxSpd": 2441.85278, "Max_Distance": 2442.84497, "Hover_Time": 116.129868, "Max_Speed": 25.0, "Max_uc_at_MFD": 0.966237307, "Mot_amps_ratio_MFD": 0.395538658, "Mot_amps_ratio_MxSpd": 0.419701487, "Mot_power_ratio_MFD": 0.373190731, "Mot_power_ratio_MxSpd": 0.395988345, "Power_MFD": 1479.68896, "Power_MxSpd": 1571.79065, "Speed_MFD": 24.0}