{"Interferences": 2, "Mass": 3.8237751354403455, "Batt_amps_ratio_MFD": 0.412536651, "Batt_amps_ratio_MxSpd": 0.412536651, "Distance_MxSpd": 1768.57019, "Max_Distance": 1768.57019, "Hover_Time": 128.234985, "Max_Speed": 19.0, "Max_uc_at_MFD": 0.999978781, "Mot_amps_ratio_MFD": 0.301408887, "Mot_amps_ratio_MxSpd": 0.301408887, "Mot_power_ratio_MFD": 0.111521289, "Mot_power_ratio_MxSpd": 0.111521289, "Power_MFD": 731.057251, "Power_MxSpd": 731.057251, "Speed_MFD": 19.0}