{"Interferences": 34, "Mass": 4.615173954691497, "Batt_amps_ratio_MFD": 0.179078206, "Batt_amps_ratio_MxSpd": 0.179078206, "Distance_MxSpd": 3002.04028, "Max_Distance": 3002.04028, "Hover_Time": 205.967926, "Max_Speed": 14.0, "Max_uc_at_MFD": 0.991845906, "Mot_amps_ratio_MFD": 0.43936041, "Mot_amps_ratio_MxSpd": 0.43936041, "Mot_power_ratio_MFD": 0.219726607, "Mot_power_ratio_MxSpd": 0.219726607, "Power_MFD": 715.605896, "Power_MxSpd": 715.605896, "Speed_MFD": 14.0}