{
  "generator_version":"UAV2_gen12",
  "name":"design_7959_30f5172c5d9244fd865166be2f23ec62_dw_dl",
  "hub":{
    "node_type":"ConnectedHub6_2_2_2",
    "frontSegment":{
      "node_type":"AngledWingArm",
      "arm1Length":144.12810504641942,
      "arm2Length":155.46969561870168,
      "wing":{
        "wingType":"Wing_horiz_hole",
        "nacaProfile":"2612",
        "span":1801.663112479793,
        "chordInner":113.7725498431557,
        "chordOuter":127.85681810711922,
        "taperOffset":false,
        "aileronBias":0.9472325121389951,
        "flapBias":0.11998849128047556,
        "load":378.55397342962465,
        "tubeOffset":27.779035938144236,
        "tubeRot":270.0
      },
      "servo":{
        "servoType":"Hitec_HS_7245MH"
      }
    },
    "middleSegment":{
      "node_type":"PropArm",
      "armLength":64.4321355495029,
      "motor":{
        "motorType":"kde_direct_KDE5215XF_435"
      },
      "prop":{
        "propType":"apc_propellers_16x8E"
      },
      "flange":{
        "offset":-4.787009872071081,
        "angle":90.0
      }
    },
    "rearSegment":{
      "node_type":"AngledWingArm",
      "arm1Length":331.0771474081571,
      "arm2Length":114.2754196184196,
      "wing":{
        "wingType":"Wing_vert_hole",
        "nacaProfile":"2415",
        "span":267.4769688535504,
        "chordInner":251.19590368015375,
        "chordOuter":123.63445364499381,
        "taperOffset":false,
        "aileronBias":0.46914122603457786,
        "flapBias":0.1799729216793392,
        "load":357.7799224613827,
        "tubeOffset":71.35474373960153,
        "tubeRot":311.02235857362757
      },
      "servo":{
        "servoType":"Hitec_HS_7235MH"
      }
    }
  },
  "fuselageWithComponents":{
    "node_type":"DualBatteryFuselageWithComponents",
    "battery":{
      "batteryType":"Tattu30C12000mAh6S1P"
    },
    "fuselage":{
      "length":381.0,
      "vertDiameter":106.5,
      "horzDiameter":366.9,
      "floorHeight":17.75,
      "battery1X":-95.25,
      "battery1Y":6.0,
      "battery2X":96.25,
      "battery2Y":6.0,
      "rpmX":0.0,
      "rpmY":-112.3,
      "autoPilotX":0.0,
      "autoPilotY":56.0,
      "currentX":0.0,
      "currentY":-92.15,
      "voltageX":0.0,
      "voltageY":109.8,
      "gpsX":0.0,
      "gpsY":-52.0,
      "varioX":0.0,
      "varioY":88.15
    }
  }
}