{
  "generator_version":"UAV2_gen12",
  "name":"design_1601_e38b1f4741cf447abd2ebdc29d1512b5_dw",
  "hub":{
    "node_type":"ConnectedHub4_2_2",
    "frontSegment":{
      "node_type":"AngledWingArm",
      "arm1Length":354.0638055724181,
      "arm2Length":77.90227042193172,
      "wing":{
        "wingType":"Wing_horiz_hole",
        "nacaProfile":"2212",
        "span":446.6051711830786,
        "chordInner":283.19035884303423,
        "chordOuter":148.76177294906276,
        "taperOffset":false,
        "aileronBias":0.3517787268230316,
        "flapBias":0.6148612142093173,
        "load":741.2526504830695,
        "tubeOffset":43.418456533092346,
        "tubeRot":227.3352364370316
      },
      "servo":{
        "servoType":"Hitec_HS_65MG"
      }
    },
    "rearSegment":{
      "node_type":"PropArm",
      "armLength":467.1218082522982,
      "motor":{
        "motorType":"kde_direct_KDE4014XF_380"
      },
      "prop":{
        "propType":"apc_propellers_15x8E"
      },
      "flange":{
        "offset":20.987955916273307,
        "angle":0.0
      }
    }
  },
  "fuselageWithComponents":{
    "node_type":"DualBatteryFuselageWithComponents",
    "battery":{
      "batteryType":"Tattu10C40000mAh6S1PHV"
    },
    "fuselage":{
      "length":258.0,
      "vertDiameter":184.5,
      "horzDiameter":474.9,
      "floorHeight":30.75,
      "battery1X":0.0,
      "battery1Y":-25.5,
      "battery2X":0.0,
      "battery2Y":38.5,
      "rpmX":0.0,
      "rpmY":-148.3,
      "autoPilotX":0.0,
      "autoPilotY":92.0,
      "currentX":0.0,
      "currentY":-128.15,
      "voltageX":0.0,
      "voltageY":145.8,
      "gpsX":0.0,
      "gpsY":-88.0,
      "varioX":0.0,
      "varioY":124.15
    }
  }
}