{
  "generator_version":"UAV2_gen12",
  "name":"design_3990_e44450a36e574ef5a854a985c14a9aa1_s",
  "hub":{
    "node_type":"ConnectedHub3_2_1",
    "angle":120.0,
    "centerSegment":{
      "node_type":"PropArm",
      "armLength":282.08248738952017,
      "motor":{
        "motorType":"kde_direct_KDE700XF_535_G3"
      },
      "prop":{
        "propType":"apc_propellers_16x8"
      },
      "flange":{
        "offset":17.987838657323167,
        "angle":0.0
      }
    },
    "mainSegment":{
      "node_type":"AngledWingArm",
      "arm1Length":478.6876969516247,
      "arm2Length":158.47160308841137,
      "wing":{
        "wingType":"Wing_vert_hole",
        "nacaProfile":"4421",
        "span":920.6134153632806,
        "chordInner":395.67923081535616,
        "chordOuter":56.27295602260765,
        "taperOffset":false,
        "aileronBias":0.6145675869941447,
        "flapBias":0.16763362372243495,
        "load":203.35686045968865,
        "tubeOffset":37.88790453449407,
        "tubeRot":315.9629883665046
      },
      "servo":{
        "servoType":"Hitec_D485HW"
      }
    }
  },
  "fuselageWithComponents":{
    "node_type":"SingleBatteryFuselageWithComponents",
    "battery":{
      "batteryType":"Tattu30C12000mAh6S1P"
    },
    "fuselage":{
      "length":190.0,
      "vertDiameter":106.5,
      "horzDiameter":366.9,
      "floorHeight":17.75,
      "batteryX":0.0,
      "batteryY":6.0,
      "rpmX":0.0,
      "rpmY":-112.3,
      "autoPilotX":0.0,
      "autoPilotY":56.0,
      "currentX":0.0,
      "currentY":-92.15,
      "voltageX":0.0,
      "voltageY":109.8,
      "gpsX":0.0,
      "gpsY":-52.0,
      "varioX":0.0,
      "varioY":88.15
    }
  }
}