{"Interferences": 31, "Mass": 3.980199926027952, "Batt_amps_ratio_MFD": 1.16806519, "Batt_amps_ratio_MxSpd": 1.44185412, "Distance_MxSpd": 772.338867, "Max_Distance": 821.871948, "Hover_Time": 48.8347855, "Max_Speed": 29.0, "Max_uc_at_MFD": 0.945682287, "Mot_amps_ratio_MFD": 0.454031348, "Mot_amps_ratio_MxSpd": 0.441399217, "Mot_power_ratio_MFD": 0.222341821, "Mot_power_ratio_MxSpd": 0.216155782, "Power_MFD": 1045.35669, "Power_MxSpd": 1383.65576, "Speed_MFD": 25.0}