{"Interferences": 5, "Mass": 5.767041980268733, "Batt_amps_ratio_MFD": 0.268528461, "Batt_amps_ratio_MxSpd": 0.322680831, "Distance_MxSpd": 3332.08521, "Max_Distance": 3432.03857, "Hover_Time": 186.07811, "Max_Speed": 28.0, "Max_uc_at_MFD": 0.995343506, "Mot_amps_ratio_MFD": 0.414360344, "Mot_amps_ratio_MxSpd": 0.371112913, "Mot_power_ratio_MFD": 0.255522192, "Mot_power_ratio_MxSpd": 0.228852957, "Power_MFD": 1341.75146, "Power_MxSpd": 1647.63, "Speed_MFD": 24.0}