{"Interferences": 90, "Mass": 12.282699180916488, "Batt_amps_ratio_MFD": 0.483836055, "Batt_amps_ratio_MxSpd": 0.483836055, "Distance_MxSpd": 10714.373, "Max_Distance": 10714.373, "Hover_Time": 0.0, "Max_Speed": 18.0, "Max_uc_at_MFD": 0.703999758, "Mot_amps_ratio_MFD": 0.97497654, "Mot_amps_ratio_MxSpd": 0.97497654, "Mot_power_ratio_MFD": 0.751154006, "Mot_power_ratio_MxSpd": 0.751154006, "Power_MFD": 2260.04932, "Power_MxSpd": 2260.04932, "Speed_MFD": 18.0}