{"Interferences": 50, "Mass": 11.032805584344482, "Batt_amps_ratio_MFD": 0.371295422, "Batt_amps_ratio_MxSpd": 0.371295422, "Distance_MxSpd": 11169.543, "Max_Distance": 11169.543, "Hover_Time": 0.0, "Max_Speed": 36.0, "Max_uc_at_MFD": 0.988274634, "Mot_amps_ratio_MFD": 0.763751745, "Mot_amps_ratio_MxSpd": 0.763751745, "Mot_power_ratio_MFD": 0.696541607, "Mot_power_ratio_MxSpd": 0.696541607, "Power_MFD": 4213.60889, "Power_MxSpd": 4213.60889, "Speed_MFD": 36.0}