{"Interferences": 2, "Mass": 3.427862265376107, "Batt_amps_ratio_MFD": 0.485504299, "Batt_amps_ratio_MxSpd": 0.485504299, "Distance_MxSpd": 79.0930176, "Max_Distance": 79.0930176, "Hover_Time": 79.0919952, "Max_Speed": 1.0, "Max_uc_at_MFD": 0.881839573, "Mot_amps_ratio_MFD": 0.795674205, "Mot_amps_ratio_MxSpd": 0.795674205, "Mot_power_ratio_MFD": 0.397921115, "Mot_power_ratio_MxSpd": 0.397921115, "Power_MFD": 699.203186, "Power_MxSpd": 699.203186, "Speed_MFD": 1.0}