{"Interferences": 15, "Mass": 5.488299155890586, "Batt_amps_ratio_MFD": 0.635471761, "Batt_amps_ratio_MxSpd": 0.745309532, "Distance_MxSpd": 1391.09985, "Max_Distance": 1450.26123, "Hover_Time": 84.5843048, "Max_Speed": 27.0, "Max_uc_at_MFD": 0.972295523, "Mot_amps_ratio_MFD": 0.634492993, "Mot_amps_ratio_MxSpd": 0.631625712, "Mot_power_ratio_MFD": 0.31071496, "Mot_power_ratio_MxSpd": 0.309310824, "Power_MFD": 1287.45874, "Power_MxSpd": 1620.849, "Speed_MFD": 24.0}