{"Interferences": 10, "Mass": 6.14482557766471, "Batt_amps_ratio_MFD": 0.904883862, "Batt_amps_ratio_MxSpd": 1.23869622, "Distance_MxSpd": 2790.03052, "Max_Distance": 3564.65625, "Hover_Time": 149.188965, "Max_Speed": 30.0, "Max_uc_at_MFD": 0.5501194, "Mot_amps_ratio_MFD": 0.814986944, "Mot_amps_ratio_MxSpd": 0.95077759, "Mot_power_ratio_MFD": 0.76894021, "Mot_power_ratio_MxSpd": 0.897058666, "Power_MFD": 1844.08386, "Power_MxSpd": 2683.43286, "Speed_MFD": 28.0}