{"Interferences": 6, "Mass": 5.574143895407448, "Batt_amps_ratio_MFD": 0.386880904, "Batt_amps_ratio_MxSpd": 0.717490673, "Distance_MxSpd": 2140.79443, "Max_Distance": 2779.1499, "Hover_Time": 148.916031, "Max_Speed": 40.0, "Max_uc_at_MFD": 0.875244319, "Mot_amps_ratio_MFD": 0.569698095, "Mot_amps_ratio_MxSpd": 0.523528457, "Mot_power_ratio_MFD": 0.285009503, "Mot_power_ratio_MxSpd": 0.26191172, "Power_MFD": 2011.55054, "Power_MxSpd": 4536.69873, "Speed_MFD": 28.0}