{"Interferences": 0, "Mass": 5.134614899681358, "Batt_amps_ratio_MFD": 0.106591113, "Batt_amps_ratio_MxSpd": 0.106591113, "Distance_MxSpd": 0.0, "Max_Distance": 0.0, "Hover_Time": 900.637939, "Max_Speed": 0.0, "Max_uc_at_MFD": 0.947268903, "Mot_amps_ratio_MFD": 0.392977834, "Mot_amps_ratio_MxSpd": 0.392977834, "Mot_power_ratio_MFD": 0.294765502, "Mot_power_ratio_MxSpd": 0.294765502, "Power_MFD": 1074.54297, "Power_MxSpd": 1074.54297, "Speed_MFD": 0.0}