{"Interferences": 14, "Mass": 4.459681422040464, "Batt_amps_ratio_MFD": 0.400460213, "Batt_amps_ratio_MxSpd": 0.550105691, "Distance_MxSpd": 2163.94775, "Max_Distance": 2397.24194, "Hover_Time": 139.415512, "Max_Speed": 31.0, "Max_uc_at_MFD": 0.693595052, "Mot_amps_ratio_MFD": 0.563701034, "Mot_amps_ratio_MxSpd": 0.98470366, "Mot_power_ratio_MFD": 0.376183301, "Mot_power_ratio_MxSpd": 0.657137513, "Power_MFD": 1096.9491, "Power_MxSpd": 2031.15918, "Speed_MFD": 25.0}