{"Interferences": 11, "Mass": 4.434126392212552, "Batt_amps_ratio_MFD": 0.436657697, "Batt_amps_ratio_MxSpd": 0.436657697, "Distance_MxSpd": 1319.11108, "Max_Distance": 1319.11108, "Hover_Time": 0.0, "Max_Speed": 15.0, "Max_uc_at_MFD": 0.999936163, "Mot_amps_ratio_MFD": 0.519776225, "Mot_amps_ratio_MxSpd": 0.519776225, "Mot_power_ratio_MFD": 0.259888113, "Mot_power_ratio_MxSpd": 0.259888113, "Power_MFD": 687.335693, "Power_MxSpd": 687.335693, "Speed_MFD": 15.0}