{"Interferences": 35, "Mass": 2.8500392184776064, "Batt_amps_ratio_MFD": 1.66242659, "Batt_amps_ratio_MxSpd": 2.31034923, "Distance_MxSpd": 498.625916, "Max_Distance": 554.370361, "Hover_Time": 32.0608292, "Max_Speed": 30.0, "Max_uc_at_MFD": 0.737385452, "Mot_amps_ratio_MFD": 0.607024968, "Mot_amps_ratio_MxSpd": 0.798261344, "Mot_power_ratio_MFD": 0.471658409, "Mot_power_ratio_MxSpd": 0.620249093, "Power_MFD": 1132.80554, "Power_MxSpd": 1783.13428, "Speed_MFD": 24.0}