{"Interferences": 0, "Mass": 4.674417849953753, "Batt_amps_ratio_MFD": 0.150636628, "Batt_amps_ratio_MxSpd": 0.150636628, "Distance_MxSpd": 4333.60742, "Max_Distance": 4333.60742, "Hover_Time": 300.485321, "Max_Speed": 17.0, "Max_uc_at_MFD": 0.9993366, "Mot_amps_ratio_MFD": 0.471967161, "Mot_amps_ratio_MxSpd": 0.471967161, "Mot_power_ratio_MFD": 0.174627841, "Mot_power_ratio_MxSpd": 0.174627841, "Power_MFD": 713.615356, "Power_MxSpd": 713.615356, "Speed_MFD": 17.0}