{"Interferences": 26, "Mass": 7.179470002352395, "Batt_amps_ratio_MFD": 0.603201628, "Batt_amps_ratio_MxSpd": 0.686896622, "Distance_MxSpd": 5199.03564, "Max_Distance": 5347.46582, "Hover_Time": 0.0, "Max_Speed": 31.0, "Max_uc_at_MFD": 0.809321284, "Mot_amps_ratio_MFD": 0.878023505, "Mot_amps_ratio_MxSpd": 0.878734529, "Mot_power_ratio_MFD": 0.66729784, "Mot_power_ratio_MxSpd": 0.667838275, "Power_MFD": 2500.41089, "Power_MxSpd": 3009.52051, "Speed_MFD": 28.0}