{"Interferences": 21, "Mass": 6.142969432323117, "Batt_amps_ratio_MFD": 0.652142107, "Batt_amps_ratio_MxSpd": 2.29707193, "Distance_MxSpd": 334.338684, "Max_Distance": 1001.00879, "Hover_Time": 0.0, "Max_Speed": 20.0, "Max_uc_at_MFD": 0.578250647, "Mot_amps_ratio_MFD": 0.237043962, "Mot_amps_ratio_MxSpd": 0.810972989, "Mot_power_ratio_MFD": 0.0790061802, "Mot_power_ratio_MxSpd": 0.270476609, "Power_MFD": 559.066895, "Power_MxSpd": 2744.58228, "Speed_MFD": 17.0}