{"Interferences": 36, "Mass": 4.568060479400188, "Batt_amps_ratio_MFD": 0.606826961, "Batt_amps_ratio_MxSpd": 0.606826961, "Distance_MxSpd": 1202.3197, "Max_Distance": 1202.3197, "Hover_Time": 101.040337, "Max_Speed": 19.0, "Max_uc_at_MFD": 0.9994362, "Mot_amps_ratio_MFD": 0.62103796, "Mot_amps_ratio_MxSpd": 0.62103796, "Mot_power_ratio_MFD": 0.405501246, "Mot_power_ratio_MxSpd": 0.405501246, "Power_MFD": 1713.59583, "Power_MxSpd": 1713.59583, "Speed_MFD": 19.0}