{"Interferences": 3, "Mass": 3.8784702729738063, "Batt_amps_ratio_MFD": 0.627026081, "Batt_amps_ratio_MxSpd": 0.627026081, "Distance_MxSpd": 918.62207, "Max_Distance": 918.62207, "Hover_Time": 0.0, "Max_Speed": 15.0, "Max_uc_at_MFD": 0.99999994, "Mot_amps_ratio_MFD": 0.220636293, "Mot_amps_ratio_MxSpd": 0.220636293, "Mot_power_ratio_MFD": 0.0765332133, "Mot_power_ratio_MxSpd": 0.0765332133, "Power_MFD": 876.786072, "Power_MxSpd": 876.786072, "Speed_MFD": 15.0}