{"Interferences": 9, "Mass": 6.62730533177523, "Batt_amps_ratio_MFD": 1.14959276, "Batt_amps_ratio_MxSpd": 1.14959276, "Distance_MxSpd": 13027.2227, "Max_Distance": 13027.2227, "Hover_Time": 573.490601, "Max_Speed": 26.0, "Max_uc_at_MFD": 0.606291354, "Mot_amps_ratio_MFD": 0.988388538, "Mot_amps_ratio_MxSpd": 0.988388538, "Mot_power_ratio_MFD": 0.742659926, "Mot_power_ratio_MxSpd": 0.742659926, "Power_MFD": 1893.0575, "Power_MxSpd": 1893.0575, "Speed_MFD": 26.0}