{"Interferences": 25, "Mass": 4.8954150665988285, "Batt_amps_ratio_MFD": 0.251641423, "Batt_amps_ratio_MxSpd": 0.251641423, "Distance_MxSpd": 3357.15796, "Max_Distance": 3357.15796, "Hover_Time": 160.345581, "Max_Speed": 22.0, "Max_uc_at_MFD": 0.995398164, "Mot_amps_ratio_MFD": 0.683560431, "Mot_amps_ratio_MxSpd": 0.683560431, "Mot_power_ratio_MFD": 0.341852397, "Mot_power_ratio_MxSpd": 0.341852397, "Power_MFD": 976.535522, "Power_MxSpd": 976.535522, "Speed_MFD": 22.0}