{
  "generator_version":"UAV2_gen12",
  "name":"design_73_a7edcb27d4e346439e1c968037cfed96_dw_dl",
  "hub":{
    "node_type":"ConnectedHub6_2_2_2",
    "frontSegment":{
      "node_type":"PropArm",
      "armLength":236.8768757170078,
      "motor":{
        "motorType":"t_motor_AT4120KV500"
      },
      "prop":{
        "propType":"apc_propellers_17x8"
      },
      "flange":{
        "offset":23.671958258796607,
        "angle":145.02477360450843
      }
    },
    "middleSegment":{
      "node_type":"AngledWingArm",
      "arm1Length":323.931343601433,
      "arm2Length":146.1455347712175,
      "wing":{
        "wingType":"Wing_vert_hole",
        "nacaProfile":"2315",
        "span":688.5602949496797,
        "chordInner":443.87321710188405,
        "chordOuter":104.28559528264242,
        "taperOffset":true,
        "aileronBias":0.4373224800062505,
        "flapBias":0.46896268440678146,
        "load":411.3599091009442,
        "tubeOffset":49.12847804741807,
        "tubeRot":275.4308426006164
      },
      "servo":{
        "servoType":"Hitec_D954SW"
      }
    },
    "rearSegment":{
      "node_type":"PropArm",
      "armLength":344.32154993652193,
      "motor":{
        "motorType":"kde_direct_KDE4213XF_360"
      },
      "prop":{
        "propType":"apc_propellers_17x10WE"
      },
      "flange":{
        "offset":-22.525018958237396,
        "angle":90.0
      }
    }
  },
  "fuselageWithComponents":{
    "node_type":"DualBatteryFuselageWithComponents",
    "battery":{
      "batteryType":"TattuPlus25C22000mAh12S1PAGRI"
    },
    "fuselage":{
      "length":471.0,
      "vertDiameter":258.0,
      "horzDiameter":459.9,
      "floorHeight":43.0,
      "battery1X":-117.75,
      "battery1Y":6.0,
      "battery2X":118.75,
      "battery2Y":6.0,
      "rpmX":0.0,
      "rpmY":-143.3,
      "autoPilotX":0.0,
      "autoPilotY":87.0,
      "currentX":0.0,
      "currentY":-123.15,
      "voltageX":0.0,
      "voltageY":140.8,
      "gpsX":0.0,
      "gpsY":-83.0,
      "varioX":0.0,
      "varioY":119.15
    }
  }
}