{"Interferences": 33, "Mass": 9.911755554924804, "Batt_amps_ratio_MFD": 0.494845122, "Batt_amps_ratio_MxSpd": 1.43910503, "Distance_MxSpd": 506.98175, "Max_Distance": 1008.80048, "Hover_Time": 36.1691666, "Max_Speed": 19.0, "Max_uc_at_MFD": 0.926122308, "Mot_amps_ratio_MFD": 0.62332958, "Mot_amps_ratio_MxSpd": 0.990246296, "Mot_power_ratio_MFD": 0.624658346, "Mot_power_ratio_MxSpd": 0.774906158, "Power_MFD": 2709.1665, "Power_MxSpd": 7202.9082, "Speed_MFD": 13.0}