{"Interferences": 15, "Mass": 7.912445757888165, "Batt_amps_ratio_MFD": 0.617877781, "Batt_amps_ratio_MxSpd": 0.662298083, "Distance_MxSpd": 4493.44531, "Max_Distance": 4505.74561, "Hover_Time": 200.738022, "Max_Speed": 31.0, "Max_uc_at_MFD": 0.635086656, "Mot_amps_ratio_MFD": 0.741188765, "Mot_amps_ratio_MxSpd": 0.75520134, "Mot_power_ratio_MFD": 0.725929022, "Mot_power_ratio_MxSpd": 0.739653051, "Power_MFD": 2238.97632, "Power_MxSpd": 2507.94189, "Speed_MFD": 29.0}