{"Interferences": 15, "Mass": 3.3100613434030275, "Batt_amps_ratio_MFD": 1.28281283, "Batt_amps_ratio_MxSpd": 1.28281283, "Distance_MxSpd": 628.618591, "Max_Distance": 628.618591, "Hover_Time": 44.7393875, "Max_Speed": 21.0, "Max_uc_at_MFD": 0.999721587, "Mot_amps_ratio_MFD": 0.599316537, "Mot_amps_ratio_MxSpd": 0.599316537, "Mot_power_ratio_MFD": 0.14783141, "Mot_power_ratio_MxSpd": 0.14783141, "Power_MFD": 669.269653, "Power_MxSpd": 669.269653, "Speed_MFD": 21.0}