{"Interferences": 51, "Mass": 4.812637632110263, "Batt_amps_ratio_MFD": 0.154747367, "Batt_amps_ratio_MxSpd": 0.28575471, "Distance_MxSpd": 4837.71582, "Max_Distance": 5459.2207, "Hover_Time": 310.116608, "Max_Speed": 36.0, "Max_uc_at_MFD": 0.749940038, "Mot_amps_ratio_MFD": 0.673896492, "Mot_amps_ratio_MxSpd": 0.855649471, "Mot_power_ratio_MFD": 0.505707145, "Mot_power_ratio_MxSpd": 0.642098665, "Power_MFD": 1007.76477, "Power_MxSpd": 2585.72803, "Speed_MFD": 22.0}