{"Interferences": 2, "Mass": 3.2627737307576403, "Batt_amps_ratio_MFD": 0.680591941, "Batt_amps_ratio_MxSpd": 0.680591941, "Distance_MxSpd": 1015.58649, "Max_Distance": 1015.58649, "Hover_Time": 71.2763748, "Max_Speed": 18.0, "Max_uc_at_MFD": 0.998181105, "Mot_amps_ratio_MFD": 0.407541007, "Mot_amps_ratio_MxSpd": 0.407541007, "Mot_power_ratio_MFD": 0.15286015, "Mot_power_ratio_MxSpd": 0.15286015, "Power_MFD": 527.948242, "Power_MxSpd": 527.948242, "Speed_MFD": 18.0}