{"Interferences": 45, "Mass": 7.521063656377349, "Batt_amps_ratio_MFD": 2.69907284, "Batt_amps_ratio_MxSpd": 3.08311296, "Distance_MxSpd": 348.738434, "Max_Distance": 384.131897, "Hover_Time": 0.0, "Max_Speed": 28.0, "Max_uc_at_MFD": 0.673994601, "Mot_amps_ratio_MFD": 0.757100403, "Mot_amps_ratio_MxSpd": 0.874722958, "Mot_power_ratio_MFD": 0.654276609, "Mot_power_ratio_MxSpd": 0.901589453, "Power_MFD": 2957.73218, "Power_MxSpd": 3419.5271, "Speed_MFD": 27.0}