{"Interferences": 12, "Mass": 9.281980645409083, "Batt_amps_ratio_MFD": 0.588269055, "Batt_amps_ratio_MxSpd": 0.748158753, "Distance_MxSpd": 17322.5273, "Max_Distance": 18114.1602, "Hover_Time": 710.840759, "Max_Speed": 45.0, "Max_uc_at_MFD": 0.927955508, "Mot_amps_ratio_MFD": 0.801092088, "Mot_amps_ratio_MxSpd": 0.81539309, "Mot_power_ratio_MFD": 0.824496984, "Mot_power_ratio_MxSpd": 0.839215815, "Power_MFD": 3487.07446, "Power_MxSpd": 4935.26367, "Speed_MFD": 37.0}