{"Interferences": 15, "Mass": 10.379044622338927, "Batt_amps_ratio_MFD": 0.683057368, "Batt_amps_ratio_MxSpd": 0.683057368, "Distance_MxSpd": 7589.40625, "Max_Distance": 7589.40625, "Hover_Time": 851.807129, "Max_Speed": 9.0, "Max_uc_at_MFD": 0.99967736, "Mot_amps_ratio_MFD": 0.611551046, "Mot_amps_ratio_MxSpd": 0.611551046, "Mot_power_ratio_MFD": 0.458989739, "Mot_power_ratio_MxSpd": 0.458989739, "Power_MFD": 2037.40002, "Power_MxSpd": 2037.40002, "Speed_MFD": 9.0}