{"Interferences": 3, "Mass": 5.029465939297289, "Batt_amps_ratio_MFD": 0.934961319, "Batt_amps_ratio_MxSpd": 0.934961319, "Distance_MxSpd": 3080.34131, "Max_Distance": 3080.34131, "Hover_Time": 0.0, "Max_Speed": 25.0, "Max_uc_at_MFD": 0.738195777, "Mot_amps_ratio_MFD": 0.901284635, "Mot_amps_ratio_MxSpd": 0.901284635, "Mot_power_ratio_MFD": 0.903205872, "Mot_power_ratio_MxSpd": 0.903205872, "Power_MFD": 2315.1543, "Power_MxSpd": 2315.1543, "Speed_MFD": 25.0}