{"Interferences": 31, "Mass": 10.847198944899846, "Batt_amps_ratio_MFD": 0.416475832, "Batt_amps_ratio_MxSpd": 0.458818585, "Distance_MxSpd": 7532.38867, "Max_Distance": 7606.68408, "Hover_Time": 322.004303, "Max_Speed": 36.0, "Max_uc_at_MFD": 0.587336183, "Mot_amps_ratio_MFD": 0.859978318, "Mot_amps_ratio_MxSpd": 0.942658544, "Mot_power_ratio_MFD": 0.86085391, "Mot_power_ratio_MxSpd": 0.943618357, "Power_MFD": 3304.51221, "Power_MxSpd": 3967.54419, "Speed_MFD": 33.0}