{"Interferences": 32, "Mass": 5.235040593167303, "Batt_amps_ratio_MFD": 0.639376044, "Batt_amps_ratio_MxSpd": 0.708913982, "Distance_MxSpd": 1625.02075, "Max_Distance": 1681.63953, "Hover_Time": 89.554863, "Max_Speed": 30.0, "Max_uc_at_MFD": 0.988006711, "Mot_amps_ratio_MFD": 0.823597014, "Mot_amps_ratio_MxSpd": 0.87503171, "Mot_power_ratio_MFD": 0.550235093, "Mot_power_ratio_MxSpd": 0.584598005, "Power_MFD": 1859.30994, "Power_MxSpd": 2230.67944, "Speed_MFD": 28.0}