{"Interferences": 1, "Mass": 4.332689762185917, "Batt_amps_ratio_MFD": 0.200219914, "Batt_amps_ratio_MxSpd": 0.200219914, "Distance_MxSpd": 3068.62598, "Max_Distance": 3068.62598, "Hover_Time": 215.883133, "Max_Speed": 16.0, "Max_uc_at_MFD": 0.986786544, "Mot_amps_ratio_MFD": 0.502013981, "Mot_amps_ratio_MxSpd": 0.502013981, "Mot_power_ratio_MFD": 0.247660249, "Mot_power_ratio_MxSpd": 0.247660249, "Power_MFD": 637.854675, "Power_MxSpd": 637.854675, "Speed_MFD": 16.0}