{"Interferences": 84, "Mass": 10.790038157702623, "Batt_amps_ratio_MFD": 1.31428695, "Batt_amps_ratio_MxSpd": 1.31428695, "Distance_MxSpd": 6573.90674, "Max_Distance": 6573.90674, "Hover_Time": 413.925873, "Max_Speed": 15.0, "Max_uc_at_MFD": 0.738918185, "Mot_amps_ratio_MFD": 0.947300017, "Mot_amps_ratio_MxSpd": 0.947300017, "Mot_power_ratio_MFD": 0.948264539, "Mot_power_ratio_MxSpd": 0.948264539, "Power_MFD": 2460.43872, "Power_MxSpd": 2460.43872, "Speed_MFD": 15.0}