{"Interferences": 9, "Mass": 5.046360007658813, "Batt_amps_ratio_MFD": 0.512106955, "Batt_amps_ratio_MxSpd": 0.586839855, "Distance_MxSpd": 2028.49219, "Max_Distance": 2249.53003, "Hover_Time": 0.0, "Max_Speed": 31.0, "Max_uc_at_MFD": 0.911607325, "Mot_amps_ratio_MFD": 0.905002296, "Mot_amps_ratio_MxSpd": 0.964459896, "Mot_power_ratio_MFD": 0.558084726, "Mot_power_ratio_MxSpd": 0.594750285, "Power_MFD": 2023.35266, "Power_MxSpd": 2416.45044, "Speed_MFD": 30.0}