{"Interferences": 31, "Mass": 9.621168984421706, "Batt_amps_ratio_MFD": 0.178870544, "Batt_amps_ratio_MxSpd": 0.178870544, "Distance_MxSpd": 15027.6289, "Max_Distance": 15027.6289, "Hover_Time": 654.071533, "Max_Speed": 28.0, "Max_uc_at_MFD": 0.999336958, "Mot_amps_ratio_MFD": 0.519944966, "Mot_amps_ratio_MxSpd": 0.519944966, "Mot_power_ratio_MFD": 0.490568072, "Mot_power_ratio_MxSpd": 0.490568072, "Power_MFD": 2412.78149, "Power_MxSpd": 2412.78149, "Speed_MFD": 28.0}