{
  "generator_version":"UAV2_gen12",
  "name":"design_5856_31a94ec7cb134248b14f97348304cbf9_dw",
  "hub":{
    "node_type":"ConnectedHub4_2_2",
    "frontSegment":{
      "node_type":"AngledWingArm",
      "arm1Length":248.90440262285804,
      "arm2Length":106.32249408696512,
      "wing":{
        "wingType":"Wing_horiz_hole",
        "nacaProfile":"2612",
        "span":896.4047872565912,
        "chordInner":362.04179704357745,
        "chordOuter":186.49339415782615,
        "taperOffset":false,
        "aileronBias":0.652341342214328,
        "flapBias":0.33319672511728804,
        "load":130.9526592646303,
        "tubeOffset":47.71615271098366,
        "tubeRot":270.0
      },
      "servo":{
        "servoType":"Hitec_HS_5245MG"
      }
    },
    "rearSegment":{
      "node_type":"BranchWithTopSegment_Sym",
      "armLength":68.37624980600356,
      "angle":139.80608773602546,
      "mainSegment":{
        "node_type":"WingArm",
        "armLength":210.22765233403342,
        "wing":{
          "wingType":"Wing_horiz_hole",
          "nacaProfile":"2415",
          "span":325.35735586411846,
          "chordInner":366.94292409489225,
          "chordOuter":156.11312620372632,
          "taperOffset":false,
          "aileronBias":0.284245256158002,
          "flapBias":0.5371144307207926,
          "load":853.7373250733947,
          "tubeOffset":74.76352335353121,
          "tubeRot":270.0
        },
        "servo":{
          "servoType":"Hitec_HS_82MG"
        }
      },
      "topSegment":{
        "node_type":"DoubleBendSegment",
        "angle":83.25101821567856,
        "arm1Length":151.24746532759448,
        "arm2Length":471.0259706127125,
        "mainSegment":{
          "node_type":"AngledPropArm",
          "armLength":438.4039945399665,
          "motor":{
            "motorType":"t_motor_AT4130KV450"
          },
          "prop":{
            "propType":"apc_propellers_16x4W"
          }
        }
      }
    }
  },
  "fuselageWithComponents":{
    "node_type":"DualBatteryFuselageWithComponents",
    "battery":{
      "batteryType":"TurnigyGraphene1300mAh3S75C"
    },
    "fuselage":{
      "length":84.0,
      "vertDiameter":52.5,
      "horzDiameter":369.9,
      "floorHeight":8.75,
      "battery1X":-5.0,
      "battery1Y":-8.0,
      "battery2X":-5.0,
      "battery2Y":21.0,
      "rpmX":-5.0,
      "rpmY":-113.3,
      "autoPilotX":-5.0,
      "autoPilotY":57.0,
      "currentX":-5.0,
      "currentY":-93.15,
      "voltageX":-5.0,
      "voltageY":110.8,
      "gpsX":-5.0,
      "gpsY":-53.0,
      "varioX":-5.0,
      "varioY":89.15
    }
  }
}