{"Interferences": 6, "Mass": 7.179493637295446, "Batt_amps_ratio_MFD": 0.233067647, "Batt_amps_ratio_MxSpd": 0.233067647, "Distance_MxSpd": 3459.9397, "Max_Distance": 3459.9397, "Hover_Time": 197.869873, "Max_Speed": 21.0, "Max_uc_at_MFD": 1.0, "Mot_amps_ratio_MFD": 0.0833561942, "Mot_amps_ratio_MxSpd": 0.0833561942, "Mot_power_ratio_MFD": 0.0357499011, "Mot_power_ratio_MxSpd": 0.0357499011, "Power_MFD": 1517.26587, "Power_MxSpd": 1517.26587, "Speed_MFD": 21.0}