{"Interferences": 19, "Mass": 7.579279455861969, "Batt_amps_ratio_MFD": 0.4167068, "Batt_amps_ratio_MxSpd": 0.4167068, "Distance_MxSpd": 1935.17358, "Max_Distance": 1935.17358, "Hover_Time": 0.0, "Max_Speed": 7.0, "Max_uc_at_MFD": 0.999315083, "Mot_amps_ratio_MFD": 0.530977845, "Mot_amps_ratio_MxSpd": 0.530977845, "Mot_power_ratio_MFD": 0.258156478, "Mot_power_ratio_MxSpd": 0.258156478, "Power_MFD": 877.445007, "Power_MxSpd": 877.445007, "Speed_MFD": 7.0}