{"Interferences": 83, "Mass": 26.667271178384183, "Batt_amps_ratio_MFD": 1.14141572, "Batt_amps_ratio_MxSpd": 1.14141572, "Distance_MxSpd": 3027.81885, "Max_Distance": 3027.81885, "Hover_Time": 91.6531677, "Max_Speed": 30.0, "Max_uc_at_MFD": 0.415548265, "Mot_amps_ratio_MFD": 0.949089944, "Mot_amps_ratio_MxSpd": 0.949089944, "Mot_power_ratio_MFD": 0.948818564, "Mot_power_ratio_MxSpd": 0.948818564, "Power_MFD": 9771.75879, "Power_MxSpd": 9771.75879, "Speed_MFD": 30.0}