{"Interferences": 10, "Mass": 3.8122765048357423, "Batt_amps_ratio_MFD": 0.435843647, "Batt_amps_ratio_MxSpd": 0.435843647, "Distance_MxSpd": 440.524963, "Max_Distance": 440.524963, "Hover_Time": 0.0, "Max_Speed": 5.0, "Max_uc_at_MFD": 0.741824687, "Mot_amps_ratio_MFD": 0.998524547, "Mot_amps_ratio_MxSpd": 0.998524547, "Mot_power_ratio_MFD": 0.591126502, "Mot_power_ratio_MxSpd": 0.591126502, "Power_MFD": 683.140686, "Power_MxSpd": 683.140686, "Speed_MFD": 5.0}