{"Interferences": 16, "Mass": 2.7880401858470742, "Batt_amps_ratio_MFD": 0.519260228, "Batt_amps_ratio_MxSpd": 0.519260228, "Distance_MxSpd": 1405.07593, "Max_Distance": 1405.07593, "Hover_Time": 96.9932175, "Max_Speed": 19.0, "Max_uc_at_MFD": 1.0, "Mot_amps_ratio_MFD": 0.237589389, "Mot_amps_ratio_MxSpd": 0.237589389, "Mot_power_ratio_MFD": 0.109885089, "Mot_power_ratio_MxSpd": 0.109885089, "Power_MFD": 517.026855, "Power_MxSpd": 517.026855, "Speed_MFD": 19.0}