{"Interferences": 10, "Mass": 4.421126435617103, "Batt_amps_ratio_MFD": 1.42520881, "Batt_amps_ratio_MxSpd": 1.53766131, "Distance_MxSpd": 699.243713, "Max_Distance": 727.472351, "Hover_Time": 36.6588669, "Max_Speed": 28.0, "Max_uc_at_MFD": 0.967608452, "Mot_amps_ratio_MFD": 0.563822329, "Mot_amps_ratio_MxSpd": 0.58186686, "Mot_power_ratio_MFD": 0.282198191, "Mot_power_ratio_MxSpd": 0.291229635, "Power_MFD": 1427.80078, "Power_MxSpd": 1572.55505, "Speed_MFD": 27.0}