{"Interferences": 24, "Mass": 3.8688316715414968, "Batt_amps_ratio_MFD": 0.988390863, "Batt_amps_ratio_MxSpd": 1.13495302, "Distance_MxSpd": 913.518005, "Max_Distance": 1010.12671, "Hover_Time": 63.9643555, "Max_Speed": 27.0, "Max_uc_at_MFD": 0.828026712, "Mot_amps_ratio_MFD": 0.785466194, "Mot_amps_ratio_MxSpd": 0.982374728, "Mot_power_ratio_MFD": 0.581245005, "Mot_power_ratio_MxSpd": 0.726957262, "Power_MFD": 1222.54187, "Power_MxSpd": 1354.67285, "Speed_MFD": 26.0}