{"Interferences": 37, "Mass": 10.05885139508952, "Batt_amps_ratio_MFD": 0.209452525, "Batt_amps_ratio_MxSpd": 0.209452525, "Distance_MxSpd": 10083.4307, "Max_Distance": 10083.4307, "Hover_Time": 476.903351, "Max_Speed": 22.0, "Max_uc_at_MFD": 0.800538063, "Mot_amps_ratio_MFD": 0.920620024, "Mot_amps_ratio_MxSpd": 0.920620024, "Mot_power_ratio_MFD": 0.681258857, "Mot_power_ratio_MxSpd": 0.681258857, "Power_MFD": 2220.71997, "Power_MxSpd": 2220.71997, "Speed_MFD": 22.0}