{"Interferences": 47, "Mass": 6.312168751362272, "Batt_amps_ratio_MFD": 1.71038628, "Batt_amps_ratio_MxSpd": 1.71038628, "Distance_MxSpd": 471.472443, "Max_Distance": 471.472443, "Hover_Time": 0.0, "Max_Speed": 21.0, "Max_uc_at_MFD": 0.999995291, "Mot_amps_ratio_MFD": 0.957191765, "Mot_amps_ratio_MxSpd": 0.957191765, "Mot_power_ratio_MFD": 0.472214609, "Mot_power_ratio_MxSpd": 0.472214609, "Power_MFD": 2345.14673, "Power_MxSpd": 2345.14673, "Speed_MFD": 21.0}