{"Interferences": 7, "Mass": 5.664418188097101, "Batt_amps_ratio_MFD": 2.03257203, "Batt_amps_ratio_MxSpd": 2.03257203, "Distance_MxSpd": 415.631042, "Max_Distance": 415.631042, "Hover_Time": 17.4826126, "Max_Speed": 22.0, "Max_uc_at_MFD": 0.940355241, "Mot_amps_ratio_MFD": 0.344394624, "Mot_amps_ratio_MxSpd": 0.344394624, "Mot_power_ratio_MFD": 0.0861471668, "Mot_power_ratio_MxSpd": 0.0861471668, "Power_MFD": 1286.20117, "Power_MxSpd": 1286.20117, "Speed_MFD": 22.0}