{"Interferences": 4, "Mass": 4.61601002263778, "Batt_amps_ratio_MFD": 1.15459704, "Batt_amps_ratio_MxSpd": 1.15459704, "Distance_MxSpd": 365.841949, "Max_Distance": 365.841949, "Hover_Time": 0.0, "Max_Speed": 11.0, "Max_uc_at_MFD": 0.984424949, "Mot_amps_ratio_MFD": 0.439471215, "Mot_amps_ratio_MxSpd": 0.439471215, "Mot_power_ratio_MFD": 0.162699074, "Mot_power_ratio_MxSpd": 0.162699074, "Power_MFD": 1088.10815, "Power_MxSpd": 1088.10815, "Speed_MFD": 11.0}