{"Interferences": 21, "Mass": 7.3769032855156285, "Batt_amps_ratio_MFD": 0.185390964, "Batt_amps_ratio_MxSpd": 0.185390964, "Distance_MxSpd": 3728.33691, "Max_Distance": 3728.33691, "Hover_Time": 219.271912, "Max_Speed": 18.0, "Max_uc_at_MFD": 0.99999994, "Mot_amps_ratio_MFD": 0.319512427, "Mot_amps_ratio_MxSpd": 0.319512427, "Mot_power_ratio_MFD": 0.151996627, "Mot_power_ratio_MxSpd": 0.151996627, "Power_MFD": 1767.10449, "Power_MxSpd": 1767.10449, "Speed_MFD": 18.0}