{"Interferences": 29, "Mass": 12.269533953915424, "Batt_amps_ratio_MFD": 0.861201286, "Batt_amps_ratio_MxSpd": 0.861201286, "Distance_MxSpd": 713.422058, "Max_Distance": 713.422058, "Hover_Time": 0.0, "Max_Speed": 16.0, "Max_uc_at_MFD": 0.994243026, "Mot_amps_ratio_MFD": 0.928643167, "Mot_amps_ratio_MxSpd": 0.928643167, "Mot_power_ratio_MFD": 0.458130628, "Mot_power_ratio_MxSpd": 0.458130628, "Power_MFD": 3317.32617, "Power_MxSpd": 3317.32617, "Speed_MFD": 16.0}