{"Interferences": 11, "Mass": 4.537176735666439, "Batt_amps_ratio_MFD": 1.62424982, "Batt_amps_ratio_MxSpd": 1.89819312, "Distance_MxSpd": 566.433411, "Max_Distance": 638.325439, "Hover_Time": 0.0, "Max_Speed": 28.0, "Max_uc_at_MFD": 0.451304883, "Mot_amps_ratio_MFD": 0.68195647, "Mot_amps_ratio_MxSpd": 0.996872187, "Mot_power_ratio_MFD": 0.667916179, "Mot_power_ratio_MxSpd": 0.976348341, "Power_MFD": 1384.76892, "Power_MxSpd": 1747.37769, "Speed_MFD": 27.0}