{"Interferences": 2, "Mass": 3.2490233662332977, "Batt_amps_ratio_MFD": 1.03370488, "Batt_amps_ratio_MxSpd": 1.03370488, "Distance_MxSpd": 557.218994, "Max_Distance": 557.218994, "Hover_Time": 0.0, "Max_Speed": 15.0, "Max_uc_at_MFD": 0.999999762, "Mot_amps_ratio_MFD": 0.193506509, "Mot_amps_ratio_MxSpd": 0.193506509, "Mot_power_ratio_MFD": 0.0721341223, "Mot_power_ratio_MxSpd": 0.0721341223, "Power_MFD": 779.98645, "Power_MxSpd": 779.98645, "Speed_MFD": 15.0}