{"Interferences": 7, "Mass": 6.588267636531558, "Batt_amps_ratio_MFD": 0.884269476, "Batt_amps_ratio_MxSpd": 1.04586327, "Distance_MxSpd": 771.037659, "Max_Distance": 781.66217, "Hover_Time": 46.3945847, "Max_Speed": 21.0, "Max_uc_at_MFD": 0.996018827, "Mot_amps_ratio_MFD": 0.686587155, "Mot_amps_ratio_MxSpd": 0.667359412, "Mot_power_ratio_MFD": 0.171743482, "Mot_power_ratio_MxSpd": 0.170481846, "Power_MFD": 1742.72888, "Power_MxSpd": 2171.4585, "Speed_MFD": 18.0}