{"Interferences": 21, "Mass": 9.966606568474596, "Batt_amps_ratio_MFD": 0.358889997, "Batt_amps_ratio_MxSpd": 0.358889997, "Distance_MxSpd": 3744.88013, "Max_Distance": 3744.88013, "Hover_Time": 319.166565, "Max_Speed": 14.0, "Max_uc_at_MFD": 0.972551703, "Mot_amps_ratio_MFD": 0.997778714, "Mot_amps_ratio_MxSpd": 0.997778714, "Mot_power_ratio_MFD": 0.748866677, "Mot_power_ratio_MxSpd": 0.748866677, "Power_MFD": 3210.75854, "Power_MxSpd": 3210.75854, "Speed_MFD": 14.0}