{"Interferences": 3, "Mass": 3.667846122617683, "Batt_amps_ratio_MFD": 1.00251555, "Batt_amps_ratio_MxSpd": 1.37289405, "Distance_MxSpd": 783.163147, "Max_Distance": 804.376587, "Hover_Time": 51.9729652, "Max_Speed": 28.0, "Max_uc_at_MFD": 0.760581493, "Mot_amps_ratio_MFD": 0.482158452, "Mot_amps_ratio_MxSpd": 0.656800508, "Mot_power_ratio_MFD": 0.237864837, "Mot_power_ratio_MxSpd": 0.324021578, "Power_MFD": 768.130127, "Power_MxSpd": 1362.8512, "Speed_MFD": 21.0}