{"Interferences": 10, "Mass": 4.717993215730317, "Batt_amps_ratio_MFD": 0.273536235, "Batt_amps_ratio_MxSpd": 0.273536235, "Distance_MxSpd": 2246.13745, "Max_Distance": 2246.13745, "Hover_Time": 117.895599, "Max_Speed": 16.0, "Max_uc_at_MFD": 0.996577382, "Mot_amps_ratio_MFD": 0.613014936, "Mot_amps_ratio_MxSpd": 0.613014936, "Mot_power_ratio_MFD": 0.459761202, "Mot_power_ratio_MxSpd": 0.459761202, "Power_MFD": 1346.18665, "Power_MxSpd": 1346.18665, "Speed_MFD": 16.0}