{"Interferences": 7, "Mass": 4.610178227261944, "Batt_amps_ratio_MFD": 0.365461886, "Batt_amps_ratio_MxSpd": 0.365461886, "Distance_MxSpd": 2521.74023, "Max_Distance": 2521.74023, "Hover_Time": 144.372726, "Max_Speed": 24.0, "Max_uc_at_MFD": 0.985271335, "Mot_amps_ratio_MFD": 0.741771698, "Mot_amps_ratio_MxSpd": 0.741771698, "Mot_power_ratio_MFD": 0.457425892, "Mot_power_ratio_MxSpd": 0.457425892, "Power_MFD": 1437.66455, "Power_MxSpd": 1437.66455, "Speed_MFD": 24.0}