{"Interferences": 17, "Mass": 5.599589654166833, "Batt_amps_ratio_MFD": 0.190721974, "Batt_amps_ratio_MxSpd": 0.190721974, "Distance_MxSpd": 2013.40198, "Max_Distance": 2013.40198, "Hover_Time": 118.520256, "Max_Speed": 10.0, "Max_uc_at_MFD": 0.995802522, "Mot_amps_ratio_MFD": 0.849660039, "Mot_amps_ratio_MxSpd": 0.849660039, "Mot_power_ratio_MFD": 0.628748417, "Mot_power_ratio_MxSpd": 0.628748417, "Power_MFD": 1001.82074, "Power_MxSpd": 1001.82074, "Speed_MFD": 10.0}