{"Interferences": 30, "Mass": 5.421016609185928, "Batt_amps_ratio_MFD": 0.493608117, "Batt_amps_ratio_MxSpd": 0.493608117, "Distance_MxSpd": 10502.2578, "Max_Distance": 10502.2578, "Hover_Time": 0.0, "Max_Speed": 27.0, "Max_uc_at_MFD": 0.980015337, "Mot_amps_ratio_MFD": 0.610595524, "Mot_amps_ratio_MxSpd": 0.610595524, "Mot_power_ratio_MFD": 0.203646511, "Mot_power_ratio_MxSpd": 0.203646511, "Power_MFD": 1492.07324, "Power_MxSpd": 1492.07324, "Speed_MFD": 27.0}