{
  "generator_version":"UAV2_gen12",
  "name":"design_47537_1e1f55f0a9d9418198d40de1c9789802_dw",
  "hub":{
    "node_type":"ConnectedHub6_Sym",
    "mainSegment":{
      "node_type":"BendSegment",
      "angle":-90.0,
      "armLength":182.00639060624428,
      "mainSegment":{
        "node_type":"BranchWithTopSegment_Sym",
        "armLength":350.4018621441353,
        "angle":120.0,
        "mainSegment":{
          "node_type":"PropArm",
          "armLength":410.5581006412941,
          "motor":{
            "motorType":"t_motor_MN5212KV420"
          },
          "prop":{
            "propType":"apc_propellers_15x5_5MR"
          },
          "flange":{
            "offset":-32.64534052568888,
            "angle":0.0
          }
        },
        "topSegment":{
          "node_type":"DoubleBendSegment",
          "angle":90.20564362363089,
          "arm1Length":249.8532228832338,
          "arm2Length":380.07011481357443,
          "mainSegment":{
            "node_type":"WingArm",
            "armLength":64.1828988471455,
            "wing":{
              "wingType":"Wing_horiz_hole",
              "nacaProfile":"6321",
              "span":1100.8590980772572,
              "chordInner":111.26088211547595,
              "chordOuter":74.02460558119368,
              "taperOffset":true,
              "aileronBias":0.49726976132318956,
              "flapBias":0.6815845797436253,
              "load":337.07702545628837,
              "tubeOffset":79.54538120565113,
              "tubeRot":288.7016755467282
            },
            "servo":{
              "servoType":"Hitec_HS_645MG"
            }
          }
        }
      }
    }
  },
  "fuselageWithComponents":{
    "node_type":"DualBatteryFuselageWithComponents",
    "battery":{
      "batteryType":"TurnigyGraphene1400mAh4S75C"
    },
    "fuselage":{
      "length":90.0,
      "vertDiameter":52.5,
      "horzDiameter":384.9,
      "floorHeight":8.75,
      "battery1X":0.0,
      "battery1Y":-10.5,
      "battery2X":0.0,
      "battery2Y":23.5,
      "rpmX":0.0,
      "rpmY":-118.3,
      "autoPilotX":0.0,
      "autoPilotY":62.0,
      "currentX":0.0,
      "currentY":-98.15,
      "voltageX":0.0,
      "voltageY":115.8,
      "gpsX":0.0,
      "gpsY":-58.0,
      "varioX":0.0,
      "varioY":94.15
    }
  }
}