{"Interferences": 42, "Mass": 5.31667410664407, "Batt_amps_ratio_MFD": 0.316020072, "Batt_amps_ratio_MxSpd": 0.316020072, "Distance_MxSpd": 5771.78516, "Max_Distance": 5771.78516, "Hover_Time": 0.0, "Max_Speed": 19.0, "Max_uc_at_MFD": 0.534647405, "Mot_amps_ratio_MFD": 0.665780902, "Mot_amps_ratio_MxSpd": 0.665780902, "Mot_power_ratio_MFD": 0.652073681, "Mot_power_ratio_MxSpd": 0.652073681, "Power_MFD": 1138.38953, "Power_MxSpd": 1138.38953, "Speed_MFD": 19.0}