{"Interferences": 0, "Mass": 5.403873942118663, "Batt_amps_ratio_MFD": 0.307183832, "Batt_amps_ratio_MxSpd": 0.409466892, "Distance_MxSpd": 6330.18213, "Max_Distance": 6562.8457, "Hover_Time": 448.192352, "Max_Speed": 27.0, "Max_uc_at_MFD": 0.74486357, "Mot_amps_ratio_MFD": 0.930327535, "Mot_amps_ratio_MxSpd": 0.999924958, "Mot_power_ratio_MFD": 0.688442409, "Mot_power_ratio_MxSpd": 0.739944458, "Power_MFD": 1267.28015, "Power_MxSpd": 2063.63647, "Speed_MFD": 21.0}