{"Interferences": 8, "Mass": 4.300659876362377, "Batt_amps_ratio_MFD": 0.619371593, "Batt_amps_ratio_MxSpd": 0.69765842, "Distance_MxSpd": 605.453857, "Max_Distance": 619.983215, "Hover_Time": 0.0, "Max_Speed": 11.0, "Max_uc_at_MFD": 0.954100907, "Mot_amps_ratio_MFD": 0.791118026, "Mot_amps_ratio_MxSpd": 0.834114969, "Mot_power_ratio_MFD": 0.731784165, "Mot_power_ratio_MxSpd": 0.771556377, "Power_MFD": 2675.84497, "Power_MxSpd": 2975.21118, "Speed_MFD": 10.0}