{"Interferences": 31, "Mass": 13.563806047078812, "Batt_amps_ratio_MFD": 0.371013969, "Batt_amps_ratio_MxSpd": 0.371013969, "Distance_MxSpd": 7141.51025, "Max_Distance": 7141.51025, "Hover_Time": 373.800659, "Max_Speed": 23.0, "Max_uc_at_MFD": 0.999593377, "Mot_amps_ratio_MFD": 0.720249236, "Mot_amps_ratio_MxSpd": 0.720249236, "Mot_power_ratio_MFD": 0.540186942, "Mot_power_ratio_MxSpd": 0.540186942, "Power_MFD": 5565.73584, "Power_MxSpd": 5565.73584, "Speed_MFD": 23.0}