{"Interferences": 55, "Mass": 7.895534140724496, "Batt_amps_ratio_MFD": 0.18806687, "Batt_amps_ratio_MxSpd": 0.18806687, "Distance_MxSpd": 12761.418, "Max_Distance": 12761.418, "Hover_Time": 577.824524, "Max_Speed": 25.0, "Max_uc_at_MFD": 0.987134755, "Mot_amps_ratio_MFD": 0.482128292, "Mot_amps_ratio_MxSpd": 0.482128292, "Mot_power_ratio_MFD": 0.445968658, "Mot_power_ratio_MxSpd": 0.445968658, "Power_MFD": 1759.12964, "Power_MxSpd": 1759.12964, "Speed_MFD": 25.0}