{"Interferences": 11, "Mass": 4.111128654172044, "Batt_amps_ratio_MFD": 0.308041781, "Batt_amps_ratio_MxSpd": 0.308041781, "Distance_MxSpd": 4113.72754, "Max_Distance": 4113.72754, "Hover_Time": 0.0, "Max_Speed": 11.0, "Max_uc_at_MFD": 0.857916534, "Mot_amps_ratio_MFD": 0.792721212, "Mot_amps_ratio_MxSpd": 0.792721212, "Mot_power_ratio_MFD": 0.769930482, "Mot_power_ratio_MxSpd": 0.769930482, "Power_MFD": 718.943909, "Power_MxSpd": 718.943909, "Speed_MFD": 11.0}