{"Interferences": 4, "Mass": 5.37669197907905, "Batt_amps_ratio_MFD": 0.479217887, "Batt_amps_ratio_MxSpd": 0.557342708, "Distance_MxSpd": 4576.81982, "Max_Distance": 4636.12549, "Hover_Time": 244.357895, "Max_Speed": 31.0, "Max_uc_at_MFD": 0.777074158, "Mot_amps_ratio_MFD": 0.851465762, "Mot_amps_ratio_MxSpd": 0.975093424, "Mot_power_ratio_MFD": 0.630084634, "Mot_power_ratio_MxSpd": 0.721569121, "Power_MFD": 1413.24707, "Power_MxSpd": 1848.15002, "Speed_MFD": 27.0}