{"Interferences": 37, "Mass": 10.783961753771818, "Batt_amps_ratio_MFD": 0.728642523, "Batt_amps_ratio_MxSpd": 0.728642523, "Distance_MxSpd": 3162.04419, "Max_Distance": 3162.04419, "Hover_Time": 0.0, "Max_Speed": 20.0, "Max_uc_at_MFD": 0.975889087, "Mot_amps_ratio_MFD": 0.673625469, "Mot_amps_ratio_MxSpd": 0.673625469, "Mot_power_ratio_MFD": 0.412454337, "Mot_power_ratio_MxSpd": 0.412454337, "Power_MFD": 1718.25952, "Power_MxSpd": 1718.25952, "Speed_MFD": 20.0}