{"Interferences": 32, "Mass": 4.0609869644006, "Batt_amps_ratio_MFD": 0.295818895, "Batt_amps_ratio_MxSpd": 0.295818895, "Distance_MxSpd": 2206.75537, "Max_Distance": 2206.75537, "Hover_Time": 129.068268, "Max_Speed": 17.0, "Max_uc_at_MFD": 0.985784769, "Mot_amps_ratio_MFD": 0.351967156, "Mot_amps_ratio_MxSpd": 0.351967156, "Mot_power_ratio_MFD": 0.176108837, "Mot_power_ratio_MxSpd": 0.176108837, "Power_MFD": 643.489075, "Power_MxSpd": 643.489075, "Speed_MFD": 17.0}