{"Interferences": 0, "Mass": 7.610499512949711, "Batt_amps_ratio_MFD": 0.665319502, "Batt_amps_ratio_MxSpd": 0.920508206, "Distance_MxSpd": 4380.18896, "Max_Distance": 4675.04688, "Hover_Time": 243.262436, "Max_Speed": 35.0, "Max_uc_at_MFD": 0.938535035, "Mot_amps_ratio_MFD": 0.312423229, "Mot_amps_ratio_MxSpd": 0.295361102, "Mot_power_ratio_MFD": 0.0892382637, "Mot_power_ratio_MxSpd": 0.0843647644, "Power_MFD": 2145.81738, "Power_MxSpd": 3295.37598, "Speed_MFD": 27.0}