{"Interferences": 16, "Mass": 7.357836796529023, "Batt_amps_ratio_MFD": 0.72761929, "Batt_amps_ratio_MxSpd": 0.978632092, "Distance_MxSpd": 7651.49658, "Max_Distance": 8180.10205, "Hover_Time": 371.691376, "Max_Speed": 39.0, "Max_uc_at_MFD": 0.744978845, "Mot_amps_ratio_MFD": 0.864119053, "Mot_amps_ratio_MxSpd": 0.885027587, "Mot_power_ratio_MFD": 0.820913136, "Mot_power_ratio_MxSpd": 0.840776205, "Power_MFD": 2684.09644, "Power_MxSpd": 4078.05151, "Speed_MFD": 31.0}