{"Interferences": 36, "Mass": 7.731786527971003, "Batt_amps_ratio_MFD": 0.318231434, "Batt_amps_ratio_MxSpd": 0.365493596, "Distance_MxSpd": 3467.09229, "Max_Distance": 3620.00708, "Hover_Time": 371.112732, "Max_Speed": 11.0, "Max_uc_at_MFD": 0.991907179, "Mot_amps_ratio_MFD": 0.769549966, "Mot_amps_ratio_MxSpd": 0.854617238, "Mot_power_ratio_MFD": 0.256661177, "Mot_power_ratio_MxSpd": 0.285032898, "Power_MFD": 1893.88672, "Power_MxSpd": 2389.02954, "Speed_MFD": 10.0}