{"Interferences": 31, "Mass": 5.608102924692164, "Batt_amps_ratio_MFD": 0.519631684, "Batt_amps_ratio_MxSpd": 0.519631684, "Distance_MxSpd": 443.390961, "Max_Distance": 443.390961, "Hover_Time": 0.0, "Max_Speed": 6.0, "Max_uc_at_MFD": 0.997563303, "Mot_amps_ratio_MFD": 0.86142242, "Mot_amps_ratio_MxSpd": 0.86142242, "Mot_power_ratio_MFD": 0.382471561, "Mot_power_ratio_MxSpd": 0.382471561, "Power_MFD": 1898.87329, "Power_MxSpd": 1898.87329, "Speed_MFD": 6.0}