{"Interferences": 43, "Mass": 4.094508031664598, "Batt_amps_ratio_MFD": 1.22068596, "Batt_amps_ratio_MxSpd": 1.22068596, "Distance_MxSpd": 692.069885, "Max_Distance": 692.069885, "Hover_Time": 36.2364807, "Max_Speed": 22.0, "Max_uc_at_MFD": 0.997832179, "Mot_amps_ratio_MFD": 0.736220896, "Mot_amps_ratio_MxSpd": 0.736220896, "Mot_power_ratio_MFD": 0.277018696, "Mot_power_ratio_MxSpd": 0.277018696, "Power_MFD": 884.621338, "Power_MxSpd": 884.621338, "Speed_MFD": 22.0}