{"Interferences": 2, "Mass": 3.91802758932459, "Batt_amps_ratio_MFD": 1.5045917, "Batt_amps_ratio_MxSpd": 1.5045917, "Distance_MxSpd": 357.306244, "Max_Distance": 357.306244, "Hover_Time": 0.0, "Max_Speed": 14.0, "Max_uc_at_MFD": 0.98395586, "Mot_amps_ratio_MFD": 0.850325942, "Mot_amps_ratio_MxSpd": 0.850325942, "Mot_power_ratio_MFD": 0.426069289, "Mot_power_ratio_MxSpd": 0.426069289, "Power_MFD": 1619.75293, "Power_MxSpd": 1619.75293, "Speed_MFD": 14.0}