{"Interferences": 5, "Mass": 3.51933216292369, "Batt_amps_ratio_MFD": 0.397345692, "Batt_amps_ratio_MxSpd": 0.495638996, "Distance_MxSpd": 1704.46643, "Max_Distance": 1836.18445, "Hover_Time": 88.2104111, "Max_Speed": 22.0, "Max_uc_at_MFD": 0.841494501, "Mot_amps_ratio_MFD": 0.644250095, "Mot_amps_ratio_MxSpd": 0.692074418, "Mot_power_ratio_MFD": 0.322719753, "Mot_power_ratio_MxSpd": 0.346676052, "Power_MFD": 760.553894, "Power_MxSpd": 1031.8186, "Speed_MFD": 19.0}