{"Interferences": 0, "Mass": 3.8661815328738895, "Batt_amps_ratio_MFD": 0.523543894, "Batt_amps_ratio_MxSpd": 0.657479107, "Distance_MxSpd": 1693.74207, "Max_Distance": 1760.31091, "Hover_Time": 102.808449, "Max_Speed": 29.0, "Max_uc_at_MFD": 0.819575429, "Mot_amps_ratio_MFD": 0.429138958, "Mot_amps_ratio_MxSpd": 0.616100848, "Mot_power_ratio_MFD": 0.21502687, "Mot_power_ratio_MxSpd": 0.308707088, "Power_MFD": 1023.01489, "Power_MxSpd": 1486.75769, "Speed_MFD": 24.0}