{"Interferences": 10, "Mass": 3.294854661334134, "Batt_amps_ratio_MFD": 0.550917983, "Batt_amps_ratio_MxSpd": 0.550917983, "Distance_MxSpd": 139.403702, "Max_Distance": 139.403702, "Hover_Time": 69.6184158, "Max_Speed": 2.0, "Max_uc_at_MFD": 0.836695373, "Mot_amps_ratio_MFD": 0.253149182, "Mot_amps_ratio_MxSpd": 0.253149182, "Mot_power_ratio_MFD": 0.16912587, "Mot_power_ratio_MxSpd": 0.16912587, "Power_MFD": 475.748993, "Power_MxSpd": 475.748993, "Speed_MFD": 2.0}