{"Interferences": 8, "Mass": 8.696983577568325, "Batt_amps_ratio_MFD": 0.450550944, "Batt_amps_ratio_MxSpd": 0.450550944, "Distance_MxSpd": 4261.44922, "Max_Distance": 4261.44922, "Hover_Time": 0.0, "Max_Speed": 10.0, "Max_uc_at_MFD": 0.998366594, "Mot_amps_ratio_MFD": 0.775912583, "Mot_amps_ratio_MxSpd": 0.775912583, "Mot_power_ratio_MFD": 0.773972809, "Mot_power_ratio_MxSpd": 0.773972809, "Power_MFD": 1657.30994, "Power_MxSpd": 1657.30994, "Speed_MFD": 10.0}