{"Interferences": 0, "Mass": 12.789138048292108, "Batt_amps_ratio_MFD": 0.346806496, "Batt_amps_ratio_MxSpd": 0.346806496, "Distance_MxSpd": 6311.30078, "Max_Distance": 6311.30078, "Hover_Time": 0.0, "Max_Speed": 19.0, "Max_uc_at_MFD": 0.308793098, "Mot_amps_ratio_MFD": 0.477756888, "Mot_amps_ratio_MxSpd": 0.477756888, "Mot_power_ratio_MFD": 0.883850276, "Mot_power_ratio_MxSpd": 0.883850276, "Power_MFD": 2420.59375, "Power_MxSpd": 2420.59375, "Speed_MFD": 19.0}