{"Interferences": 9, "Mass": 6.8236038367989575, "Batt_amps_ratio_MFD": 0.396769494, "Batt_amps_ratio_MxSpd": 0.472510785, "Distance_MxSpd": 1137.75183, "Max_Distance": 1161.37964, "Hover_Time": 0.0, "Max_Speed": 14.0, "Max_uc_at_MFD": 0.731679142, "Mot_amps_ratio_MFD": 0.685849369, "Mot_amps_ratio_MxSpd": 0.808725953, "Mot_power_ratio_MFD": 0.514753163, "Mot_power_ratio_MxSpd": 0.604863644, "Power_MFD": 2178.84692, "Power_MxSpd": 2793.07251, "Speed_MFD": 12.0}