{"Interferences": 2, "Mass": 4.14457452106829, "Batt_amps_ratio_MFD": 0.814288259, "Batt_amps_ratio_MxSpd": 1.03825378, "Distance_MxSpd": 1220.51086, "Max_Distance": 1226.10144, "Hover_Time": 74.844162, "Max_Speed": 33.0, "Max_uc_at_MFD": 0.680411875, "Mot_amps_ratio_MFD": 0.68643111, "Mot_amps_ratio_MxSpd": 0.98448211, "Mot_power_ratio_MFD": 0.423299164, "Mot_power_ratio_MxSpd": 0.607097268, "Power_MFD": 1195.39636, "Power_MxSpd": 2031.50476, "Speed_MFD": 26.0}