{"Interferences": 14, "Mass": 5.197935250757305, "Batt_amps_ratio_MFD": 0.345028073, "Batt_amps_ratio_MxSpd": 0.345028073, "Distance_MxSpd": 2782.38208, "Max_Distance": 2782.38208, "Hover_Time": 0.0, "Max_Speed": 25.0, "Max_uc_at_MFD": 0.979925156, "Mot_amps_ratio_MFD": 0.763694048, "Mot_amps_ratio_MxSpd": 0.763694048, "Mot_power_ratio_MFD": 0.565133572, "Mot_power_ratio_MxSpd": 0.565133572, "Power_MFD": 1346.49988, "Power_MxSpd": 1346.49988, "Speed_MFD": 25.0}