{"Interferences": 21, "Mass": 5.74081506950448, "Batt_amps_ratio_MFD": 0.458967656, "Batt_amps_ratio_MxSpd": 0.632804573, "Distance_MxSpd": 4551.16846, "Max_Distance": 5019.96143, "Hover_Time": 256.842163, "Max_Speed": 35.0, "Max_uc_at_MFD": 0.896867692, "Mot_amps_ratio_MFD": 0.411380261, "Mot_amps_ratio_MxSpd": 0.40874368, "Mot_power_ratio_MFD": 0.380526721, "Mot_power_ratio_MxSpd": 0.378087908, "Power_MFD": 1713.68176, "Power_MxSpd": 2829.65503, "Speed_MFD": 28.0}