{"Interferences": 15, "Mass": 4.390684838643608, "Batt_amps_ratio_MFD": 1.17693746, "Batt_amps_ratio_MxSpd": 2.3900497, "Distance_MxSpd": 642.66449, "Max_Distance": 913.557434, "Hover_Time": 52.5936852, "Max_Speed": 40.0, "Max_uc_at_MFD": 0.787183166, "Mot_amps_ratio_MFD": 0.786421597, "Mot_amps_ratio_MxSpd": 0.855536163, "Mot_power_ratio_MFD": 0.787222266, "Mot_power_ratio_MxSpd": 0.856407285, "Power_MFD": 1671.56396, "Power_MxSpd": 4166.18701, "Speed_MFD": 28.0}