{"Interferences": 8, "Mass": 4.408375922579981, "Batt_amps_ratio_MFD": 1.42765439, "Batt_amps_ratio_MxSpd": 2.84110546, "Distance_MxSpd": 432.50769, "Max_Distance": 591.739868, "Hover_Time": 29.8301697, "Max_Speed": 32.0, "Max_uc_at_MFD": 0.387889296, "Mot_amps_ratio_MFD": 0.535773635, "Mot_amps_ratio_MxSpd": 0.95957756, "Mot_power_ratio_MFD": 0.505502462, "Mot_power_ratio_MxSpd": 0.905361414, "Power_MFD": 927.232788, "Power_MxSpd": 2800.7583, "Speed_MFD": 22.0}