{"Interferences": 2, "Mass": 4.199737417162064, "Batt_amps_ratio_MFD": 0.300348967, "Batt_amps_ratio_MxSpd": 0.300348967, "Distance_MxSpd": 4986.19971, "Max_Distance": 4986.19971, "Hover_Time": 0.0, "Max_Speed": 13.0, "Max_uc_at_MFD": 0.949319005, "Mot_amps_ratio_MFD": 0.475455761, "Mot_amps_ratio_MxSpd": 0.475455761, "Mot_power_ratio_MFD": 0.351837248, "Mot_power_ratio_MxSpd": 0.351837248, "Power_MFD": 1134.6449, "Power_MxSpd": 1134.6449, "Speed_MFD": 13.0}