{"Interferences": 2, "Mass": 2.722448981688393, "Batt_amps_ratio_MFD": 0.461114287, "Batt_amps_ratio_MxSpd": 0.5618366, "Distance_MxSpd": 1708.68176, "Max_Distance": 1748.80725, "Hover_Time": 120.911766, "Max_Speed": 25.0, "Max_uc_at_MFD": 0.986707926, "Mot_amps_ratio_MFD": 0.469630003, "Mot_amps_ratio_MxSpd": 0.430943906, "Mot_power_ratio_MFD": 0.231684133, "Mot_power_ratio_MxSpd": 0.212598994, "Power_MFD": 662.469604, "Power_MxSpd": 900.056824, "Speed_MFD": 21.0}