{"Interferences": 44, "Mass": 6.549893193178335, "Batt_amps_ratio_MFD": 0.91247642, "Batt_amps_ratio_MxSpd": 1.12382901, "Distance_MxSpd": 1230.08044, "Max_Distance": 1304.58167, "Hover_Time": 59.2206116, "Max_Speed": 36.0, "Max_uc_at_MFD": 0.612027526, "Mot_amps_ratio_MFD": 0.754951417, "Mot_amps_ratio_MxSpd": 0.842931986, "Mot_power_ratio_MFD": 0.698330045, "Mot_power_ratio_MxSpd": 0.779712081, "Power_MFD": 2424.5791, "Power_MxSpd": 3384.75659, "Speed_MFD": 31.0}