{"Interferences": 3, "Mass": 4.3582204036047765, "Batt_amps_ratio_MFD": 1.36271346, "Batt_amps_ratio_MxSpd": 1.36271346, "Distance_MxSpd": 760.8349, "Max_Distance": 760.8349, "Hover_Time": 46.2653198, "Max_Speed": 27.0, "Max_uc_at_MFD": 0.985164285, "Mot_amps_ratio_MFD": 0.373634726, "Mot_amps_ratio_MxSpd": 0.373634726, "Mot_power_ratio_MFD": 0.0933986679, "Mot_power_ratio_MxSpd": 0.0933986679, "Power_MFD": 1294.69836, "Power_MxSpd": 1294.69836, "Speed_MFD": 27.0}