{"Interferences": 22, "Mass": 6.5025283743331785, "Batt_amps_ratio_MFD": 0.193841353, "Batt_amps_ratio_MxSpd": 0.193841353, "Distance_MxSpd": 11291.708, "Max_Distance": 11291.708, "Hover_Time": 0.0, "Max_Speed": 19.0, "Max_uc_at_MFD": 0.967295527, "Mot_amps_ratio_MFD": 0.415894032, "Mot_amps_ratio_MxSpd": 0.415894032, "Mot_power_ratio_MFD": 0.138616472, "Mot_power_ratio_MxSpd": 0.138616472, "Power_MFD": 1283.52942, "Power_MxSpd": 1283.52942, "Speed_MFD": 19.0}