{"Interferences": 0, "Mass": 3.5322559079433824, "Batt_amps_ratio_MFD": 0.1519586, "Batt_amps_ratio_MxSpd": 0.1519586, "Distance_MxSpd": 3537.80591, "Max_Distance": 3537.80591, "Hover_Time": 279.667908, "Max_Speed": 14.0, "Max_uc_at_MFD": 0.991593957, "Mot_amps_ratio_MFD": 0.217982143, "Mot_amps_ratio_MxSpd": 0.217982143, "Mot_power_ratio_MFD": 0.111429028, "Mot_power_ratio_MxSpd": 0.111429028, "Power_MFD": 485.518921, "Power_MxSpd": 485.518921, "Speed_MFD": 14.0}