{"Interferences": 14, "Mass": 10.204616083862144, "Batt_amps_ratio_MFD": 0.676350474, "Batt_amps_ratio_MxSpd": 0.676350474, "Distance_MxSpd": 7664.66553, "Max_Distance": 7664.66553, "Hover_Time": 330.003998, "Max_Speed": 27.0, "Max_uc_at_MFD": 0.335592002, "Mot_amps_ratio_MFD": 0.456280589, "Mot_amps_ratio_MxSpd": 0.456280589, "Mot_power_ratio_MFD": 0.914506495, "Mot_power_ratio_MxSpd": 0.914506495, "Power_MFD": 2191.19067, "Power_MxSpd": 2191.19067, "Speed_MFD": 27.0}