{"Interferences": 10, "Mass": 6.342891274676852, "Batt_amps_ratio_MFD": 2.1798768, "Batt_amps_ratio_MxSpd": 2.1798768, "Distance_MxSpd": 105.694046, "Max_Distance": 105.694046, "Hover_Time": 38.9410782, "Max_Speed": 6.0, "Max_uc_at_MFD": 0.996785641, "Mot_amps_ratio_MFD": 0.891471267, "Mot_amps_ratio_MxSpd": 0.891471267, "Mot_power_ratio_MFD": 0.594919324, "Mot_power_ratio_MxSpd": 0.594919324, "Power_MFD": 2902.62109, "Power_MxSpd": 2902.62109, "Speed_MFD": 6.0}