{"Interferences": 26, "Mass": 5.291249805769306, "Batt_amps_ratio_MFD": 0.445524603, "Batt_amps_ratio_MxSpd": 0.568057239, "Distance_MxSpd": 2501.15649, "Max_Distance": 2844.28735, "Hover_Time": 132.252121, "Max_Speed": 37.0, "Max_uc_at_MFD": 0.957949162, "Mot_amps_ratio_MFD": 0.758294165, "Mot_amps_ratio_MxSpd": 0.631360412, "Mot_power_ratio_MFD": 0.701422095, "Mot_power_ratio_MxSpd": 0.584008396, "Power_MFD": 2462.60132, "Power_MxSpd": 3010.47632, "Speed_MFD": 33.0}