{"Interferences": 14, "Mass": 2.5512068357199134, "Batt_amps_ratio_MFD": 0.398125321, "Batt_amps_ratio_MxSpd": 0.398125321, "Distance_MxSpd": 2121.94482, "Max_Distance": 2121.94482, "Hover_Time": 0.0, "Max_Speed": 22.0, "Max_uc_at_MFD": 0.99999994, "Mot_amps_ratio_MFD": 0.712999642, "Mot_amps_ratio_MxSpd": 0.712999642, "Mot_power_ratio_MFD": 0.26380986, "Mot_power_ratio_MxSpd": 0.26380986, "Power_MFD": 651.077209, "Power_MxSpd": 651.077209, "Speed_MFD": 22.0}