{"Interferences": 17, "Mass": 10.514082291531128, "Batt_amps_ratio_MFD": 1.67086744, "Batt_amps_ratio_MxSpd": 1.67086744, "Distance_MxSpd": 1264.01404, "Max_Distance": 1264.01404, "Hover_Time": 0.0, "Max_Speed": 11.0, "Max_uc_at_MFD": 0.959106207, "Mot_amps_ratio_MFD": 0.990896225, "Mot_amps_ratio_MxSpd": 0.990896225, "Mot_power_ratio_MFD": 0.62327373, "Mot_power_ratio_MxSpd": 0.62327373, "Power_MFD": 5132.98291, "Power_MxSpd": 5132.98291, "Speed_MFD": 11.0}