{"Interferences": 12, "Mass": 7.851077749583864, "Batt_amps_ratio_MFD": 0.127321601, "Batt_amps_ratio_MxSpd": 0.127321601, "Distance_MxSpd": 14476.7275, "Max_Distance": 14476.7275, "Hover_Time": 955.05304, "Max_Speed": 16.0, "Max_uc_at_MFD": 0.740622222, "Mot_amps_ratio_MFD": 0.694449723, "Mot_amps_ratio_MxSpd": 0.694449723, "Mot_power_ratio_MFD": 0.513892829, "Mot_power_ratio_MxSpd": 0.513892829, "Power_MFD": 1447.94446, "Power_MxSpd": 1447.94446, "Speed_MFD": 16.0}