{"Interferences": 2, "Mass": 3.31669081273878, "Batt_amps_ratio_MFD": 0.850609362, "Batt_amps_ratio_MxSpd": 0.850609362, "Distance_MxSpd": 135.432327, "Max_Distance": 135.432327, "Hover_Time": 45.1310577, "Max_Speed": 3.0, "Max_uc_at_MFD": 0.701857686, "Mot_amps_ratio_MFD": 0.870422363, "Mot_amps_ratio_MxSpd": 0.870422363, "Mot_power_ratio_MFD": 0.327010989, "Mot_power_ratio_MxSpd": 0.327010989, "Power_MFD": 628.695007, "Power_MxSpd": 628.695007, "Speed_MFD": 3.0}