{"Interferences": 6, "Mass": 4.644399349310457, "Batt_amps_ratio_MFD": 0.733807623, "Batt_amps_ratio_MxSpd": 0.733807623, "Distance_MxSpd": 627.95752, "Max_Distance": 627.95752, "Hover_Time": 0.0, "Max_Speed": 12.0, "Max_uc_at_MFD": 0.920940101, "Mot_amps_ratio_MFD": 0.501081645, "Mot_amps_ratio_MxSpd": 0.501081645, "Mot_power_ratio_MFD": 0.250540823, "Mot_power_ratio_MxSpd": 0.250540823, "Power_MFD": 590.044495, "Power_MxSpd": 590.044495, "Speed_MFD": 12.0}