{"Interferences": 3, "Mass": 3.1728441382062766, "Batt_amps_ratio_MFD": 0.38170296, "Batt_amps_ratio_MxSpd": 0.38170296, "Distance_MxSpd": 1509.02673, "Max_Distance": 1509.02673, "Hover_Time": 115.984459, "Max_Speed": 15.0, "Max_uc_at_MFD": 0.994560003, "Mot_amps_ratio_MFD": 0.311092556, "Mot_amps_ratio_MxSpd": 0.311092556, "Mot_power_ratio_MFD": 0.116684347, "Mot_power_ratio_MxSpd": 0.116684347, "Power_MFD": 432.028748, "Power_MxSpd": 432.028748, "Speed_MFD": 15.0}