{"Interferences": 8, "Mass": 4.252461264277399, "Batt_amps_ratio_MFD": 1.51642144, "Batt_amps_ratio_MxSpd": 2.1857326, "Distance_MxSpd": 562.191345, "Max_Distance": 607.746643, "Hover_Time": 30.7283306, "Max_Speed": 32.0, "Max_uc_at_MFD": 0.702960908, "Mot_amps_ratio_MFD": 0.362191617, "Mot_amps_ratio_MxSpd": 0.58051914, "Mot_power_ratio_MFD": 0.227818534, "Mot_power_ratio_MxSpd": 0.365146548, "Power_MFD": 1042.37573, "Power_MxSpd": 2065.1228, "Speed_MFD": 24.0}