{"Interferences": 10, "Mass": 5.330897102120072, "Batt_amps_ratio_MFD": 1.40018463, "Batt_amps_ratio_MxSpd": 1.58233738, "Distance_MxSpd": 679.501099, "Max_Distance": 685.623901, "Hover_Time": 36.6950188, "Max_Speed": 28.0, "Max_uc_at_MFD": 0.916274786, "Mot_amps_ratio_MFD": 0.832557321, "Mot_amps_ratio_MxSpd": 0.741644084, "Mot_power_ratio_MFD": 0.410728276, "Mot_power_ratio_MxSpd": 0.466494113, "Power_MFD": 1395.32788, "Power_MxSpd": 1728.14722, "Speed_MFD": 25.0}