{"Interferences": 8, "Mass": 4.085042872138477, "Batt_amps_ratio_MFD": 1.26918995, "Batt_amps_ratio_MxSpd": 1.71600544, "Distance_MxSpd": 693.704102, "Max_Distance": 726.132446, "Hover_Time": 45.9238663, "Max_Speed": 31.0, "Max_uc_at_MFD": 0.946770191, "Mot_amps_ratio_MFD": 0.81566906, "Mot_amps_ratio_MxSpd": 0.708804846, "Mot_power_ratio_MFD": 0.40783453, "Mot_power_ratio_MxSpd": 0.354402423, "Power_MFD": 1126.37354, "Power_MxSpd": 1786.31726, "Speed_MFD": 24.0}