{"Interferences": 2, "Mass": 5.339647636464427, "Batt_amps_ratio_MFD": 0.722266436, "Batt_amps_ratio_MxSpd": 0.828458309, "Distance_MxSpd": 1297.8324, "Max_Distance": 1329.14941, "Hover_Time": 78.460556, "Max_Speed": 28.0, "Max_uc_at_MFD": 0.943038881, "Mot_amps_ratio_MFD": 0.34657535, "Mot_amps_ratio_MxSpd": 0.332894683, "Mot_power_ratio_MFD": 0.213721469, "Mot_power_ratio_MxSpd": 0.205285057, "Power_MFD": 1476.87, "Power_MxSpd": 1912.5061, "Speed_MFD": 25.0}