{
  "generator_version":"UAV2_gen12",
  "name":"design_40258_d0a0b399d2704b8b8c64d0cb84cb2c9b_dw",
  "hub":{
    "node_type":"ConnectedHub6_2_2_2",
    "frontSegment":{
      "node_type":"DoubleBendSegment",
      "angle":-0.23012559943038013,
      "arm1Length":190.19337935162562,
      "arm2Length":283.20961775948456,
      "mainSegment":{
        "node_type":"PropArm",
        "armLength":82.62157300821455,
        "motor":{
          "motorType":"kde_direct_KDE3510XF_475"
        },
        "prop":{
          "propType":"apc_propellers_18x6W"
        },
        "flange":{
          "offset":23.277878691435646,
          "angle":0.0
        }
      }
    },
    "middleSegment":{
      "node_type":"AngledWingArm",
      "arm1Length":169.3777481520171,
      "arm2Length":117.45665706005877,
      "wing":{
        "wingType":"Wing_horiz_hole",
        "nacaProfile":"6421",
        "span":803.4520783968269,
        "chordInner":366.6537694648338,
        "chordOuter":84.15884059563838,
        "taperOffset":true,
        "aileronBias":0.42450281245496546,
        "flapBias":0.709631555501728,
        "load":233.45897491862624,
        "tubeOffset":26.172220369987702,
        "tubeRot":239.65931573843062
      },
      "servo":{
        "servoType":"Hitec_HS_65HB"
      }
    },
    "rearSegment":{
      "node_type":"PropArm",
      "armLength":220.22629500150217,
      "motor":{
        "motorType":"kde_direct_KDE3520XF_400"
      },
      "prop":{
        "propType":"apc_propellers_16x6"
      },
      "flange":{
        "offset":-7.130945852887891,
        "angle":0.0
      }
    }
  },
  "fuselageWithComponents":{
    "node_type":"DualBatteryFuselageWithComponents",
    "battery":{
      "batteryType":"TurnigyGraphene3000mAh6S75C"
    },
    "fuselage":{
      "length":137.0,
      "vertDiameter":67.5,
      "horzDiameter":429.9,
      "floorHeight":11.25,
      "battery1X":0.0,
      "battery1Y":-18.0,
      "battery2X":0.0,
      "battery2Y":31.0,
      "rpmX":0.0,
      "rpmY":-133.3,
      "autoPilotX":0.0,
      "autoPilotY":77.0,
      "currentX":0.0,
      "currentY":-113.15,
      "voltageX":0.0,
      "voltageY":130.8,
      "gpsX":0.0,
      "gpsY":-73.0,
      "varioX":0.0,
      "varioY":109.15
    }
  }
}