{
  "generator_version":"UAV2_gen12",
  "name":"design_5661_9464a2a3a9d34a83bc77b16c964a6bea_s",
  "hub":{
    "node_type":"ConnectedHub6_1_2_2_1",
    "frontCenterSegment":{
      "node_type":"AngledPropArm",
      "armLength":385.48391440807626,
      "motor":{
        "motorType":"kde_direct_KDE5215XF_435"
      },
      "prop":{
        "propType":"apc_propellers_17x7E"
      }
    },
    "frontSegment":{
      "node_type":"AngledWingArm",
      "arm1Length":303.8201110391865,
      "arm2Length":144.22248596186068,
      "wing":{
        "wingType":"Wing_vert_hole",
        "nacaProfile":"4506",
        "span":1619.3645032409004,
        "chordInner":323.37867410951844,
        "chordOuter":100.06938915669434,
        "taperOffset":true,
        "aileronBias":0.5827891358559446,
        "flapBias":0.7488174849584306,
        "load":761.978352652574,
        "tubeOffset":66.58906370298915,
        "tubeRot":270.07710178916216
      },
      "servo":{
        "servoType":"Hitec_HS_7235MH"
      }
    },
    "rearSegment":{
      "node_type":"AngledWingArm",
      "arm1Length":369.5204309916999,
      "arm2Length":180.91105543946557,
      "wing":{
        "wingType":"Wing_horiz_hole",
        "nacaProfile":"6315",
        "span":531.9605663385054,
        "chordInner":139.24360899237115,
        "chordOuter":76.49538771812854,
        "taperOffset":true,
        "aileronBias":0.5861671082648088,
        "flapBias":0.376734474410911,
        "load":240.73699706831334,
        "tubeOffset":25.64936401297558,
        "tubeRot":270.0
      },
      "servo":{
        "servoType":"Hitec_HS_45HB"
      }
    },
    "rearCenterSegment":{
      "node_type":"AngledPropArm",
      "armLength":303.73509812251973,
      "motor":{
        "motorType":"kde_direct_KDE4215XF_465"
      },
      "prop":{
        "propType":"apc_propellers_18x10E"
      }
    }
  },
  "fuselageWithComponents":{
    "node_type":"SingleBatteryFuselageWithComponents",
    "battery":{
      "batteryType":"TurnigyGraphene4000mAh6S75C"
    },
    "fuselage":{
      "length":145.0,
      "vertDiameter":76.5,
      "horzDiameter":362.4,
      "floorHeight":12.75,
      "batteryX":0.0,
      "batteryY":6.0,
      "rpmX":0.0,
      "rpmY":-110.8,
      "autoPilotX":0.0,
      "autoPilotY":54.5,
      "currentX":0.0,
      "currentY":-90.65,
      "voltageX":0.0,
      "voltageY":108.3,
      "gpsX":0.0,
      "gpsY":-50.5,
      "varioX":0.0,
      "varioY":86.65
    }
  }
}