{"Interferences": 8, "Mass": 4.10244779601438, "Batt_amps_ratio_MFD": 0.941849351, "Batt_amps_ratio_MxSpd": 0.941849351, "Distance_MxSpd": 1060.04211, "Max_Distance": 1060.04211, "Hover_Time": 52.2670937, "Max_Speed": 26.0, "Max_uc_at_MFD": 0.997510195, "Mot_amps_ratio_MFD": 0.256077796, "Mot_amps_ratio_MxSpd": 0.256077796, "Mot_power_ratio_MFD": 0.0954590514, "Mot_power_ratio_MxSpd": 0.0954590514, "Power_MFD": 1589.93115, "Power_MxSpd": 1589.93115, "Speed_MFD": 26.0}