{"Interferences": 3, "Mass": 3.7090967473452983, "Batt_amps_ratio_MFD": 1.18140709, "Batt_amps_ratio_MxSpd": 1.27717614, "Distance_MxSpd": 811.790894, "Max_Distance": 812.590332, "Hover_Time": 49.7029953, "Max_Speed": 27.0, "Max_uc_at_MFD": 0.90574801, "Mot_amps_ratio_MFD": 0.388834566, "Mot_amps_ratio_MxSpd": 0.449887902, "Mot_power_ratio_MFD": 0.239781305, "Mot_power_ratio_MxSpd": 0.277430862, "Power_MFD": 1052.89661, "Power_MxSpd": 1254.84314, "Speed_MFD": 25.0}