{"Interferences": 88, "Mass": 2.981826989889756, "Batt_amps_ratio_MFD": 0.697206676, "Batt_amps_ratio_MxSpd": 0.697206676, "Distance_MxSpd": 1046.46155, "Max_Distance": 1046.46155, "Hover_Time": 70.7760773, "Max_Speed": 19.0, "Max_uc_at_MFD": 0.999913037, "Mot_amps_ratio_MFD": 0.386799604, "Mot_amps_ratio_MxSpd": 0.386799604, "Mot_power_ratio_MFD": 0.238526434, "Mot_power_ratio_MxSpd": 0.238526434, "Power_MFD": 539.145508, "Power_MxSpd": 539.145508, "Speed_MFD": 19.0}