{"Interferences": 34, "Mass": 3.2321757726315576, "Batt_amps_ratio_MFD": 0.313830674, "Batt_amps_ratio_MxSpd": 0.313830674, "Distance_MxSpd": 1101.23071, "Max_Distance": 1101.23071, "Hover_Time": 0.0, "Max_Speed": 9.0, "Max_uc_at_MFD": 0.868343532, "Mot_amps_ratio_MFD": 0.454029143, "Mot_amps_ratio_MxSpd": 0.454029143, "Mot_power_ratio_MFD": 0.293983877, "Mot_power_ratio_MxSpd": 0.293983877, "Power_MFD": 415.088623, "Power_MxSpd": 415.088623, "Speed_MFD": 9.0}