{"Interferences": 83, "Mass": 10.284277091219296, "Batt_amps_ratio_MFD": 0.954586864, "Batt_amps_ratio_MxSpd": 0.954586864, "Distance_MxSpd": 1910.77429, "Max_Distance": 1910.77429, "Hover_Time": 0.0, "Max_Speed": 19.0, "Max_uc_at_MFD": 0.546731353, "Mot_amps_ratio_MFD": 0.926689088, "Mot_amps_ratio_MxSpd": 0.926689088, "Mot_power_ratio_MFD": 0.798124492, "Mot_power_ratio_MxSpd": 0.798124492, "Power_MFD": 2876.29614, "Power_MxSpd": 2876.29614, "Speed_MFD": 19.0}