{"Interferences": 31, "Mass": 5.638348693050551, "Batt_amps_ratio_MFD": 0.494387031, "Batt_amps_ratio_MxSpd": 0.619027197, "Distance_MxSpd": 1985.05005, "Max_Distance": 2097.14233, "Hover_Time": 106.58432, "Max_Speed": 32.0, "Max_uc_at_MFD": 0.967033923, "Mot_amps_ratio_MFD": 0.768199265, "Mot_amps_ratio_MxSpd": 0.664389312, "Mot_power_ratio_MFD": 0.376191676, "Mot_power_ratio_MxSpd": 0.325355351, "Power_MFD": 1479.35242, "Power_MxSpd": 1870.30444, "Speed_MFD": 27.0}