{"Interferences": 18, "Mass": 4.934605580035323, "Batt_amps_ratio_MFD": 0.340862393, "Batt_amps_ratio_MxSpd": 0.755711675, "Distance_MxSpd": 1676.83008, "Max_Distance": 2703.73022, "Hover_Time": 141.340698, "Max_Speed": 33.0, "Max_uc_at_MFD": 0.788861752, "Mot_amps_ratio_MFD": 0.515549064, "Mot_amps_ratio_MxSpd": 0.998480737, "Mot_power_ratio_MFD": 0.344432026, "Mot_power_ratio_MxSpd": 0.496276349, "Power_MFD": 1201.02905, "Power_MxSpd": 3823.8208, "Speed_MFD": 24.0}