{"Interferences": 45, "Mass": 3.287470725560176, "Batt_amps_ratio_MFD": 0.70634377, "Batt_amps_ratio_MxSpd": 1.03480732, "Distance_MxSpd": 1113.25073, "Max_Distance": 1196.01819, "Hover_Time": 77.6688156, "Max_Speed": 30.0, "Max_uc_at_MFD": 0.954863667, "Mot_amps_ratio_MFD": 0.725105166, "Mot_amps_ratio_MxSpd": 0.594946861, "Mot_power_ratio_MFD": 0.441887617, "Mot_power_ratio_MxSpd": 0.362567633, "Power_MFD": 775.975403, "Power_MxSpd": 1385.00366, "Speed_MFD": 22.0}