{"Interferences": 18, "Mass": 4.462879918603419, "Batt_amps_ratio_MFD": 2.01777506, "Batt_amps_ratio_MxSpd": 2.33435941, "Distance_MxSpd": 328.998199, "Max_Distance": 342.555511, "Hover_Time": 17.7301598, "Max_Speed": 20.0, "Max_uc_at_MFD": 0.994449437, "Mot_amps_ratio_MFD": 0.836816788, "Mot_amps_ratio_MxSpd": 0.852965295, "Mot_power_ratio_MFD": 0.41918084, "Mot_power_ratio_MxSpd": 0.427269995, "Power_MFD": 2405.16138, "Power_MxSpd": 2939.00464, "Speed_MFD": 18.0}