{"Interferences": 18, "Mass": 5.130527881533454, "Batt_amps_ratio_MFD": 0.715307236, "Batt_amps_ratio_MxSpd": 1.20146084, "Distance_MxSpd": 1278.44373, "Max_Distance": 1556.8136, "Hover_Time": 90.4968185, "Max_Speed": 40.0, "Max_uc_at_MFD": 0.828599095, "Mot_amps_ratio_MFD": 0.894095242, "Mot_amps_ratio_MxSpd": 0.880731106, "Mot_power_ratio_MFD": 0.441086978, "Mot_power_ratio_MxSpd": 0.434494019, "Power_MFD": 1719.99377, "Power_MxSpd": 3734.74756, "Speed_MFD": 29.0}