{"Interferences": 28, "Mass": 6.489509153109198, "Batt_amps_ratio_MFD": 0.347149163, "Batt_amps_ratio_MxSpd": 0.347149163, "Distance_MxSpd": 2875.99731, "Max_Distance": 2875.99731, "Hover_Time": 0.0, "Max_Speed": 26.0, "Max_uc_at_MFD": 0.845300972, "Mot_amps_ratio_MFD": 0.953039229, "Mot_amps_ratio_MxSpd": 0.953039229, "Mot_power_ratio_MFD": 0.705249071, "Mot_power_ratio_MxSpd": 0.705249071, "Power_MFD": 2491.02222, "Power_MxSpd": 2491.02222, "Speed_MFD": 26.0}