{"Interferences": 0, "Mass": 7.617286753628768, "Batt_amps_ratio_MFD": 0.730266392, "Batt_amps_ratio_MxSpd": 1.08566988, "Distance_MxSpd": 3289.39746, "Max_Distance": 3943.76611, "Hover_Time": 180.257477, "Max_Speed": 31.0, "Max_uc_at_MFD": 0.76344651, "Mot_amps_ratio_MFD": 0.510197401, "Mot_amps_ratio_MxSpd": 0.834894717, "Mot_power_ratio_MFD": 0.39065671, "Mot_power_ratio_MxSpd": 0.639276505, "Power_MFD": 3083.20264, "Power_MxSpd": 5263.34424, "Speed_MFD": 25.0}