{"Interferences": 19, "Mass": 6.814613556569053, "Batt_amps_ratio_MFD": 0.611212134, "Batt_amps_ratio_MxSpd": 0.9345873, "Distance_MxSpd": 4560.72949, "Max_Distance": 5277.38232, "Hover_Time": 0.0, "Max_Speed": 37.0, "Max_uc_at_MFD": 0.752580047, "Mot_amps_ratio_MFD": 0.821014225, "Mot_amps_ratio_MxSpd": 0.857407331, "Mot_power_ratio_MFD": 0.804111004, "Mot_power_ratio_MxSpd": 0.83975482, "Power_MFD": 2027.84924, "Power_MxSpd": 3496.27759, "Speed_MFD": 28.0}