{
  "generator_version":"UAV2_gen12",
  "name":"design_7417_d29cc103ea1044d6a3fa26a1e601ca36_dw",
  "hub":{
    "node_type":"ConnectedHub6_2_2_2",
    "frontSegment":{
      "node_type":"WingArm",
      "armLength":172.15567513473928,
      "wing":{
        "wingType":"Wing_vert_hole",
        "nacaProfile":"2506",
        "span":1734.8596433566156,
        "chordInner":404.251389816599,
        "chordOuter":170.3496760485986,
        "taperOffset":false,
        "aileronBias":0.2098436836106032,
        "flapBias":0.8659812872973445,
        "load":422.7285357183867,
        "tubeOffset":81.12397338483983,
        "tubeRot":270.0
      },
      "servo":{
        "servoType":"Hitec_HS_5055MG"
      }
    },
    "middleSegment":{
      "node_type":"WingArm",
      "armLength":253.69975485884478,
      "wing":{
        "wingType":"Wing_horiz_hole",
        "nacaProfile":"4306",
        "span":1595.8455829237532,
        "chordInner":399.4334813824568,
        "chordOuter":130.34356203672223,
        "taperOffset":false,
        "aileronBias":0.5236300827658988,
        "flapBias":0.28899901315863263,
        "load":197.54005014049716,
        "tubeOffset":73.39988867674882,
        "tubeRot":270.0
      },
      "servo":{
        "servoType":"Hitec_HS_70MG"
      }
    },
    "rearSegment":{
      "node_type":"PropArm",
      "armLength":420.41176251073585,
      "motor":{
        "motorType":"kde_direct_KDE700XF_295_G3"
      },
      "prop":{
        "propType":"apc_propellers_13x13_5N"
      },
      "flange":{
        "offset":9.977716758368786,
        "angle":0.0
      }
    }
  },
  "fuselageWithComponents":{
    "node_type":"DualBatteryFuselageWithComponents",
    "battery":{
      "batteryType":"Tattu25C7000mAh6S1P"
    },
    "fuselage":{
      "length":138.0,
      "vertDiameter":63.0,
      "horzDiameter":483.9,
      "floorHeight":10.5,
      "battery1X":0.0,
      "battery1Y":-27.0,
      "battery2X":0.0,
      "battery2Y":40.0,
      "rpmX":0.0,
      "rpmY":-151.3,
      "autoPilotX":0.0,
      "autoPilotY":95.0,
      "currentX":0.0,
      "currentY":-131.15,
      "voltageX":0.0,
      "voltageY":148.8,
      "gpsX":0.0,
      "gpsY":-91.0,
      "varioX":0.0,
      "varioY":127.15
    }
  }
}