{"Interferences": 2, "Mass": 3.053833857245068, "Batt_amps_ratio_MFD": 0.568961918, "Batt_amps_ratio_MxSpd": 0.568961918, "Distance_MxSpd": 1484.80945, "Max_Distance": 1484.80945, "Hover_Time": 101.449463, "Max_Speed": 22.0, "Max_uc_at_MFD": 0.99873513, "Mot_amps_ratio_MFD": 0.298305809, "Mot_amps_ratio_MxSpd": 0.298305809, "Mot_power_ratio_MFD": 0.199073017, "Mot_power_ratio_MxSpd": 0.199073017, "Power_MFD": 730.486938, "Power_MxSpd": 730.486938, "Speed_MFD": 22.0}