{"Interferences": 12, "Mass": 4.5721212943752585, "Batt_amps_ratio_MFD": 0.194229752, "Batt_amps_ratio_MxSpd": 0.194229752, "Distance_MxSpd": 12455.3525, "Max_Distance": 12455.3525, "Hover_Time": 0.0, "Max_Speed": 21.0, "Max_uc_at_MFD": 0.95109868, "Mot_amps_ratio_MFD": 0.675288081, "Mot_amps_ratio_MxSpd": 0.675288081, "Mot_power_ratio_MFD": 0.520447373, "Mot_power_ratio_MxSpd": 0.520447373, "Power_MFD": 1045.57068, "Power_MxSpd": 1045.57068, "Speed_MFD": 21.0}