{"Interferences": 31, "Mass": 3.0288386789747634, "Batt_amps_ratio_MFD": 0.423174053, "Batt_amps_ratio_MxSpd": 0.423174053, "Distance_MxSpd": 2268.57007, "Max_Distance": 2268.57007, "Hover_Time": 144.262192, "Max_Speed": 25.0, "Max_uc_at_MFD": 0.976852357, "Mot_amps_ratio_MFD": 0.546472132, "Mot_amps_ratio_MxSpd": 0.546472132, "Mot_power_ratio_MFD": 0.269592911, "Mot_power_ratio_MxSpd": 0.269592911, "Power_MFD": 844.689148, "Power_MxSpd": 844.689148, "Speed_MFD": 25.0}