{"Interferences": 63, "Mass": 4.516653405517973, "Batt_amps_ratio_MFD": 1.36899364, "Batt_amps_ratio_MxSpd": 1.64911592, "Distance_MxSpd": 721.841309, "Max_Distance": 757.344604, "Hover_Time": 45.8366318, "Max_Speed": 31.0, "Max_uc_at_MFD": 0.830521762, "Mot_amps_ratio_MFD": 0.821763694, "Mot_amps_ratio_MxSpd": 0.953689158, "Mot_power_ratio_MFD": 0.308730304, "Mot_power_ratio_MxSpd": 0.358293682, "Power_MFD": 1214.30249, "Power_MxSpd": 1657.31335, "Speed_MFD": 27.0}