{"Interferences": 17, "Mass": 5.6153235701803, "Batt_amps_ratio_MFD": 0.149646878, "Batt_amps_ratio_MxSpd": 0.149646878, "Distance_MxSpd": 4362.26904, "Max_Distance": 4362.26904, "Hover_Time": 280.451721, "Max_Speed": 17.0, "Max_uc_at_MFD": 0.999811351, "Mot_amps_ratio_MFD": 0.3045322, "Mot_amps_ratio_MxSpd": 0.3045322, "Mot_power_ratio_MFD": 0.187794864, "Mot_power_ratio_MxSpd": 0.187794864, "Power_MFD": 939.701477, "Power_MxSpd": 939.701477, "Speed_MFD": 17.0}