{"Interferences": 17, "Mass": 10.785127972734957, "Batt_amps_ratio_MFD": 0.467797399, "Batt_amps_ratio_MxSpd": 0.548502386, "Distance_MxSpd": 6475.81543, "Max_Distance": 6566.9458, "Hover_Time": 0.0, "Max_Speed": 37.0, "Max_uc_at_MFD": 0.520483732, "Mot_amps_ratio_MFD": 0.901482701, "Mot_amps_ratio_MxSpd": 0.994029224, "Mot_power_ratio_MFD": 0.889462948, "Mot_power_ratio_MxSpd": 0.980775476, "Power_MFD": 3038.22388, "Power_MxSpd": 4018.27075, "Speed_MFD": 32.0}