{"Interferences": 0, "Mass": 5.251167906577563, "Batt_amps_ratio_MFD": 0.603557944, "Batt_amps_ratio_MxSpd": 0.980077922, "Distance_MxSpd": 2770.62524, "Max_Distance": 2999.35718, "Hover_Time": 156.399063, "Max_Speed": 33.0, "Max_uc_at_MFD": 0.471415699, "Mot_amps_ratio_MFD": 0.649663031, "Mot_amps_ratio_MxSpd": 0.819376111, "Mot_power_ratio_MFD": 0.325014502, "Mot_power_ratio_MxSpd": 0.409918875, "Power_MFD": 1269.26245, "Power_MxSpd": 2460.48315, "Speed_MFD": 22.0}