{"Interferences": 23, "Mass": 4.917014706038812, "Batt_amps_ratio_MFD": 1.0233655, "Batt_amps_ratio_MxSpd": 1.0233655, "Distance_MxSpd": 675.418518, "Max_Distance": 675.418518, "Hover_Time": 50.3228073, "Max_Speed": 18.0, "Max_uc_at_MFD": 0.996670842, "Mot_amps_ratio_MFD": 0.973079681, "Mot_amps_ratio_MxSpd": 0.973079681, "Mot_power_ratio_MFD": 0.593006194, "Mot_power_ratio_MxSpd": 0.593006194, "Power_MFD": 2251.96753, "Power_MxSpd": 2251.96753, "Speed_MFD": 18.0}