{"Interferences": 19, "Mass": 4.793011618760602, "Batt_amps_ratio_MFD": 0.282476425, "Batt_amps_ratio_MxSpd": 0.377288878, "Distance_MxSpd": 3358.69971, "Max_Distance": 3534.45435, "Hover_Time": 188.166504, "Max_Speed": 33.0, "Max_uc_at_MFD": 0.773706853, "Mot_amps_ratio_MFD": 0.440918893, "Mot_amps_ratio_MxSpd": 0.611656666, "Mot_power_ratio_MFD": 0.2878941, "Mot_power_ratio_MxSpd": 0.36553964, "Power_MFD": 1178.02612, "Power_MxSpd": 2029.88794, "Speed_MFD": 26.0}