{"Interferences": 77, "Mass": 3.577388094150045, "Batt_amps_ratio_MFD": 0.175207108, "Batt_amps_ratio_MxSpd": 0.183879152, "Distance_MxSpd": 5220.82031, "Max_Distance": 5260.06055, "Hover_Time": 313.154388, "Max_Speed": 25.0, "Max_uc_at_MFD": 0.977373481, "Mot_amps_ratio_MFD": 0.69249177, "Mot_amps_ratio_MxSpd": 0.678170025, "Mot_power_ratio_MFD": 0.341629267, "Mot_power_ratio_MxSpd": 0.334563881, "Power_MFD": 848.47937, "Power_MxSpd": 896.877319, "Speed_MFD": 24.0}