{"Interferences": 76, "Mass": 7.161234256584508, "Batt_amps_ratio_MFD": 0.373094499, "Batt_amps_ratio_MxSpd": 0.413132101, "Distance_MxSpd": 7668.24951, "Max_Distance": 7719.22412, "Hover_Time": 358.376953, "Max_Speed": 33.0, "Max_uc_at_MFD": 0.918960512, "Mot_amps_ratio_MFD": 0.950129986, "Mot_amps_ratio_MxSpd": 0.986299455, "Mot_power_ratio_MFD": 0.712998927, "Mot_power_ratio_MxSpd": 0.740141332, "Power_MFD": 1961.96912, "Power_MxSpd": 2302.74878, "Speed_MFD": 30.0}