{"Interferences": 11, "Mass": 4.769200067303341, "Batt_amps_ratio_MFD": 1.14062953, "Batt_amps_ratio_MxSpd": 1.68653655, "Distance_MxSpd": 796.899414, "Max_Distance": 841.640503, "Hover_Time": 39.7067566, "Max_Speed": 35.0, "Max_uc_at_MFD": 0.858719528, "Mot_amps_ratio_MFD": 0.58382386, "Mot_amps_ratio_MxSpd": 0.863335013, "Mot_power_ratio_MFD": 0.36002472, "Mot_power_ratio_MxSpd": 0.532389939, "Power_MFD": 1411.20569, "Power_MxSpd": 2877.63867, "Speed_MFD": 25.0}