{
  "generator_version":"UAV2_gen12",
  "name":"design_4934_a66ee5b31eca45488d6e366d9d85e949_dw",
  "hub":{
    "node_type":"ConnectedHub4_2_2",
    "frontSegment":{
      "node_type":"PropArm",
      "armLength":205.85376977850962,
      "motor":{
        "motorType":"t_motor_AT4130KV450"
      },
      "prop":{
        "propType":"apc_propellers_15x4W"
      },
      "flange":{
        "offset":-46.50230809704138,
        "angle":270.0
      }
    },
    "rearSegment":{
      "node_type":"DoubleBendSegment",
      "angle":122.98894456185883,
      "arm1Length":426.42474980481126,
      "arm2Length":110.49215779219182,
      "mainSegment":{
        "node_type":"DoubleBendSegment",
        "angle":-90.0,
        "arm1Length":250.4847778212754,
        "arm2Length":379.0221210571147,
        "mainSegment":{
          "node_type":"CrossSegment",
          "armLength":479.45813656994454,
          "sideSegment":{
            "node_type":"AngledPropArm",
            "armLength":347.9018832623561,
            "motor":{
              "motorType":"t_motor_AT4120KV560"
            },
            "prop":{
              "propType":"apc_propellers_17x4W"
            }
          },
          "centerSegment":{
            "node_type":"WingArm",
            "armLength":445.6071476370835,
            "wing":{
              "wingType":"Wing_horiz_hole",
              "nacaProfile":"2315",
              "span":1567.9379025340793,
              "chordInner":392.5304391974924,
              "chordOuter":83.02993556239122,
              "taperOffset":false,
              "aileronBias":0.3247496094605386,
              "flapBias":0.6026248179258619,
              "load":311.8470520400326,
              "tubeOffset":10.675742674371067,
              "tubeRot":257.4975869675893
            },
            "servo":{
              "servoType":"Hitec_HS_55"
            }
          }
        }
      }
    }
  },
  "fuselageWithComponents":{
    "node_type":"DualBatteryFuselageWithComponents",
    "battery":{
      "batteryType":"TurnigyGraphene1500mAh4S75C"
    },
    "fuselage":{
      "length":91.0,
      "vertDiameter":52.5,
      "horzDiameter":387.9,
      "floorHeight":8.75,
      "battery1X":0.0,
      "battery1Y":-11.0,
      "battery2X":0.0,
      "battery2Y":24.0,
      "rpmX":0.0,
      "rpmY":-119.3,
      "autoPilotX":0.0,
      "autoPilotY":63.0,
      "currentX":0.0,
      "currentY":-99.15,
      "voltageX":0.0,
      "voltageY":116.8,
      "gpsX":0.0,
      "gpsY":-59.0,
      "varioX":0.0,
      "varioY":95.15
    }
  }
}