{"Interferences": 56, "Mass": 5.188896468633174, "Batt_amps_ratio_MFD": 0.372871906, "Batt_amps_ratio_MxSpd": 0.372871906, "Distance_MxSpd": 2471.62622, "Max_Distance": 2471.62622, "Hover_Time": 140.323639, "Max_Speed": 24.0, "Max_uc_at_MFD": 0.814637542, "Mot_amps_ratio_MFD": 0.87191987, "Mot_amps_ratio_MxSpd": 0.87191987, "Mot_power_ratio_MFD": 0.436052024, "Mot_power_ratio_MxSpd": 0.436052024, "Power_MFD": 1148.6731, "Power_MxSpd": 1148.6731, "Speed_MFD": 24.0}