{"Interferences": 2, "Mass": 3.700740696406197, "Batt_amps_ratio_MFD": 0.456098676, "Batt_amps_ratio_MxSpd": 0.456098676, "Distance_MxSpd": 1515.46155, "Max_Distance": 1515.46155, "Hover_Time": 97.0559692, "Max_Speed": 18.0, "Max_uc_at_MFD": 1.0, "Mot_amps_ratio_MFD": 0.284572512, "Mot_amps_ratio_MxSpd": 0.284572512, "Mot_power_ratio_MFD": 0.140389115, "Mot_power_ratio_MxSpd": 0.140389115, "Power_MFD": 640.824463, "Power_MxSpd": 640.824463, "Speed_MFD": 18.0}