{"Interferences": 34, "Mass": 12.968666653577996, "Batt_amps_ratio_MFD": 0.326709151, "Batt_amps_ratio_MxSpd": 0.326709151, "Distance_MxSpd": 822.750122, "Max_Distance": 822.750122, "Hover_Time": 0.0, "Max_Speed": 7.0, "Max_uc_at_MFD": 0.994468391, "Mot_amps_ratio_MFD": 0.627433896, "Mot_amps_ratio_MxSpd": 0.627433896, "Mot_power_ratio_MFD": 0.418715149, "Mot_power_ratio_MxSpd": 0.418715149, "Power_MFD": 1562.2218, "Power_MxSpd": 1562.2218, "Speed_MFD": 7.0}