{"Interferences": 3, "Mass": 2.998941445084062, "Batt_amps_ratio_MFD": 0.554481447, "Batt_amps_ratio_MxSpd": 0.615027189, "Distance_MxSpd": 1373.59778, "Max_Distance": 1385.07788, "Hover_Time": 94.9531937, "Max_Speed": 22.0, "Max_uc_at_MFD": 0.852972746, "Mot_amps_ratio_MFD": 0.452127814, "Mot_amps_ratio_MxSpd": 0.51512605, "Mot_power_ratio_MFD": 0.275532007, "Mot_power_ratio_MxSpd": 0.313923866, "Power_MFD": 613.382874, "Power_MxSpd": 732.681763, "Speed_MFD": 20.0}