{"Interferences": 38, "Mass": 7.210010204398503, "Batt_amps_ratio_MFD": 0.343813628, "Batt_amps_ratio_MxSpd": 0.467537761, "Distance_MxSpd": 1889.04529, "Max_Distance": 2010.39148, "Hover_Time": 0.0, "Max_Speed": 23.0, "Max_uc_at_MFD": 0.991992712, "Mot_amps_ratio_MFD": 0.907760799, "Mot_amps_ratio_MxSpd": 0.748546898, "Mot_power_ratio_MFD": 0.453976244, "Mot_power_ratio_MxSpd": 0.374352485, "Power_MFD": 1451.39673, "Power_MxSpd": 2152.13525, "Speed_MFD": 18.0}