{"Interferences": 26, "Mass": 5.353446769796058, "Batt_amps_ratio_MFD": 1.38162553, "Batt_amps_ratio_MxSpd": 1.38162553, "Distance_MxSpd": 500.280243, "Max_Distance": 500.280243, "Hover_Time": 0.0, "Max_Speed": 18.0, "Max_uc_at_MFD": 0.900866151, "Mot_amps_ratio_MFD": 0.684193611, "Mot_amps_ratio_MxSpd": 0.684193611, "Mot_power_ratio_MFD": 0.446738183, "Mot_power_ratio_MxSpd": 0.446738183, "Power_MFD": 1443.12781, "Power_MxSpd": 1443.12781, "Speed_MFD": 18.0}