{"Interferences": 163, "Mass": 14.4176664419599, "Batt_amps_ratio_MFD": 1.10788155, "Batt_amps_ratio_MxSpd": 1.25526989, "Distance_MxSpd": 1193.05017, "Max_Distance": 1247.78687, "Hover_Time": 0.0, "Max_Speed": 13.0, "Max_uc_at_MFD": 0.484889477, "Mot_amps_ratio_MFD": 0.51284641, "Mot_amps_ratio_MxSpd": 0.934896469, "Mot_power_ratio_MFD": 0.41269052, "Mot_power_ratio_MxSpd": 0.752316713, "Power_MFD": 2196.24951, "Power_MxSpd": 3493.03662, "Speed_MFD": 12.0}