{"Interferences": 12, "Mass": 6.530408586458816, "Batt_amps_ratio_MFD": 1.77569962, "Batt_amps_ratio_MxSpd": 2.35181713, "Distance_MxSpd": 440.850616, "Max_Distance": 454.130859, "Hover_Time": 28.5640602, "Max_Speed": 27.0, "Max_uc_at_MFD": 0.956633449, "Mot_amps_ratio_MFD": 0.741177976, "Mot_amps_ratio_MxSpd": 0.907701731, "Mot_power_ratio_MFD": 0.365647793, "Mot_power_ratio_MxSpd": 0.447799534, "Power_MFD": 1984.1427, "Power_MxSpd": 3211.56079, "Speed_MFD": 21.0}