{"Interferences": 6, "Mass": 5.187299979715596, "Batt_amps_ratio_MFD": 0.563742697, "Batt_amps_ratio_MxSpd": 0.563742697, "Distance_MxSpd": 1226.09119, "Max_Distance": 1226.09119, "Hover_Time": 81.3709488, "Max_Speed": 18.0, "Max_uc_at_MFD": 0.966715217, "Mot_amps_ratio_MFD": 0.496315837, "Mot_amps_ratio_MxSpd": 0.496315837, "Mot_power_ratio_MFD": 0.12406566, "Mot_power_ratio_MxSpd": 0.12406566, "Power_MFD": 1246.01038, "Power_MxSpd": 1246.01038, "Speed_MFD": 18.0}