{"Interferences": 69, "Mass": 4.152276132853761, "Batt_amps_ratio_MFD": 1.26995683, "Batt_amps_ratio_MxSpd": 1.42214203, "Distance_MxSpd": 702.039612, "Max_Distance": 725.69397, "Hover_Time": 44.5158653, "Max_Speed": 26.0, "Max_uc_at_MFD": 0.97932303, "Mot_amps_ratio_MFD": 0.397857189, "Mot_amps_ratio_MxSpd": 0.383919239, "Mot_power_ratio_MFD": 0.199131146, "Mot_power_ratio_MxSpd": 0.192155063, "Power_MFD": 911.048218, "Power_MxSpd": 1060.93982, "Speed_MFD": 24.0}