{"Interferences": 67, "Mass": 4.257311571676239, "Batt_amps_ratio_MFD": 0.888632715, "Batt_amps_ratio_MxSpd": 1.39290452, "Distance_MxSpd": 964.890259, "Max_Distance": 1080.31128, "Hover_Time": 61.0952492, "Max_Speed": 35.0, "Max_uc_at_MFD": 0.907036364, "Mot_amps_ratio_MFD": 0.68284601, "Mot_amps_ratio_MxSpd": 0.683588207, "Mot_power_ratio_MFD": 0.421088368, "Mot_power_ratio_MxSpd": 0.421546072, "Power_MFD": 1172.14417, "Power_MxSpd": 2163.62378, "Speed_MFD": 25.0}