{"Interferences": 18, "Mass": 4.608697470694955, "Batt_amps_ratio_MFD": 1.26695657, "Batt_amps_ratio_MxSpd": 1.61095917, "Distance_MxSpd": 619.755005, "Max_Distance": 636.485901, "Hover_Time": 27.8849373, "Max_Speed": 26.0, "Max_uc_at_MFD": 0.949626029, "Mot_amps_ratio_MFD": 0.562709212, "Mot_amps_ratio_MxSpd": 0.502375782, "Mot_power_ratio_MFD": 0.277603209, "Mot_power_ratio_MxSpd": 0.249696568, "Power_MFD": 1337.07422, "Power_MxSpd": 2089.72217, "Speed_MFD": 21.0}