{"Interferences": 16, "Mass": 6.016461807557824, "Batt_amps_ratio_MFD": 1.48451245, "Batt_amps_ratio_MxSpd": 2.0071075, "Distance_MxSpd": 746.148376, "Max_Distance": 853.613586, "Hover_Time": 38.6256828, "Max_Speed": 39.0, "Max_uc_at_MFD": 0.89031738, "Mot_amps_ratio_MFD": 0.635112941, "Mot_amps_ratio_MxSpd": 0.943544567, "Mot_power_ratio_MFD": 0.315671116, "Mot_power_ratio_MxSpd": 0.468971342, "Power_MFD": 2850.90991, "Power_MxSpd": 4474.69922, "Speed_MFD": 33.0}