{"Interferences": 36, "Mass": 5.918371816410233, "Batt_amps_ratio_MFD": 0.270200461, "Batt_amps_ratio_MxSpd": 0.270200461, "Distance_MxSpd": 1989.63403, "Max_Distance": 1989.63403, "Hover_Time": 0.0, "Max_Speed": 14.0, "Max_uc_at_MFD": 0.492956877, "Mot_amps_ratio_MFD": 0.977367997, "Mot_amps_ratio_MxSpd": 0.977367997, "Mot_power_ratio_MFD": 0.723252356, "Mot_power_ratio_MxSpd": 0.723252356, "Power_MFD": 970.678223, "Power_MxSpd": 970.678223, "Speed_MFD": 14.0}