{"Interferences": 7, "Mass": 5.029492724720163, "Batt_amps_ratio_MFD": 0.322973132, "Batt_amps_ratio_MxSpd": 0.335483551, "Distance_MxSpd": 8298.46973, "Max_Distance": 8322.67383, "Hover_Time": 430.336639, "Max_Speed": 29.0, "Max_uc_at_MFD": 0.948561251, "Mot_amps_ratio_MFD": 0.750851035, "Mot_amps_ratio_MxSpd": 0.79523927, "Mot_power_ratio_MFD": 0.563539088, "Mot_power_ratio_MxSpd": 0.596853971, "Power_MFD": 1513.36316, "Power_MxSpd": 1629.10571, "Speed_MFD": 28.0}