{"Interferences": 5, "Mass": 5.611587156648811, "Batt_amps_ratio_MFD": 1.96157432, "Batt_amps_ratio_MxSpd": 2.19554567, "Distance_MxSpd": 402.269012, "Max_Distance": 430.6745, "Hover_Time": 21.1688538, "Max_Speed": 23.0, "Max_uc_at_MFD": 0.603633821, "Mot_amps_ratio_MFD": 0.862885177, "Mot_amps_ratio_MxSpd": 0.928610802, "Mot_power_ratio_MFD": 0.889388084, "Mot_power_ratio_MxSpd": 0.957132399, "Power_MFD": 1533.40979, "Power_MxSpd": 1976.49561, "Speed_MFD": 22.0}