{"Interferences": 13, "Mass": 4.660213725483148, "Batt_amps_ratio_MFD": 0.763342738, "Batt_amps_ratio_MxSpd": 0.763342738, "Distance_MxSpd": 855.185974, "Max_Distance": 855.185974, "Hover_Time": 58.9367981, "Max_Speed": 17.0, "Max_uc_at_MFD": 0.999954164, "Mot_amps_ratio_MFD": 0.540216088, "Mot_amps_ratio_MxSpd": 0.540216088, "Mot_power_ratio_MFD": 0.199879944, "Mot_power_ratio_MxSpd": 0.199879944, "Power_MFD": 767.792908, "Power_MxSpd": 767.792908, "Speed_MFD": 17.0}