{
  "generator_version":"UAV2_gen12",
  "name":"design_2990_552a2a84d8ca42a4a0430c24f01829c5_s",
  "hub":{
    "node_type":"ConnectedHub6_2_2_2",
    "frontSegment":{
      "node_type":"PropArm",
      "armLength":312.3335063252145,
      "motor":{
        "motorType":"t_motor_AntigravityMN6007KV320"
      },
      "prop":{
        "propType":"apc_propellers_14x6"
      },
      "flange":{
        "offset":22.498686685700577,
        "angle":0.0
      }
    },
    "middleSegment":{
      "node_type":"AngledWingArm",
      "arm1Length":472.56886443420603,
      "arm2Length":87.72890228147133,
      "wing":{
        "wingType":"Wing_horiz_hole",
        "nacaProfile":"2406",
        "span":1918.4646869357257,
        "chordInner":197.7572791091547,
        "chordOuter":108.69309594912369,
        "taperOffset":true,
        "aileronBias":0.6708116127302375,
        "flapBias":0.8096755915050236,
        "load":682.4425704244962,
        "tubeOffset":11.044208405826685,
        "tubeRot":304.01840767417843
      },
      "servo":{
        "servoType":"Hitec_HS_85MG"
      }
    },
    "rearSegment":{
      "node_type":"PropArm",
      "armLength":175.96678775856287,
      "motor":{
        "motorType":"t_motor_MN3520KV400"
      },
      "prop":{
        "propType":"apc_propellers_17x8N"
      },
      "flange":{
        "offset":-38.13625083202322,
        "angle":0.0
      }
    }
  },
  "fuselageWithComponents":{
    "node_type":"SingleBatteryFuselageWithComponents",
    "battery":{
      "batteryType":"TattuPro25C22000mAh14S1P"
    },
    "fuselage":{
      "length":238.0,
      "vertDiameter":261.0,
      "horzDiameter":461.4,
      "floorHeight":43.5,
      "batteryX":0.0,
      "batteryY":6.0,
      "rpmX":0.0,
      "rpmY":-143.8,
      "autoPilotX":0.0,
      "autoPilotY":87.5,
      "currentX":0.0,
      "currentY":-123.65,
      "voltageX":0.0,
      "voltageY":141.3,
      "gpsX":0.0,
      "gpsY":-83.5,
      "varioX":0.0,
      "varioY":119.65
    }
  }
}