{"Interferences": 56, "Mass": 4.478698324549382, "Batt_amps_ratio_MFD": 1.14990771, "Batt_amps_ratio_MxSpd": 1.14990771, "Distance_MxSpd": 801.455627, "Max_Distance": 801.455627, "Hover_Time": 39.0156898, "Max_Speed": 24.0, "Max_uc_at_MFD": 0.988555968, "Mot_amps_ratio_MFD": 0.426945448, "Mot_amps_ratio_MxSpd": 0.426945448, "Mot_power_ratio_MFD": 0.142299891, "Mot_power_ratio_MxSpd": 0.142299891, "Power_MFD": 1503.16711, "Power_MxSpd": 1503.16711, "Speed_MFD": 24.0}