{"Interferences": 12, "Mass": 4.236068739448677, "Batt_amps_ratio_MFD": 1.07577705, "Batt_amps_ratio_MxSpd": 1.29789162, "Distance_MxSpd": 739.661133, "Max_Distance": 820.987915, "Hover_Time": 49.9482574, "Max_Speed": 25.0, "Max_uc_at_MFD": 0.986400187, "Mot_amps_ratio_MFD": 0.413979203, "Mot_amps_ratio_MxSpd": 0.80953902, "Mot_power_ratio_MFD": 0.191465378, "Mot_power_ratio_MxSpd": 0.304137588, "Power_MFD": 998.574646, "Power_MxSpd": 1184.28979, "Speed_MFD": 23.0}