{"Interferences": 31, "Mass": 5.607734726953837, "Batt_amps_ratio_MFD": 0.580280423, "Batt_amps_ratio_MxSpd": 0.580280423, "Distance_MxSpd": 5558.69189, "Max_Distance": 5558.69189, "Hover_Time": 292.489807, "Max_Speed": 28.0, "Max_uc_at_MFD": 0.807797968, "Mot_amps_ratio_MFD": 0.988753617, "Mot_amps_ratio_MxSpd": 0.988753617, "Mot_power_ratio_MFD": 0.731677711, "Mot_power_ratio_MxSpd": 0.731677711, "Power_MFD": 1485.71143, "Power_MxSpd": 1485.71143, "Speed_MFD": 28.0}