{"Interferences": 26, "Mass": 2.751393132918623, "Batt_amps_ratio_MFD": 0.437726945, "Batt_amps_ratio_MxSpd": 0.545020461, "Distance_MxSpd": 1690.94568, "Max_Distance": 1754.51855, "Hover_Time": 124.605988, "Max_Speed": 24.0, "Max_uc_at_MFD": 0.957035482, "Mot_amps_ratio_MFD": 0.562847853, "Mot_amps_ratio_MxSpd": 0.519902885, "Mot_power_ratio_MFD": 0.370228827, "Mot_power_ratio_MxSpd": 0.341980577, "Power_MFD": 580.845337, "Power_MxSpd": 806.965881, "Speed_MFD": 20.0}