{"Interferences": 21, "Mass": 10.318953198656796, "Batt_amps_ratio_MFD": 2.801512, "Batt_amps_ratio_MxSpd": 2.801512, "Distance_MxSpd": 8840.93945, "Max_Distance": 8840.93945, "Hover_Time": 349.032257, "Max_Speed": 43.0, "Max_uc_at_MFD": 0.513454616, "Mot_amps_ratio_MFD": 0.961128831, "Mot_amps_ratio_MxSpd": 0.961128831, "Mot_power_ratio_MFD": 0.948313773, "Mot_power_ratio_MxSpd": 0.948313773, "Power_MFD": 4188.4541, "Power_MxSpd": 4188.4541, "Speed_MFD": 43.0}