{"Interferences": 13, "Mass": 5.93570326664602, "Batt_amps_ratio_MFD": 1.87510228, "Batt_amps_ratio_MxSpd": 2.40406418, "Distance_MxSpd": 8864.9873, "Max_Distance": 9215.49707, "Hover_Time": 419.972351, "Max_Speed": 37.0, "Max_uc_at_MFD": 0.469772816, "Mot_amps_ratio_MFD": 0.656715155, "Mot_amps_ratio_MxSpd": 0.900685072, "Mot_power_ratio_MFD": 0.485969216, "Mot_power_ratio_MxSpd": 0.666506946, "Power_MFD": 1848.85693, "Power_MxSpd": 2890.07446, "Speed_MFD": 30.0}