{
  "generator_version":"UAV2_gen12",
  "name":"design_33006_84490dce55184556b3a5b587830c3127_dw_dl",
  "hub":{
    "node_type":"ConnectedHub6_2_2_2",
    "frontSegment":{
      "node_type":"AngledWingArm",
      "arm1Length":119.35297688858503,
      "arm2Length":161.06258352195692,
      "wing":{
        "wingType":"Wing_vert_hole",
        "nacaProfile":"4415",
        "span":689.4053267453729,
        "chordInner":476.8002758293116,
        "chordOuter":196.44938311733998,
        "taperOffset":true,
        "aileronBias":0.4879241281984893,
        "flapBias":0.9883124088036803,
        "load":494.19327848225316,
        "tubeOffset":13.814474059553845,
        "tubeRot":318.5352320531191
      },
      "servo":{
        "servoType":"Hitec_HS_85BB"
      }
    },
    "middleSegment":{
      "node_type":"DoubleBendSegment",
      "angle":-132.82938820489068,
      "arm1Length":357.74583812812324,
      "arm2Length":141.80989592703475,
      "mainSegment":{
        "node_type":"PropArm",
        "armLength":112.70414717904671,
        "motor":{
          "motorType":"kde_direct_KDE4215XF_465"
        },
        "prop":{
          "propType":"apc_propellers_17x6"
        },
        "flange":{
          "offset":43.45899313032257,
          "angle":180.0
        }
      }
    },
    "rearSegment":{
      "node_type":"PropArm",
      "armLength":411.080255880917,
      "motor":{
        "motorType":"t_motor_AT4120KV500"
      },
      "prop":{
        "propType":"apc_propellers_17x8E"
      },
      "flange":{
        "offset":-35.029758790020104,
        "angle":0.0
      }
    }
  },
  "fuselageWithComponents":{
    "node_type":"DualBatteryFuselageWithComponents",
    "battery":{
      "batteryType":"TurnigyGraphene4000mAh4S75C"
    },
    "fuselage":{
      "length":291.0,
      "vertDiameter":76.5,
      "horzDiameter":339.9,
      "floorHeight":12.75,
      "battery1X":-72.75,
      "battery1Y":6.0,
      "battery2X":73.75,
      "battery2Y":6.0,
      "rpmX":0.0,
      "rpmY":-103.3,
      "autoPilotX":0.0,
      "autoPilotY":47.0,
      "currentX":0.0,
      "currentY":-83.15,
      "voltageX":0.0,
      "voltageY":100.8,
      "gpsX":0.0,
      "gpsY":-43.0,
      "varioX":0.0,
      "varioY":79.15
    }
  }
}