{"Interferences": 20, "Mass": 5.553402526329536, "Batt_amps_ratio_MFD": 0.273475975, "Batt_amps_ratio_MxSpd": 0.273475975, "Distance_MxSpd": 2246.63257, "Max_Distance": 2246.63257, "Hover_Time": 134.37178, "Max_Speed": 16.0, "Max_uc_at_MFD": 0.974315941, "Mot_amps_ratio_MFD": 0.515754879, "Mot_amps_ratio_MxSpd": 0.515754879, "Mot_power_ratio_MFD": 0.344186693, "Mot_power_ratio_MxSpd": 0.344186693, "Power_MFD": 908.070007, "Power_MxSpd": 908.070007, "Speed_MFD": 16.0}