{"Interferences": 14, "Mass": 6.74068430062615, "Batt_amps_ratio_MFD": 1.80066156, "Batt_amps_ratio_MxSpd": 1.80066156, "Distance_MxSpd": 10236.2373, "Max_Distance": 10236.2373, "Hover_Time": 0.0, "Max_Speed": 32.0, "Max_uc_at_MFD": 0.81321317, "Mot_amps_ratio_MFD": 0.860658467, "Mot_amps_ratio_MxSpd": 0.860658467, "Mot_power_ratio_MFD": 0.862493098, "Mot_power_ratio_MxSpd": 0.862493098, "Power_MFD": 2760.03931, "Power_MxSpd": 2760.03931, "Speed_MFD": 32.0}