{"Interferences": 25, "Mass": 3.351808358171878, "Batt_amps_ratio_MFD": 0.112242751, "Batt_amps_ratio_MxSpd": 0.112242751, "Distance_MxSpd": 5815.96582, "Max_Distance": 5815.96582, "Hover_Time": 422.246643, "Max_Speed": 17.0, "Max_uc_at_MFD": 0.999472558, "Mot_amps_ratio_MFD": 0.57263273, "Mot_amps_ratio_MxSpd": 0.57263273, "Mot_power_ratio_MFD": 0.267630458, "Mot_power_ratio_MxSpd": 0.267630458, "Power_MFD": 521.469421, "Power_MxSpd": 521.469421, "Speed_MFD": 17.0}