{"Interferences": 0, "Mass": 5.279015666243609, "Batt_amps_ratio_MFD": 1.29714906, "Batt_amps_ratio_MxSpd": 1.29714906, "Distance_MxSpd": 1509.77258, "Max_Distance": 1509.77258, "Hover_Time": 0.0, "Max_Speed": 17.0, "Max_uc_at_MFD": 0.798143148, "Mot_amps_ratio_MFD": 0.60747987, "Mot_amps_ratio_MxSpd": 0.60747987, "Mot_power_ratio_MFD": 0.260274082, "Mot_power_ratio_MxSpd": 0.260274082, "Power_MFD": 3353.16357, "Power_MxSpd": 3353.16357, "Speed_MFD": 17.0}