{"Interferences": 52, "Mass": 8.345449751809019, "Batt_amps_ratio_MFD": 0.378318071, "Batt_amps_ratio_MxSpd": 0.378318071, "Distance_MxSpd": 1522.52832, "Max_Distance": 1522.52832, "Hover_Time": 0.0, "Max_Speed": 15.0, "Max_uc_at_MFD": 0.979418933, "Mot_amps_ratio_MFD": 0.990175605, "Mot_amps_ratio_MxSpd": 0.990175605, "Mot_power_ratio_MFD": 0.763037503, "Mot_power_ratio_MxSpd": 0.763037503, "Power_MFD": 1697.01501, "Power_MxSpd": 1697.01501, "Speed_MFD": 15.0}