{"Interferences": 9, "Mass": 4.647945087167395, "Batt_amps_ratio_MFD": 1.28796256, "Batt_amps_ratio_MxSpd": 1.76940453, "Distance_MxSpd": 759.577576, "Max_Distance": 804.992371, "Hover_Time": 41.5571365, "Max_Speed": 35.0, "Max_uc_at_MFD": 0.912479818, "Mot_amps_ratio_MFD": 0.429840744, "Mot_amps_ratio_MxSpd": 0.680755138, "Mot_power_ratio_MFD": 0.265068442, "Mot_power_ratio_MxSpd": 0.428195, "Power_MFD": 1566.82971, "Power_MxSpd": 2478.73438, "Speed_MFD": 27.0}