{"Interferences": 6, "Mass": 4.621999261575749, "Batt_amps_ratio_MFD": 0.48499012, "Batt_amps_ratio_MxSpd": 0.606066585, "Distance_MxSpd": 2090.85938, "Max_Distance": 2375.30615, "Hover_Time": 0.0, "Max_Speed": 33.0, "Max_uc_at_MFD": 0.978305817, "Mot_amps_ratio_MFD": 0.849595606, "Mot_amps_ratio_MxSpd": 0.992658138, "Mot_power_ratio_MFD": 0.523917317, "Mot_power_ratio_MxSpd": 0.612139165, "Power_MFD": 1913.61145, "Power_MxSpd": 2624.36084, "Speed_MFD": 30.0}