{"Interferences": 4, "Mass": 6.080575730653662, "Batt_amps_ratio_MFD": 2.96559787, "Batt_amps_ratio_MxSpd": 2.96559787, "Distance_MxSpd": 284.866669, "Max_Distance": 284.866669, "Hover_Time": 16.3374748, "Max_Speed": 22.0, "Max_uc_at_MFD": 0.879192591, "Mot_amps_ratio_MFD": 0.944422483, "Mot_amps_ratio_MxSpd": 0.944422483, "Mot_power_ratio_MFD": 0.630957067, "Mot_power_ratio_MxSpd": 0.630957067, "Power_MFD": 3595.36304, "Power_MxSpd": 3595.36304, "Speed_MFD": 22.0}