{"Interferences": 2, "Mass": 3.193844840713956, "Batt_amps_ratio_MFD": 1.08501315, "Batt_amps_ratio_MxSpd": 1.41284168, "Distance_MxSpd": 788.19873, "Max_Distance": 813.999329, "Hover_Time": 55.5320511, "Max_Speed": 29.0, "Max_uc_at_MFD": 0.675498009, "Mot_amps_ratio_MFD": 0.602467895, "Mot_amps_ratio_MxSpd": 0.958676338, "Mot_power_ratio_MFD": 0.302255094, "Mot_power_ratio_MxSpd": 0.480963051, "Power_MFD": 739.486755, "Power_MxSpd": 1273.95996, "Speed_MFD": 23.0}