{"Interferences": 12, "Mass": 6.038323980856086, "Batt_amps_ratio_MFD": 0.39184472, "Batt_amps_ratio_MxSpd": 0.537517965, "Distance_MxSpd": 2428.94189, "Max_Distance": 2645.94604, "Hover_Time": 136.59642, "Max_Speed": 34.0, "Max_uc_at_MFD": 0.7038427, "Mot_amps_ratio_MFD": 0.608324647, "Mot_amps_ratio_MxSpd": 0.977882206, "Mot_power_ratio_MFD": 0.400142431, "Mot_power_ratio_MxSpd": 0.643229187, "Power_MFD": 1620.71899, "Power_MxSpd": 2893.65674, "Speed_MFD": 27.0}