{"Interferences": 21, "Mass": 7.14842343968839, "Batt_amps_ratio_MFD": 0.454652488, "Batt_amps_ratio_MxSpd": 0.505022168, "Distance_MxSpd": 4752.2666, "Max_Distance": 4856.45654, "Hover_Time": 277.890381, "Max_Speed": 25.0, "Max_uc_at_MFD": 0.938379347, "Mot_amps_ratio_MFD": 0.658570349, "Mot_amps_ratio_MxSpd": 0.986958802, "Mot_power_ratio_MFD": 0.649789393, "Mot_power_ratio_MxSpd": 0.961436212, "Power_MFD": 1753.8811, "Power_MxSpd": 2264.50342, "Speed_MFD": 23.0}