{"Interferences": 8, "Mass": 4.517978459091515, "Batt_amps_ratio_MFD": 0.459072083, "Batt_amps_ratio_MxSpd": 0.459072083, "Distance_MxSpd": 1421.9989, "Max_Distance": 1421.9989, "Hover_Time": 91.9374847, "Max_Speed": 17.0, "Max_uc_at_MFD": 0.994939864, "Mot_amps_ratio_MFD": 0.313459456, "Mot_amps_ratio_MxSpd": 0.313459456, "Mot_power_ratio_MFD": 0.110025905, "Mot_power_ratio_MxSpd": 0.110025905, "Power_MFD": 987.789307, "Power_MxSpd": 987.789307, "Speed_MFD": 17.0}