{"Interferences": 2, "Mass": 2.270141957794149, "Batt_amps_ratio_MFD": 0.496068925, "Batt_amps_ratio_MxSpd": 0.496068925, "Distance_MxSpd": 1470.76343, "Max_Distance": 1470.76343, "Hover_Time": 110.822815, "Max_Speed": 19.0, "Max_uc_at_MFD": 0.935983539, "Mot_amps_ratio_MFD": 0.269641131, "Mot_amps_ratio_MxSpd": 0.269641131, "Mot_power_ratio_MFD": 0.174592644, "Mot_power_ratio_MxSpd": 0.174592644, "Power_MFD": 498.513916, "Power_MxSpd": 498.513916, "Speed_MFD": 19.0}