{"Interferences": 2, "Mass": 3.2652586439742968, "Batt_amps_ratio_MFD": 0.965701103, "Batt_amps_ratio_MxSpd": 1.23103511, "Distance_MxSpd": 748.638245, "Max_Distance": 795.277161, "Hover_Time": 53.3931351, "Max_Speed": 24.0, "Max_uc_at_MFD": 0.99047035, "Mot_amps_ratio_MFD": 0.711185634, "Mot_amps_ratio_MxSpd": 0.574450135, "Mot_power_ratio_MFD": 0.263138682, "Mot_power_ratio_MxSpd": 0.212546542, "Power_MFD": 696.634766, "Power_MxSpd": 949.479065, "Speed_MFD": 20.0}