{"Interferences": 10, "Mass": 3.141399648726737, "Batt_amps_ratio_MFD": 0.698167026, "Batt_amps_ratio_MxSpd": 1.18374658, "Distance_MxSpd": 1038.06006, "Max_Distance": 1210.02563, "Hover_Time": 83.4545441, "Max_Speed": 32.0, "Max_uc_at_MFD": 0.624750555, "Mot_amps_ratio_MFD": 0.375261754, "Mot_amps_ratio_MxSpd": 0.619696319, "Mot_power_ratio_MFD": 0.347117126, "Mot_power_ratio_MxSpd": 0.573219121, "Power_MFD": 763.240906, "Power_MxSpd": 2036.44177, "Speed_MFD": 22.0}