{"Interferences": 20, "Mass": 4.326343057256564, "Batt_amps_ratio_MFD": 1.10817266, "Batt_amps_ratio_MxSpd": 1.21323037, "Distance_MxSpd": 854.578064, "Max_Distance": 866.291016, "Hover_Time": 51.9826202, "Max_Speed": 27.0, "Max_uc_at_MFD": 0.988958836, "Mot_amps_ratio_MFD": 0.768949986, "Mot_amps_ratio_MxSpd": 0.986974776, "Mot_power_ratio_MFD": 0.569023013, "Mot_power_ratio_MxSpd": 0.730361342, "Power_MFD": 1675.13196, "Power_MxSpd": 1957.84241, "Speed_MFD": 25.0}