{
  "generator_version":"UAV2_gen12",
  "name":"design_957_e615c8513b9c42218705472cbb0eb1b2_dw",
  "hub":{
    "node_type":"ConnectedHub3_2_1",
    "angle":120.0,
    "centerSegment":{
      "node_type":"PropArm",
      "armLength":177.9867653071738,
      "motor":{
        "motorType":"kde_direct_KDE3520XF_400"
      },
      "prop":{
        "propType":"apc_propellers_16x12E"
      },
      "flange":{
        "offset":27.22615183087666,
        "angle":0.0
      }
    },
    "mainSegment":{
      "node_type":"AngledWingArm",
      "arm1Length":184.51285601806615,
      "arm2Length":82.86532033732912,
      "wing":{
        "wingType":"Wing_horiz_hole",
        "nacaProfile":"6309",
        "span":768.1058535146377,
        "chordInner":306.2322142680589,
        "chordOuter":113.84235544252847,
        "taperOffset":true,
        "aileronBias":0.10970770935863798,
        "flapBias":0.15485112298895687,
        "load":713.4111452033092,
        "tubeOffset":23.370979354720546,
        "tubeRot":238.83184434788248
      },
      "servo":{
        "servoType":"Hitec_HS_5565MH"
      }
    }
  },
  "fuselageWithComponents":{
    "node_type":"DualBatteryFuselageWithComponents",
    "battery":{
      "batteryType":"Tattu30C12000mAh6S1P"
    },
    "fuselage":{
      "length":190.0,
      "vertDiameter":106.5,
      "horzDiameter":450.9,
      "floorHeight":17.75,
      "battery1X":0.0,
      "battery1Y":-21.5,
      "battery2X":0.0,
      "battery2Y":34.5,
      "rpmX":0.0,
      "rpmY":-140.3,
      "autoPilotX":0.0,
      "autoPilotY":84.0,
      "currentX":0.0,
      "currentY":-120.15,
      "voltageX":0.0,
      "voltageY":137.8,
      "gpsX":0.0,
      "gpsY":-80.0,
      "varioX":0.0,
      "varioY":116.15
    }
  }
}