{"Interferences": 3, "Mass": 6.098012939034068, "Batt_amps_ratio_MFD": 1.51991498, "Batt_amps_ratio_MxSpd": 1.51991498, "Distance_MxSpd": 101.058289, "Max_Distance": 101.058289, "Hover_Time": 29.2427425, "Max_Speed": 4.0, "Max_uc_at_MFD": 0.999986291, "Mot_amps_ratio_MFD": 0.450287938, "Mot_amps_ratio_MxSpd": 0.450287938, "Mot_power_ratio_MFD": 0.225304216, "Mot_power_ratio_MxSpd": 0.225304216, "Power_MFD": 1437.85303, "Power_MxSpd": 1437.85303, "Speed_MFD": 4.0}