{"Interferences": 11, "Mass": 7.455409623331703, "Batt_amps_ratio_MFD": 1.49646616, "Batt_amps_ratio_MxSpd": 1.54513407, "Distance_MxSpd": 12301.8447, "Max_Distance": 12317.0176, "Hover_Time": 482.539642, "Max_Speed": 33.0, "Max_uc_at_MFD": 0.899830222, "Mot_amps_ratio_MFD": 0.927581131, "Mot_amps_ratio_MxSpd": 0.960315764, "Mot_power_ratio_MFD": 0.928525567, "Mot_power_ratio_MxSpd": 0.961293519, "Power_MFD": 2519.10742, "Power_MxSpd": 2661.07812, "Speed_MFD": 32.0}