{"Interferences": 3, "Mass": 4.866630750722942, "Batt_amps_ratio_MFD": 0.405119032, "Batt_amps_ratio_MxSpd": 0.423309058, "Distance_MxSpd": 2539.98828, "Max_Distance": 2559.2478, "Hover_Time": 108.934921, "Max_Speed": 28.0, "Max_uc_at_MFD": 0.922462463, "Mot_amps_ratio_MFD": 0.450715929, "Mot_amps_ratio_MxSpd": 0.468998671, "Mot_power_ratio_MFD": 0.277941495, "Mot_power_ratio_MxSpd": 0.289215833, "Power_MFD": 1465.76575, "Power_MxSpd": 1581.81042, "Speed_MFD": 27.0}