{"Interferences": 26, "Mass": 3.870065894192933, "Batt_amps_ratio_MFD": 1.36320877, "Batt_amps_ratio_MxSpd": 3.58627295, "Distance_MxSpd": 503.252289, "Max_Distance": 732.389648, "Hover_Time": 36.7553024, "Max_Speed": 47.0, "Max_uc_at_MFD": 0.871555805, "Mot_amps_ratio_MFD": 0.573653817, "Mot_amps_ratio_MxSpd": 0.893142462, "Mot_power_ratio_MFD": 0.539115489, "Mot_power_ratio_MxSpd": 0.848780334, "Power_MFD": 1112.67786, "Power_MxSpd": 5794.95312, "Speed_MFD": 26.0}