{"Interferences": 5, "Mass": 4.513929533488368, "Batt_amps_ratio_MFD": 0.394486487, "Batt_amps_ratio_MxSpd": 0.470078439, "Distance_MxSpd": 2042.21228, "Max_Distance": 2141.51831, "Hover_Time": 0.0, "Max_Speed": 25.0, "Max_uc_at_MFD": 0.586200833, "Mot_amps_ratio_MFD": 0.699882686, "Mot_amps_ratio_MxSpd": 0.956109583, "Mot_power_ratio_MFD": 0.525207758, "Mot_power_ratio_MxSpd": 0.717486143, "Power_MFD": 1056.20886, "Power_MxSpd": 1385.39343, "Speed_MFD": 22.0}