{
  "generator_version":"UAV2_gen12",
  "name":"design_3114_1e05a8695ece44f1b58acab9a5891a63_dw_dl",
  "hub":{
    "node_type":"ConnectedHub6_Sym",
    "mainSegment":{
      "node_type":"SidewaysBendWithTopSegment",
      "angle":90.75289781660999,
      "armLength":164.75290615111584,
      "mainSegment":{
        "node_type":"PropArm",
        "armLength":383.91770830285077,
        "motor":{
          "motorType":"t_motor_AT4130KV300"
        },
        "prop":{
          "propType":"apc_propellers_14x12N"
        },
        "flange":{
          "offset":-5.618767996540363,
          "angle":0.0
        }
      },
      "topSegment":{
        "node_type":"AngledWingArm",
        "arm1Length":226.41854470329176,
        "arm2Length":152.08391856944107,
        "wing":{
          "wingType":"Wing_horiz_hole",
          "nacaProfile":"4521",
          "span":669.9397408432835,
          "chordInner":438.06253753261683,
          "chordOuter":125.45092285186446,
          "taperOffset":false,
          "aileronBias":0.1292069153554649,
          "flapBias":0.23900185388902806,
          "load":288.565423540974,
          "tubeOffset":86.22035472967548,
          "tubeRot":270.0
        },
        "servo":{
          "servoType":"Hitec_HS_225BB"
        }
      }
    }
  },
  "fuselageWithComponents":{
    "node_type":"DualBatteryFuselageWithComponents",
    "battery":{
      "batteryType":"Tattu10C25000mAh6S1PHV"
    },
    "fuselage":{
      "length":415.0,
      "vertDiameter":136.5,
      "horzDiameter":383.4,
      "floorHeight":22.75,
      "battery1X":-103.75,
      "battery1Y":6.0,
      "battery2X":104.75,
      "battery2Y":6.0,
      "rpmX":0.0,
      "rpmY":-117.8,
      "autoPilotX":0.0,
      "autoPilotY":61.5,
      "currentX":0.0,
      "currentY":-97.65,
      "voltageX":0.0,
      "voltageY":115.3,
      "gpsX":0.0,
      "gpsY":-57.5,
      "varioX":0.0,
      "varioY":93.65
    }
  }
}