{"Interferences": 2, "Mass": 6.938316007358216, "Batt_amps_ratio_MFD": 4.09775734, "Batt_amps_ratio_MxSpd": 4.09775734, "Distance_MxSpd": 290.500366, "Max_Distance": 290.500366, "Hover_Time": 0.0, "Max_Speed": 31.0, "Max_uc_at_MFD": 0.999581933, "Mot_amps_ratio_MFD": 0.925837457, "Mot_amps_ratio_MxSpd": 0.925837457, "Mot_power_ratio_MFD": 0.927811027, "Mot_power_ratio_MxSpd": 0.927811027, "Power_MFD": 5957.95557, "Power_MxSpd": 5957.95557, "Speed_MFD": 31.0}