{"Interferences": 0, "Mass": 4.196978867738967, "Batt_amps_ratio_MFD": 0.451296657, "Batt_amps_ratio_MxSpd": 0.451296657, "Distance_MxSpd": 850.881592, "Max_Distance": 850.881592, "Hover_Time": 115.419846, "Max_Speed": 10.0, "Max_uc_at_MFD": 0.988570094, "Mot_amps_ratio_MFD": 0.333721817, "Mot_amps_ratio_MxSpd": 0.333721817, "Mot_power_ratio_MFD": 0.149442405, "Mot_power_ratio_MxSpd": 0.149442405, "Power_MFD": 972.682251, "Power_MxSpd": 972.682251, "Speed_MFD": 10.0}