{"Interferences": 2, "Mass": 2.781010677541577, "Batt_amps_ratio_MFD": 0.328834891, "Batt_amps_ratio_MxSpd": 0.328834891, "Distance_MxSpd": 0.0, "Max_Distance": 0.0, "Hover_Time": 116.775932, "Max_Speed": 0.0, "Max_uc_at_MFD": 0.673811257, "Mot_amps_ratio_MFD": 0.148839936, "Mot_amps_ratio_MxSpd": 0.148839936, "Mot_power_ratio_MFD": 0.0496079922, "Mot_power_ratio_MxSpd": 0.0496079922, "Power_MFD": 393.666168, "Power_MxSpd": 393.666168, "Speed_MFD": 0.0}