{"Interferences": 5, "Mass": 8.41018228854636, "Batt_amps_ratio_MFD": 0.589960337, "Batt_amps_ratio_MxSpd": 1.14722586, "Distance_MxSpd": 8786.41309, "Max_Distance": 11716.042, "Hover_Time": 481.949036, "Max_Speed": 35.0, "Max_uc_at_MFD": 0.976409376, "Mot_amps_ratio_MFD": 0.295055002, "Mot_amps_ratio_MxSpd": 0.885067046, "Mot_power_ratio_MFD": 0.229981855, "Mot_power_ratio_MxSpd": 0.857630014, "Power_MFD": 2158.61255, "Power_MxSpd": 3711.1333, "Speed_MFD": 24.0}