{"Interferences": 3, "Mass": 7.113208140874468, "Batt_amps_ratio_MFD": 2.33512378, "Batt_amps_ratio_MxSpd": 4.22272635, "Distance_MxSpd": 409.214325, "Max_Distance": 493.335754, "Hover_Time": 22.3853607, "Max_Speed": 45.0, "Max_uc_at_MFD": 0.671043575, "Mot_amps_ratio_MFD": 0.371359408, "Mot_amps_ratio_MxSpd": 0.67118305, "Mot_power_ratio_MFD": 0.106072351, "Mot_power_ratio_MxSpd": 0.191711754, "Power_MFD": 2424.12402, "Power_MxSpd": 6587.22314, "Speed_MFD": 30.0}