{"Interferences": 80, "Mass": 6.8415198681801765, "Batt_amps_ratio_MFD": 0.269103646, "Batt_amps_ratio_MxSpd": 0.269103646, "Distance_MxSpd": 9846.02051, "Max_Distance": 9846.02051, "Hover_Time": 472.673218, "Max_Speed": 23.0, "Max_uc_at_MFD": 0.999984622, "Mot_amps_ratio_MFD": 0.409691662, "Mot_amps_ratio_MxSpd": 0.409691662, "Mot_power_ratio_MFD": 0.389207065, "Mot_power_ratio_MxSpd": 0.389207065, "Power_MFD": 1493.91919, "Power_MxSpd": 1493.91919, "Speed_MFD": 23.0}