{
  "generator_version":"UAV2_gen12",
  "name":"design_4736_57a194aad2344209b7e50c408c947772_dw",
  "hub":{
    "node_type":"ConnectedHub4_Sym_Aligned",
    "mainSegment":{
      "node_type":"CrossSegment",
      "armLength":108.89799790230919,
      "sideSegment":{
        "node_type":"BendSegment",
        "angle":-78.31529115326322,
        "armLength":380.60949600433565,
        "mainSegment":{
          "node_type":"AngledWingArm",
          "arm1Length":396.2719625665632,
          "arm2Length":129.87757469307695,
          "wing":{
            "wingType":"Wing_horiz_hole",
            "nacaProfile":"0015",
            "span":1093.419398326097,
            "chordInner":246.7882652660776,
            "chordOuter":92.63285923252857,
            "taperOffset":false,
            "aileronBias":0.16747771282538165,
            "flapBias":0.16732051385964902,
            "load":151.60286554606975,
            "tubeOffset":27.806849374329605,
            "tubeRot":290.6046251618096
          },
          "servo":{
            "servoType":"Hitec_HS_85MG"
          }
        }
      },
      "centerSegment":{
        "node_type":"AngledPropArm",
        "armLength":431.0649052240769,
        "motor":{
          "motorType":"t_motor_AT4125KV540"
        },
        "prop":{
          "propType":"apc_propellers_18x8W"
        }
      }
    }
  },
  "fuselageWithComponents":{
    "node_type":"DualBatteryFuselageWithComponents",
    "battery":{
      "batteryType":"TurnigyGraphene3000mAh6S75C"
    },
    "fuselage":{
      "length":137.0,
      "vertDiameter":67.5,
      "horzDiameter":429.9,
      "floorHeight":11.25,
      "battery1X":0.0,
      "battery1Y":-18.0,
      "battery2X":0.0,
      "battery2Y":31.0,
      "rpmX":0.0,
      "rpmY":-133.3,
      "autoPilotX":0.0,
      "autoPilotY":77.0,
      "currentX":0.0,
      "currentY":-113.15,
      "voltageX":0.0,
      "voltageY":130.8,
      "gpsX":0.0,
      "gpsY":-73.0,
      "varioX":0.0,
      "varioY":109.15
    }
  }
}