{"Interferences": 16, "Mass": 9.036000318365083, "Batt_amps_ratio_MFD": 0.760490835, "Batt_amps_ratio_MxSpd": 1.06413639, "Distance_MxSpd": 5773.6958, "Max_Distance": 7069.11865, "Hover_Time": 207.945938, "Max_Speed": 32.0, "Max_uc_at_MFD": 0.964361429, "Mot_amps_ratio_MFD": 0.997994363, "Mot_amps_ratio_MxSpd": 0.850390792, "Mot_power_ratio_MFD": 0.769272506, "Mot_power_ratio_MxSpd": 0.655496955, "Power_MFD": 2774.76758, "Power_MxSpd": 3698.5708, "Speed_MFD": 28.0}