{"Interferences": 74, "Mass": 6.230708610333943, "Batt_amps_ratio_MFD": 0.530742049, "Batt_amps_ratio_MxSpd": 0.530742049, "Distance_MxSpd": 1229.97607, "Max_Distance": 1229.97607, "Hover_Time": 75.1258698, "Max_Speed": 17.0, "Max_uc_at_MFD": 0.669133306, "Mot_amps_ratio_MFD": 0.951150835, "Mot_amps_ratio_MxSpd": 0.951150835, "Mot_power_ratio_MFD": 0.703851581, "Mot_power_ratio_MxSpd": 0.703851581, "Power_MFD": 2466.45898, "Power_MxSpd": 2466.45898, "Speed_MFD": 17.0}