{"Interferences": 8, "Mass": 4.089073272434602, "Batt_amps_ratio_MFD": 1.57505238, "Batt_amps_ratio_MxSpd": 1.92481935, "Distance_MxSpd": 558.597839, "Max_Distance": 609.50354, "Hover_Time": 39.3907928, "Max_Speed": 28.0, "Max_uc_at_MFD": 0.730118811, "Mot_amps_ratio_MFD": 0.895602286, "Mot_amps_ratio_MxSpd": 0.696893036, "Mot_power_ratio_MFD": 0.448627859, "Mot_power_ratio_MxSpd": 0.349089801, "Power_MFD": 1119.66284, "Power_MxSpd": 1346.98938, "Speed_MFD": 25.0}