{"Interferences": 12, "Mass": 3.7668114139638034, "Batt_amps_ratio_MFD": 0.306793451, "Batt_amps_ratio_MxSpd": 0.404223949, "Distance_MxSpd": 2944.9021, "Max_Distance": 3254.30688, "Hover_Time": 194.348251, "Max_Speed": 31.0, "Max_uc_at_MFD": 0.945918679, "Mot_amps_ratio_MFD": 0.431515753, "Mot_amps_ratio_MxSpd": 0.431749403, "Mot_power_ratio_MFD": 0.39915207, "Mot_power_ratio_MxSpd": 0.399368197, "Power_MFD": 1294.98145, "Power_MxSpd": 1889.56201, "Speed_MFD": 26.0}