{"Interferences": 12, "Mass": 4.001725097584482, "Batt_amps_ratio_MFD": 0.376058042, "Batt_amps_ratio_MxSpd": 0.574933469, "Distance_MxSpd": 2137.29077, "Max_Distance": 2450.68555, "Hover_Time": 152.405029, "Max_Speed": 32.0, "Max_uc_at_MFD": 0.667176306, "Mot_amps_ratio_MFD": 0.780986011, "Mot_amps_ratio_MxSpd": 0.839286089, "Mot_power_ratio_MFD": 0.586069465, "Mot_power_ratio_MxSpd": 0.629819214, "Power_MFD": 1072.63464, "Power_MxSpd": 1878.35681, "Speed_MFD": 24.0}