{"Interferences": 21, "Mass": 8.407211382949379, "Batt_amps_ratio_MFD": 0.138462812, "Batt_amps_ratio_MxSpd": 0.138462812, "Distance_MxSpd": 16639.8457, "Max_Distance": 16639.8457, "Hover_Time": 0.0, "Max_Speed": 20.0, "Max_uc_at_MFD": 0.957993627, "Mot_amps_ratio_MFD": 0.93796736, "Mot_amps_ratio_MxSpd": 0.93796736, "Mot_power_ratio_MFD": 0.703871846, "Mot_power_ratio_MxSpd": 0.703871846, "Power_MFD": 1825.26721, "Power_MxSpd": 1825.26721, "Speed_MFD": 20.0}