{"Interferences": 1, "Mass": 5.43524400351403, "Batt_amps_ratio_MFD": 0.575233638, "Batt_amps_ratio_MxSpd": 0.634587348, "Distance_MxSpd": 5264.52344, "Max_Distance": 5407.19385, "Hover_Time": 225.197449, "Max_Speed": 29.0, "Max_uc_at_MFD": 0.804899573, "Mot_amps_ratio_MFD": 0.898596466, "Mot_amps_ratio_MxSpd": 0.879691124, "Mot_power_ratio_MFD": 0.872761786, "Mot_power_ratio_MxSpd": 0.854399979, "Power_MFD": 1520.21667, "Power_MxSpd": 1752.92261, "Speed_MFD": 27.0}