{"Interferences": 10, "Mass": 7.577888429231319, "Batt_amps_ratio_MFD": 2.2593143, "Batt_amps_ratio_MxSpd": 2.9281764, "Distance_MxSpd": 380.304962, "Max_Distance": 407.911407, "Hover_Time": 0.0, "Max_Speed": 29.0, "Max_uc_at_MFD": 0.999336839, "Mot_amps_ratio_MFD": 0.919539988, "Mot_amps_ratio_MxSpd": 0.784876168, "Mot_power_ratio_MFD": 0.631855369, "Mot_power_ratio_MxSpd": 0.502500474, "Power_MFD": 1814.81018, "Power_MxSpd": 2268.26807, "Speed_MFD": 24.0}