{"Interferences": 47, "Mass": 4.191530003876113, "Batt_amps_ratio_MFD": 0.293139756, "Batt_amps_ratio_MxSpd": 0.35607928, "Distance_MxSpd": 2911.71118, "Max_Distance": 3012.89722, "Hover_Time": 147.654953, "Max_Speed": 27.0, "Max_uc_at_MFD": 0.891177237, "Mot_amps_ratio_MFD": 0.701337874, "Mot_amps_ratio_MxSpd": 0.702314258, "Mot_power_ratio_MFD": 0.51899004, "Mot_power_ratio_MxSpd": 0.519712567, "Power_MFD": 1067.40015, "Power_MxSpd": 1415.97888, "Speed_MFD": 23.0}