{"Interferences": 16, "Mass": 7.338964320487145, "Batt_amps_ratio_MFD": 0.766797066, "Batt_amps_ratio_MxSpd": 0.766797066, "Distance_MxSpd": 5258.23584, "Max_Distance": 5258.23584, "Hover_Time": 189.00293, "Max_Speed": 35.0, "Max_uc_at_MFD": 0.979545176, "Mot_amps_ratio_MFD": 0.557623982, "Mot_amps_ratio_MxSpd": 0.557623982, "Mot_power_ratio_MFD": 0.308900833, "Mot_power_ratio_MxSpd": 0.308900833, "Power_MFD": 3645.8252, "Power_MxSpd": 3645.8252, "Speed_MFD": 35.0}