{"Interferences": 19, "Mass": 6.038088618957458, "Batt_amps_ratio_MFD": 1.34699142, "Batt_amps_ratio_MxSpd": 1.34699142, "Distance_MxSpd": 199.555847, "Max_Distance": 199.555847, "Hover_Time": 0.0, "Max_Speed": 7.0, "Max_uc_at_MFD": 0.997564614, "Mot_amps_ratio_MFD": 0.705214918, "Mot_amps_ratio_MxSpd": 0.705214918, "Mot_power_ratio_MFD": 0.470621973, "Mot_power_ratio_MxSpd": 0.470621973, "Power_MFD": 1614.44263, "Power_MxSpd": 1614.44263, "Speed_MFD": 7.0}