{"Interferences": 14, "Mass": 5.587460103768004, "Batt_amps_ratio_MFD": 0.822957277, "Batt_amps_ratio_MxSpd": 0.822957277, "Distance_MxSpd": 199.975662, "Max_Distance": 199.975662, "Hover_Time": 0.0, "Max_Speed": 2.0, "Max_uc_at_MFD": 0.826204717, "Mot_amps_ratio_MFD": 0.989608526, "Mot_amps_ratio_MxSpd": 0.989608526, "Mot_power_ratio_MFD": 0.742206395, "Mot_power_ratio_MxSpd": 0.742206395, "Power_MFD": 2469.79297, "Power_MxSpd": 2469.79297, "Speed_MFD": 2.0}