{
  "generator_version":"UAV2_gen12",
  "name":"design_3334_885719cdbb9045149282ea917232497b_s",
  "hub":{
    "node_type":"ConnectedHub4_2_2",
    "frontSegment":{
      "node_type":"DoubleBendSegment",
      "angle":133.2973661356654,
      "arm1Length":152.88618498417134,
      "arm2Length":159.7315398223854,
      "mainSegment":{
        "node_type":"DoubleBendSegment",
        "angle":-90.0,
        "arm1Length":155.92976137549186,
        "arm2Length":216.94617899998175,
        "mainSegment":{
          "node_type":"AngledWingArm",
          "arm1Length":229.16913174578775,
          "arm2Length":176.07203495089814,
          "wing":{
            "wingType":"Wing_horiz_hole",
            "nacaProfile":"2421",
            "span":805.6037197918663,
            "chordInner":128.65824590813563,
            "chordOuter":181.0837514223241,
            "taperOffset":true,
            "aileronBias":0.6411494315012476,
            "flapBias":0.63087938705631,
            "load":276.7942377793937,
            "tubeOffset":69.18250356026786,
            "tubeRot":270.0
          },
          "servo":{
            "servoType":"Hitec_HS_70MG"
          }
        }
      }
    },
    "rearSegment":{
      "node_type":"PropArm",
      "armLength":51.774956442346706,
      "motor":{
        "motorType":"t_motor_MN5212KV420"
      },
      "prop":{
        "propType":"apc_propellers_17x8N"
      },
      "flange":{
        "offset":0.1672937794510574,
        "angle":0.0
      }
    }
  },
  "fuselageWithComponents":{
    "node_type":"SingleBatteryFuselageWithComponents",
    "battery":{
      "batteryType":"TurnigyGraphene1200mAh6S75C"
    },
    "fuselage":{
      "length":84.0,
      "vertDiameter":52.5,
      "horzDiameter":353.4,
      "floorHeight":8.75,
      "batteryX":-4.5,
      "batteryY":6.0,
      "rpmX":-4.5,
      "rpmY":-107.8,
      "autoPilotX":-4.5,
      "autoPilotY":51.5,
      "currentX":-4.5,
      "currentY":-87.65,
      "voltageX":-4.5,
      "voltageY":105.3,
      "gpsX":-4.5,
      "gpsY":-47.5,
      "varioX":-4.5,
      "varioY":83.65
    }
  }
}