{"Interferences": 10, "Mass": 4.927545899205287, "Batt_amps_ratio_MFD": 0.314542592, "Batt_amps_ratio_MxSpd": 0.327240944, "Distance_MxSpd": 3168.30762, "Max_Distance": 3174.13306, "Hover_Time": 193.770004, "Max_Speed": 27.0, "Max_uc_at_MFD": 0.65916574, "Mot_amps_ratio_MFD": 0.97177577, "Mot_amps_ratio_MxSpd": 0.998072386, "Mot_power_ratio_MFD": 0.719114065, "Mot_power_ratio_MxSpd": 0.738573611, "Power_MFD": 1303.40906, "Power_MxSpd": 1396.86963, "Speed_MFD": 26.0}