{"Interferences": 15, "Mass": 6.566660936738844, "Batt_amps_ratio_MFD": 0.367897898, "Batt_amps_ratio_MxSpd": 0.445633173, "Distance_MxSpd": 2585.08594, "Max_Distance": 2609.41968, "Hover_Time": 121.542542, "Max_Speed": 30.0, "Max_uc_at_MFD": 0.662050605, "Mot_amps_ratio_MFD": 0.581703722, "Mot_amps_ratio_MxSpd": 0.73226124, "Mot_power_ratio_MFD": 0.382631779, "Mot_power_ratio_MxSpd": 0.481665194, "Power_MFD": 1414.63867, "Power_MxSpd": 2002.8186, "Speed_MFD": 25.0}