{"Interferences": 8, "Mass": 5.722710151269047, "Batt_amps_ratio_MFD": 0.531490386, "Batt_amps_ratio_MxSpd": 0.531490386, "Distance_MxSpd": 3406.05566, "Max_Distance": 3406.05566, "Hover_Time": 203.319305, "Max_Speed": 22.0, "Max_uc_at_MFD": 0.965003669, "Mot_amps_ratio_MFD": 0.739530087, "Mot_amps_ratio_MxSpd": 0.739530087, "Mot_power_ratio_MFD": 0.547252238, "Mot_power_ratio_MxSpd": 0.547252238, "Power_MFD": 1578.24841, "Power_MxSpd": 1578.24841, "Speed_MFD": 22.0}