{"Interferences": 15, "Mass": 5.107719794113872, "Batt_amps_ratio_MFD": 0.369797915, "Batt_amps_ratio_MxSpd": 0.369797915, "Distance_MxSpd": 934.564514, "Max_Distance": 934.564514, "Hover_Time": 103.173889, "Max_Speed": 9.0, "Max_uc_at_MFD": 0.999602497, "Mot_amps_ratio_MFD": 0.754259467, "Mot_amps_ratio_MxSpd": 0.754259467, "Mot_power_ratio_MFD": 0.496135116, "Mot_power_ratio_MxSpd": 0.496135116, "Power_MFD": 835.455444, "Power_MxSpd": 835.455444, "Speed_MFD": 9.0}