{"Interferences": 12, "Mass": 9.13492545103551, "Batt_amps_ratio_MFD": 0.427878529, "Batt_amps_ratio_MxSpd": 0.617999077, "Distance_MxSpd": 2671.84863, "Max_Distance": 2961.58838, "Hover_Time": 129.91713, "Max_Speed": 43.0, "Max_uc_at_MFD": 0.934982061, "Mot_amps_ratio_MFD": 0.554164529, "Mot_amps_ratio_MxSpd": 0.528808892, "Mot_power_ratio_MFD": 0.237431183, "Mot_power_ratio_MxSpd": 0.226567581, "Power_MFD": 3485.66382, "Power_MxSpd": 5565.5874, "Speed_MFD": 33.0}