{"Interferences": 8, "Mass": 8.264460993723453, "Batt_amps_ratio_MFD": 4.07286215, "Batt_amps_ratio_MxSpd": 4.84962797, "Distance_MxSpd": 229.625854, "Max_Distance": 254.563004, "Hover_Time": 11.2635279, "Max_Speed": 29.0, "Max_uc_at_MFD": 0.998534799, "Mot_amps_ratio_MFD": 0.530041873, "Mot_amps_ratio_MxSpd": 0.633673489, "Mot_power_ratio_MFD": 0.235082388, "Mot_power_ratio_MxSpd": 0.4228791, "Power_MFD": 3863.00366, "Power_MxSpd": 4879.1167, "Speed_MFD": 27.0}