{"Interferences": 18, "Mass": 4.473578384898582, "Batt_amps_ratio_MFD": 0.707146347, "Batt_amps_ratio_MxSpd": 0.801162779, "Distance_MxSpd": 958.60675, "Max_Distance": 1031.75244, "Hover_Time": 61.4083633, "Max_Speed": 20.0, "Max_uc_at_MFD": 0.946527541, "Mot_amps_ratio_MFD": 0.665586472, "Mot_amps_ratio_MxSpd": 0.677845538, "Mot_power_ratio_MFD": 0.444176108, "Mot_power_ratio_MxSpd": 0.452357113, "Power_MFD": 1468.27954, "Power_MxSpd": 1685.93176, "Speed_MFD": 19.0}