{"Interferences": 0, "Mass": 13.106948974103265, "Batt_amps_ratio_MFD": 0.362928063, "Batt_amps_ratio_MxSpd": 0.362928063, "Distance_MxSpd": 5554.81982, "Max_Distance": 5554.81982, "Hover_Time": 0.0, "Max_Speed": 7.0, "Max_uc_at_MFD": 0.999083519, "Mot_amps_ratio_MFD": 0.296864033, "Mot_amps_ratio_MxSpd": 0.296864033, "Mot_power_ratio_MFD": 0.283840299, "Mot_power_ratio_MxSpd": 0.283840299, "Power_MFD": 2576.91968, "Power_MxSpd": 2576.91968, "Speed_MFD": 7.0}