{"Interferences": 5, "Mass": 6.748741491017929, "Batt_amps_ratio_MFD": 0.245613798, "Batt_amps_ratio_MxSpd": 0.283848673, "Distance_MxSpd": 13393.0527, "Max_Distance": 13601.8418, "Hover_Time": 0.0, "Max_Speed": 33.0, "Max_uc_at_MFD": 0.872847915, "Mot_amps_ratio_MFD": 0.875762105, "Mot_amps_ratio_MxSpd": 0.997104347, "Mot_power_ratio_MFD": 0.67495352, "Mot_power_ratio_MxSpd": 0.768472552, "Power_MFD": 1944.7323, "Power_MxSpd": 2511.62305, "Speed_MFD": 29.0}