{"Interferences": 22, "Mass": 4.834928407070253, "Batt_amps_ratio_MFD": 0.841406643, "Batt_amps_ratio_MxSpd": 0.841406643, "Distance_MxSpd": 410.740753, "Max_Distance": 410.740753, "Hover_Time": 46.6989975, "Max_Speed": 9.0, "Max_uc_at_MFD": 0.998592496, "Mot_amps_ratio_MFD": 0.457579166, "Mot_amps_ratio_MxSpd": 0.457579166, "Mot_power_ratio_MFD": 0.203165144, "Mot_power_ratio_MxSpd": 0.203165144, "Power_MFD": 1328.11304, "Power_MxSpd": 1328.11304, "Speed_MFD": 9.0}