{"Interferences": 12, "Mass": 6.631606595266, "Batt_amps_ratio_MFD": 1.89295435, "Batt_amps_ratio_MxSpd": 1.89295435, "Distance_MxSpd": 486.858002, "Max_Distance": 486.858002, "Hover_Time": 0.0, "Max_Speed": 24.0, "Max_uc_at_MFD": 0.914283276, "Mot_amps_ratio_MFD": 0.72176522, "Mot_amps_ratio_MxSpd": 0.72176522, "Mot_power_ratio_MFD": 0.427285016, "Mot_power_ratio_MxSpd": 0.427285016, "Power_MFD": 1937.12097, "Power_MxSpd": 1937.12097, "Speed_MFD": 24.0}