{"Interferences": 2, "Mass": 4.186855178473229, "Batt_amps_ratio_MFD": 1.29873693, "Batt_amps_ratio_MxSpd": 1.61238706, "Distance_MxSpd": 785.915527, "Max_Distance": 798.314087, "Hover_Time": 33.6607285, "Max_Speed": 33.0, "Max_uc_at_MFD": 0.790967226, "Mot_amps_ratio_MFD": 0.707652271, "Mot_amps_ratio_MxSpd": 0.930425525, "Mot_power_ratio_MFD": 0.462055296, "Mot_power_ratio_MxSpd": 0.60751313, "Power_MFD": 1535.30884, "Power_MxSpd": 2362.25537, "Speed_MFD": 27.0}