{"Interferences": 89, "Mass": 3.730700838494926, "Batt_amps_ratio_MFD": 0.509579837, "Batt_amps_ratio_MxSpd": 0.54038614, "Distance_MxSpd": 1634.38684, "Max_Distance": 1657.83643, "Hover_Time": 97.7396088, "Max_Speed": 23.0, "Max_uc_at_MFD": 0.929476142, "Mot_amps_ratio_MFD": 0.477529794, "Mot_amps_ratio_MxSpd": 0.528723896, "Mot_power_ratio_MFD": 0.235581368, "Mot_power_ratio_MxSpd": 0.260837108, "Power_MFD": 784.583313, "Power_MxSpd": 865.791931, "Speed_MFD": 22.0}