{"Interferences": 3, "Mass": 3.7751663411481977, "Batt_amps_ratio_MFD": 1.03781319, "Batt_amps_ratio_MxSpd": 1.53691494, "Distance_MxSpd": 824.50885, "Max_Distance": 999.023804, "Hover_Time": 64.3606186, "Max_Speed": 33.0, "Max_uc_at_MFD": 0.946661115, "Mot_amps_ratio_MFD": 0.918267488, "Mot_amps_ratio_MxSpd": 0.840617418, "Mot_power_ratio_MFD": 0.689088583, "Mot_power_ratio_MxSpd": 0.630818248, "Power_MFD": 1511.47729, "Power_MxSpd": 2394.44019, "Speed_MFD": 27.0}