{"Interferences": 8, "Mass": 5.056916875355077, "Batt_amps_ratio_MFD": 0.71505183, "Batt_amps_ratio_MxSpd": 0.988369346, "Distance_MxSpd": 1049.00061, "Max_Distance": 1127.75049, "Hover_Time": 69.439064, "Max_Speed": 27.0, "Max_uc_at_MFD": 0.784474969, "Mot_amps_ratio_MFD": 0.446294934, "Mot_amps_ratio_MxSpd": 0.626481473, "Mot_power_ratio_MFD": 0.280719519, "Mot_power_ratio_MxSpd": 0.394056827, "Power_MFD": 1074.64478, "Power_MxSpd": 1885.95312, "Speed_MFD": 21.0}