{"Interferences": 23, "Mass": 7.953675480995208, "Batt_amps_ratio_MFD": 1.07794857, "Batt_amps_ratio_MxSpd": 1.07794857, "Distance_MxSpd": 997.450195, "Max_Distance": 997.450195, "Hover_Time": 36.9873695, "Max_Speed": 28.0, "Max_uc_at_MFD": 0.985048831, "Mot_amps_ratio_MFD": 0.753271997, "Mot_amps_ratio_MxSpd": 0.753271997, "Mot_power_ratio_MFD": 0.487743616, "Mot_power_ratio_MxSpd": 0.487743616, "Power_MFD": 3135.22412, "Power_MxSpd": 3135.22412, "Speed_MFD": 28.0}