{"Interferences": 24, "Mass": 4.958698709907033, "Batt_amps_ratio_MFD": 0.752152324, "Batt_amps_ratio_MxSpd": 0.752152324, "Distance_MxSpd": 408.427917, "Max_Distance": 408.427917, "Hover_Time": 0.0, "Max_Speed": 8.0, "Max_uc_at_MFD": 0.99911803, "Mot_amps_ratio_MFD": 0.3948327, "Mot_amps_ratio_MxSpd": 0.3948327, "Mot_power_ratio_MFD": 0.197837174, "Mot_power_ratio_MxSpd": 0.197837174, "Power_MFD": 1835.17224, "Power_MxSpd": 1835.17224, "Speed_MFD": 8.0}