{"Interferences": 1, "Mass": 5.567177520743101, "Batt_amps_ratio_MFD": 0.146774083, "Batt_amps_ratio_MxSpd": 0.146774083, "Distance_MxSpd": 4709.27832, "Max_Distance": 4709.27832, "Hover_Time": 294.637024, "Max_Speed": 18.0, "Max_uc_at_MFD": 0.998987973, "Mot_amps_ratio_MFD": 0.257674724, "Mot_amps_ratio_MxSpd": 0.257674724, "Mot_power_ratio_MFD": 0.162077412, "Mot_power_ratio_MxSpd": 0.162077412, "Power_MFD": 933.580505, "Power_MxSpd": 933.580505, "Speed_MFD": 18.0}