{"Interferences": 5, "Mass": 6.455897109992328, "Batt_amps_ratio_MFD": 0.421244413, "Batt_amps_ratio_MxSpd": 0.421244413, "Distance_MxSpd": 5241.61279, "Max_Distance": 5241.61279, "Hover_Time": 0.0, "Max_Speed": 23.0, "Max_uc_at_MFD": 0.990425646, "Mot_amps_ratio_MFD": 0.98276943, "Mot_amps_ratio_MxSpd": 0.98276943, "Mot_power_ratio_MFD": 0.90906173, "Mot_power_ratio_MxSpd": 0.90906173, "Power_MFD": 2606.26562, "Power_MxSpd": 2606.26562, "Speed_MFD": 23.0}