{
  "generator_version":"UAV2_gen12",
  "name":"design_2091_a0c412eaf6be48ef9592673f275292f6_dw",
  "hub":{
    "node_type":"ConnectedHub6_2_2_2",
    "frontSegment":{
      "node_type":"SidewaysBendSegment",
      "angle":119.98871414140592,
      "armLength":272.9104186552868,
      "mainSegment":{
        "node_type":"DoubleBendSegment",
        "angle":-90.0,
        "arm1Length":473.4334124349255,
        "arm2Length":426.5434823321288,
        "mainSegment":{
          "node_type":"AngledWingArm",
          "arm1Length":276.7079013852722,
          "arm2Length":140.88687287930338,
          "wing":{
            "wingType":"Wing_horiz_hole",
            "nacaProfile":"4518",
            "span":598.5736157173405,
            "chordInner":201.11291819770614,
            "chordOuter":174.70858290532908,
            "taperOffset":false,
            "aileronBias":0.6880286421818949,
            "flapBias":0.8023493146807484,
            "load":908.9018945504044,
            "tubeOffset":67.5677894525942,
            "tubeRot":262.6876986165612
          },
          "servo":{
            "servoType":"Hitec_HS_45HB"
          }
        }
      }
    },
    "middleSegment":{
      "node_type":"PropArm",
      "armLength":189.7707708856732,
      "motor":{
        "motorType":"kde_direct_KDE4215XF_465"
      },
      "prop":{
        "propType":"apc_propellers_16x5_5MR"
      },
      "flange":{
        "offset":-29.784125652833428,
        "angle":0.0
      }
    },
    "rearSegment":{
      "node_type":"PropArm",
      "armLength":489.1469982951669,
      "motor":{
        "motorType":"t_motor_AT4130KV300"
      },
      "prop":{
        "propType":"apc_propellers_14x12"
      },
      "flange":{
        "offset":43.18629677977643,
        "angle":89.75372858334599
      }
    }
  },
  "fuselageWithComponents":{
    "node_type":"DualBatteryFuselageWithComponents",
    "battery":{
      "batteryType":"TurnigyGraphene1000mAh4S75C"
    },
    "fuselage":{
      "length":84.0,
      "vertDiameter":52.5,
      "horzDiameter":378.9,
      "floorHeight":8.75,
      "battery1X":-4.5,
      "battery1Y":-9.5,
      "battery2X":-4.5,
      "battery2Y":22.5,
      "rpmX":-4.5,
      "rpmY":-116.3,
      "autoPilotX":-4.5,
      "autoPilotY":60.0,
      "currentX":-4.5,
      "currentY":-96.15,
      "voltageX":-4.5,
      "voltageY":113.8,
      "gpsX":-4.5,
      "gpsY":-56.0,
      "varioX":-4.5,
      "varioY":92.15
    }
  }
}