{"Interferences": 16, "Mass": 11.539850733980332, "Batt_amps_ratio_MFD": 0.634017825, "Batt_amps_ratio_MxSpd": 0.634017825, "Distance_MxSpd": 3088.87207, "Max_Distance": 3088.87207, "Hover_Time": 0.0, "Max_Speed": 17.0, "Max_uc_at_MFD": 0.99998796, "Mot_amps_ratio_MFD": 0.938401401, "Mot_amps_ratio_MxSpd": 0.938401401, "Mot_power_ratio_MFD": 0.771574497, "Mot_power_ratio_MxSpd": 0.771574497, "Power_MFD": 4826.8457, "Power_MxSpd": 4826.8457, "Speed_MFD": 17.0}