{"Interferences": 28, "Mass": 6.293482504754799, "Batt_amps_ratio_MFD": 0.575880706, "Batt_amps_ratio_MxSpd": 0.575880706, "Distance_MxSpd": 4000.82861, "Max_Distance": 4000.82861, "Hover_Time": 179.960693, "Max_Speed": 20.0, "Max_uc_at_MFD": 0.742454886, "Mot_amps_ratio_MFD": 0.840743899, "Mot_amps_ratio_MxSpd": 0.840743899, "Mot_power_ratio_MFD": 0.577711165, "Mot_power_ratio_MxSpd": 0.577711165, "Power_MFD": 1305.15771, "Power_MxSpd": 1305.15771, "Speed_MFD": 20.0}