{"Interferences": 47, "Mass": 3.231506240220933, "Batt_amps_ratio_MFD": 0.82128185, "Batt_amps_ratio_MxSpd": 0.82128185, "Distance_MxSpd": 1309.17297, "Max_Distance": 1309.17297, "Hover_Time": 0.0, "Max_Speed": 28.0, "Max_uc_at_MFD": 0.990341723, "Mot_amps_ratio_MFD": 0.452400237, "Mot_amps_ratio_MxSpd": 0.452400237, "Mot_power_ratio_MFD": 0.418470234, "Mot_power_ratio_MxSpd": 0.418470234, "Power_MFD": 1197.16309, "Power_MxSpd": 1197.16309, "Speed_MFD": 28.0}