{"Interferences": 3, "Mass": 3.8212976814485375, "Batt_amps_ratio_MFD": 0.617369771, "Batt_amps_ratio_MxSpd": 0.823626637, "Distance_MxSpd": 1165.57666, "Max_Distance": 1243.98706, "Hover_Time": 80.5095139, "Max_Speed": 25.0, "Max_uc_at_MFD": 0.959888458, "Mot_amps_ratio_MFD": 0.420210183, "Mot_amps_ratio_MxSpd": 0.401791245, "Mot_power_ratio_MFD": 0.256081015, "Mot_power_ratio_MxSpd": 0.244856313, "Power_MFD": 806.43689, "Power_MxSpd": 1134.73987, "Speed_MFD": 20.0}