{
  "generator_version":"UAV2_gen12",
  "name":"design_8484_5e2a6f8782aa496b9884fa0adb6ec796_s",
  "hub":{
    "node_type":"ConnectedHub4_2_2",
    "frontSegment":{
      "node_type":"DoubleBendSegment",
      "angle":-72.24877686296388,
      "arm1Length":288.71264208059927,
      "arm2Length":112.93928853814504,
      "mainSegment":{
        "node_type":"SidewaysBendSegment",
        "angle":75.78420389398127,
        "armLength":100.17245875828661,
        "mainSegment":{
          "node_type":"AngledPropArm",
          "armLength":301.72411217555043,
          "motor":{
            "motorType":"kde_direct_KDE3520XF_400"
          },
          "prop":{
            "propType":"apc_propellers_16x12E"
          }
        }
      }
    },
    "rearSegment":{
      "node_type":"AngledWingArm",
      "arm1Length":186.65288615467398,
      "arm2Length":130.89598348845382,
      "wing":{
        "wingType":"Wing_vert_hole",
        "nacaProfile":"4318",
        "span":614.1521548901262,
        "chordInner":107.41245319888594,
        "chordOuter":165.06997063516962,
        "taperOffset":false,
        "aileronBias":0.8694093500196588,
        "flapBias":0.8387136691944265,
        "load":171.93038663368677,
        "tubeOffset":41.30622992426477,
        "tubeRot":272.0120213105684
      },
      "servo":{
        "servoType":"Hitec_HS_7245MH"
      }
    }
  },
  "fuselageWithComponents":{
    "node_type":"SingleBatteryFuselageWithComponents",
    "battery":{
      "batteryType":"TurnigyGraphene1600mAh4S75CSquare"
    },
    "fuselage":{
      "length":95.0,
      "vertDiameter":52.5,
      "horzDiameter":338.4,
      "floorHeight":8.75,
      "batteryX":0.0,
      "batteryY":6.0,
      "rpmX":0.0,
      "rpmY":-102.8,
      "autoPilotX":0.0,
      "autoPilotY":46.5,
      "currentX":0.0,
      "currentY":-82.65,
      "voltageX":0.0,
      "voltageY":100.3,
      "gpsX":0.0,
      "gpsY":-42.5,
      "varioX":0.0,
      "varioY":78.65
    }
  }
}