{"Interferences": 16, "Mass": 12.67040665781916, "Batt_amps_ratio_MFD": 1.62992156, "Batt_amps_ratio_MxSpd": 1.62992156, "Distance_MxSpd": 2473.73877, "Max_Distance": 2473.73877, "Hover_Time": 169.91713, "Max_Speed": 21.0, "Max_uc_at_MFD": 0.998897612, "Mot_amps_ratio_MFD": 0.851403117, "Mot_amps_ratio_MxSpd": 0.851403117, "Mot_power_ratio_MFD": 0.535532534, "Mot_power_ratio_MxSpd": 0.535532534, "Power_MFD": 4657.12402, "Power_MxSpd": 4657.12402, "Speed_MFD": 21.0}