{"Interferences": 0, "Mass": 4.928236246015905, "Batt_amps_ratio_MFD": 0.251578808, "Batt_amps_ratio_MxSpd": 0.284358561, "Distance_MxSpd": 3240.97852, "Max_Distance": 3357.99365, "Hover_Time": 141.106873, "Max_Speed": 24.0, "Max_uc_at_MFD": 0.860429227, "Mot_amps_ratio_MFD": 0.619211972, "Mot_amps_ratio_MxSpd": 0.584659874, "Mot_power_ratio_MFD": 0.572771072, "Mot_power_ratio_MxSpd": 0.540810406, "Power_MFD": 1591.93469, "Power_MxSpd": 1596.39722, "Speed_MFD": 22.0}