{"Interferences": 21, "Mass": 7.059516657225908, "Batt_amps_ratio_MFD": 3.23841476, "Batt_amps_ratio_MxSpd": 3.23841476, "Distance_MxSpd": 237.153076, "Max_Distance": 237.153076, "Hover_Time": 24.2014771, "Max_Speed": 20.0, "Max_uc_at_MFD": 0.992969096, "Mot_amps_ratio_MFD": 0.946914196, "Mot_amps_ratio_MxSpd": 0.946914196, "Mot_power_ratio_MFD": 0.875895619, "Mot_power_ratio_MxSpd": 0.875895619, "Power_MFD": 3770.27173, "Power_MxSpd": 3770.27173, "Speed_MFD": 20.0}