{"Interferences": 32, "Mass": 8.001751967091664, "Batt_amps_ratio_MFD": 0.204321235, "Batt_amps_ratio_MxSpd": 0.204321235, "Distance_MxSpd": 3758.78687, "Max_Distance": 3758.78687, "Hover_Time": 476.888763, "Max_Speed": 8.0, "Max_uc_at_MFD": 0.761095583, "Mot_amps_ratio_MFD": 0.992196739, "Mot_amps_ratio_MxSpd": 0.992196739, "Mot_power_ratio_MFD": 0.734225571, "Mot_power_ratio_MxSpd": 0.734225571, "Power_MFD": 1400.85852, "Power_MxSpd": 1400.85852, "Speed_MFD": 8.0}