{"Interferences": 74, "Mass": 7.907738941144099, "Batt_amps_ratio_MFD": 0.565935075, "Batt_amps_ratio_MxSpd": 0.565935075, "Distance_MxSpd": 5767.4458, "Max_Distance": 5767.4458, "Hover_Time": 332.90155, "Max_Speed": 17.0, "Max_uc_at_MFD": 0.983212769, "Mot_amps_ratio_MFD": 0.570437372, "Mot_amps_ratio_MxSpd": 0.570437372, "Mot_power_ratio_MFD": 0.381102234, "Mot_power_ratio_MxSpd": 0.381102234, "Power_MFD": 1738.81042, "Power_MxSpd": 1738.81042, "Speed_MFD": 17.0}