{"Interferences": 8, "Mass": 3.836307320328863, "Batt_amps_ratio_MFD": 1.47391725, "Batt_amps_ratio_MxSpd": 1.47391725, "Distance_MxSpd": 547.113464, "Max_Distance": 547.113464, "Hover_Time": 28.8803616, "Max_Speed": 21.0, "Max_uc_at_MFD": 1.0, "Mot_amps_ratio_MFD": 0.435524195, "Mot_amps_ratio_MxSpd": 0.435524195, "Mot_power_ratio_MFD": 0.149633676, "Mot_power_ratio_MxSpd": 0.149633676, "Power_MFD": 748.530212, "Power_MxSpd": 748.530212, "Speed_MFD": 21.0}