{"Interferences": 2, "Mass": 2.415433275645785, "Batt_amps_ratio_MFD": 0.205445603, "Batt_amps_ratio_MxSpd": 0.205445603, "Distance_MxSpd": 0.0, "Max_Distance": 0.0, "Hover_Time": 186.910797, "Max_Speed": 0.0, "Max_uc_at_MFD": 0.649395466, "Mot_amps_ratio_MFD": 0.358287811, "Mot_amps_ratio_MxSpd": 0.358287811, "Mot_power_ratio_MFD": 0.179143906, "Mot_power_ratio_MxSpd": 0.179143906, "Power_MFD": 325.873627, "Power_MxSpd": 325.873627, "Speed_MFD": 0.0}