{"Interferences": 4, "Mass": 5.581875626459328, "Batt_amps_ratio_MFD": 0.623801649, "Batt_amps_ratio_MxSpd": 0.623801649, "Distance_MxSpd": 1354.27673, "Max_Distance": 1354.27673, "Hover_Time": 0.0, "Max_Speed": 22.0, "Max_uc_at_MFD": 0.981971323, "Mot_amps_ratio_MFD": 0.922209203, "Mot_amps_ratio_MxSpd": 0.922209203, "Mot_power_ratio_MFD": 0.568695664, "Mot_power_ratio_MxSpd": 0.568695664, "Power_MFD": 2012.4812, "Power_MxSpd": 2012.4812, "Speed_MFD": 22.0}