{"Interferences": 16, "Mass": 9.27638274503643, "Batt_amps_ratio_MFD": 1.18160307, "Batt_amps_ratio_MxSpd": 1.18160307, "Distance_MxSpd": 6824.62695, "Max_Distance": 6824.62695, "Hover_Time": 197.054962, "Max_Speed": 42.0, "Max_uc_at_MFD": 0.662159383, "Mot_amps_ratio_MFD": 0.931650102, "Mot_amps_ratio_MxSpd": 0.931650102, "Mot_power_ratio_MFD": 0.958869457, "Mot_power_ratio_MxSpd": 0.958869457, "Power_MFD": 4070.83057, "Power_MxSpd": 4070.83057, "Speed_MFD": 42.0}