{"Interferences": 31, "Mass": 4.659300471958388, "Batt_amps_ratio_MFD": 1.01951849, "Batt_amps_ratio_MxSpd": 1.77931201, "Distance_MxSpd": 280.557892, "Max_Distance": 414.313202, "Hover_Time": 27.0396786, "Max_Speed": 13.0, "Max_uc_at_MFD": 0.644845247, "Mot_amps_ratio_MFD": 0.997136295, "Mot_amps_ratio_MxSpd": 0.940310001, "Mot_power_ratio_MFD": 0.997136295, "Mot_power_ratio_MxSpd": 0.830212057, "Power_MFD": 956.923584, "Power_MxSpd": 1872.73779, "Speed_MFD": 11.0}