{"Interferences": 17, "Mass": 7.6811194675315235, "Batt_amps_ratio_MFD": 1.78801763, "Batt_amps_ratio_MxSpd": 2.15648532, "Distance_MxSpd": 552.009338, "Max_Distance": 622.812683, "Hover_Time": 32.5353241, "Max_Speed": 31.0, "Max_uc_at_MFD": 0.999688506, "Mot_amps_ratio_MFD": 0.87029475, "Mot_amps_ratio_MxSpd": 0.830242515, "Mot_power_ratio_MFD": 0.429345399, "Mot_power_ratio_MxSpd": 0.40958631, "Power_MFD": 2627.4585, "Power_MxSpd": 2898.37036, "Speed_MFD": 29.0}