{"Interferences": 6, "Mass": 5.920455507196709, "Batt_amps_ratio_MFD": 1.99410594, "Batt_amps_ratio_MxSpd": 3.07991505, "Distance_MxSpd": 374.036285, "Max_Distance": 462.161987, "Hover_Time": 0.0, "Max_Speed": 30.0, "Max_uc_at_MFD": 0.960616112, "Mot_amps_ratio_MFD": 0.898637772, "Mot_amps_ratio_MxSpd": 0.953239024, "Mot_power_ratio_MFD": 0.55643779, "Mot_power_ratio_MxSpd": 0.622409046, "Power_MFD": 2164.18506, "Power_MxSpd": 4311.74268, "Speed_MFD": 24.0}