{"Interferences": 21, "Mass": 16.821823873601822, "Batt_amps_ratio_MFD": 1.11620712, "Batt_amps_ratio_MxSpd": 1.11620712, "Distance_MxSpd": 2752.17725, "Max_Distance": 2752.17725, "Hover_Time": 0.0, "Max_Speed": 16.0, "Max_uc_at_MFD": 0.570433676, "Mot_amps_ratio_MFD": 0.745595872, "Mot_amps_ratio_MxSpd": 0.745595872, "Mot_power_ratio_MFD": 0.821195424, "Mot_power_ratio_MxSpd": 0.821195424, "Power_MFD": 3187.13428, "Power_MxSpd": 3187.13428, "Speed_MFD": 16.0}