{"Interferences": 9, "Mass": 2.965621116626463, "Batt_amps_ratio_MFD": 0.479541451, "Batt_amps_ratio_MxSpd": 0.479541451, "Distance_MxSpd": 1040.99438, "Max_Distance": 1040.99438, "Hover_Time": 98.3771667, "Max_Speed": 13.0, "Max_uc_at_MFD": 0.933492541, "Mot_amps_ratio_MFD": 0.711655974, "Mot_amps_ratio_MxSpd": 0.711655974, "Mot_power_ratio_MFD": 0.371735603, "Mot_power_ratio_MxSpd": 0.371735603, "Power_MFD": 579.667542, "Power_MxSpd": 579.667542, "Speed_MFD": 13.0}