{"Interferences": 16, "Mass": 8.02541920091774, "Batt_amps_ratio_MFD": 0.32717663, "Batt_amps_ratio_MxSpd": 0.449084252, "Distance_MxSpd": 8550.73438, "Max_Distance": 9389.42383, "Hover_Time": 469.810852, "Max_Speed": 40.0, "Max_uc_at_MFD": 0.670233428, "Mot_amps_ratio_MFD": 0.767017305, "Mot_amps_ratio_MxSpd": 0.93877238, "Mot_power_ratio_MFD": 0.383724719, "Mot_power_ratio_MxSpd": 0.469650626, "Power_MFD": 2782.23242, "Power_MxSpd": 4593.10938, "Speed_MFD": 32.0}