{"Interferences": 0, "Mass": 6.0658589147733695, "Batt_amps_ratio_MFD": 0.357251316, "Batt_amps_ratio_MxSpd": 0.403771877, "Distance_MxSpd": 2853.09619, "Max_Distance": 3009.646, "Hover_Time": 126.445801, "Max_Speed": 30.0, "Max_uc_at_MFD": 0.866291046, "Mot_amps_ratio_MFD": 0.575089574, "Mot_amps_ratio_MxSpd": 0.744345546, "Mot_power_ratio_MFD": 0.375499636, "Mot_power_ratio_MxSpd": 0.48601386, "Power_MFD": 1846.56628, "Power_MxSpd": 2241.02686, "Speed_MFD": 28.0}