{"Interferences": 36, "Mass": 10.847148522971942, "Batt_amps_ratio_MFD": 3.48762941, "Batt_amps_ratio_MxSpd": 4.50478745, "Distance_MxSpd": 358.019135, "Max_Distance": 385.36203, "Hover_Time": 15.4688578, "Max_Speed": 42.0, "Max_uc_at_MFD": 0.994646966, "Mot_amps_ratio_MFD": 0.802396059, "Mot_amps_ratio_MxSpd": 0.674558222, "Mot_power_ratio_MFD": 0.535475373, "Mot_power_ratio_MxSpd": 0.450163364, "Power_MFD": 4123.81201, "Power_MxSpd": 6134.90234, "Speed_MFD": 35.0}