{"Interferences": 10, "Mass": 5.229873876316648, "Batt_amps_ratio_MFD": 0.603486419, "Batt_amps_ratio_MxSpd": 0.603486419, "Distance_MxSpd": 1590.75671, "Max_Distance": 1590.75671, "Hover_Time": 66.1977234, "Max_Speed": 25.0, "Max_uc_at_MFD": 0.983430386, "Mot_amps_ratio_MFD": 0.514294744, "Mot_amps_ratio_MxSpd": 0.514294744, "Mot_power_ratio_MFD": 0.257695526, "Mot_power_ratio_MxSpd": 0.257695526, "Power_MFD": 1341.22668, "Power_MxSpd": 1341.22668, "Speed_MFD": 25.0}