{"Interferences": 46, "Mass": 5.347105427388604, "Batt_amps_ratio_MFD": 0.175861508, "Batt_amps_ratio_MxSpd": 0.175861508, "Distance_MxSpd": 1965.18274, "Max_Distance": 1965.18274, "Hover_Time": 0.0, "Max_Speed": 9.0, "Max_uc_at_MFD": 1.0, "Mot_amps_ratio_MFD": 0.346396327, "Mot_amps_ratio_MxSpd": 0.346396327, "Mot_power_ratio_MFD": 0.129991084, "Mot_power_ratio_MxSpd": 0.129991084, "Power_MFD": 856.84491, "Power_MxSpd": 856.84491, "Speed_MFD": 9.0}