{"Interferences": 12, "Mass": 7.096816574199755, "Batt_amps_ratio_MFD": 1.1847595, "Batt_amps_ratio_MxSpd": 1.1847595, "Distance_MxSpd": 1782.64026, "Max_Distance": 1782.64026, "Hover_Time": 92.9372101, "Max_Speed": 22.0, "Max_uc_at_MFD": 0.708777606, "Mot_amps_ratio_MFD": 0.989436984, "Mot_amps_ratio_MxSpd": 0.989436984, "Mot_power_ratio_MFD": 0.952520549, "Mot_power_ratio_MxSpd": 0.952520549, "Power_MFD": 5804.23145, "Power_MxSpd": 5804.23145, "Speed_MFD": 22.0}