{"Interferences": 14, "Mass": 3.764153821640396, "Batt_amps_ratio_MFD": 0.816563785, "Batt_amps_ratio_MxSpd": 0.816563785, "Distance_MxSpd": 1034.57935, "Max_Distance": 1034.57935, "Hover_Time": 57.6615257, "Max_Speed": 22.0, "Max_uc_at_MFD": 0.970395923, "Mot_amps_ratio_MFD": 0.751252294, "Mot_amps_ratio_MxSpd": 0.751252294, "Mot_power_ratio_MFD": 0.333556026, "Mot_power_ratio_MxSpd": 0.333556026, "Power_MFD": 827.812805, "Power_MxSpd": 827.812805, "Speed_MFD": 22.0}