{"Interferences": 3, "Mass": 3.6815548226313313, "Batt_amps_ratio_MFD": 0.360916734, "Batt_amps_ratio_MxSpd": 0.360916734, "Distance_MxSpd": 2127.91479, "Max_Distance": 2127.91479, "Hover_Time": 137.606628, "Max_Speed": 20.0, "Max_uc_at_MFD": 0.924738348, "Mot_amps_ratio_MFD": 0.521754503, "Mot_amps_ratio_MxSpd": 0.521754503, "Mot_power_ratio_MFD": 0.261024237, "Mot_power_ratio_MxSpd": 0.261024237, "Power_MFD": 722.630554, "Power_MxSpd": 722.630554, "Speed_MFD": 20.0}