{"Interferences": 1, "Mass": 4.765994338701914, "Batt_amps_ratio_MFD": 0.140289024, "Batt_amps_ratio_MxSpd": 0.140289024, "Distance_MxSpd": 4653.25098, "Max_Distance": 4653.25098, "Hover_Time": 310.354797, "Max_Speed": 17.0, "Max_uc_at_MFD": 1.0, "Mot_amps_ratio_MFD": 0.259716749, "Mot_amps_ratio_MxSpd": 0.259716749, "Mot_power_ratio_MFD": 0.17701748, "Mot_power_ratio_MxSpd": 0.17701748, "Power_MFD": 743.243896, "Power_MxSpd": 743.243896, "Speed_MFD": 17.0}