{"Interferences": 8, "Mass": 5.783825089916047, "Batt_amps_ratio_MFD": 1.85634291, "Batt_amps_ratio_MxSpd": 1.9328171, "Distance_MxSpd": 516.551697, "Max_Distance": 517.145813, "Hover_Time": 0.0, "Max_Speed": 26.0, "Max_uc_at_MFD": 0.979034305, "Mot_amps_ratio_MFD": 0.316055924, "Mot_amps_ratio_MxSpd": 0.314756095, "Mot_power_ratio_MFD": 0.0810249075, "Mot_power_ratio_MxSpd": 0.0906629264, "Power_MFD": 1708.33862, "Power_MxSpd": 1837.52551, "Speed_MFD": 25.0}