{"Interferences": 3, "Mass": 3.5717817132538263, "Batt_amps_ratio_MFD": 0.94097507, "Batt_amps_ratio_MxSpd": 0.94097507, "Distance_MxSpd": 40.8087311, "Max_Distance": 40.8087311, "Hover_Time": 0.0, "Max_Speed": 1.0, "Max_uc_at_MFD": 1.0, "Mot_amps_ratio_MFD": 0.319780111, "Mot_amps_ratio_MxSpd": 0.319780111, "Mot_power_ratio_MFD": 0.178620145, "Mot_power_ratio_MxSpd": 0.178620145, "Power_MFD": 840.379944, "Power_MxSpd": 840.379944, "Speed_MFD": 1.0}