{"Interferences": 18, "Mass": 5.815209614215754, "Batt_amps_ratio_MFD": 0.17392759, "Batt_amps_ratio_MxSpd": 0.17392759, "Distance_MxSpd": 2428.59692, "Max_Distance": 2428.59692, "Hover_Time": 146.410934, "Max_Speed": 11.0, "Max_uc_at_MFD": 0.999999881, "Mot_amps_ratio_MFD": 0.524959385, "Mot_amps_ratio_MxSpd": 0.524959385, "Mot_power_ratio_MFD": 0.258979976, "Mot_power_ratio_MxSpd": 0.258979976, "Power_MFD": 963.909973, "Power_MxSpd": 963.909973, "Speed_MFD": 11.0}