{"Interferences": 8, "Mass": 6.3276352854195705, "Batt_amps_ratio_MFD": 1.81247818, "Batt_amps_ratio_MxSpd": 2.2827785, "Distance_MxSpd": 555.112976, "Max_Distance": 572.034424, "Hover_Time": 31.0979538, "Max_Speed": 33.0, "Max_uc_at_MFD": 0.975800097, "Mot_amps_ratio_MFD": 0.313845813, "Mot_amps_ratio_MxSpd": 0.29852435, "Mot_power_ratio_MFD": 0.0672334507, "Mot_power_ratio_MxSpd": 0.0639512166, "Power_MFD": 1779.90527, "Power_MxSpd": 2339.8396, "Speed_MFD": 27.0}