{"Interferences": 20, "Mass": 4.524423484931257, "Batt_amps_ratio_MFD": 0.875288188, "Batt_amps_ratio_MxSpd": 0.875288188, "Distance_MxSpd": 1009.03912, "Max_Distance": 1009.03912, "Hover_Time": 61.4924583, "Max_Speed": 23.0, "Max_uc_at_MFD": 0.999920666, "Mot_amps_ratio_MFD": 0.241241351, "Mot_amps_ratio_MxSpd": 0.241241351, "Mot_power_ratio_MFD": 0.120877795, "Mot_power_ratio_MxSpd": 0.120877795, "Power_MFD": 943.376282, "Power_MxSpd": 943.376282, "Speed_MFD": 23.0}