{"Interferences": 1, "Mass": 4.480775539754406, "Batt_amps_ratio_MFD": 0.401062638, "Batt_amps_ratio_MxSpd": 0.401062638, "Distance_MxSpd": 957.456421, "Max_Distance": 957.456421, "Hover_Time": 90.9392853, "Max_Speed": 10.0, "Max_uc_at_MFD": 0.731513917, "Mot_amps_ratio_MFD": 0.796302855, "Mot_amps_ratio_MxSpd": 0.796302855, "Mot_power_ratio_MFD": 0.798000336, "Mot_power_ratio_MxSpd": 0.798000336, "Power_MFD": 1917.39087, "Power_MxSpd": 1917.39087, "Speed_MFD": 10.0}