{"Interferences": 0, "Mass": 4.929266862063114, "Batt_amps_ratio_MFD": 0.523227692, "Batt_amps_ratio_MxSpd": 0.523227692, "Distance_MxSpd": 2201.71826, "Max_Distance": 2201.71826, "Hover_Time": 99.6293716, "Max_Speed": 30.0, "Max_uc_at_MFD": 0.556160033, "Mot_amps_ratio_MFD": 0.612912714, "Mot_amps_ratio_MxSpd": 0.612912714, "Mot_power_ratio_MFD": 0.946673274, "Mot_power_ratio_MxSpd": 0.946673274, "Power_MFD": 2189.59985, "Power_MxSpd": 2189.59985, "Speed_MFD": 30.0}