{"Interferences": 80, "Mass": 6.518767698632246, "Batt_amps_ratio_MFD": 0.328546703, "Batt_amps_ratio_MxSpd": 0.328546703, "Distance_MxSpd": 11570.958, "Max_Distance": 11570.958, "Hover_Time": 510.785614, "Max_Speed": 33.0, "Max_uc_at_MFD": 0.959343255, "Mot_amps_ratio_MFD": 0.774491549, "Mot_amps_ratio_MxSpd": 0.774491549, "Mot_power_ratio_MFD": 0.505697429, "Mot_power_ratio_MxSpd": 0.505697429, "Power_MFD": 2209.15039, "Power_MxSpd": 2209.15039, "Speed_MFD": 33.0}