{"Interferences": 2, "Mass": 4.341984531045354, "Batt_amps_ratio_MFD": 0.658814132, "Batt_amps_ratio_MxSpd": 0.658814132, "Distance_MxSpd": 1398.87708, "Max_Distance": 1398.87708, "Hover_Time": 71.2088165, "Max_Speed": 24.0, "Max_uc_at_MFD": 0.99727422, "Mot_amps_ratio_MFD": 0.454886794, "Mot_amps_ratio_MxSpd": 0.454886794, "Mot_power_ratio_MFD": 0.170678645, "Mot_power_ratio_MxSpd": 0.170678645, "Power_MFD": 1048.19629, "Power_MxSpd": 1048.19629, "Speed_MFD": 24.0}