{"Interferences": 12, "Mass": 6.831338897058542, "Batt_amps_ratio_MFD": 0.58806318, "Batt_amps_ratio_MxSpd": 0.75127089, "Distance_MxSpd": 8433.70898, "Max_Distance": 8815.37988, "Hover_Time": 464.056763, "Max_Speed": 33.0, "Max_uc_at_MFD": 0.998283923, "Mot_amps_ratio_MFD": 0.656304419, "Mot_amps_ratio_MxSpd": 0.581939518, "Mot_power_ratio_MFD": 0.437981784, "Mot_power_ratio_MxSpd": 0.388354689, "Power_MFD": 1783.83557, "Power_MxSpd": 2472.4314, "Speed_MFD": 27.0}