{"Interferences": 40, "Mass": 13.14817892375846, "Batt_amps_ratio_MFD": 0.415718645, "Batt_amps_ratio_MxSpd": 0.415718645, "Distance_MxSpd": 2493.99463, "Max_Distance": 2493.99463, "Hover_Time": 0.0, "Max_Speed": 9.0, "Max_uc_at_MFD": 0.582735479, "Mot_amps_ratio_MFD": 0.931805611, "Mot_amps_ratio_MxSpd": 0.931805611, "Mot_power_ratio_MFD": 0.689536154, "Mot_power_ratio_MxSpd": 0.689536154, "Power_MFD": 3084.06104, "Power_MxSpd": 3084.06104, "Speed_MFD": 9.0}