{"Interferences": 2, "Mass": 3.733674395758113, "Batt_amps_ratio_MFD": 0.547717512, "Batt_amps_ratio_MxSpd": 0.577448308, "Distance_MxSpd": 1728.98596, "Max_Distance": 1752.72827, "Hover_Time": 92.6043472, "Max_Speed": 26.0, "Max_uc_at_MFD": 0.996579289, "Mot_amps_ratio_MFD": 0.767267525, "Mot_amps_ratio_MxSpd": 0.759684086, "Mot_power_ratio_MFD": 0.467581868, "Mot_power_ratio_MxSpd": 0.462960422, "Power_MFD": 1161.95825, "Power_MxSpd": 1261.55396, "Speed_MFD": 25.0}