{"Interferences": 27, "Mass": 7.231109061921741, "Batt_amps_ratio_MFD": 0.548629463, "Batt_amps_ratio_MxSpd": 0.548629463, "Distance_MxSpd": 7699.18555, "Max_Distance": 7699.18555, "Hover_Time": 354.04007, "Max_Speed": 22.0, "Max_uc_at_MFD": 0.995809615, "Mot_amps_ratio_MFD": 0.502745569, "Mot_amps_ratio_MxSpd": 0.502745569, "Mot_power_ratio_MFD": 0.310026437, "Mot_power_ratio_MxSpd": 0.310026437, "Power_MFD": 1382.65076, "Power_MxSpd": 1382.65076, "Speed_MFD": 22.0}