{"Interferences": 8, "Mass": 4.754558176071376, "Batt_amps_ratio_MFD": 2.97662282, "Batt_amps_ratio_MxSpd": 2.97662282, "Distance_MxSpd": 180.607361, "Max_Distance": 180.607361, "Hover_Time": 13.2613306, "Max_Speed": 14.0, "Max_uc_at_MFD": 0.997162044, "Mot_amps_ratio_MFD": 0.630729377, "Mot_amps_ratio_MxSpd": 0.630729377, "Mot_power_ratio_MFD": 0.31603694, "Mot_power_ratio_MxSpd": 0.31603694, "Power_MFD": 2329.62085, "Power_MxSpd": 2329.62085, "Speed_MFD": 14.0}