{"Interferences": 12, "Mass": 4.745036761922328, "Batt_amps_ratio_MFD": 0.71342653, "Batt_amps_ratio_MxSpd": 0.71342653, "Distance_MxSpd": 915.02063, "Max_Distance": 915.02063, "Hover_Time": 62.4876289, "Max_Speed": 17.0, "Max_uc_at_MFD": 0.994666219, "Mot_amps_ratio_MFD": 0.350578666, "Mot_amps_ratio_MxSpd": 0.350578666, "Mot_power_ratio_MFD": 0.162142634, "Mot_power_ratio_MxSpd": 0.162142634, "Power_MFD": 776.919189, "Power_MxSpd": 776.919189, "Speed_MFD": 17.0}