{
  "generator_version":"UAV2_gen12",
  "name":"design_2717_7758d535de8f4018b37f31b6c267a67a_s",
  "hub":{
    "node_type":"ConnectedHub4_2_2",
    "frontSegment":{
      "node_type":"PropArm",
      "armLength":333.39271857164795,
      "motor":{
        "motorType":"t_motor_MN3520KV400"
      },
      "prop":{
        "propType":"apc_propellers_15x6"
      },
      "flange":{
        "offset":-18.490008291181315,
        "angle":84.29457432938919
      }
    },
    "rearSegment":{
      "node_type":"AngledWingArm",
      "arm1Length":65.64449213501251,
      "arm2Length":135.18235997233518,
      "wing":{
        "wingType":"Wing_vert_hole",
        "nacaProfile":"2518",
        "span":872.6325265249308,
        "chordInner":220.8328927979523,
        "chordOuter":127.7129049872941,
        "taperOffset":false,
        "aileronBias":0.20907780592119596,
        "flapBias":0.5176460279254786,
        "load":607.5208014899598,
        "tubeOffset":51.66528481667878,
        "tubeRot":270.0
      },
      "servo":{
        "servoType":"Hitec_HS_7245MH"
      }
    }
  },
  "fuselageWithComponents":{
    "node_type":"SingleBatteryFuselageWithComponents",
    "battery":{
      "batteryType":"TattuPlus25C22000mAh12S1P"
    },
    "fuselage":{
      "length":235.5,
      "vertDiameter":174.0,
      "horzDiameter":543.9,
      "floorHeight":29.0,
      "batteryX":0.0,
      "batteryY":6.0,
      "rpmX":0.0,
      "rpmY":-171.3,
      "autoPilotX":0.0,
      "autoPilotY":115.0,
      "currentX":0.0,
      "currentY":-151.15,
      "voltageX":0.0,
      "voltageY":168.8,
      "gpsX":0.0,
      "gpsY":-111.0,
      "varioX":0.0,
      "varioY":147.15
    }
  }
}