{"Interferences": 2, "Mass": 6.716110043563484, "Batt_amps_ratio_MFD": 0.785960436, "Batt_amps_ratio_MxSpd": 0.904044747, "Distance_MxSpd": 3185.68311, "Max_Distance": 3371.16211, "Hover_Time": 151.618042, "Max_Speed": 25.0, "Max_uc_at_MFD": 0.610301137, "Mot_amps_ratio_MFD": 0.991188526, "Mot_amps_ratio_MxSpd": 0.893797517, "Mot_power_ratio_MFD": 0.743548393, "Mot_power_ratio_MxSpd": 0.670489669, "Power_MFD": 1609.21338, "Power_MxSpd": 1932.42908, "Speed_MFD": 23.0}