{"Interferences": 8, "Mass": 4.347506447161204, "Batt_amps_ratio_MFD": 1.51712048, "Batt_amps_ratio_MxSpd": 2.07527542, "Distance_MxSpd": 536.603455, "Max_Distance": 582.155518, "Hover_Time": 36.2689819, "Max_Speed": 29.0, "Max_uc_at_MFD": 0.338911116, "Mot_amps_ratio_MFD": 0.758939981, "Mot_amps_ratio_MxSpd": 0.87396884, "Mot_power_ratio_MFD": 0.570255816, "Mot_power_ratio_MxSpd": 0.656686723, "Power_MFD": 974.940674, "Power_MxSpd": 1473.38782, "Speed_MFD": 23.0}