{"Interferences": 12, "Mass": 9.83118302394016, "Batt_amps_ratio_MFD": 1.69294894, "Batt_amps_ratio_MxSpd": 1.84068727, "Distance_MxSpd": 10952.4307, "Max_Distance": 11227.7451, "Hover_Time": 301.293732, "Max_Speed": 35.0, "Max_uc_at_MFD": 0.879420459, "Mot_amps_ratio_MFD": 0.603316903, "Mot_amps_ratio_MxSpd": 0.73156172, "Mot_power_ratio_MFD": 0.258490473, "Mot_power_ratio_MxSpd": 0.313436806, "Power_MFD": 3857.72803, "Power_MxSpd": 4596.35693, "Speed_MFD": 33.0}