{"Interferences": 15, "Mass": 2.544410460701425, "Batt_amps_ratio_MFD": 0.640708268, "Batt_amps_ratio_MxSpd": 0.640708268, "Distance_MxSpd": 1258.60718, "Max_Distance": 1258.60718, "Hover_Time": 0.0, "Max_Speed": 21.0, "Max_uc_at_MFD": 0.982866466, "Mot_amps_ratio_MFD": 0.444293499, "Mot_amps_ratio_MxSpd": 0.444293499, "Mot_power_ratio_MFD": 0.28768006, "Mot_power_ratio_MxSpd": 0.28768006, "Power_MFD": 610.475098, "Power_MxSpd": 610.475098, "Speed_MFD": 21.0}