{
  "generator_version":"UAV2_gen12",
  "name":"design_7477_bbfe71db6f0a4ebab7fff58779068666_dw_dl",
  "hub":{
    "node_type":"ConnectedHub4_2_2",
    "frontSegment":{
      "node_type":"SidewaysBendWithTopSegment",
      "angle":-110.21201282495734,
      "armLength":385.04532768770423,
      "mainSegment":{
        "node_type":"AngledPropArm",
        "armLength":315.5719419277615,
        "motor":{
          "motorType":"kde_direct_KDE700XF_535_G3"
        },
        "prop":{
          "propType":"apc_propellers_17x7E"
        }
      },
      "topSegment":{
        "node_type":"AngledWingArm",
        "arm1Length":439.6004678533744,
        "arm2Length":195.61973794059946,
        "wing":{
          "wingType":"Wing_vert_hole",
          "nacaProfile":"6518",
          "span":1289.1161386690717,
          "chordInner":162.21612590976244,
          "chordOuter":104.96702601484637,
          "taperOffset":true,
          "aileronBias":0.7235881772816475,
          "flapBias":0.9415866688051036,
          "load":112.68847319494162,
          "tubeOffset":50.226668583171595,
          "tubeRot":311.6249493912836
        },
        "servo":{
          "servoType":"Hitec_HS_40"
        }
      }
    },
    "rearSegment":{
      "node_type":"AngledWingArm",
      "arm1Length":134.88881662633128,
      "arm2Length":69.47048922040196,
      "wing":{
        "wingType":"Wing_horiz_hole",
        "nacaProfile":"4421",
        "span":410.861549784495,
        "chordInner":405.9777071751233,
        "chordOuter":53.97457262017908,
        "taperOffset":false,
        "aileronBias":0.36120645915007754,
        "flapBias":0.46215768309014127,
        "load":316.5194087637117,
        "tubeOffset":52.25696295289354,
        "tubeRot":268.69987335240864
      },
      "servo":{
        "servoType":"Hitec_HS_5055MG"
      }
    }
  },
  "fuselageWithComponents":{
    "node_type":"DualBatteryFuselageWithComponents",
    "battery":{
      "batteryType":"TurnigyGraphene1000mAh2S75C"
    },
    "fuselage":{
      "length":149.0,
      "vertDiameter":52.5,
      "horzDiameter":311.4,
      "floorHeight":8.75,
      "battery1X":-37.25,
      "battery1Y":6.0,
      "battery2X":38.25,
      "battery2Y":6.0,
      "rpmX":0.0,
      "rpmY":-93.8,
      "autoPilotX":0.0,
      "autoPilotY":37.5,
      "currentX":0.0,
      "currentY":-73.65,
      "voltageX":0.0,
      "voltageY":91.3,
      "gpsX":0.0,
      "gpsY":-33.5,
      "varioX":0.0,
      "varioY":69.65
    }
  }
}