{"Interferences": 1, "Mass": 4.304270617509889, "Batt_amps_ratio_MFD": 0.664123535, "Batt_amps_ratio_MxSpd": 0.664123535, "Distance_MxSpd": 115.641136, "Max_Distance": 115.641136, "Hover_Time": 58.8179436, "Max_Speed": 2.0, "Max_uc_at_MFD": 0.680482388, "Mot_amps_ratio_MFD": 0.899594963, "Mot_amps_ratio_MxSpd": 0.899594963, "Mot_power_ratio_MFD": 0.674838722, "Mot_power_ratio_MxSpd": 0.674838722, "Power_MFD": 2039.62512, "Power_MxSpd": 2039.62512, "Speed_MFD": 2.0}