{"Interferences": 5, "Mass": 3.634719408388359, "Batt_amps_ratio_MFD": 0.612528801, "Batt_amps_ratio_MxSpd": 0.612528801, "Distance_MxSpd": 814.982117, "Max_Distance": 814.982117, "Hover_Time": 0.0, "Max_Speed": 13.0, "Max_uc_at_MFD": 0.984720588, "Mot_amps_ratio_MFD": 0.273040324, "Mot_amps_ratio_MxSpd": 0.273040324, "Mot_power_ratio_MFD": 0.135709628, "Mot_power_ratio_MxSpd": 0.135709628, "Power_MFD": 741.109619, "Power_MxSpd": 741.109619, "Speed_MFD": 13.0}