{"Interferences": 0, "Mass": 5.812029984512949, "Batt_amps_ratio_MFD": 0.320779949, "Batt_amps_ratio_MxSpd": 0.320779949, "Distance_MxSpd": 5745.99512, "Max_Distance": 5745.99512, "Hover_Time": 363.088867, "Max_Speed": 16.0, "Max_uc_at_MFD": 0.998605013, "Mot_amps_ratio_MFD": 0.249405786, "Mot_amps_ratio_MxSpd": 0.249405786, "Mot_power_ratio_MFD": 0.153800234, "Mot_power_ratio_MxSpd": 0.153800234, "Power_MFD": 1073.82251, "Power_MxSpd": 1073.82251, "Speed_MFD": 16.0}