{"Interferences": 26, "Mass": 7.080500154304521, "Batt_amps_ratio_MFD": 0.798288345, "Batt_amps_ratio_MxSpd": 0.864558697, "Distance_MxSpd": 4130.66211, "Max_Distance": 4184.9541, "Hover_Time": 181.987686, "Max_Speed": 31.0, "Max_uc_at_MFD": 0.99999994, "Mot_amps_ratio_MFD": 0.492379159, "Mot_amps_ratio_MxSpd": 0.514154971, "Mot_power_ratio_MFD": 0.244727939, "Mot_power_ratio_MxSpd": 0.209547624, "Power_MFD": 2459.14673, "Power_MxSpd": 2738.61816, "Speed_MFD": 29.0}