{"Interferences": 5, "Mass": 3.2070264277940868, "Batt_amps_ratio_MFD": 0.373063445, "Batt_amps_ratio_MxSpd": 0.373063445, "Distance_MxSpd": 2367.42578, "Max_Distance": 2367.42578, "Hover_Time": 143.905853, "Max_Speed": 23.0, "Max_uc_at_MFD": 0.965508461, "Mot_amps_ratio_MFD": 0.648845434, "Mot_amps_ratio_MxSpd": 0.648845434, "Mot_power_ratio_MFD": 0.520157754, "Mot_power_ratio_MxSpd": 0.520157754, "Power_MFD": 1100.95117, "Power_MxSpd": 1100.95117, "Speed_MFD": 23.0}