{"Interferences": 26, "Mass": 5.720003695347401, "Batt_amps_ratio_MFD": 1.01882124, "Batt_amps_ratio_MxSpd": 1.11883759, "Distance_MxSpd": 2265.20801, "Max_Distance": 2374.50879, "Hover_Time": 0.0, "Max_Speed": 22.0, "Max_uc_at_MFD": 0.666253805, "Mot_amps_ratio_MFD": 0.994727194, "Mot_amps_ratio_MxSpd": 0.981612563, "Mot_power_ratio_MFD": 0.761659801, "Mot_power_ratio_MxSpd": 0.803687811, "Power_MFD": 3869.99731, "Power_MxSpd": 4512.875, "Speed_MFD": 21.0}