{"Interferences": 12, "Mass": 4.841380752720373, "Batt_amps_ratio_MFD": 0.371339411, "Batt_amps_ratio_MxSpd": 0.420803994, "Distance_MxSpd": 7665.32617, "Max_Distance": 7755.70801, "Hover_Time": 450.87439, "Max_Speed": 28.0, "Max_uc_at_MFD": 0.894130826, "Mot_amps_ratio_MFD": 0.782832861, "Mot_amps_ratio_MxSpd": 0.913975835, "Mot_power_ratio_MFD": 0.587248623, "Mot_power_ratio_MxSpd": 0.685626626, "Power_MFD": 1257.06274, "Power_MxSpd": 1557.3689, "Speed_MFD": 25.0}