{"Interferences": 2, "Mass": 3.4349746794362845, "Batt_amps_ratio_MFD": 0.553911567, "Batt_amps_ratio_MxSpd": 0.553911567, "Distance_MxSpd": 1455.828, "Max_Distance": 1455.828, "Hover_Time": 87.9712143, "Max_Speed": 21.0, "Max_uc_at_MFD": 0.995289147, "Mot_amps_ratio_MFD": 0.405992478, "Mot_amps_ratio_MxSpd": 0.405992478, "Mot_power_ratio_MFD": 0.255369276, "Mot_power_ratio_MxSpd": 0.255369276, "Power_MFD": 895.018982, "Power_MxSpd": 895.018982, "Speed_MFD": 21.0}