{"Interferences": 4, "Mass": 6.634543208601605, "Batt_amps_ratio_MFD": 0.402678341, "Batt_amps_ratio_MxSpd": 0.402678341, "Distance_MxSpd": 3814.45898, "Max_Distance": 3814.45898, "Hover_Time": 228.380875, "Max_Speed": 16.0, "Max_uc_at_MFD": 0.999671757, "Mot_amps_ratio_MFD": 0.844230473, "Mot_amps_ratio_MxSpd": 0.844230473, "Mot_power_ratio_MFD": 0.780913234, "Mot_power_ratio_MxSpd": 0.780913234, "Power_MFD": 2460.96484, "Power_MxSpd": 2460.96484, "Speed_MFD": 16.0}