{"Interferences": 10, "Mass": 2.347277668741397, "Batt_amps_ratio_MFD": 0.726341903, "Batt_amps_ratio_MxSpd": 0.726341903, "Distance_MxSpd": 1110.22095, "Max_Distance": 1110.22095, "Hover_Time": 85.4022446, "Max_Speed": 21.0, "Max_uc_at_MFD": 0.976934731, "Mot_amps_ratio_MFD": 0.556101322, "Mot_amps_ratio_MxSpd": 0.556101322, "Mot_power_ratio_MFD": 0.342929155, "Mot_power_ratio_MxSpd": 0.342929155, "Power_MFD": 568.474915, "Power_MxSpd": 568.474915, "Speed_MFD": 21.0}