{"Interferences": 55, "Mass": 9.875817879615482, "Batt_amps_ratio_MFD": 0.322719604, "Batt_amps_ratio_MxSpd": 0.322719604, "Distance_MxSpd": 4759.5498, "Max_Distance": 4759.5498, "Hover_Time": 0.0, "Max_Speed": 8.0, "Max_uc_at_MFD": 0.932279289, "Mot_amps_ratio_MFD": 0.612712324, "Mot_amps_ratio_MxSpd": 0.612712324, "Mot_power_ratio_MFD": 0.408890784, "Mot_power_ratio_MxSpd": 0.408890784, "Power_MFD": 915.372681, "Power_MxSpd": 915.372681, "Speed_MFD": 8.0}