{"Interferences": 11, "Mass": 8.39948028950163, "Batt_amps_ratio_MFD": 1.53162003, "Batt_amps_ratio_MxSpd": 2.43145347, "Distance_MxSpd": 663.306946, "Max_Distance": 727.073242, "Hover_Time": 40.0408592, "Max_Speed": 42.0, "Max_uc_at_MFD": 0.934417069, "Mot_amps_ratio_MFD": 0.622226179, "Mot_amps_ratio_MxSpd": 0.819826484, "Mot_power_ratio_MFD": 0.383706152, "Mot_power_ratio_MxSpd": 0.273246199, "Power_MFD": 2350.54028, "Power_MxSpd": 5440.80615, "Speed_MFD": 29.0}