{
  "generator_version":"UAV2_gen12",
  "name":"design_3633_dd1ca97889f44984a251f60b90565f12_dw",
  "hub":{
    "node_type":"ConnectedHub3_2_1",
    "angle":180.0,
    "centerSegment":{
      "node_type":"PropArm",
      "armLength":498.14374736608517,
      "motor":{
        "motorType":"t_motor_AntigravityMN5008KV340"
      },
      "prop":{
        "propType":"apc_propellers_14x8"
      },
      "flange":{
        "offset":-28.253529103886688,
        "angle":90.0
      }
    },
    "mainSegment":{
      "node_type":"AngledWingArm",
      "arm1Length":254.8361080541267,
      "arm2Length":150.02087614831345,
      "wing":{
        "wingType":"Wing_vert_hole",
        "nacaProfile":"4612",
        "span":511.4016831855962,
        "chordInner":129.7239029293911,
        "chordOuter":175.03309007052943,
        "taperOffset":true,
        "aileronBias":0.9728565647442614,
        "flapBias":0.4297953880130714,
        "load":560.0250691617279,
        "tubeOffset":31.44408857515416,
        "tubeRot":223.23479541059257
      },
      "servo":{
        "servoType":"Hitec_HS_5065MG"
      }
    }
  },
  "fuselageWithComponents":{
    "node_type":"DualBatteryFuselageWithComponents",
    "battery":{
      "batteryType":"Tattu30C16000mAh6S1P"
    },
    "fuselage":{
      "length":190.0,
      "vertDiameter":114.0,
      "horzDiameter":483.9,
      "floorHeight":19.0,
      "battery1X":0.0,
      "battery1Y":-27.0,
      "battery2X":0.0,
      "battery2Y":40.0,
      "rpmX":0.0,
      "rpmY":-151.3,
      "autoPilotX":0.0,
      "autoPilotY":95.0,
      "currentX":0.0,
      "currentY":-131.15,
      "voltageX":0.0,
      "voltageY":148.8,
      "gpsX":0.0,
      "gpsY":-91.0,
      "varioX":0.0,
      "varioY":127.15
    }
  }
}