{"Interferences": 56, "Mass": 3.54865057775516, "Batt_amps_ratio_MFD": 0.704830766, "Batt_amps_ratio_MxSpd": 0.79525125, "Distance_MxSpd": 1303.73889, "Max_Distance": 1307.54797, "Hover_Time": 78.3110275, "Max_Speed": 27.0, "Max_uc_at_MFD": 0.999941766, "Mot_amps_ratio_MFD": 0.467852384, "Mot_amps_ratio_MxSpd": 0.409629494, "Mot_power_ratio_MFD": 0.427672118, "Mot_power_ratio_MxSpd": 0.374449551, "Power_MFD": 957.790955, "Power_MxSpd": 1219.78125, "Speed_MFD": 24.0}