{"Interferences": 2, "Mass": 3.09407765944369, "Batt_amps_ratio_MFD": 1.2431953, "Batt_amps_ratio_MxSpd": 1.29571342, "Distance_MxSpd": 770.540771, "Max_Distance": 772.203674, "Hover_Time": 44.4703484, "Max_Speed": 26.0, "Max_uc_at_MFD": 0.92987287, "Mot_amps_ratio_MFD": 0.315618634, "Mot_amps_ratio_MxSpd": 0.347595066, "Mot_power_ratio_MFD": 0.117654294, "Mot_power_ratio_MxSpd": 0.129574269, "Power_MFD": 1141.29468, "Power_MxSpd": 1224.82593, "Speed_MFD": 25.0}