{"Interferences": 19, "Mass": 7.017627450610706, "Batt_amps_ratio_MFD": 0.882219017, "Batt_amps_ratio_MxSpd": 0.882219017, "Distance_MxSpd": 11752.1846, "Max_Distance": 11752.1846, "Hover_Time": 715.760315, "Max_Speed": 18.0, "Max_uc_at_MFD": 0.989685833, "Mot_amps_ratio_MFD": 0.760804892, "Mot_amps_ratio_MxSpd": 0.760804892, "Mot_power_ratio_MFD": 0.784172475, "Mot_power_ratio_MxSpd": 0.784172475, "Power_MFD": 1335.10254, "Power_MxSpd": 1335.10254, "Speed_MFD": 18.0}