{"Interferences": 16, "Mass": 7.0193526233944565, "Batt_amps_ratio_MFD": 1.93171847, "Batt_amps_ratio_MxSpd": 1.93171847, "Distance_MxSpd": 298.180084, "Max_Distance": 298.180084, "Hover_Time": 21.2986679, "Max_Speed": 15.0, "Max_uc_at_MFD": 0.998610198, "Mot_amps_ratio_MFD": 0.824956238, "Mot_amps_ratio_MxSpd": 0.824956238, "Mot_power_ratio_MFD": 0.551143169, "Mot_power_ratio_MxSpd": 0.551143169, "Power_MFD": 2347.80786, "Power_MxSpd": 2347.80786, "Speed_MFD": 15.0}