{"Interferences": 7, "Mass": 2.7758432837979417, "Batt_amps_ratio_MFD": 0.609775543, "Batt_amps_ratio_MxSpd": 0.609775543, "Distance_MxSpd": 629.739929, "Max_Distance": 629.739929, "Hover_Time": 0.0, "Max_Speed": 10.0, "Max_uc_at_MFD": 0.984749377, "Mot_amps_ratio_MFD": 0.361386269, "Mot_amps_ratio_MxSpd": 0.361386269, "Mot_power_ratio_MFD": 0.237711862, "Mot_power_ratio_MxSpd": 0.237711862, "Power_MFD": 253.98912, "Power_MxSpd": 253.98912, "Speed_MFD": 10.0}