{"Interferences": 8, "Mass": 2.9849644888692035, "Batt_amps_ratio_MFD": 0.509129167, "Batt_amps_ratio_MxSpd": 0.509129167, "Distance_MxSpd": 1282.18933, "Max_Distance": 1282.18933, "Hover_Time": 97.8744812, "Max_Speed": 17.0, "Max_uc_at_MFD": 0.999630928, "Mot_amps_ratio_MFD": 0.28136602, "Mot_amps_ratio_MxSpd": 0.28136602, "Mot_power_ratio_MFD": 0.104105428, "Mot_power_ratio_MxSpd": 0.104105428, "Power_MFD": 529.101257, "Power_MxSpd": 529.101257, "Speed_MFD": 17.0}