{"Interferences": 23, "Mass": 3.074743293546653, "Batt_amps_ratio_MFD": 0.609856784, "Batt_amps_ratio_MxSpd": 0.609856784, "Distance_MxSpd": 1385.24316, "Max_Distance": 1385.24316, "Hover_Time": 92.8656464, "Max_Speed": 22.0, "Max_uc_at_MFD": 0.988703489, "Mot_amps_ratio_MFD": 0.342989594, "Mot_amps_ratio_MxSpd": 0.342989594, "Mot_power_ratio_MFD": 0.21287483, "Mot_power_ratio_MxSpd": 0.21287483, "Power_MFD": 817.08374, "Power_MxSpd": 817.08374, "Speed_MFD": 22.0}