{"Interferences": 8, "Mass": 6.22025072799075, "Batt_amps_ratio_MFD": 0.333375365, "Batt_amps_ratio_MxSpd": 0.333375365, "Distance_MxSpd": 2591.6731, "Max_Distance": 2591.6731, "Hover_Time": 351.303802, "Max_Speed": 9.0, "Max_uc_at_MFD": 0.997811556, "Mot_amps_ratio_MFD": 0.729186654, "Mot_amps_ratio_MxSpd": 0.729186654, "Mot_power_ratio_MFD": 0.364798725, "Mot_power_ratio_MxSpd": 0.364798725, "Power_MFD": 1123.58179, "Power_MxSpd": 1123.58179, "Speed_MFD": 9.0}