{"Interferences": 12, "Mass": 7.117960460684457, "Batt_amps_ratio_MFD": 0.340247333, "Batt_amps_ratio_MxSpd": 0.340247333, "Distance_MxSpd": 4740.08105, "Max_Distance": 4740.08105, "Hover_Time": 287.140869, "Max_Speed": 14.0, "Max_uc_at_MFD": 0.970283985, "Mot_amps_ratio_MFD": 0.843795955, "Mot_amps_ratio_MxSpd": 0.843795955, "Mot_power_ratio_MFD": 0.54635787, "Mot_power_ratio_MxSpd": 0.54635787, "Power_MFD": 1094.85034, "Power_MxSpd": 1094.85034, "Speed_MFD": 14.0}