{"Interferences": 7, "Mass": 6.361551487150515, "Batt_amps_ratio_MFD": 0.558471501, "Batt_amps_ratio_MxSpd": 0.932197511, "Distance_MxSpd": 1318.17554, "Max_Distance": 1443.94128, "Hover_Time": 72.5357208, "Max_Speed": 32.0, "Max_uc_at_MFD": 0.483808637, "Mot_amps_ratio_MFD": 0.368807852, "Mot_amps_ratio_MxSpd": 0.80624789, "Mot_power_ratio_MFD": 0.184507817, "Mot_power_ratio_MxSpd": 0.403351068, "Power_MFD": 1234.49365, "Power_MxSpd": 2983.64526, "Speed_MFD": 21.0}