{
  "generator_version":"UAV2_gen12",
  "name":"design_3155_79f9b31b33f1432ea494beb22587ef42_dw_dl",
  "hub":{
    "node_type":"ConnectedHub2_Sym_Wide",
    "mainSegment":{
      "node_type":"BranchSegment_Asym",
      "armLength":76.60991736310474,
      "angle":180.0,
      "frontSegment":{
        "node_type":"PropArm",
        "armLength":183.53633481558796,
        "motor":{
          "motorType":"t_motor_MN3520KV400"
        },
        "prop":{
          "propType":"apc_propellers_17x10WE"
        },
        "flange":{
          "offset":-1.6475695988719679,
          "angle":0.0
        }
      },
      "rearSegment":{
        "node_type":"AngledWingArm",
        "arm1Length":425.42340104407185,
        "arm2Length":185.08702774605482,
        "wing":{
          "wingType":"Wing_vert_hole",
          "nacaProfile":"4612",
          "span":283.11215584559136,
          "chordInner":379.5788737412282,
          "chordOuter":83.9308696830553,
          "taperOffset":true,
          "aileronBias":0.49705999456169236,
          "flapBias":0.3281946035195424,
          "load":345.8418451649983,
          "tubeOffset":47.14020523654754,
          "tubeRot":245.44198802831988
        },
        "servo":{
          "servoType":"Hitec_HS_5055MG"
        }
      }
    }
  },
  "fuselageWithComponents":{
    "node_type":"DualBatteryFuselageWithComponents",
    "battery":{
      "batteryType":"TurnigyGraphene1500mAh4S75C"
    },
    "fuselage":{
      "length":183.0,
      "vertDiameter":52.5,
      "horzDiameter":335.4,
      "floorHeight":8.75,
      "battery1X":-45.75,
      "battery1Y":6.0,
      "battery2X":46.75,
      "battery2Y":6.0,
      "rpmX":0.0,
      "rpmY":-101.8,
      "autoPilotX":0.0,
      "autoPilotY":45.5,
      "currentX":0.0,
      "currentY":-81.65,
      "voltageX":0.0,
      "voltageY":99.3,
      "gpsX":0.0,
      "gpsY":-41.5,
      "varioX":0.0,
      "varioY":77.65
    }
  }
}