{"Interferences": 17, "Mass": 7.755815959649228, "Batt_amps_ratio_MFD": 0.242787436, "Batt_amps_ratio_MxSpd": 0.242787436, "Distance_MxSpd": 5693.86963, "Max_Distance": 5693.86963, "Hover_Time": 465.593628, "Max_Speed": 12.0, "Max_uc_at_MFD": 0.994750977, "Mot_amps_ratio_MFD": 0.597861707, "Mot_amps_ratio_MxSpd": 0.597861707, "Mot_power_ratio_MFD": 0.399424106, "Mot_power_ratio_MxSpd": 0.399424106, "Power_MFD": 1518.93481, "Power_MxSpd": 1518.93481, "Speed_MFD": 12.0}