{"Interferences": 18, "Mass": 4.087058389985115, "Batt_amps_ratio_MFD": 1.62593222, "Batt_amps_ratio_MxSpd": 2.07403755, "Distance_MxSpd": 703.555237, "Max_Distance": 732.13385, "Hover_Time": 39.616909, "Max_Speed": 38.0, "Max_uc_at_MFD": 0.650425375, "Mot_amps_ratio_MFD": 0.565839231, "Mot_amps_ratio_MxSpd": 0.832223356, "Mot_power_ratio_MFD": 0.567045391, "Mot_power_ratio_MxSpd": 0.833997428, "Power_MFD": 1469.82227, "Power_MxSpd": 2380.31201, "Speed_MFD": 31.0}