{"Interferences": 21, "Mass": 5.00485545292794, "Batt_amps_ratio_MFD": 1.51288092, "Batt_amps_ratio_MxSpd": 1.72764719, "Distance_MxSpd": 600.122498, "Max_Distance": 609.168884, "Hover_Time": 27.55756, "Max_Speed": 27.0, "Max_uc_at_MFD": 0.861411273, "Mot_amps_ratio_MFD": 0.868290186, "Mot_amps_ratio_MxSpd": 0.994316399, "Mot_power_ratio_MFD": 0.580094039, "Mot_power_ratio_MxSpd": 0.664290607, "Power_MFD": 1802.62891, "Power_MxSpd": 2214.76318, "Speed_MFD": 24.0}