{"Interferences": 13, "Mass": 9.829669182139726, "Batt_amps_ratio_MFD": 2.28047848, "Batt_amps_ratio_MxSpd": 2.28047848, "Distance_MxSpd": 9850.56445, "Max_Distance": 9850.56445, "Hover_Time": 0.0, "Max_Speed": 39.0, "Max_uc_at_MFD": 0.986912966, "Mot_amps_ratio_MFD": 0.530782402, "Mot_amps_ratio_MxSpd": 0.530782402, "Mot_power_ratio_MFD": 0.227413148, "Mot_power_ratio_MxSpd": 0.227413148, "Power_MFD": 4502.24951, "Power_MxSpd": 4502.24951, "Speed_MFD": 39.0}