{"Interferences": 12, "Mass": 8.380612049373337, "Batt_amps_ratio_MFD": 0.428065926, "Batt_amps_ratio_MxSpd": 0.564128757, "Distance_MxSpd": 6738.88721, "Max_Distance": 6997.05322, "Hover_Time": 0.0, "Max_Speed": 33.0, "Max_uc_at_MFD": 0.379122108, "Mot_amps_ratio_MFD": 0.868791342, "Mot_amps_ratio_MxSpd": 0.918832541, "Mot_power_ratio_MFD": 0.873901904, "Mot_power_ratio_MxSpd": 0.92423743, "Power_MFD": 1932.98047, "Power_MxSpd": 2784.51978, "Speed_MFD": 26.0}