{"Interferences": 19, "Mass": 5.675836869321661, "Batt_amps_ratio_MFD": 0.436975211, "Batt_amps_ratio_MxSpd": 0.436975211, "Distance_MxSpd": 2284.79785, "Max_Distance": 2284.79785, "Hover_Time": 0.0, "Max_Speed": 26.0, "Max_uc_at_MFD": 0.85251826, "Mot_amps_ratio_MFD": 0.892817557, "Mot_amps_ratio_MxSpd": 0.892817557, "Mot_power_ratio_MFD": 0.874436021, "Mot_power_ratio_MxSpd": 0.874436021, "Power_MFD": 3213.40283, "Power_MxSpd": 3213.40283, "Speed_MFD": 26.0}