{
  "generator_version":"UAV2_gen12",
  "name":"design_6989_6a365092e9a04060a3d5b619d6a1e89b_s",
  "hub":{
    "node_type":"ConnectedHub6_2_2_2",
    "frontSegment":{
      "node_type":"PropArm",
      "armLength":436.23606526813506,
      "motor":{
        "motorType":"t_motor_AntigravityMN5008KV400"
      },
      "prop":{
        "propType":"apc_propellers_15x7E"
      },
      "flange":{
        "offset":15.727776062172566,
        "angle":191.65351284557045
      }
    },
    "middleSegment":{
      "node_type":"AngledWingArm",
      "arm1Length":240.51524874354132,
      "arm2Length":177.87749976696495,
      "wing":{
        "wingType":"Wing_vert_hole",
        "nacaProfile":"6306",
        "span":562.1849532582867,
        "chordInner":447.45472741479387,
        "chordOuter":195.5821777739871,
        "taperOffset":true,
        "aileronBias":0.576918620991802,
        "flapBias":0.8253422917039313,
        "load":725.7808928649447,
        "tubeOffset":57.72475074573562,
        "tubeRot":221.56006148920665
      },
      "servo":{
        "servoType":"Hitec_D954SW"
      }
    },
    "rearSegment":{
      "node_type":"PropArm",
      "armLength":303.0616479588136,
      "motor":{
        "motorType":"kde_direct_KDE5215XF_435"
      },
      "prop":{
        "propType":"apc_propellers_16x7"
      },
      "flange":{
        "offset":-48.18188452779215,
        "angle":0.0
      }
    }
  },
  "fuselageWithComponents":{
    "node_type":"SingleBatteryFuselageWithComponents",
    "battery":{
      "batteryType":"TurnigyGraphene1300mAh3S75C"
    },
    "fuselage":{
      "length":84.0,
      "vertDiameter":52.5,
      "horzDiameter":326.4,
      "floorHeight":8.75,
      "batteryX":-5.0,
      "batteryY":6.0,
      "rpmX":-5.0,
      "rpmY":-98.8,
      "autoPilotX":-5.0,
      "autoPilotY":42.5,
      "currentX":-5.0,
      "currentY":-78.65,
      "voltageX":-5.0,
      "voltageY":96.3,
      "gpsX":-5.0,
      "gpsY":-38.5,
      "varioX":-5.0,
      "varioY":74.65
    }
  }
}