{"Interferences": 0, "Mass": 16.55170229830592, "Batt_amps_ratio_MFD": 1.52642214, "Batt_amps_ratio_MxSpd": 1.52642214, "Distance_MxSpd": 9245.14844, "Max_Distance": 9245.14844, "Hover_Time": 214.956909, "Max_Speed": 49.0, "Max_uc_at_MFD": 0.755137146, "Mot_amps_ratio_MFD": 0.993068099, "Mot_amps_ratio_MxSpd": 0.993068099, "Mot_power_ratio_MFD": 0.43697837, "Mot_power_ratio_MxSpd": 0.43697837, "Power_MFD": 9453.83105, "Power_MxSpd": 9453.83105, "Speed_MFD": 49.0}