{"Interferences": 13, "Mass": 4.569481175570643, "Batt_amps_ratio_MFD": 1.58095014, "Batt_amps_ratio_MxSpd": 2.92209148, "Distance_MxSpd": 551.933411, "Max_Distance": 680.097351, "Hover_Time": 33.7843208, "Max_Speed": 42.0, "Max_uc_at_MFD": 0.740007043, "Mot_amps_ratio_MFD": 0.748873293, "Mot_amps_ratio_MxSpd": 0.890809715, "Mot_power_ratio_MFD": 0.706561923, "Mot_power_ratio_MxSpd": 0.823998988, "Power_MFD": 1432.18384, "Power_MxSpd": 3672.85815, "Speed_MFD": 28.0}