{"Interferences": 6, "Mass": 5.015593148179846, "Batt_amps_ratio_MFD": 0.778999388, "Batt_amps_ratio_MxSpd": 0.778999388, "Distance_MxSpd": 443.646057, "Max_Distance": 443.646057, "Hover_Time": 39.7775764, "Max_Speed": 9.0, "Max_uc_at_MFD": 0.933206499, "Mot_amps_ratio_MFD": 0.386520624, "Mot_amps_ratio_MxSpd": 0.386520624, "Mot_power_ratio_MFD": 0.187704086, "Mot_power_ratio_MxSpd": 0.187704086, "Power_MFD": 777.651245, "Power_MxSpd": 777.651245, "Speed_MFD": 9.0}