{"Interferences": 2, "Mass": 4.00829164193072, "Batt_amps_ratio_MFD": 1.91007066, "Batt_amps_ratio_MxSpd": 2.33129692, "Distance_MxSpd": 329.430359, "Max_Distance": 381.975403, "Hover_Time": 0.0, "Max_Speed": 20.0, "Max_uc_at_MFD": 0.929767549, "Mot_amps_ratio_MFD": 0.690756738, "Mot_amps_ratio_MxSpd": 0.835943222, "Mot_power_ratio_MFD": 0.42596665, "Mot_power_ratio_MxSpd": 0.545821786, "Power_MFD": 2430.48804, "Power_MxSpd": 3023.78906, "Speed_MFD": 19.0}