{"Interferences": 26, "Mass": 6.534961434808645, "Batt_amps_ratio_MFD": 0.698694944, "Batt_amps_ratio_MxSpd": 0.939577222, "Distance_MxSpd": 449.563904, "Max_Distance": 494.636475, "Hover_Time": 0.0, "Max_Speed": 11.0, "Max_uc_at_MFD": 0.904685616, "Mot_amps_ratio_MFD": 0.307511419, "Mot_amps_ratio_MxSpd": 0.494985491, "Mot_power_ratio_MFD": 0.0769211724, "Mot_power_ratio_MxSpd": 0.123816088, "Power_MFD": 786.955078, "Power_MxSpd": 1174.2583, "Speed_MFD": 9.0}