{"Interferences": 47, "Mass": 9.150131798653822, "Batt_amps_ratio_MFD": 0.807597637, "Batt_amps_ratio_MxSpd": 0.807597637, "Distance_MxSpd": 95.0968628, "Max_Distance": 95.0968628, "Hover_Time": 49.4312973, "Max_Speed": 2.0, "Max_uc_at_MFD": 0.543406546, "Mot_amps_ratio_MFD": 0.954704583, "Mot_amps_ratio_MxSpd": 0.954704583, "Mot_power_ratio_MFD": 0.935048878, "Mot_power_ratio_MxSpd": 0.935048878, "Power_MFD": 1650.57251, "Power_MxSpd": 1650.57251, "Speed_MFD": 2.0}