{"Interferences": 13, "Mass": 2.9858695220661224, "Batt_amps_ratio_MFD": 0.327070713, "Batt_amps_ratio_MxSpd": 0.342232913, "Distance_MxSpd": 2580.69849, "Max_Distance": 2582.92773, "Hover_Time": 184.187408, "Max_Speed": 23.0, "Max_uc_at_MFD": 0.861103058, "Mot_amps_ratio_MFD": 0.483300149, "Mot_amps_ratio_MxSpd": 0.507213891, "Mot_power_ratio_MFD": 0.241896123, "Mot_power_ratio_MxSpd": 0.253865182, "Power_MFD": 681.473206, "Power_MxSpd": 743.859497, "Speed_MFD": 22.0}