{"Interferences": 0, "Mass": 7.2917250375986065, "Batt_amps_ratio_MFD": 0.829524994, "Batt_amps_ratio_MxSpd": 0.829524994, "Distance_MxSpd": 972.12262, "Max_Distance": 972.12262, "Hover_Time": 0.0, "Max_Speed": 7.0, "Max_uc_at_MFD": 0.710266948, "Mot_amps_ratio_MFD": 0.972702801, "Mot_amps_ratio_MxSpd": 0.972702801, "Mot_power_ratio_MFD": 0.719800055, "Mot_power_ratio_MxSpd": 0.719800055, "Power_MFD": 1976.17456, "Power_MxSpd": 1976.17456, "Speed_MFD": 7.0}