{"Interferences": 14, "Mass": 7.397973513820048, "Batt_amps_ratio_MFD": 0.259823501, "Batt_amps_ratio_MxSpd": 0.259823501, "Distance_MxSpd": 1330.13367, "Max_Distance": 1330.13367, "Hover_Time": 456.63147, "Max_Speed": 3.0, "Max_uc_at_MFD": 0.937883377, "Mot_amps_ratio_MFD": 0.987755895, "Mot_amps_ratio_MxSpd": 0.987755895, "Mot_power_ratio_MFD": 0.750694454, "Mot_power_ratio_MxSpd": 0.750694454, "Power_MFD": 1829.85889, "Power_MxSpd": 1829.85889, "Speed_MFD": 3.0}