{"Interferences": 36, "Mass": 12.22368917387804, "Batt_amps_ratio_MFD": 2.98437929, "Batt_amps_ratio_MxSpd": 2.98437929, "Distance_MxSpd": 1930.04956, "Max_Distance": 1930.04956, "Hover_Time": 0.0, "Max_Speed": 10.0, "Max_uc_at_MFD": 0.810842812, "Mot_amps_ratio_MFD": 0.694091022, "Mot_amps_ratio_MxSpd": 0.694091022, "Mot_power_ratio_MFD": 0.648792446, "Mot_power_ratio_MxSpd": 0.648792446, "Power_MFD": 3911.08374, "Power_MxSpd": 3911.08374, "Speed_MFD": 10.0}