{"Interferences": 37, "Mass": 4.95159835627659, "Batt_amps_ratio_MFD": 1.26520693, "Batt_amps_ratio_MxSpd": 2.20124698, "Distance_MxSpd": 505.89505, "Max_Distance": 576.664551, "Hover_Time": 31.0810165, "Max_Speed": 29.0, "Max_uc_at_MFD": 0.954255283, "Mot_amps_ratio_MFD": 0.652468503, "Mot_amps_ratio_MxSpd": 0.995119035, "Mot_power_ratio_MFD": 0.426023573, "Mot_power_ratio_MxSpd": 0.649754167, "Power_MFD": 1225.06177, "Power_MxSpd": 3185.15576, "Speed_MFD": 19.0}