{"Interferences": 8, "Mass": 4.938077654612406, "Batt_amps_ratio_MFD": 1.35699141, "Batt_amps_ratio_MxSpd": 2.13026452, "Distance_MxSpd": 684.985352, "Max_Distance": 820.638977, "Hover_Time": 43.7810555, "Max_Speed": 38.0, "Max_uc_at_MFD": 0.895333588, "Mot_amps_ratio_MFD": 0.728036523, "Mot_amps_ratio_MxSpd": 0.654060781, "Mot_power_ratio_MFD": 0.457934976, "Mot_power_ratio_MxSpd": 0.411404222, "Power_MFD": 1814.11865, "Power_MxSpd": 3320.5564, "Speed_MFD": 29.0}