{"Interferences": 8, "Mass": 4.744212201420789, "Batt_amps_ratio_MFD": 0.602159262, "Batt_amps_ratio_MxSpd": 1.01252425, "Distance_MxSpd": 682.65033, "Max_Distance": 701.475586, "Hover_Time": 54.7081299, "Max_Speed": 18.0, "Max_uc_at_MFD": 0.779223859, "Mot_amps_ratio_MFD": 0.721009791, "Mot_amps_ratio_MxSpd": 0.984404445, "Mot_power_ratio_MFD": 0.355698168, "Mot_power_ratio_MxSpd": 0.485639542, "Power_MFD": 470.546478, "Power_MxSpd": 1087.3822, "Speed_MFD": 11.0}