{"Interferences": 16, "Mass": 4.546288340783292, "Batt_amps_ratio_MFD": 0.633696914, "Batt_amps_ratio_MxSpd": 0.662173092, "Distance_MxSpd": 1913.6991, "Max_Distance": 1939.09741, "Hover_Time": 100.953773, "Max_Speed": 33.0, "Max_uc_at_MFD": 0.9403162, "Mot_amps_ratio_MFD": 0.897559583, "Mot_amps_ratio_MxSpd": 0.947340131, "Mot_power_ratio_MFD": 0.616751671, "Mot_power_ratio_MxSpd": 0.650958002, "Power_MFD": 1806.59253, "Power_MxSpd": 1957.22888, "Speed_MFD": 32.0}