{"Interferences": 22, "Mass": 8.243599537490399, "Batt_amps_ratio_MFD": 0.164247558, "Batt_amps_ratio_MxSpd": 0.164247558, "Distance_MxSpd": 16833.127, "Max_Distance": 16833.127, "Hover_Time": 814.985168, "Max_Speed": 24.0, "Max_uc_at_MFD": 0.999318123, "Mot_amps_ratio_MFD": 0.938232183, "Mot_amps_ratio_MxSpd": 0.938232183, "Mot_power_ratio_MFD": 0.704070568, "Mot_power_ratio_MxSpd": 0.704070568, "Power_MFD": 2167.10669, "Power_MxSpd": 2167.10669, "Speed_MFD": 24.0}