{"Interferences": 8, "Mass": 4.046859082987049, "Batt_amps_ratio_MFD": 1.44033062, "Batt_amps_ratio_MxSpd": 1.76626337, "Distance_MxSpd": 630.483521, "Max_Distance": 666.513611, "Hover_Time": 40.775631, "Max_Speed": 29.0, "Max_uc_at_MFD": 0.973825276, "Mot_amps_ratio_MFD": 0.35810703, "Mot_amps_ratio_MxSpd": 0.336633116, "Mot_power_ratio_MFD": 0.179435194, "Mot_power_ratio_MxSpd": 0.168675363, "Power_MFD": 1071.39624, "Power_MxSpd": 1393.35669, "Speed_MFD": 25.0}