{"Interferences": 9, "Mass": 8.806840370510015, "Batt_amps_ratio_MFD": 0.574653924, "Batt_amps_ratio_MxSpd": 0.574653924, "Distance_MxSpd": 4510.54102, "Max_Distance": 4510.54102, "Hover_Time": 417.058777, "Max_Speed": 9.0, "Max_uc_at_MFD": 0.951393485, "Mot_amps_ratio_MFD": 0.857985616, "Mot_amps_ratio_MxSpd": 0.857985616, "Mot_power_ratio_MFD": 0.447173148, "Mot_power_ratio_MxSpd": 0.447173148, "Power_MFD": 2571.94971, "Power_MxSpd": 2571.94971, "Speed_MFD": 9.0}