{"Interferences": 83, "Mass": 7.071295321760444, "Batt_amps_ratio_MFD": 0.707215548, "Batt_amps_ratio_MxSpd": 0.707215548, "Distance_MxSpd": 4560.98584, "Max_Distance": 4560.98584, "Hover_Time": 213.230743, "Max_Speed": 28.0, "Max_uc_at_MFD": 0.688248336, "Mot_amps_ratio_MFD": 0.935360789, "Mot_amps_ratio_MxSpd": 0.935360789, "Mot_power_ratio_MFD": 0.70201993, "Mot_power_ratio_MxSpd": 0.70201993, "Power_MFD": 1867.57715, "Power_MxSpd": 1867.57715, "Speed_MFD": 28.0}