{"Interferences": 24, "Mass": 11.85628427231271, "Batt_amps_ratio_MFD": 1.17760503, "Batt_amps_ratio_MxSpd": 1.53930557, "Distance_MxSpd": 8606.47852, "Max_Distance": 9538.00293, "Hover_Time": 326.617249, "Max_Speed": 46.0, "Max_uc_at_MFD": 0.828357995, "Mot_amps_ratio_MFD": 0.701726377, "Mot_amps_ratio_MxSpd": 0.981131554, "Mot_power_ratio_MFD": 0.360307336, "Mot_power_ratio_MxSpd": 0.503770292, "Power_MFD": 4823.59082, "Power_MxSpd": 7360.69922, "Speed_MFD": 39.0}