{"Interferences": 67, "Mass": 4.396088078275785, "Batt_amps_ratio_MFD": 0.75081116, "Batt_amps_ratio_MxSpd": 1.3141855, "Distance_MxSpd": 1227.224, "Max_Distance": 1483.1958, "Hover_Time": 85.0175934, "Max_Speed": 42.0, "Max_uc_at_MFD": 0.664068043, "Mot_amps_ratio_MFD": 0.791426361, "Mot_amps_ratio_MxSpd": 0.99676007, "Mot_power_ratio_MFD": 0.520582676, "Mot_power_ratio_MxSpd": 0.655646622, "Power_MFD": 1406.53967, "Power_MxSpd": 3716.70239, "Speed_MFD": 29.0}