{"Interferences": 27, "Mass": 10.035869472727985, "Batt_amps_ratio_MFD": 1.02034116, "Batt_amps_ratio_MxSpd": 1.09095716, "Distance_MxSpd": 4399.80615, "Max_Distance": 4516.13623, "Hover_Time": 0.0, "Max_Speed": 25.0, "Max_uc_at_MFD": 0.563587606, "Mot_amps_ratio_MFD": 0.987314105, "Mot_amps_ratio_MxSpd": 0.871270418, "Mot_power_ratio_MFD": 0.956707358, "Mot_power_ratio_MxSpd": 0.84426105, "Power_MFD": 2304.2334, "Power_MxSpd": 2449.91724, "Speed_MFD": 24.0}