{"Interferences": 14, "Mass": 6.2416450610375, "Batt_amps_ratio_MFD": 0.353372216, "Batt_amps_ratio_MxSpd": 0.353372216, "Distance_MxSpd": 2825.34937, "Max_Distance": 2825.34937, "Hover_Time": 166.634323, "Max_Speed": 26.0, "Max_uc_at_MFD": 0.999917626, "Mot_amps_ratio_MFD": 0.910409808, "Mot_amps_ratio_MxSpd": 0.910409808, "Mot_power_ratio_MFD": 0.336851627, "Mot_power_ratio_MxSpd": 0.336851627, "Power_MFD": 1645.87866, "Power_MxSpd": 1645.87866, "Speed_MFD": 26.0}