{"Interferences": 6, "Mass": 3.7334485040954224, "Batt_amps_ratio_MFD": 0.655279756, "Batt_amps_ratio_MxSpd": 0.655279756, "Distance_MxSpd": 117.201851, "Max_Distance": 117.201851, "Hover_Time": 58.4989204, "Max_Speed": 2.0, "Max_uc_at_MFD": 0.561645865, "Mot_amps_ratio_MFD": 0.3404724, "Mot_amps_ratio_MxSpd": 0.3404724, "Mot_power_ratio_MFD": 0.314936966, "Mot_power_ratio_MxSpd": 0.314936966, "Power_MFD": 671.094849, "Power_MxSpd": 671.094849, "Speed_MFD": 2.0}