{"Interferences": 28, "Mass": 6.495217771226161, "Batt_amps_ratio_MFD": 0.517734587, "Batt_amps_ratio_MxSpd": 0.517734587, "Distance_MxSpd": 74.1692734, "Max_Distance": 74.1692734, "Hover_Time": 0.0, "Max_Speed": 1.0, "Max_uc_at_MFD": 0.999015868, "Mot_amps_ratio_MFD": 0.977157414, "Mot_amps_ratio_MxSpd": 0.977157414, "Mot_power_ratio_MFD": 0.361548245, "Mot_power_ratio_MxSpd": 0.361548245, "Power_MFD": 1916.04163, "Power_MxSpd": 1916.04163, "Speed_MFD": 1.0}