{"Interferences": 11, "Mass": 4.26716545062793, "Batt_amps_ratio_MFD": 0.393145204, "Batt_amps_ratio_MxSpd": 0.466313779, "Distance_MxSpd": 1729.30762, "Max_Distance": 1855.80286, "Hover_Time": 116.207443, "Max_Speed": 21.0, "Max_uc_at_MFD": 0.968440235, "Mot_amps_ratio_MFD": 0.790131986, "Mot_amps_ratio_MxSpd": 0.813197017, "Mot_power_ratio_MFD": 0.395065993, "Mot_power_ratio_MxSpd": 0.406598508, "Power_MFD": 1095.82251, "Power_MxSpd": 1392.08923, "Speed_MFD": 19.0}