{"Interferences": 9, "Mass": 4.759029701787169, "Batt_amps_ratio_MFD": 1.46564269, "Batt_amps_ratio_MxSpd": 2.49795532, "Distance_MxSpd": 645.648071, "Max_Distance": 812.20343, "Hover_Time": 42.9951935, "Max_Speed": 42.0, "Max_uc_at_MFD": 0.810931802, "Mot_amps_ratio_MFD": 0.427939951, "Mot_amps_ratio_MxSpd": 0.493684113, "Mot_power_ratio_MFD": 0.214090526, "Mot_power_ratio_MxSpd": 0.459603995, "Power_MFD": 1794.0769, "Power_MxSpd": 3912.68848, "Speed_MFD": 31.0}