{"Interferences": 8, "Mass": 5.685828493385079, "Batt_amps_ratio_MFD": 0.342461914, "Batt_amps_ratio_MxSpd": 0.357893854, "Distance_MxSpd": 6705.89844, "Max_Distance": 6727.75586, "Hover_Time": 0.0, "Max_Speed": 25.0, "Max_uc_at_MFD": 0.593496263, "Mot_amps_ratio_MFD": 0.552918315, "Mot_amps_ratio_MxSpd": 0.627721429, "Mot_power_ratio_MFD": 0.554096937, "Mot_power_ratio_MxSpd": 0.629059494, "Power_MFD": 1432.91577, "Power_MxSpd": 1571.44666, "Speed_MFD": 24.0}