{
  "generator_version":"UAV2_gen12",
  "name":"design_8649_259214b159ce4a968a0d5e6323998631_s",
  "hub":{
    "node_type":"ConnectedHub6_2_2_2",
    "frontSegment":{
      "node_type":"WingArm",
      "armLength":218.69500803436821,
      "wing":{
        "wingType":"Wing_horiz_hole",
        "nacaProfile":"4321",
        "span":1135.185765191694,
        "chordInner":497.0815035223345,
        "chordOuter":103.54477184976213,
        "taperOffset":false,
        "aileronBias":0.6373067723075316,
        "flapBias":0.24415224735351002,
        "load":310.3089465108775,
        "tubeOffset":79.56423018112994,
        "tubeRot":270.0
      },
      "servo":{
        "servoType":"Hitec_HS_40"
      }
    },
    "middleSegment":{
      "node_type":"PropArm",
      "armLength":205.95894856540585,
      "motor":{
        "motorType":"kde_direct_KDE3520XF_400"
      },
      "prop":{
        "propType":"apc_propellers_15x8"
      },
      "flange":{
        "offset":35.2255774277488,
        "angle":0.0
      }
    },
    "rearSegment":{
      "node_type":"AngledWingArm",
      "arm1Length":217.87846275061992,
      "arm2Length":80.96276052989776,
      "wing":{
        "wingType":"Wing_horiz_hole",
        "nacaProfile":"0009",
        "span":1953.8588257230087,
        "chordInner":174.58736233527776,
        "chordOuter":169.0958811329585,
        "taperOffset":false,
        "aileronBias":0.5071874613426661,
        "flapBias":0.9001914111364331,
        "load":452.6984082223941,
        "tubeOffset":39.26050578485754,
        "tubeRot":269.1041043006517
      },
      "servo":{
        "servoType":"Hitec_HS_5070MH"
      }
    }
  },
  "fuselageWithComponents":{
    "node_type":"SingleBatteryFuselageWithComponents",
    "battery":{
      "batteryType":"Tattu25C23000mAh6S1PHV"
    },
    "fuselage":{
      "length":210.0,
      "vertDiameter":139.5,
      "horzDiameter":384.9,
      "floorHeight":23.25,
      "batteryX":0.0,
      "batteryY":6.0,
      "rpmX":0.0,
      "rpmY":-118.3,
      "autoPilotX":0.0,
      "autoPilotY":62.0,
      "currentX":0.0,
      "currentY":-98.15,
      "voltageX":0.0,
      "voltageY":115.8,
      "gpsX":0.0,
      "gpsY":-58.0,
      "varioX":0.0,
      "varioY":94.15
    }
  }
}