{"Interferences": 12, "Mass": 6.221122762889346, "Batt_amps_ratio_MFD": 0.517702699, "Batt_amps_ratio_MxSpd": 0.517702699, "Distance_MxSpd": 4227.90918, "Max_Distance": 4227.90918, "Hover_Time": 252.395599, "Max_Speed": 19.0, "Max_uc_at_MFD": 0.422192633, "Mot_amps_ratio_MFD": 0.838154078, "Mot_amps_ratio_MxSpd": 0.838154078, "Mot_power_ratio_MFD": 0.744280815, "Mot_power_ratio_MxSpd": 0.744280815, "Power_MFD": 1001.61322, "Power_MxSpd": 1001.61322, "Speed_MFD": 19.0}