{"Interferences": 49, "Mass": 3.2773691581539164, "Batt_amps_ratio_MFD": 0.790512025, "Batt_amps_ratio_MxSpd": 0.790512025, "Distance_MxSpd": 1020.09833, "Max_Distance": 1020.09833, "Hover_Time": 63.2567444, "Max_Speed": 21.0, "Max_uc_at_MFD": 0.978160858, "Mot_amps_ratio_MFD": 0.542378008, "Mot_amps_ratio_MxSpd": 0.542378008, "Mot_power_ratio_MFD": 0.330531567, "Mot_power_ratio_MxSpd": 0.330531567, "Power_MFD": 736.319214, "Power_MxSpd": 736.319214, "Speed_MFD": 21.0}