{"Interferences": 30, "Mass": 4.372065090450682, "Batt_amps_ratio_MFD": 0.208580092, "Batt_amps_ratio_MxSpd": 0.208580092, "Distance_MxSpd": 3682.03882, "Max_Distance": 3682.03882, "Hover_Time": 227.873215, "Max_Speed": 20.0, "Max_uc_at_MFD": 0.893046856, "Mot_amps_ratio_MFD": 0.610485733, "Mot_amps_ratio_MxSpd": 0.610485733, "Mot_power_ratio_MFD": 0.40740487, "Mot_power_ratio_MxSpd": 0.40740487, "Power_MFD": 930.090149, "Power_MxSpd": 930.090149, "Speed_MFD": 20.0}