{"Interferences": 9, "Mass": 2.964787805433045, "Batt_amps_ratio_MFD": 0.444805145, "Batt_amps_ratio_MxSpd": 0.444805145, "Distance_MxSpd": 1294.9491, "Max_Distance": 1294.9491, "Hover_Time": 88.4207458, "Max_Speed": 15.0, "Max_uc_at_MFD": 0.869516015, "Mot_amps_ratio_MFD": 0.755774736, "Mot_amps_ratio_MxSpd": 0.755774736, "Mot_power_ratio_MFD": 0.372848868, "Mot_power_ratio_MxSpd": 0.372848868, "Power_MFD": 616.852661, "Power_MxSpd": 616.852661, "Speed_MFD": 15.0}