{"Interferences": 18, "Mass": 3.3371938111963413, "Batt_amps_ratio_MFD": 0.998419702, "Batt_amps_ratio_MxSpd": 1.70542669, "Distance_MxSpd": 900.654358, "Max_Distance": 999.980225, "Hover_Time": 60.645607, "Max_Speed": 40.0, "Max_uc_at_MFD": 0.597379982, "Mot_amps_ratio_MFD": 0.531017721, "Mot_amps_ratio_MxSpd": 0.974689245, "Mot_power_ratio_MFD": 0.392953128, "Mot_power_ratio_MxSpd": 0.721270084, "Power_MFD": 944.101074, "Power_MxSpd": 2535.24951, "Speed_MFD": 26.0}