{"Interferences": 11, "Mass": 4.48351716293613, "Batt_amps_ratio_MFD": 1.65213358, "Batt_amps_ratio_MxSpd": 2.35529184, "Distance_MxSpd": 538.022522, "Max_Distance": 604.309509, "Hover_Time": 36.4415321, "Max_Speed": 33.0, "Max_uc_at_MFD": 0.893700659, "Mot_amps_ratio_MFD": 0.731756806, "Mot_amps_ratio_MxSpd": 0.841958523, "Mot_power_ratio_MFD": 0.296925038, "Mot_power_ratio_MxSpd": 0.293474942, "Power_MFD": 1370.73071, "Power_MxSpd": 2300.41846, "Speed_MFD": 26.0}