{"Interferences": 14, "Mass": 6.754504870496942, "Batt_amps_ratio_MFD": 0.924904406, "Batt_amps_ratio_MxSpd": 0.924904406, "Distance_MxSpd": 18060.2441, "Max_Distance": 18060.2441, "Hover_Time": 960.064941, "Max_Speed": 29.0, "Max_uc_at_MFD": 0.81447196, "Mot_amps_ratio_MFD": 0.95967418, "Mot_amps_ratio_MxSpd": 0.95967418, "Mot_power_ratio_MFD": 0.710158885, "Mot_power_ratio_MxSpd": 0.710158885, "Power_MFD": 2022.3772, "Power_MxSpd": 2022.3772, "Speed_MFD": 29.0}