{"Interferences": 35, "Mass": 8.912546261975338, "Batt_amps_ratio_MFD": 0.448653221, "Batt_amps_ratio_MxSpd": 0.448653221, "Distance_MxSpd": 1283.84229, "Max_Distance": 1283.84229, "Hover_Time": 0.0, "Max_Speed": 15.0, "Max_uc_at_MFD": 0.757099748, "Mot_amps_ratio_MFD": 0.717276335, "Mot_amps_ratio_MxSpd": 0.717276335, "Mot_power_ratio_MFD": 0.471808404, "Mot_power_ratio_MxSpd": 0.471808404, "Power_MFD": 1436.56201, "Power_MxSpd": 1436.56201, "Speed_MFD": 15.0}