{"Interferences": 7, "Mass": 7.959901803055535, "Batt_amps_ratio_MFD": 0.969094157, "Batt_amps_ratio_MxSpd": 1.23414218, "Distance_MxSpd": 2893.66968, "Max_Distance": 3328.46899, "Hover_Time": 147.124542, "Max_Speed": 31.0, "Max_uc_at_MFD": 0.761686385, "Mot_amps_ratio_MFD": 0.688131809, "Mot_amps_ratio_MxSpd": 0.963090062, "Mot_power_ratio_MFD": 0.526900589, "Mot_power_ratio_MxSpd": 0.737435281, "Power_MFD": 3835.58936, "Power_MxSpd": 5779.84814, "Speed_MFD": 28.0}