{"Interferences": 49, "Mass": 4.583728857666406, "Batt_amps_ratio_MFD": 0.336544245, "Batt_amps_ratio_MxSpd": 0.336544245, "Distance_MxSpd": 2738.42139, "Max_Distance": 2738.42139, "Hover_Time": 0.0, "Max_Speed": 24.0, "Max_uc_at_MFD": 0.929866791, "Mot_amps_ratio_MFD": 0.999018133, "Mot_amps_ratio_MxSpd": 0.999018133, "Mot_power_ratio_MFD": 0.492848933, "Mot_power_ratio_MxSpd": 0.492848933, "Power_MFD": 1194.16174, "Power_MxSpd": 1194.16174, "Speed_MFD": 24.0}