{"Interferences": 8, "Mass": 3.804204754156215, "Batt_amps_ratio_MFD": 0.908071697, "Batt_amps_ratio_MxSpd": 0.908071697, "Distance_MxSpd": 634.311157, "Max_Distance": 634.311157, "Hover_Time": 49.8010902, "Max_Speed": 15.0, "Max_uc_at_MFD": 0.997836888, "Mot_amps_ratio_MFD": 0.257858068, "Mot_amps_ratio_MxSpd": 0.257858068, "Mot_power_ratio_MFD": 0.0645835325, "Mot_power_ratio_MxSpd": 0.0645835325, "Power_MFD": 488.425781, "Power_MxSpd": 488.425781, "Speed_MFD": 15.0}