{
  "generator_version":"UAV2_gen12",
  "name":"design_3327_e2c93323c6a74b63bf2f97e31ed9bc7b_dw_dl",
  "hub":{
    "node_type":"ConnectedHub4_2_2",
    "frontSegment":{
      "node_type":"SidewaysBendWithTopSegment",
      "angle":70.83320533396173,
      "armLength":113.94945809069495,
      "mainSegment":{
        "node_type":"WingArm",
        "armLength":494.8556794561598,
        "wing":{
          "wingType":"Wing_vert_hole",
          "nacaProfile":"0012",
          "span":1355.788516000591,
          "chordInner":161.67945002731648,
          "chordOuter":73.79419192564734,
          "taperOffset":true,
          "aileronBias":0.557081317189993,
          "flapBias":0.25850181893907087,
          "load":745.3685055403897,
          "tubeOffset":84.38857339041866,
          "tubeRot":270.0
        },
        "servo":{
          "servoType":"Hitec_HS_5496MH"
        }
      },
      "topSegment":{
        "node_type":"AngledPropArm",
        "armLength":77.11051090378068,
        "motor":{
          "motorType":"t_motor_AT4120KV500"
        },
        "prop":{
          "propType":"apc_propellers_17x6"
        }
      }
    },
    "rearSegment":{
      "node_type":"AngledWingArm",
      "arm1Length":296.7856010808656,
      "arm2Length":153.18121303940396,
      "wing":{
        "wingType":"Wing_vert_hole",
        "nacaProfile":"4318",
        "span":412.2122314195479,
        "chordInner":493.9749555291279,
        "chordOuter":94.65114484191449,
        "taperOffset":true,
        "aileronBias":0.28329788457477123,
        "flapBias":0.4108011760451403,
        "load":832.0043637612093,
        "tubeOffset":20.56422518716886,
        "tubeRot":225.90285043647296
      },
      "servo":{
        "servoType":"Hitec_D89MW"
      }
    }
  },
  "fuselageWithComponents":{
    "node_type":"DualBatteryFuselageWithComponents",
    "battery":{
      "batteryType":"TurnigyGraphene6000mAh6S75C"
    },
    "fuselage":{
      "length":341.0,
      "vertDiameter":103.5,
      "horzDiameter":357.9,
      "floorHeight":17.25,
      "battery1X":-85.25,
      "battery1Y":6.0,
      "battery2X":86.25,
      "battery2Y":6.0,
      "rpmX":0.0,
      "rpmY":-109.3,
      "autoPilotX":0.0,
      "autoPilotY":53.0,
      "currentX":0.0,
      "currentY":-89.15,
      "voltageX":0.0,
      "voltageY":106.8,
      "gpsX":0.0,
      "gpsY":-49.0,
      "varioX":0.0,
      "varioY":85.15
    }
  }
}