{"Interferences": 4, "Mass": 3.644972214696459, "Batt_amps_ratio_MFD": 0.906963229, "Batt_amps_ratio_MxSpd": 1.03182888, "Distance_MxSpd": 967.602295, "Max_Distance": 973.799133, "Hover_Time": 55.0205116, "Max_Speed": 26.0, "Max_uc_at_MFD": 0.771151245, "Mot_amps_ratio_MFD": 0.5566715, "Mot_amps_ratio_MxSpd": 0.606113911, "Mot_power_ratio_MFD": 0.5452106, "Mot_power_ratio_MxSpd": 0.593635142, "Power_MFD": 1066.24329, "Power_MxSpd": 1331.14185, "Speed_MFD": 23.0}