{
  "generator_version":"UAV2_gen12",
  "name":"design_9552_24a56c4226b546b48b334fd0ec8d7dc6_dw_dl",
  "hub":{
    "node_type":"ConnectedHub4_2_2",
    "frontSegment":{
      "node_type":"PropArm",
      "armLength":431.49781279478765,
      "motor":{
        "motorType":"t_motor_AntigravityMN5008KV400"
      },
      "prop":{
        "propType":"apc_propellers_14x6E"
      },
      "flange":{
        "offset":33.0976332440668,
        "angle":0.0
      }
    },
    "rearSegment":{
      "node_type":"BranchSegment_Asym",
      "armLength":367.1545037247314,
      "angle":180.0,
      "frontSegment":{
        "node_type":"WingArm",
        "armLength":218.86887539341242,
        "wing":{
          "wingType":"Wing_horiz_hole",
          "nacaProfile":"4418",
          "span":459.1282976555751,
          "chordInner":230.56482679424124,
          "chordOuter":56.646685965782986,
          "taperOffset":true,
          "aileronBias":0.6809231630711293,
          "flapBias":0.8892848189236041,
          "load":584.7767096459379,
          "tubeOffset":81.18797291051196,
          "tubeRot":270.0
        },
        "servo":{
          "servoType":"Hitec_HS_225BB"
        }
      },
      "rearSegment":{
        "node_type":"AngledWingArm",
        "arm1Length":462.0292602965727,
        "arm2Length":160.97593040063705,
        "wing":{
          "wingType":"Wing_vert_hole",
          "nacaProfile":"2415",
          "span":999.4673939709041,
          "chordInner":398.7433552168947,
          "chordOuter":112.50751685643458,
          "taperOffset":true,
          "aileronBias":0.8619673557332612,
          "flapBias":0.5989585366276895,
          "load":853.4356225020791,
          "tubeOffset":45.42159577956112,
          "tubeRot":270.0
        },
        "servo":{
          "servoType":"Hitec_HS_225MG"
        }
      }
    }
  },
  "fuselageWithComponents":{
    "node_type":"DualBatteryFuselageWithComponents",
    "battery":{
      "batteryType":"Tattu30C16000mAh6S1P"
    },
    "fuselage":{
      "length":381.0,
      "vertDiameter":114.0,
      "horzDiameter":383.4,
      "floorHeight":19.0,
      "battery1X":-95.25,
      "battery1Y":6.0,
      "battery2X":96.25,
      "battery2Y":6.0,
      "rpmX":0.0,
      "rpmY":-117.8,
      "autoPilotX":0.0,
      "autoPilotY":61.5,
      "currentX":0.0,
      "currentY":-97.65,
      "voltageX":0.0,
      "voltageY":115.3,
      "gpsX":0.0,
      "gpsY":-57.5,
      "varioX":0.0,
      "varioY":93.65
    }
  }
}