{"Interferences": 14, "Mass": 2.710020177121949, "Batt_amps_ratio_MFD": 0.65279597, "Batt_amps_ratio_MxSpd": 1.19954753, "Distance_MxSpd": 1120.42249, "Max_Distance": 1411.77332, "Hover_Time": 94.1347046, "Max_Speed": 35.0, "Max_uc_at_MFD": 0.800099313, "Mot_amps_ratio_MFD": 0.614695907, "Mot_amps_ratio_MxSpd": 0.710934222, "Mot_power_ratio_MFD": 0.597023368, "Mot_power_ratio_MxSpd": 0.690494895, "Power_MFD": 917.248169, "Power_MxSpd": 2279.85596, "Speed_MFD": 24.0}