{"Interferences": 16, "Mass": 6.1206229667439525, "Batt_amps_ratio_MFD": 0.371685594, "Batt_amps_ratio_MxSpd": 0.371685594, "Distance_MxSpd": 723.191895, "Max_Distance": 723.191895, "Hover_Time": 0.0, "Max_Speed": 7.0, "Max_uc_at_MFD": 0.916705728, "Mot_amps_ratio_MFD": 0.875723898, "Mot_amps_ratio_MxSpd": 0.875723898, "Mot_power_ratio_MFD": 0.648035705, "Mot_power_ratio_MxSpd": 0.648035705, "Power_MFD": 1829.71985, "Power_MxSpd": 1829.71985, "Speed_MFD": 7.0}