{"Interferences": 17, "Mass": 7.447183463152714, "Batt_amps_ratio_MFD": 0.389432758, "Batt_amps_ratio_MxSpd": 0.389432758, "Distance_MxSpd": 5423.27246, "Max_Distance": 5423.27246, "Hover_Time": 285.987061, "Max_Speed": 22.0, "Max_uc_at_MFD": 0.50252074, "Mot_amps_ratio_MFD": 0.900011897, "Mot_amps_ratio_MxSpd": 0.900011897, "Mot_power_ratio_MFD": 0.66600877, "Mot_power_ratio_MxSpd": 0.66600877, "Power_MFD": 1456.62024, "Power_MxSpd": 1456.62024, "Speed_MFD": 22.0}