{"Interferences": 56, "Mass": 9.419625321313726, "Batt_amps_ratio_MFD": 0.942261398, "Batt_amps_ratio_MxSpd": 0.942261398, "Distance_MxSpd": 3871.53711, "Max_Distance": 3871.53711, "Hover_Time": 193.788544, "Max_Speed": 19.0, "Max_uc_at_MFD": 0.409951746, "Mot_amps_ratio_MFD": 0.899631262, "Mot_amps_ratio_MxSpd": 0.899631262, "Mot_power_ratio_MFD": 0.911626399, "Mot_power_ratio_MxSpd": 0.911626399, "Power_MFD": 1894.08362, "Power_MxSpd": 1894.08362, "Speed_MFD": 19.0}