{"Interferences": 14, "Mass": 7.761035723142349, "Batt_amps_ratio_MFD": 1.29067945, "Batt_amps_ratio_MxSpd": 1.29067945, "Distance_MxSpd": 1487.5885, "Max_Distance": 1487.5885, "Hover_Time": 26.1181431, "Max_Speed": 50.0, "Max_uc_at_MFD": 0.5, "Mot_amps_ratio_MFD": 0.655759335, "Mot_amps_ratio_MxSpd": 0.655759335, "Mot_power_ratio_MFD": 0.647015929, "Mot_power_ratio_MxSpd": 0.647015929, "Power_MFD": 4303.13818, "Power_MxSpd": 4303.13818, "Speed_MFD": 50.0}