{"Interferences": 45, "Mass": 4.37046224407241, "Batt_amps_ratio_MFD": 2.74411058, "Batt_amps_ratio_MxSpd": 3.86919785, "Distance_MxSpd": 426.755127, "Max_Distance": 461.78894, "Hover_Time": 19.8088207, "Max_Speed": 43.0, "Max_uc_at_MFD": 0.522137523, "Mot_amps_ratio_MFD": 0.53294462, "Mot_amps_ratio_MxSpd": 0.964892626, "Mot_power_ratio_MFD": 0.39733538, "Mot_power_ratio_MxSpd": 0.719373047, "Power_MFD": 2141.61597, "Power_MxSpd": 3867.31812, "Speed_MFD": 33.0}