{"Interferences": 2, "Mass": 7.172284718378731, "Batt_amps_ratio_MFD": 0.597423851, "Batt_amps_ratio_MxSpd": 0.7272349, "Distance_MxSpd": 5069.06396, "Max_Distance": 5206.354, "Hover_Time": 0.0, "Max_Speed": 32.0, "Max_uc_at_MFD": 0.84450829, "Mot_amps_ratio_MFD": 0.751392901, "Mot_amps_ratio_MxSpd": 0.89873004, "Mot_power_ratio_MFD": 0.752157986, "Mot_power_ratio_MxSpd": 0.89964509, "Power_MFD": 2029.98364, "Power_MxSpd": 2816.49707, "Speed_MFD": 27.0}