{"Interferences": 21, "Mass": 5.155352328846461, "Batt_amps_ratio_MFD": 0.956547022, "Batt_amps_ratio_MxSpd": 0.956547022, "Distance_MxSpd": 281.010773, "Max_Distance": 281.010773, "Hover_Time": 45.3195877, "Max_Speed": 7.0, "Max_uc_at_MFD": 0.99337548, "Mot_amps_ratio_MFD": 0.980713069, "Mot_amps_ratio_MxSpd": 0.980713069, "Mot_power_ratio_MFD": 0.36844635, "Mot_power_ratio_MxSpd": 0.36844635, "Power_MFD": 767.518921, "Power_MxSpd": 767.518921, "Speed_MFD": 7.0}