{"Interferences": 14, "Mass": 9.80050111105523, "Batt_amps_ratio_MFD": 0.528031766, "Batt_amps_ratio_MxSpd": 0.528031766, "Distance_MxSpd": 2181.68701, "Max_Distance": 2181.68701, "Hover_Time": 0.0, "Max_Speed": 10.0, "Max_uc_at_MFD": 0.758967102, "Mot_amps_ratio_MFD": 0.887316525, "Mot_amps_ratio_MxSpd": 0.887316525, "Mot_power_ratio_MFD": 0.656614184, "Mot_power_ratio_MxSpd": 0.656614184, "Power_MFD": 1481.41125, "Power_MxSpd": 1481.41125, "Speed_MFD": 10.0}