{"Interferences": 10, "Mass": 8.090348226349878, "Batt_amps_ratio_MFD": 2.19628525, "Batt_amps_ratio_MxSpd": 2.41820741, "Distance_MxSpd": 396.988312, "Max_Distance": 402.133545, "Hover_Time": 17.2718334, "Max_Speed": 25.0, "Max_uc_at_MFD": 0.996172547, "Mot_amps_ratio_MFD": 0.651788473, "Mot_amps_ratio_MxSpd": 0.633963883, "Mot_power_ratio_MFD": 0.321548969, "Mot_power_ratio_MxSpd": 0.312755525, "Power_MFD": 2061.9812, "Power_MxSpd": 2453.95264, "Speed_MFD": 23.0}