{"Interferences": 53, "Mass": 7.122006160517939, "Batt_amps_ratio_MFD": 0.724122584, "Batt_amps_ratio_MxSpd": 1.08896959, "Distance_MxSpd": 4125.73535, "Max_Distance": 4295.40527, "Hover_Time": 218.12529, "Max_Speed": 39.0, "Max_uc_at_MFD": 0.685900152, "Mot_amps_ratio_MFD": 0.50678587, "Mot_amps_ratio_MxSpd": 0.926668584, "Mot_power_ratio_MFD": 0.338577449, "Mot_power_ratio_MxSpd": 0.619095922, "Power_MFD": 1617.22314, "Power_MxSpd": 3371.59692, "Speed_MFD": 27.0}