{"Interferences": 8, "Mass": 4.014188562903952, "Batt_amps_ratio_MFD": 0.78403461, "Batt_amps_ratio_MxSpd": 1.05640662, "Distance_MxSpd": 1090.48926, "Max_Distance": 1175.45837, "Hover_Time": 72.2327271, "Max_Speed": 30.0, "Max_uc_at_MFD": 0.942185819, "Mot_amps_ratio_MFD": 0.396070153, "Mot_amps_ratio_MxSpd": 0.372148186, "Mot_power_ratio_MFD": 0.244243264, "Mot_power_ratio_MxSpd": 0.229491368, "Power_MFD": 1083.89575, "Power_MxSpd": 1666.55298, "Speed_MFD": 24.0}