{"Interferences": 8, "Mass": 3.6152714240935846, "Batt_amps_ratio_MFD": 1.06595647, "Batt_amps_ratio_MxSpd": 2.63685107, "Distance_MxSpd": 597.075806, "Max_Distance": 756.503662, "Hover_Time": 51.5280457, "Max_Speed": 41.0, "Max_uc_at_MFD": 0.565995514, "Mot_amps_ratio_MFD": 0.432550669, "Mot_amps_ratio_MxSpd": 0.817488432, "Mot_power_ratio_MFD": 0.400109351, "Mot_power_ratio_MxSpd": 0.756176829, "Power_MFD": 841.054871, "Power_MxSpd": 4156.4502, "Speed_MFD": 21.0}