{"Interferences": 9, "Mass": 3.7893383714605178, "Batt_amps_ratio_MFD": 1.3692863, "Batt_amps_ratio_MxSpd": 1.3692863, "Distance_MxSpd": 701.095154, "Max_Distance": 701.095154, "Hover_Time": 39.985218, "Max_Speed": 25.0, "Max_uc_at_MFD": 0.989056706, "Mot_amps_ratio_MFD": 0.670473814, "Mot_amps_ratio_MxSpd": 0.670473814, "Mot_power_ratio_MFD": 0.335855812, "Mot_power_ratio_MxSpd": 0.335855812, "Power_MFD": 1044.38477, "Power_MxSpd": 1044.38477, "Speed_MFD": 25.0}