{"Interferences": 23, "Mass": 6.171939735644089, "Batt_amps_ratio_MFD": 0.685868621, "Batt_amps_ratio_MxSpd": 0.960032642, "Distance_MxSpd": 3499.8811, "Max_Distance": 3779.14941, "Hover_Time": 184.432404, "Max_Speed": 35.0, "Max_uc_at_MFD": 0.456790209, "Mot_amps_ratio_MFD": 0.932852507, "Mot_amps_ratio_MxSpd": 0.843480945, "Mot_power_ratio_MFD": 0.880146325, "Mot_power_ratio_MxSpd": 0.795824289, "Power_MFD": 1844.33984, "Power_MxSpd": 2799.35913, "Speed_MFD": 27.0}