{
  "generator_version":"UAV2_gen12",
  "name":"design_1341_35e835648ad4471d85de4b59396e0380_s",
  "hub":{
    "node_type":"ConnectedHub4_1_2_1",
    "frontSegment":{
      "node_type":"AngledPropArm",
      "armLength":376.0404751178273,
      "motor":{
        "motorType":"kde_direct_KDE700XF_535_G3"
      },
      "prop":{
        "propType":"apc_propellers_19x8E"
      }
    },
    "middleSegment":{
      "node_type":"WingArm",
      "armLength":341.0915120307113,
      "wing":{
        "wingType":"Wing_vert_hole",
        "nacaProfile":"4518",
        "span":1017.7484167162942,
        "chordInner":102.48334453908221,
        "chordOuter":61.32575044055443,
        "taperOffset":false,
        "aileronBias":0.7791558145950168,
        "flapBias":0.8934717999044957,
        "load":771.3557838820183,
        "tubeOffset":69.49242152827995,
        "tubeRot":241.65406653040964
      },
      "servo":{
        "servoType":"Hitec_HS_625MG"
      }
    },
    "rearSegment":{
      "node_type":"BendSegment",
      "angle":126.22973783940154,
      "armLength":52.85628280363689,
      "mainSegment":{
        "node_type":"PropArm",
        "armLength":56.765033107956384,
        "motor":{
          "motorType":"t_motor_MN4010KV475"
        },
        "prop":{
          "propType":"apc_propellers_16x4E"
        },
        "flange":{
          "offset":-16.60538903874511,
          "angle":171.47510888410912
        }
      }
    }
  },
  "fuselageWithComponents":{
    "node_type":"SingleBatteryFuselageWithComponents",
    "battery":{
      "batteryType":"Tattu15C16000mAh4S1P"
    },
    "fuselage":{
      "length":180.0,
      "vertDiameter":111.0,
      "horzDiameter":351.9,
      "floorHeight":18.5,
      "batteryX":0.0,
      "batteryY":6.0,
      "rpmX":0.0,
      "rpmY":-107.3,
      "autoPilotX":0.0,
      "autoPilotY":51.0,
      "currentX":0.0,
      "currentY":-87.15,
      "voltageX":0.0,
      "voltageY":104.8,
      "gpsX":0.0,
      "gpsY":-47.0,
      "varioX":0.0,
      "varioY":83.15
    }
  }
}