{
  "generator_version":"UAV2_gen12",
  "name":"design_9498_cacee4152430494aad9f46bc45e643c3_dw",
  "hub":{
    "node_type":"ConnectedHub4_2_2",
    "frontSegment":{
      "node_type":"AngledWingArm",
      "arm1Length":304.52460634021446,
      "arm2Length":153.41613933326346,
      "wing":{
        "wingType":"Wing_vert_hole",
        "nacaProfile":"0012",
        "span":1664.104357216721,
        "chordInner":327.19004404295134,
        "chordOuter":130.52913312840798,
        "taperOffset":false,
        "aileronBias":0.8357808178221529,
        "flapBias":0.4203930013926992,
        "load":409.63516868112345,
        "tubeOffset":48.54744547122486,
        "tubeRot":270.0
      },
      "servo":{
        "servoType":"Hitec_HS_85BB"
      }
    },
    "rearSegment":{
      "node_type":"PropArm",
      "armLength":223.54761260958531,
      "motor":{
        "motorType":"kde_direct_KDE700XF_455_G3"
      },
      "prop":{
        "propType":"apc_propellers_15x8E"
      },
      "flange":{
        "offset":-44.62571801092554,
        "angle":116.38548775196138
      }
    }
  },
  "fuselageWithComponents":{
    "node_type":"DualBatteryFuselageWithComponents",
    "battery":{
      "batteryType":"TurnigyGraphene1300mAh4S75C"
    },
    "fuselage":{
      "length":84.0,
      "vertDiameter":52.5,
      "horzDiameter":396.9,
      "floorHeight":8.75,
      "battery1X":-4.5,
      "battery1Y":-12.5,
      "battery2X":-4.5,
      "battery2Y":25.5,
      "rpmX":-4.5,
      "rpmY":-122.3,
      "autoPilotX":-4.5,
      "autoPilotY":66.0,
      "currentX":-4.5,
      "currentY":-102.15,
      "voltageX":-4.5,
      "voltageY":119.8,
      "gpsX":-4.5,
      "gpsY":-62.0,
      "varioX":-4.5,
      "varioY":98.15
    }
  }
}