{"Interferences": 17, "Mass": 3.5737997057156656, "Batt_amps_ratio_MFD": 0.8128286, "Batt_amps_ratio_MxSpd": 1.05295992, "Distance_MxSpd": 1057.59009, "Max_Distance": 1086.57593, "Hover_Time": 0.0, "Max_Speed": 29.0, "Max_uc_at_MFD": 0.730695128, "Mot_amps_ratio_MFD": 0.436061651, "Mot_amps_ratio_MxSpd": 0.662190318, "Mot_power_ratio_MFD": 0.284722596, "Mot_power_ratio_MxSpd": 0.432371318, "Power_MFD": 849.046082, "Power_MxSpd": 1475.77417, "Speed_MFD": 23.0}