{"Interferences": 46, "Mass": 4.830975147635657, "Batt_amps_ratio_MFD": 0.470801592, "Batt_amps_ratio_MxSpd": 0.779301345, "Distance_MxSpd": 1576.797, "Max_Distance": 1875.94946, "Hover_Time": 118.461166, "Max_Speed": 32.0, "Max_uc_at_MFD": 0.831899285, "Mot_amps_ratio_MFD": 0.682652533, "Mot_amps_ratio_MxSpd": 0.814453781, "Mot_power_ratio_MFD": 0.341326267, "Mot_power_ratio_MxSpd": 0.40722689, "Power_MFD": 1067.98657, "Power_MxSpd": 2377.97119, "Speed_MFD": 23.0}