{"Interferences": 12, "Mass": 7.781547008084349, "Batt_amps_ratio_MFD": 0.252039224, "Batt_amps_ratio_MxSpd": 0.450770319, "Distance_MxSpd": 9583.59473, "Max_Distance": 11426.793, "Hover_Time": 508.303589, "Max_Speed": 45.0, "Max_uc_at_MFD": 0.733172178, "Mot_amps_ratio_MFD": 0.573354542, "Mot_amps_ratio_MxSpd": 0.84405148, "Mot_power_ratio_MFD": 0.574576735, "Mot_power_ratio_MxSpd": 0.845850706, "Power_MFD": 2448.28149, "Power_MxSpd": 6140.65479, "Speed_MFD": 30.0}