{"Interferences": 5, "Mass": 3.214492609805436, "Batt_amps_ratio_MFD": 1.30078673, "Batt_amps_ratio_MxSpd": 1.72777152, "Distance_MxSpd": 511.178711, "Max_Distance": 531.370728, "Hover_Time": 51.4492683, "Max_Speed": 23.0, "Max_uc_at_MFD": 0.911665678, "Mot_amps_ratio_MFD": 0.445579886, "Mot_amps_ratio_MxSpd": 0.567057908, "Mot_power_ratio_MFD": 0.221467227, "Mot_power_ratio_MxSpd": 0.281845629, "Power_MFD": 1578.4751, "Power_MxSpd": 2360.61597, "Speed_MFD": 18.0}