{"Interferences": 20, "Mass": 7.771619414890258, "Batt_amps_ratio_MFD": 0.393174469, "Batt_amps_ratio_MxSpd": 0.393174469, "Distance_MxSpd": 8203.99121, "Max_Distance": 8203.99121, "Hover_Time": 0.0, "Max_Speed": 28.0, "Max_uc_at_MFD": 1.0, "Mot_amps_ratio_MFD": 0.899851263, "Mot_amps_ratio_MxSpd": 0.899851263, "Mot_power_ratio_MFD": 0.601179659, "Mot_power_ratio_MxSpd": 0.601179659, "Power_MFD": 2503.72168, "Power_MxSpd": 2503.72168, "Speed_MFD": 28.0}