{"Interferences": 7, "Mass": 21.960831800489565, "Batt_amps_ratio_MFD": 0.90768975, "Batt_amps_ratio_MxSpd": 0.90768975, "Distance_MxSpd": 4442.04639, "Max_Distance": 4442.04639, "Hover_Time": 115.048553, "Max_Speed": 35.0, "Max_uc_at_MFD": 0.999761164, "Mot_amps_ratio_MFD": 0.858373225, "Mot_amps_ratio_MxSpd": 0.858373225, "Mot_power_ratio_MFD": 0.736280203, "Mot_power_ratio_MxSpd": 0.736280203, "Power_MFD": 20223.2207, "Power_MxSpd": 20223.2207, "Speed_MFD": 35.0}