{"Interferences": 77, "Mass": 6.3183833288226525, "Batt_amps_ratio_MFD": 0.666417778, "Batt_amps_ratio_MxSpd": 0.688117862, "Distance_MxSpd": 5524.63477, "Max_Distance": 5531.66504, "Hover_Time": 270.938538, "Max_Speed": 33.0, "Max_uc_at_MFD": 0.961142719, "Mot_amps_ratio_MFD": 0.570103347, "Mot_amps_ratio_MxSpd": 0.621892452, "Mot_power_ratio_MFD": 0.296631902, "Mot_power_ratio_MxSpd": 0.323578417, "Power_MFD": 2824.43433, "Power_MxSpd": 2950.89478, "Speed_MFD": 32.0}