{"Interferences": 66, "Mass": 6.902393697354969, "Batt_amps_ratio_MFD": 0.910641253, "Batt_amps_ratio_MxSpd": 0.910641253, "Distance_MxSpd": 4048.13647, "Max_Distance": 4048.13647, "Hover_Time": 163.21875, "Max_Speed": 32.0, "Max_uc_at_MFD": 0.99345535, "Mot_amps_ratio_MFD": 0.563075066, "Mot_amps_ratio_MxSpd": 0.563075066, "Mot_power_ratio_MFD": 0.27986604, "Mot_power_ratio_MxSpd": 0.27986604, "Power_MFD": 2902.66064, "Power_MxSpd": 2902.66064, "Speed_MFD": 32.0}