{"Interferences": 80, "Mass": 8.860758681063972, "Batt_amps_ratio_MFD": 0.289523035, "Batt_amps_ratio_MxSpd": 0.289523035, "Distance_MxSpd": 10610.5547, "Max_Distance": 10610.5547, "Hover_Time": 396.337463, "Max_Speed": 32.0, "Max_uc_at_MFD": 0.992413402, "Mot_amps_ratio_MFD": 0.971156001, "Mot_amps_ratio_MxSpd": 0.971156001, "Mot_power_ratio_MFD": 0.887750864, "Mot_power_ratio_MxSpd": 0.887750864, "Power_MFD": 2742.26416, "Power_MxSpd": 2742.26416, "Speed_MFD": 32.0}