{"Interferences": 2, "Mass": 3.7452912895484713, "Batt_amps_ratio_MFD": 0.867399096, "Batt_amps_ratio_MxSpd": 0.867399096, "Distance_MxSpd": 0.0, "Max_Distance": 0.0, "Hover_Time": 44.2702789, "Max_Speed": 0.0, "Max_uc_at_MFD": 0.458284438, "Mot_amps_ratio_MFD": 0.511417985, "Mot_amps_ratio_MxSpd": 0.511417985, "Mot_power_ratio_MFD": 0.336399406, "Mot_power_ratio_MxSpd": 0.336399406, "Power_MFD": 585.131592, "Power_MxSpd": 585.131592, "Speed_MFD": 0.0}