{"Interferences": 22, "Mass": 3.911587276194109, "Batt_amps_ratio_MFD": 0.577214062, "Batt_amps_ratio_MxSpd": 0.577214062, "Distance_MxSpd": 1330.52881, "Max_Distance": 1330.52881, "Hover_Time": 60.5727882, "Max_Speed": 20.0, "Max_uc_at_MFD": 0.99999994, "Mot_amps_ratio_MFD": 0.527534842, "Mot_amps_ratio_MxSpd": 0.527534842, "Mot_power_ratio_MFD": 0.359556645, "Mot_power_ratio_MxSpd": 0.359556645, "Power_MFD": 898.984497, "Power_MxSpd": 898.984497, "Speed_MFD": 20.0}