{"Interferences": 29, "Mass": 3.418799301406663, "Batt_amps_ratio_MFD": 0.362071693, "Batt_amps_ratio_MxSpd": 0.362071693, "Distance_MxSpd": 848.450745, "Max_Distance": 848.450745, "Hover_Time": 105.082382, "Max_Speed": 8.0, "Max_uc_at_MFD": 0.693232119, "Mot_amps_ratio_MFD": 0.457553387, "Mot_amps_ratio_MxSpd": 0.457553387, "Mot_power_ratio_MFD": 0.225726336, "Mot_power_ratio_MxSpd": 0.225726336, "Power_MFD": 599.918396, "Power_MxSpd": 599.918396, "Speed_MFD": 8.0}