{"Interferences": 61, "Mass": 7.68339676703998, "Batt_amps_ratio_MFD": 0.6361835, "Batt_amps_ratio_MxSpd": 0.6361835, "Distance_MxSpd": 3983.7561, "Max_Distance": 3983.7561, "Hover_Time": 167.336655, "Max_Speed": 22.0, "Max_uc_at_MFD": 0.988286793, "Mot_amps_ratio_MFD": 0.395213544, "Mot_amps_ratio_MxSpd": 0.395213544, "Mot_power_ratio_MFD": 0.112885877, "Mot_power_ratio_MxSpd": 0.112885877, "Power_MFD": 2025.00354, "Power_MxSpd": 2025.00354, "Speed_MFD": 22.0}