{"Interferences": 0, "Mass": 5.508736604354652, "Batt_amps_ratio_MFD": 0.483301073, "Batt_amps_ratio_MxSpd": 0.721183717, "Distance_MxSpd": 2183.07764, "Max_Distance": 2542.5144, "Hover_Time": 140.108902, "Max_Speed": 41.0, "Max_uc_at_MFD": 0.756195724, "Mot_amps_ratio_MFD": 0.56924814, "Mot_amps_ratio_MxSpd": 0.874191225, "Mot_power_ratio_MFD": 0.426982611, "Mot_power_ratio_MxSpd": 0.655714869, "Power_MFD": 2302.90649, "Power_MxSpd": 4358.11377, "Speed_MFD": 32.0}