{"Interferences": 13, "Mass": 3.4546513671284877, "Batt_amps_ratio_MFD": 1.16731346, "Batt_amps_ratio_MxSpd": 1.16731346, "Distance_MxSpd": 328.96048, "Max_Distance": 328.96048, "Hover_Time": 0.0, "Max_Speed": 10.0, "Max_uc_at_MFD": 0.831439674, "Mot_amps_ratio_MFD": 0.478533089, "Mot_amps_ratio_MxSpd": 0.478533089, "Mot_power_ratio_MFD": 0.300997317, "Mot_power_ratio_MxSpd": 0.300997317, "Power_MFD": 432.90509, "Power_MxSpd": 432.90509, "Speed_MFD": 10.0}