{"Interferences": 30, "Mass": 7.547397670336121, "Batt_amps_ratio_MFD": 1.68977022, "Batt_amps_ratio_MxSpd": 2.11374259, "Distance_MxSpd": 345.169769, "Max_Distance": 409.049683, "Hover_Time": 21.9377422, "Max_Speed": 19.0, "Max_uc_at_MFD": 1.0, "Mot_amps_ratio_MFD": 0.808435619, "Mot_amps_ratio_MxSpd": 0.822702825, "Mot_power_ratio_MFD": 0.66471374, "Mot_power_ratio_MxSpd": 0.67644459, "Power_MFD": 1664.57068, "Power_MxSpd": 2143.09326, "Speed_MFD": 18.0}