{"Interferences": 13, "Mass": 3.9612340628960223, "Batt_amps_ratio_MFD": 0.22481674, "Batt_amps_ratio_MxSpd": 0.22481674, "Distance_MxSpd": 1537.25208, "Max_Distance": 1537.25208, "Hover_Time": 0.0, "Max_Speed": 9.0, "Max_uc_at_MFD": 0.779691279, "Mot_amps_ratio_MFD": 0.28633967, "Mot_amps_ratio_MxSpd": 0.28633967, "Mot_power_ratio_MFD": 0.273513287, "Mot_power_ratio_MxSpd": 0.273513287, "Power_MFD": 543.452515, "Power_MxSpd": 543.452515, "Speed_MFD": 9.0}