{"Interferences": 2, "Mass": 10.69182003188592, "Batt_amps_ratio_MFD": 0.604514599, "Batt_amps_ratio_MxSpd": 0.604514599, "Distance_MxSpd": 3334.90723, "Max_Distance": 3334.90723, "Hover_Time": 490.182953, "Max_Speed": 7.0, "Max_uc_at_MFD": 0.59450829, "Mot_amps_ratio_MFD": 0.979696512, "Mot_amps_ratio_MxSpd": 0.979696512, "Mot_power_ratio_MFD": 0.78836751, "Mot_power_ratio_MxSpd": 0.78836751, "Power_MFD": 2826.99023, "Power_MxSpd": 2826.99023, "Speed_MFD": 7.0}