{"Interferences": 16, "Mass": 6.13316048425375, "Batt_amps_ratio_MFD": 1.08679974, "Batt_amps_ratio_MxSpd": 1.08679974, "Distance_MxSpd": 565.329529, "Max_Distance": 565.329529, "Hover_Time": 39.6299477, "Max_Speed": 16.0, "Max_uc_at_MFD": 0.999998331, "Mot_amps_ratio_MFD": 0.53399694, "Mot_amps_ratio_MxSpd": 0.53399694, "Mot_power_ratio_MFD": 0.200248852, "Mot_power_ratio_MxSpd": 0.200248852, "Power_MFD": 1010.81775, "Power_MxSpd": 1010.81775, "Speed_MFD": 16.0}