{"Interferences": 27, "Mass": 6.249509064177351, "Batt_amps_ratio_MFD": 0.363568306, "Batt_amps_ratio_MxSpd": 0.363568306, "Distance_MxSpd": 6337.18604, "Max_Distance": 6337.18604, "Hover_Time": 317.322876, "Max_Speed": 24.0, "Max_uc_at_MFD": 0.743351698, "Mot_amps_ratio_MFD": 0.973049462, "Mot_amps_ratio_MxSpd": 0.973049462, "Mot_power_ratio_MFD": 0.730306506, "Mot_power_ratio_MxSpd": 0.730306506, "Power_MFD": 1523.94434, "Power_MxSpd": 1523.94434, "Speed_MFD": 24.0}