{"Interferences": 33, "Mass": 6.4349477020753, "Batt_amps_ratio_MFD": 2.0738399, "Batt_amps_ratio_MxSpd": 2.45265388, "Distance_MxSpd": 626.260376, "Max_Distance": 666.5896, "Hover_Time": 28.6215973, "Max_Speed": 40.0, "Max_uc_at_MFD": 0.992059469, "Mot_amps_ratio_MFD": 0.47282061, "Mot_amps_ratio_MxSpd": 0.420386404, "Mot_power_ratio_MFD": 0.135052979, "Mot_power_ratio_MxSpd": 0.12007606, "Power_MFD": 2643.64282, "Power_MxSpd": 3219.27759, "Speed_MFD": 36.0}