{"Interferences": 2, "Mass": 5.63123093628804, "Batt_amps_ratio_MFD": 0.420860469, "Batt_amps_ratio_MxSpd": 0.420860469, "Distance_MxSpd": 6021.94824, "Max_Distance": 6021.94824, "Hover_Time": 324.282074, "Max_Speed": 22.0, "Max_uc_at_MFD": 1.0, "Mot_amps_ratio_MFD": 0.739258111, "Mot_amps_ratio_MxSpd": 0.739258111, "Mot_power_ratio_MFD": 0.755794168, "Mot_power_ratio_MxSpd": 0.755794168, "Power_MFD": 1272.41516, "Power_MxSpd": 1272.41516, "Speed_MFD": 22.0}