{"Interferences": 18, "Mass": 5.078665367438219, "Batt_amps_ratio_MFD": 0.330008268, "Batt_amps_ratio_MxSpd": 0.41083312, "Distance_MxSpd": 2243.24658, "Max_Distance": 2327.21436, "Hover_Time": 0.0, "Max_Speed": 24.0, "Max_uc_at_MFD": 0.778878331, "Mot_amps_ratio_MFD": 0.680246413, "Mot_amps_ratio_MxSpd": 0.845868826, "Mot_power_ratio_MFD": 0.503382385, "Mot_power_ratio_MxSpd": 0.625942945, "Power_MFD": 1044.27966, "Power_MxSpd": 1377.19006, "Speed_MFD": 20.0}