{"Interferences": 88, "Mass": 6.601050638363882, "Batt_amps_ratio_MFD": 0.310421795, "Batt_amps_ratio_MxSpd": 0.310421795, "Distance_MxSpd": 8906.59082, "Max_Distance": 8906.59082, "Hover_Time": 443.410156, "Max_Speed": 24.0, "Max_uc_at_MFD": 0.994686961, "Mot_amps_ratio_MFD": 0.453481227, "Mot_amps_ratio_MxSpd": 0.453481227, "Mot_power_ratio_MFD": 0.463624865, "Mot_power_ratio_MxSpd": 0.463624865, "Power_MFD": 1407.54688, "Power_MxSpd": 1407.54688, "Speed_MFD": 24.0}