{"Interferences": 28, "Mass": 9.372841686954864, "Batt_amps_ratio_MFD": 1.39136565, "Batt_amps_ratio_MxSpd": 1.39136565, "Distance_MxSpd": 4829.78711, "Max_Distance": 4829.78711, "Hover_Time": 200.717545, "Max_Speed": 35.0, "Max_uc_at_MFD": 0.99335289, "Mot_amps_ratio_MFD": 0.951493979, "Mot_amps_ratio_MxSpd": 0.951493979, "Mot_power_ratio_MFD": 0.454301804, "Mot_power_ratio_MxSpd": 0.454301804, "Power_MFD": 4321.63623, "Power_MxSpd": 4321.63623, "Speed_MFD": 35.0}