{"Interferences": 3, "Mass": 8.429179889149255, "Batt_amps_ratio_MFD": 1.84392583, "Batt_amps_ratio_MxSpd": 2.60322833, "Distance_MxSpd": 6859.17529, "Max_Distance": 7809.42432, "Hover_Time": 257.427368, "Max_Speed": 31.0, "Max_uc_at_MFD": 0.927782238, "Mot_amps_ratio_MFD": 0.811400533, "Mot_amps_ratio_MxSpd": 0.957632184, "Mot_power_ratio_MFD": 0.750545502, "Mot_power_ratio_MxSpd": 0.885809779, "Power_MFD": 3207.0376, "Power_MxSpd": 4800.76221, "Speed_MFD": 25.0}