{"Interferences": 4, "Mass": 7.372347200778309, "Batt_amps_ratio_MFD": 0.503996074, "Batt_amps_ratio_MxSpd": 0.547732294, "Distance_MxSpd": 5678.68604, "Max_Distance": 5942.90332, "Hover_Time": 248.578583, "Max_Speed": 27.0, "Max_uc_at_MFD": 0.995785415, "Mot_amps_ratio_MFD": 0.601094246, "Mot_amps_ratio_MxSpd": 0.592140496, "Mot_power_ratio_MFD": 0.450820714, "Mot_power_ratio_MxSpd": 0.444105387, "Power_MFD": 1961.53406, "Power_MxSpd": 2039.87769, "Speed_MFD": 26.0}