{"Interferences": 3, "Mass": 3.691775568689312, "Batt_amps_ratio_MFD": 0.992828071, "Batt_amps_ratio_MxSpd": 0.992828071, "Distance_MxSpd": 928.257385, "Max_Distance": 928.257385, "Hover_Time": 53.3003654, "Max_Speed": 24.0, "Max_uc_at_MFD": 0.791906774, "Mot_amps_ratio_MFD": 0.96794641, "Mot_amps_ratio_MxSpd": 0.96794641, "Mot_power_ratio_MFD": 0.955040455, "Mot_power_ratio_MxSpd": 0.955040455, "Power_MFD": 1179.38586, "Power_MxSpd": 1179.38586, "Speed_MFD": 24.0}