{"Interferences": 9, "Mass": 4.2894642652374415, "Batt_amps_ratio_MFD": 0.714199722, "Batt_amps_ratio_MxSpd": 0.892830253, "Distance_MxSpd": 1204.26025, "Max_Distance": 1236.62891, "Hover_Time": 0.0, "Max_Speed": 28.0, "Max_uc_at_MFD": 0.819022834, "Mot_amps_ratio_MFD": 0.513554096, "Mot_amps_ratio_MxSpd": 0.666639149, "Mot_power_ratio_MFD": 0.128460854, "Mot_power_ratio_MxSpd": 0.16675368, "Power_MFD": 920.577332, "Power_MxSpd": 1401.67102, "Speed_MFD": 23.0}