{"Interferences": 0, "Mass": 5.86469459784711, "Batt_amps_ratio_MFD": 0.470455974, "Batt_amps_ratio_MxSpd": 0.470455974, "Distance_MxSpd": 6937.94971, "Max_Distance": 6937.94971, "Hover_Time": 0.0, "Max_Speed": 17.0, "Max_uc_at_MFD": 0.572292864, "Mot_amps_ratio_MFD": 0.741684854, "Mot_amps_ratio_MxSpd": 0.741684854, "Mot_power_ratio_MFD": 0.762505949, "Mot_power_ratio_MxSpd": 0.762505949, "Power_MFD": 1389.80249, "Power_MxSpd": 1389.80249, "Speed_MFD": 17.0}