{"Interferences": 19, "Mass": 4.072441052083112, "Batt_amps_ratio_MFD": 0.560877919, "Batt_amps_ratio_MxSpd": 0.729545534, "Distance_MxSpd": 1526.42981, "Max_Distance": 1574.67419, "Hover_Time": 95.475708, "Max_Speed": 29.0, "Max_uc_at_MFD": 0.991105199, "Mot_amps_ratio_MFD": 0.548826396, "Mot_amps_ratio_MxSpd": 0.724651039, "Mot_power_ratio_MFD": 0.366256803, "Mot_power_ratio_MxSpd": 0.4835926, "Power_MFD": 975.002319, "Power_MxSpd": 1558.28467, "Speed_MFD": 23.0}