{"Interferences": 7, "Mass": 4.925281964272759, "Batt_amps_ratio_MFD": 0.624809861, "Batt_amps_ratio_MxSpd": 0.824232459, "Distance_MxSpd": 3394.32666, "Max_Distance": 4082.61328, "Hover_Time": 198.750656, "Max_Speed": 34.0, "Max_uc_at_MFD": 0.725183725, "Mot_amps_ratio_MFD": 0.807058215, "Mot_amps_ratio_MxSpd": 0.994888127, "Mot_power_ratio_MFD": 0.737746179, "Mot_power_ratio_MxSpd": 0.909444809, "Power_MFD": 1908.73962, "Power_MxSpd": 2952.44727, "Speed_MFD": 31.0}