{"Interferences": 2, "Mass": 3.5850741353264866, "Batt_amps_ratio_MFD": 0.725113332, "Batt_amps_ratio_MxSpd": 0.725113332, "Distance_MxSpd": 211.828949, "Max_Distance": 211.828949, "Hover_Time": 53.0536003, "Max_Speed": 4.0, "Max_uc_at_MFD": 0.589089215, "Mot_amps_ratio_MFD": 0.364553422, "Mot_amps_ratio_MxSpd": 0.364553422, "Mot_power_ratio_MFD": 0.22930409, "Mot_power_ratio_MxSpd": 0.22930409, "Power_MFD": 569.793213, "Power_MxSpd": 569.793213, "Speed_MFD": 4.0}