{"Interferences": 23, "Mass": 4.003393447809585, "Batt_amps_ratio_MFD": 0.270135373, "Batt_amps_ratio_MxSpd": 0.270135373, "Distance_MxSpd": 3046.0918, "Max_Distance": 3046.0918, "Hover_Time": 265.306244, "Max_Speed": 10.0, "Max_uc_at_MFD": 0.531093776, "Mot_amps_ratio_MFD": 0.873299062, "Mot_amps_ratio_MxSpd": 0.873299062, "Mot_power_ratio_MFD": 0.646241307, "Mot_power_ratio_MxSpd": 0.646241307, "Power_MFD": 641.794556, "Power_MxSpd": 641.794556, "Speed_MFD": 10.0}