{"Interferences": 36, "Mass": 4.378960411232154, "Batt_amps_ratio_MFD": 0.853599548, "Batt_amps_ratio_MxSpd": 0.853599548, "Distance_MxSpd": 989.691284, "Max_Distance": 989.691284, "Hover_Time": 48.5685501, "Max_Speed": 22.0, "Max_uc_at_MFD": 0.986770391, "Mot_amps_ratio_MFD": 0.42903477, "Mot_amps_ratio_MxSpd": 0.42903477, "Mot_power_ratio_MFD": 0.214735791, "Mot_power_ratio_MxSpd": 0.214735791, "Power_MFD": 863.72052, "Power_MxSpd": 863.72052, "Speed_MFD": 22.0}