{"Interferences": 35, "Mass": 12.208838744162897, "Batt_amps_ratio_MFD": 0.342414349, "Batt_amps_ratio_MxSpd": 0.342414349, "Distance_MxSpd": 1121.44836, "Max_Distance": 1121.44836, "Hover_Time": 0.0, "Max_Speed": 10.0, "Max_uc_at_MFD": 0.980049253, "Mot_amps_ratio_MFD": 0.413312674, "Mot_amps_ratio_MxSpd": 0.413312674, "Mot_power_ratio_MFD": 0.309984505, "Mot_power_ratio_MxSpd": 0.309984505, "Power_MFD": 865.826172, "Power_MxSpd": 865.826172, "Speed_MFD": 10.0}