{"Interferences": 29, "Mass": 3.2175735179689107, "Batt_amps_ratio_MFD": 1.57445931, "Batt_amps_ratio_MxSpd": 1.57445931, "Distance_MxSpd": 707.290405, "Max_Distance": 707.290405, "Hover_Time": 0.0, "Max_Speed": 29.0, "Max_uc_at_MFD": 0.967342496, "Mot_amps_ratio_MFD": 0.677794933, "Mot_amps_ratio_MxSpd": 0.677794933, "Mot_power_ratio_MFD": 0.331920147, "Mot_power_ratio_MxSpd": 0.331920147, "Power_MFD": 1096.83105, "Power_MxSpd": 1096.83105, "Speed_MFD": 29.0}