{"Interferences": 18, "Mass": 8.712389705950583, "Batt_amps_ratio_MFD": 0.305907935, "Batt_amps_ratio_MxSpd": 0.305907935, "Distance_MxSpd": 6590.21826, "Max_Distance": 6590.21826, "Hover_Time": 247.228104, "Max_Speed": 21.0, "Max_uc_at_MFD": 0.991716266, "Mot_amps_ratio_MFD": 0.391391724, "Mot_amps_ratio_MxSpd": 0.391391724, "Mot_power_ratio_MFD": 0.289629877, "Mot_power_ratio_MxSpd": 0.289629877, "Power_MFD": 1955.7251, "Power_MxSpd": 1955.7251, "Speed_MFD": 21.0}