{"Interferences": 12, "Mass": 9.501382740700633, "Batt_amps_ratio_MFD": 0.282055885, "Batt_amps_ratio_MxSpd": 0.289407551, "Distance_MxSpd": 15922.1826, "Max_Distance": 15928.7588, "Hover_Time": 632.532654, "Max_Speed": 40.0, "Max_uc_at_MFD": 0.998192728, "Mot_amps_ratio_MFD": 0.989788771, "Mot_amps_ratio_MxSpd": 0.979365945, "Mot_power_ratio_MFD": 0.762565911, "Mot_power_ratio_MxSpd": 0.754535794, "Power_MFD": 3411.39795, "Power_MxSpd": 3583.89209, "Speed_MFD": 39.0}