{"Interferences": 65, "Mass": 5.005677769068196, "Batt_amps_ratio_MFD": 1.108724, "Batt_amps_ratio_MxSpd": 1.18946922, "Distance_MxSpd": 1097.63245, "Max_Distance": 1142.93542, "Hover_Time": 60.8492241, "Max_Speed": 34.0, "Max_uc_at_MFD": 0.938080668, "Mot_amps_ratio_MFD": 0.6581797, "Mot_amps_ratio_MxSpd": 0.611273468, "Mot_power_ratio_MFD": 0.322314471, "Mot_power_ratio_MxSpd": 0.299344212, "Power_MFD": 1784.05823, "Power_MxSpd": 1926.69788, "Speed_MFD": 33.0}