{
  "generator_version":"UAV2_gen12",
  "name":"design_30892_f02f993b468941dbbdae4bb670c137e0_s",
  "hub":{
    "node_type":"ConnectedHub6_2_2_2",
    "frontSegment":{
      "node_type":"BranchSegment_Sym",
      "armLength":471.49197894085694,
      "angle":120.0,
      "mainSegment":{
        "node_type":"BendSegment",
        "angle":-131.56469387329307,
        "armLength":333.434765442081,
        "mainSegment":{
          "node_type":"PropArm",
          "armLength":152.86382609578487,
          "motor":{
            "motorType":"t_motor_AntigravityMN5008KV400"
          },
          "prop":{
            "propType":"apc_propellers_16x6E"
          },
          "flange":{
            "offset":-32.36542327979052,
            "angle":180.0
          }
        }
      }
    },
    "middleSegment":{
      "node_type":"PropArm",
      "armLength":159.51942978362803,
      "motor":{
        "motorType":"t_motor_AT3530KV580"
      },
      "prop":{
        "propType":"apc_propellers_18x6W"
      },
      "flange":{
        "offset":-20.6674903237971,
        "angle":0.0
      }
    },
    "rearSegment":{
      "node_type":"AngledWingArm",
      "arm1Length":432.3359029513862,
      "arm2Length":54.715143168356285,
      "wing":{
        "wingType":"Wing_horiz_hole",
        "nacaProfile":"2509",
        "span":1727.2318111401476,
        "chordInner":339.3349086909743,
        "chordOuter":189.92580991744776,
        "taperOffset":true,
        "aileronBias":0.6217116183521423,
        "flapBias":0.8271719476853913,
        "load":354.9937950467797,
        "tubeOffset":37.722327688387686,
        "tubeRot":303.52034470312304
      },
      "servo":{
        "servoType":"Hitec_HS_85BB"
      }
    }
  },
  "fuselageWithComponents":{
    "node_type":"SingleBatteryFuselageWithComponents",
    "battery":{
      "batteryType":"Tattu30C10000mAh6S1P"
    },
    "fuselage":{
      "length":175.0,
      "vertDiameter":97.5,
      "horzDiameter":372.9,
      "floorHeight":16.25,
      "batteryX":0.0,
      "batteryY":6.0,
      "rpmX":0.0,
      "rpmY":-114.3,
      "autoPilotX":0.0,
      "autoPilotY":58.0,
      "currentX":0.0,
      "currentY":-94.15,
      "voltageX":0.0,
      "voltageY":111.8,
      "gpsX":0.0,
      "gpsY":-54.0,
      "varioX":0.0,
      "varioY":90.15
    }
  }
}