{"Interferences": 20, "Mass": 3.6862008812286655, "Batt_amps_ratio_MFD": 1.02480531, "Batt_amps_ratio_MxSpd": 1.06446743, "Distance_MxSpd": 1154.38013, "Max_Distance": 1161.58643, "Hover_Time": 0.0, "Max_Speed": 32.0, "Max_uc_at_MFD": 0.654542208, "Mot_amps_ratio_MFD": 0.886360645, "Mot_amps_ratio_MxSpd": 0.931023717, "Mot_power_ratio_MFD": 0.557520807, "Mot_power_ratio_MxSpd": 0.585613906, "Power_MFD": 1444.17773, "Power_MxSpd": 1554.02295, "Speed_MFD": 31.0}