{"Interferences": 59, "Mass": 8.319313015177764, "Batt_amps_ratio_MFD": 1.40456247, "Batt_amps_ratio_MxSpd": 1.56501973, "Distance_MxSpd": 12513.5801, "Max_Distance": 12712.8555, "Hover_Time": 578.050171, "Max_Speed": 34.0, "Max_uc_at_MFD": 0.828253269, "Mot_amps_ratio_MFD": 0.902455688, "Mot_amps_ratio_MxSpd": 0.944729626, "Mot_power_ratio_MFD": 0.679136157, "Mot_power_ratio_MxSpd": 0.710949063, "Power_MFD": 2312.35107, "Power_MxSpd": 2660.51367, "Speed_MFD": 31.0}