{"Interferences": 1, "Mass": 10.268266879763052, "Batt_amps_ratio_MFD": 0.986409545, "Batt_amps_ratio_MxSpd": 0.986409545, "Distance_MxSpd": 6228.65039, "Max_Distance": 6228.65039, "Hover_Time": 233.854996, "Max_Speed": 32.0, "Max_uc_at_MFD": 0.971456826, "Mot_amps_ratio_MFD": 0.301324397, "Mot_amps_ratio_MxSpd": 0.301324397, "Mot_power_ratio_MFD": 0.0860680714, "Mot_power_ratio_MxSpd": 0.0860680714, "Power_MFD": 3291.91455, "Power_MxSpd": 3291.91455, "Speed_MFD": 32.0}