{"Interferences": 16, "Mass": 4.749725817563074, "Batt_amps_ratio_MFD": 0.421409547, "Batt_amps_ratio_MxSpd": 0.421409547, "Distance_MxSpd": 1093.47314, "Max_Distance": 1093.47314, "Hover_Time": 0.0, "Max_Speed": 12.0, "Max_uc_at_MFD": 0.824403286, "Mot_amps_ratio_MFD": 0.457267463, "Mot_amps_ratio_MxSpd": 0.457267463, "Mot_power_ratio_MFD": 0.298568755, "Mot_power_ratio_MxSpd": 0.298568755, "Power_MFD": 606.335571, "Power_MxSpd": 606.335571, "Speed_MFD": 12.0}