{"Interferences": 19, "Mass": 6.608241115022048, "Batt_amps_ratio_MFD": 0.309712708, "Batt_amps_ratio_MxSpd": 0.309712708, "Distance_MxSpd": 991.887024, "Max_Distance": 991.887024, "Hover_Time": 120.860779, "Max_Speed": 8.0, "Max_uc_at_MFD": 0.999324858, "Mot_amps_ratio_MFD": 0.640106797, "Mot_amps_ratio_MxSpd": 0.640106797, "Mot_power_ratio_MFD": 0.417952091, "Mot_power_ratio_MxSpd": 0.417952091, "Power_MFD": 1470.05713, "Power_MxSpd": 1470.05713, "Speed_MFD": 8.0}