{"Interferences": 32, "Mass": 3.832663686519176, "Batt_amps_ratio_MFD": 1.18508267, "Batt_amps_ratio_MxSpd": 1.18508267, "Distance_MxSpd": 972.084106, "Max_Distance": 972.084106, "Hover_Time": 0.0, "Max_Speed": 30.0, "Max_uc_at_MFD": 0.672616124, "Mot_amps_ratio_MFD": 0.754034698, "Mot_amps_ratio_MxSpd": 0.754034698, "Mot_power_ratio_MFD": 0.474287808, "Mot_power_ratio_MxSpd": 0.474287808, "Power_MFD": 1245.88708, "Power_MxSpd": 1245.88708, "Speed_MFD": 30.0}