{"Interferences": 20, "Mass": 7.568673136799672, "Batt_amps_ratio_MFD": 0.262588829, "Batt_amps_ratio_MxSpd": 0.262588829, "Distance_MxSpd": 3070.96069, "Max_Distance": 3070.96069, "Hover_Time": 438.73819, "Max_Speed": 7.0, "Max_uc_at_MFD": 1.0, "Mot_amps_ratio_MFD": 0.702424347, "Mot_amps_ratio_MxSpd": 0.702424347, "Mot_power_ratio_MFD": 0.667303145, "Mot_power_ratio_MxSpd": 0.667303145, "Power_MFD": 2452.22437, "Power_MxSpd": 2452.22437, "Speed_MFD": 7.0}