{"Interferences": 19, "Mass": 10.080406819342194, "Batt_amps_ratio_MFD": 0.961309969, "Batt_amps_ratio_MxSpd": 0.961309969, "Distance_MxSpd": 998.637329, "Max_Distance": 998.637329, "Hover_Time": 0.0, "Max_Speed": 5.0, "Max_uc_at_MFD": 0.610280156, "Mot_amps_ratio_MFD": 0.963550448, "Mot_amps_ratio_MxSpd": 0.963550448, "Mot_power_ratio_MFD": 0.933680356, "Mot_power_ratio_MxSpd": 0.933680356, "Power_MFD": 2370.6438, "Power_MxSpd": 2370.6438, "Speed_MFD": 5.0}