{"Interferences": 4, "Mass": 4.664844939591686, "Batt_amps_ratio_MFD": 2.09947062, "Batt_amps_ratio_MxSpd": 2.65532422, "Distance_MxSpd": 491.691376, "Max_Distance": 512.129089, "Hover_Time": 23.1406612, "Max_Speed": 34.0, "Max_uc_at_MFD": 0.769963443, "Mot_amps_ratio_MFD": 0.811329722, "Mot_amps_ratio_MxSpd": 0.900064111, "Mot_power_ratio_MFD": 0.68077606, "Mot_power_ratio_MxSpd": 0.881533325, "Power_MFD": 2168.20776, "Power_MxSpd": 3062.02051, "Speed_MFD": 28.0}