{"Interferences": 17, "Mass": 4.21284774209898, "Batt_amps_ratio_MFD": 1.64259887, "Batt_amps_ratio_MxSpd": 1.8077513, "Distance_MxSpd": 424.837189, "Max_Distance": 444.174194, "Hover_Time": 20.280426, "Max_Speed": 20.0, "Max_uc_at_MFD": 0.791834176, "Mot_amps_ratio_MFD": 0.930449843, "Mot_amps_ratio_MxSpd": 0.971488953, "Mot_power_ratio_MFD": 0.837576628, "Mot_power_ratio_MxSpd": 0.923358977, "Power_MFD": 1845.05872, "Power_MxSpd": 2092.81177, "Speed_MFD": 19.0}