{"Interferences": 25, "Mass": 6.1360653194933, "Batt_amps_ratio_MFD": 0.542625129, "Batt_amps_ratio_MxSpd": 0.542625129, "Distance_MxSpd": 495.369598, "Max_Distance": 495.369598, "Hover_Time": 0.0, "Max_Speed": 7.0, "Max_uc_at_MFD": 0.958445847, "Mot_amps_ratio_MFD": 0.398726135, "Mot_amps_ratio_MxSpd": 0.398726135, "Mot_power_ratio_MFD": 0.130172357, "Mot_power_ratio_MxSpd": 0.130172357, "Power_MFD": 269.005493, "Power_MxSpd": 269.005493, "Speed_MFD": 7.0}