{"Interferences": 62, "Mass": 4.660586565105978, "Batt_amps_ratio_MFD": 1.31630397, "Batt_amps_ratio_MxSpd": 1.38960552, "Distance_MxSpd": 856.645996, "Max_Distance": 875.177795, "Hover_Time": 45.6084175, "Max_Speed": 31.0, "Max_uc_at_MFD": 0.974364281, "Mot_amps_ratio_MFD": 0.389568418, "Mot_amps_ratio_MxSpd": 0.401456714, "Mot_power_ratio_MFD": 0.0974469781, "Mot_power_ratio_MxSpd": 0.100420721, "Power_MFD": 1286.67419, "Power_MxSpd": 1386.59119, "Speed_MFD": 30.0}