{"Interferences": 9, "Mass": 4.4875544246790495, "Batt_amps_ratio_MFD": 1.57918537, "Batt_amps_ratio_MxSpd": 1.89704204, "Distance_MxSpd": 526.29303, "Max_Distance": 559.275696, "Hover_Time": 35.6792145, "Max_Speed": 26.0, "Max_uc_at_MFD": 0.388532221, "Mot_amps_ratio_MFD": 0.993376911, "Mot_amps_ratio_MxSpd": 0.783495009, "Mot_power_ratio_MFD": 0.746408165, "Mot_power_ratio_MxSpd": 0.588706076, "Power_MFD": 1056.62317, "Power_MxSpd": 1200.06934, "Speed_MFD": 23.0}