{"Interferences": 34, "Mass": 7.724624219614477, "Batt_amps_ratio_MFD": 0.663250029, "Batt_amps_ratio_MxSpd": 0.663250029, "Distance_MxSpd": 1389.52124, "Max_Distance": 1389.52124, "Hover_Time": 69.7164459, "Max_Speed": 24.0, "Max_uc_at_MFD": 0.70674473, "Mot_amps_ratio_MFD": 0.987050354, "Mot_amps_ratio_MxSpd": 0.987050354, "Mot_power_ratio_MFD": 0.649259806, "Mot_power_ratio_MxSpd": 0.649259806, "Power_MFD": 2817.77905, "Power_MxSpd": 2817.77905, "Speed_MFD": 24.0}