{"Interferences": 7, "Mass": 9.759288247985456, "Batt_amps_ratio_MFD": 0.573554814, "Batt_amps_ratio_MxSpd": 0.573554814, "Distance_MxSpd": 6360.33398, "Max_Distance": 6360.33398, "Hover_Time": 0.0, "Max_Speed": 19.0, "Max_uc_at_MFD": 0.999943376, "Mot_amps_ratio_MFD": 0.837481081, "Mot_amps_ratio_MxSpd": 0.837481081, "Mot_power_ratio_MFD": 0.636485636, "Mot_power_ratio_MxSpd": 0.636485636, "Power_MFD": 2752.28198, "Power_MxSpd": 2752.28198, "Speed_MFD": 19.0}