{"Interferences": 17, "Mass": 4.85309469910281, "Batt_amps_ratio_MFD": 0.458775997, "Batt_amps_ratio_MxSpd": 0.497966558, "Distance_MxSpd": 11181.4736, "Max_Distance": 11299.6318, "Hover_Time": 619.603882, "Max_Speed": 29.0, "Max_uc_at_MFD": 0.927681565, "Mot_amps_ratio_MFD": 0.518268466, "Mot_amps_ratio_MxSpd": 0.56093657, "Mot_power_ratio_MFD": 0.345864087, "Mot_power_ratio_MxSpd": 0.374338478, "Power_MFD": 1284.25586, "Power_MxSpd": 1492.95593, "Speed_MFD": 27.0}