{"Interferences": 41, "Mass": 6.346044098201316, "Batt_amps_ratio_MFD": 0.610801399, "Batt_amps_ratio_MxSpd": 0.749477983, "Distance_MxSpd": 5226.03711, "Max_Distance": 5469.53564, "Hover_Time": 273.434753, "Max_Speed": 34.0, "Max_uc_at_MFD": 0.883850992, "Mot_amps_ratio_MFD": 0.890260518, "Mot_amps_ratio_MxSpd": 0.99142319, "Mot_power_ratio_MFD": 0.658792794, "Mot_power_ratio_MxSpd": 0.733653128, "Power_MFD": 1726.75757, "Power_MxSpd": 2471.64209, "Speed_MFD": 29.0}