{"Interferences": 4, "Mass": 5.3817851148160445, "Batt_amps_ratio_MFD": 0.377533883, "Batt_amps_ratio_MxSpd": 0.518010736, "Distance_MxSpd": 1853.24341, "Max_Distance": 2135.96729, "Hover_Time": 134.075378, "Max_Speed": 25.0, "Max_uc_at_MFD": 0.999451339, "Mot_amps_ratio_MFD": 0.632867515, "Mot_amps_ratio_MxSpd": 0.589844406, "Mot_power_ratio_MFD": 0.409781724, "Mot_power_ratio_MxSpd": 0.37216416, "Power_MFD": 1267.3291, "Power_MxSpd": 2032.19775, "Speed_MFD": 21.0}