{"Interferences": 21, "Mass": 5.487878860023143, "Batt_amps_ratio_MFD": 0.596566856, "Batt_amps_ratio_MxSpd": 0.843927681, "Distance_MxSpd": 1274.04285, "Max_Distance": 1416.10291, "Hover_Time": 78.9997025, "Max_Speed": 28.0, "Max_uc_at_MFD": 0.488425434, "Mot_amps_ratio_MFD": 0.872113764, "Mot_amps_ratio_MxSpd": 0.647181571, "Mot_power_ratio_MFD": 0.898900092, "Mot_power_ratio_MxSpd": 0.999603152, "Power_MFD": 1327.2782, "Power_MxSpd": 2052.98315, "Speed_MFD": 22.0}