{"Interferences": 2, "Mass": 3.0794411436694924, "Batt_amps_ratio_MFD": 0.893019795, "Batt_amps_ratio_MxSpd": 0.893019795, "Distance_MxSpd": 860.003296, "Max_Distance": 860.003296, "Hover_Time": 56.6754646, "Max_Speed": 20.0, "Max_uc_at_MFD": 0.987881899, "Mot_amps_ratio_MFD": 0.583791196, "Mot_amps_ratio_MxSpd": 0.583791196, "Mot_power_ratio_MFD": 0.291895598, "Mot_power_ratio_MxSpd": 0.291895598, "Power_MFD": 657.162903, "Power_MxSpd": 657.162903, "Speed_MFD": 20.0}