{"Interferences": 2, "Mass": 3.3728112412512745, "Batt_amps_ratio_MFD": 0.803407013, "Batt_amps_ratio_MxSpd": 0.872587979, "Distance_MxSpd": 1276.20374, "Max_Distance": 1290.50403, "Hover_Time": 67.0130081, "Max_Speed": 29.0, "Max_uc_at_MFD": 0.946906269, "Mot_amps_ratio_MFD": 0.376296639, "Mot_amps_ratio_MxSpd": 0.422149599, "Mot_power_ratio_MFD": 0.187031269, "Mot_power_ratio_MxSpd": 0.209821641, "Power_MFD": 1600.19104, "Power_MxSpd": 1825.95386, "Speed_MFD": 27.0}