{"Interferences": 26, "Mass": 4.193335749720169, "Batt_amps_ratio_MFD": 0.272467554, "Batt_amps_ratio_MxSpd": 0.281736553, "Distance_MxSpd": 4361.52148, "Max_Distance": 4368.96094, "Hover_Time": 199.596664, "Max_Speed": 32.0, "Max_uc_at_MFD": 0.825593054, "Mot_amps_ratio_MFD": 0.936397552, "Mot_amps_ratio_MxSpd": 0.985648632, "Mot_power_ratio_MFD": 0.704678833, "Mot_power_ratio_MxSpd": 0.741742313, "Power_MFD": 1561.7063, "Power_MxSpd": 1678.0575, "Speed_MFD": 31.0}