{"Interferences": 56, "Mass": 7.121964284682289, "Batt_amps_ratio_MFD": 0.459247589, "Batt_amps_ratio_MxSpd": 0.459247589, "Distance_MxSpd": 6020.28174, "Max_Distance": 6020.28174, "Hover_Time": 324.030304, "Max_Speed": 24.0, "Max_uc_at_MFD": 0.611554384, "Mot_amps_ratio_MFD": 0.882684052, "Mot_amps_ratio_MxSpd": 0.882684052, "Mot_power_ratio_MFD": 0.680048883, "Mot_power_ratio_MxSpd": 0.680048883, "Power_MFD": 1517.63367, "Power_MxSpd": 1517.63367, "Speed_MFD": 24.0}