{"Interferences": 27, "Mass": 5.110478040565452, "Batt_amps_ratio_MFD": 0.46620059, "Batt_amps_ratio_MxSpd": 0.46620059, "Distance_MxSpd": 7413.11816, "Max_Distance": 7413.11816, "Hover_Time": 0.0, "Max_Speed": 30.0, "Max_uc_at_MFD": 0.990904987, "Mot_amps_ratio_MFD": 0.811815023, "Mot_amps_ratio_MxSpd": 0.811815023, "Mot_power_ratio_MFD": 0.608861268, "Mot_power_ratio_MxSpd": 0.608861268, "Power_MFD": 1526.70288, "Power_MxSpd": 1526.70288, "Speed_MFD": 30.0}