{"Interferences": 10, "Mass": 2.836490358786969, "Batt_amps_ratio_MFD": 0.445640564, "Batt_amps_ratio_MxSpd": 0.445640564, "Distance_MxSpd": 1723.36194, "Max_Distance": 1723.36194, "Hover_Time": 0.0, "Max_Speed": 20.0, "Max_uc_at_MFD": 0.957033455, "Mot_amps_ratio_MFD": 0.521742404, "Mot_amps_ratio_MxSpd": 0.521742404, "Mot_power_ratio_MFD": 0.260926276, "Mot_power_ratio_MxSpd": 0.260926276, "Power_MFD": 571.49176, "Power_MxSpd": 571.49176, "Speed_MFD": 20.0}