{"Interferences": 12, "Mass": 5.485636129441796, "Batt_amps_ratio_MFD": 0.388021648, "Batt_amps_ratio_MxSpd": 0.388021648, "Distance_MxSpd": 5725.74854, "Max_Distance": 5725.74854, "Hover_Time": 285.940521, "Max_Speed": 27.0, "Max_uc_at_MFD": 0.983068705, "Mot_amps_ratio_MFD": 0.692864478, "Mot_amps_ratio_MxSpd": 0.692864478, "Mot_power_ratio_MFD": 0.52001822, "Mot_power_ratio_MxSpd": 0.52001822, "Power_MFD": 1537.18787, "Power_MxSpd": 1537.18787, "Speed_MFD": 27.0}