{
  "generator_version":"UAV2_gen12",
  "name":"design_1336_e8f6dab395c1457e8b14ebceffc625c4_s",
  "hub":{
    "node_type":"ConnectedHub3_2_1",
    "angle":180.0,
    "centerSegment":{
      "node_type":"PropArm",
      "armLength":196.4342655383357,
      "motor":{
        "motorType":"kde_direct_KDE5215XF_435"
      },
      "prop":{
        "propType":"apc_propellers_17x8"
      },
      "flange":{
        "offset":-20.642723450572518,
        "angle":0.0
      }
    },
    "mainSegment":{
      "node_type":"AngledWingArm",
      "arm1Length":100.31455628197367,
      "arm2Length":124.72741408827982,
      "wing":{
        "wingType":"Wing_horiz_hole",
        "nacaProfile":"0018",
        "span":1551.4569686819593,
        "chordInner":431.02283555403835,
        "chordOuter":183.8803143652519,
        "taperOffset":false,
        "aileronBias":0.4981138347860654,
        "flapBias":0.5741673926277286,
        "load":972.2448875214881,
        "tubeOffset":33.7914136156698,
        "tubeRot":294.99044855408647
      },
      "servo":{
        "servoType":"Hitec_HS_625MG"
      }
    }
  },
  "fuselageWithComponents":{
    "node_type":"SingleBatteryFuselageWithComponents",
    "battery":{
      "batteryType":"Tattu35C6000mAh6S1P"
    },
    "fuselage":{
      "length":148.0,
      "vertDiameter":67.5,
      "horzDiameter":374.4,
      "floorHeight":11.25,
      "batteryX":0.0,
      "batteryY":6.0,
      "rpmX":0.0,
      "rpmY":-114.8,
      "autoPilotX":0.0,
      "autoPilotY":58.5,
      "currentX":0.0,
      "currentY":-94.65,
      "voltageX":0.0,
      "voltageY":112.3,
      "gpsX":0.0,
      "gpsY":-54.5,
      "varioX":0.0,
      "varioY":90.65
    }
  }
}