{"Interferences": 10, "Mass": 4.162267133284167, "Batt_amps_ratio_MFD": 0.678810835, "Batt_amps_ratio_MxSpd": 0.678810835, "Distance_MxSpd": 678.834229, "Max_Distance": 678.834229, "Hover_Time": 0.0, "Max_Speed": 12.0, "Max_uc_at_MFD": 0.97634542, "Mot_amps_ratio_MFD": 0.941062093, "Mot_amps_ratio_MxSpd": 0.941062093, "Mot_power_ratio_MFD": 0.471399724, "Mot_power_ratio_MxSpd": 0.471399724, "Power_MFD": 728.362366, "Power_MxSpd": 728.362366, "Speed_MFD": 12.0}