{"Interferences": 0, "Mass": 6.928173422446068, "Batt_amps_ratio_MFD": 0.594123125, "Batt_amps_ratio_MxSpd": 0.594123125, "Distance_MxSpd": 5041.37939, "Max_Distance": 5041.37939, "Hover_Time": 214.128281, "Max_Speed": 26.0, "Max_uc_at_MFD": 0.958718896, "Mot_amps_ratio_MFD": 0.402325422, "Mot_amps_ratio_MxSpd": 0.402325422, "Mot_power_ratio_MFD": 0.374551982, "Mot_power_ratio_MxSpd": 0.374551982, "Power_MFD": 1804.66907, "Power_MxSpd": 1804.66907, "Speed_MFD": 26.0}