{"Interferences": 12, "Mass": 10.58510631591817, "Batt_amps_ratio_MFD": 0.517170846, "Batt_amps_ratio_MxSpd": 0.517170846, "Distance_MxSpd": 7053.76172, "Max_Distance": 7053.76172, "Hover_Time": 261.213562, "Max_Speed": 38.0, "Max_uc_at_MFD": 0.504757941, "Mot_amps_ratio_MFD": 0.864847481, "Mot_amps_ratio_MxSpd": 0.864847481, "Mot_power_ratio_MFD": 0.853316188, "Mot_power_ratio_MxSpd": 0.853316188, "Power_MFD": 3508.67871, "Power_MxSpd": 3508.67871, "Speed_MFD": 38.0}