{"Interferences": 2, "Mass": 9.25406427166734, "Batt_amps_ratio_MFD": 1.0053153, "Batt_amps_ratio_MxSpd": 1.19014907, "Distance_MxSpd": 5323.70264, "Max_Distance": 5538.56104, "Hover_Time": 216.111481, "Max_Speed": 33.0, "Max_uc_at_MFD": 0.395801842, "Mot_amps_ratio_MFD": 0.600646913, "Mot_amps_ratio_MxSpd": 0.914315581, "Mot_power_ratio_MFD": 0.604180157, "Mot_power_ratio_MxSpd": 0.919693887, "Power_MFD": 2184.70581, "Power_MxSpd": 2920.01831, "Speed_MFD": 29.0}