{"Interferences": 3, "Mass": 11.178576141854144, "Batt_amps_ratio_MFD": 0.759837747, "Batt_amps_ratio_MxSpd": 0.759837747, "Distance_MxSpd": 10991.8203, "Max_Distance": 10991.8203, "Hover_Time": 438.762451, "Max_Speed": 29.0, "Max_uc_at_MFD": 0.877060413, "Mot_amps_ratio_MFD": 0.969035864, "Mot_amps_ratio_MxSpd": 0.969035864, "Mot_power_ratio_MFD": 0.920584023, "Mot_power_ratio_MxSpd": 0.920584023, "Power_MFD": 3215.47705, "Power_MxSpd": 3215.47705, "Speed_MFD": 29.0}