{"Interferences": 46, "Mass": 5.942813313827137, "Batt_amps_ratio_MFD": 0.499933273, "Batt_amps_ratio_MxSpd": 0.819053471, "Distance_MxSpd": 1500.26843, "Max_Distance": 1689.82556, "Hover_Time": 95.6021957, "Max_Speed": 32.0, "Max_uc_at_MFD": 0.55389303, "Mot_amps_ratio_MFD": 0.70403564, "Mot_amps_ratio_MxSpd": 0.791386247, "Mot_power_ratio_MFD": 0.52802676, "Mot_power_ratio_MxSpd": 0.593539715, "Power_MFD": 1205.28381, "Power_MxSpd": 2538.12842, "Speed_MFD": 22.0}