{"Interferences": 77, "Mass": 5.442214597057899, "Batt_amps_ratio_MFD": 0.363426745, "Batt_amps_ratio_MxSpd": 0.489690214, "Distance_MxSpd": 2823.00928, "Max_Distance": 2958.50537, "Hover_Time": 156.272644, "Max_Speed": 36.0, "Max_uc_at_MFD": 0.694446564, "Mot_amps_ratio_MFD": 0.953938425, "Mot_amps_ratio_MxSpd": 0.886879027, "Mot_power_ratio_MFD": 0.882393062, "Mot_power_ratio_MxSpd": 0.820363104, "Power_MFD": 1634.83997, "Power_MxSpd": 2683.73364, "Speed_MFD": 28.0}