{"Interferences": 4, "Mass": 3.528488417733829, "Batt_amps_ratio_MFD": 0.422245324, "Batt_amps_ratio_MxSpd": 0.440152973, "Distance_MxSpd": 2181.05981, "Max_Distance": 2182.61743, "Hover_Time": 135.980591, "Max_Speed": 25.0, "Max_uc_at_MFD": 0.944012523, "Mot_amps_ratio_MFD": 0.547377527, "Mot_amps_ratio_MxSpd": 0.571032345, "Mot_power_ratio_MFD": 0.202529684, "Mot_power_ratio_MxSpd": 0.21128197, "Power_MFD": 893.967163, "Power_MxSpd": 967.854492, "Speed_MFD": 24.0}