{"Interferences": 56, "Mass": 12.37565127054456, "Batt_amps_ratio_MFD": 3.11983657, "Batt_amps_ratio_MxSpd": 3.3117795, "Distance_MxSpd": 7304.83447, "Max_Distance": 7385.00244, "Hover_Time": 218.850128, "Max_Speed": 42.0, "Max_uc_at_MFD": 0.622092843, "Mot_amps_ratio_MFD": 0.961805761, "Mot_amps_ratio_MxSpd": 0.870057523, "Mot_power_ratio_MFD": 0.480851322, "Mot_power_ratio_MxSpd": 0.434982091, "Power_MFD": 5213.271, "Power_MxSpd": 5677.74023, "Speed_MFD": 40.0}