{"Interferences": 10, "Mass": 4.552801235305555, "Batt_amps_ratio_MFD": 0.783536434, "Batt_amps_ratio_MxSpd": 0.895431697, "Distance_MxSpd": 1200.7616, "Max_Distance": 1225.21423, "Hover_Time": 70.7621307, "Max_Speed": 28.0, "Max_uc_at_MFD": 0.993105352, "Mot_amps_ratio_MFD": 0.312678665, "Mot_amps_ratio_MxSpd": 0.287131131, "Mot_power_ratio_MFD": 0.194062501, "Mot_power_ratio_MxSpd": 0.178206548, "Power_MFD": 1249.65942, "Power_MxSpd": 1480.41052, "Speed_MFD": 25.0}