{"Interferences": 18, "Mass": 10.476887876721534, "Batt_amps_ratio_MFD": 0.238406345, "Batt_amps_ratio_MxSpd": 0.238406345, "Distance_MxSpd": 7650.80322, "Max_Distance": 7650.80322, "Hover_Time": 0.0, "Max_Speed": 19.0, "Max_uc_at_MFD": 0.986514688, "Mot_amps_ratio_MFD": 0.747876465, "Mot_amps_ratio_MxSpd": 0.747876465, "Mot_power_ratio_MFD": 0.749470711, "Mot_power_ratio_MxSpd": 0.749470711, "Power_MFD": 2814.52515, "Power_MxSpd": 2814.52515, "Speed_MFD": 19.0}