{"Interferences": 30, "Mass": 3.924486773130086, "Batt_amps_ratio_MFD": 0.50873822, "Batt_amps_ratio_MxSpd": 0.552789092, "Distance_MxSpd": 1806.11389, "Max_Distance": 1811.54077, "Hover_Time": 92.3555145, "Max_Speed": 26.0, "Max_uc_at_MFD": 0.955724955, "Mot_amps_ratio_MFD": 0.692113817, "Mot_amps_ratio_MxSpd": 0.739731252, "Mot_power_ratio_MFD": 0.346303225, "Mot_power_ratio_MxSpd": 0.3701289, "Power_MFD": 1014.35394, "Power_MxSpd": 1159.42249, "Speed_MFD": 24.0}