{
  "generator_version":"UAV2_gen12",
  "name":"design_4189_f8d8374fc76c4c2b9bac7a7b6eadd440_s",
  "hub":{
    "node_type":"ConnectedHub6_2_2_2",
    "frontSegment":{
      "node_type":"PropArm",
      "armLength":466.39979473590046,
      "motor":{
        "motorType":"t_motor_AntigravityMN6007KV320"
      },
      "prop":{
        "propType":"apc_propellers_14x6"
      },
      "flange":{
        "offset":45.00838359870241,
        "angle":0.0
      }
    },
    "middleSegment":{
      "node_type":"AngledWingArm",
      "arm1Length":357.2680196101384,
      "arm2Length":152.24006833330543,
      "wing":{
        "wingType":"Wing_vert_hole",
        "nacaProfile":"6418",
        "span":1056.5016166235555,
        "chordInner":261.4824972272749,
        "chordOuter":159.09511864846792,
        "taperOffset":true,
        "aileronBias":0.8707651417801795,
        "flapBias":0.7807842813699696,
        "load":880.9589922588917,
        "tubeOffset":48.96127252090179,
        "tubeRot":270.0
      },
      "servo":{
        "servoType":"Hitec_HS_85BB"
      }
    },
    "rearSegment":{
      "node_type":"BranchSegment_Sym",
      "armLength":348.8742189054773,
      "angle":120.0,
      "mainSegment":{
        "node_type":"DoubleBendSegment",
        "angle":45.181768791019664,
        "arm1Length":115.39370590773287,
        "arm2Length":322.4140906163754,
        "mainSegment":{
          "node_type":"AngledWingArm",
          "arm1Length":174.39396708118326,
          "arm2Length":172.610288447933,
          "wing":{
            "wingType":"Wing_horiz_hole",
            "nacaProfile":"6318",
            "span":1239.4149423763567,
            "chordInner":322.5059189845011,
            "chordOuter":123.33695725089666,
            "taperOffset":true,
            "aileronBias":0.19265351536965025,
            "flapBias":0.8788674413622062,
            "load":520.400735877537,
            "tubeOffset":24.115024098383824,
            "tubeRot":315.4035248378709
          },
          "servo":{
            "servoType":"Hitec_HS_5065MG"
          }
        }
      }
    }
  },
  "fuselageWithComponents":{
    "node_type":"SingleBatteryFuselageWithComponents",
    "battery":{
      "batteryType":"TurnigyGraphene1000mAh2S75C"
    },
    "fuselage":{
      "length":84.0,
      "vertDiameter":52.5,
      "horzDiameter":311.4,
      "floorHeight":8.75,
      "batteryX":-5.0,
      "batteryY":6.0,
      "rpmX":-5.0,
      "rpmY":-93.8,
      "autoPilotX":-5.0,
      "autoPilotY":37.5,
      "currentX":-5.0,
      "currentY":-73.65,
      "voltageX":-5.0,
      "voltageY":91.3,
      "gpsX":-5.0,
      "gpsY":-33.5,
      "varioX":-5.0,
      "varioY":69.65
    }
  }
}