{"Interferences": 23, "Mass": 14.472933283919566, "Batt_amps_ratio_MFD": 2.20693851, "Batt_amps_ratio_MxSpd": 2.20693851, "Distance_MxSpd": 1565.97021, "Max_Distance": 1565.97021, "Hover_Time": 228.488708, "Max_Speed": 6.0, "Max_uc_at_MFD": 0.999966741, "Mot_amps_ratio_MFD": 0.782036602, "Mot_amps_ratio_MxSpd": 0.782036602, "Mot_power_ratio_MFD": 0.578707099, "Mot_power_ratio_MxSpd": 0.578707099, "Power_MFD": 6115.04688, "Power_MxSpd": 6115.04688, "Speed_MFD": 6.0}