{"Interferences": 60, "Mass": 7.2904733721332065, "Batt_amps_ratio_MFD": 0.328363419, "Batt_amps_ratio_MxSpd": 0.328363419, "Distance_MxSpd": 3391.3645, "Max_Distance": 3391.3645, "Hover_Time": 108.322304, "Max_Speed": 29.0, "Max_uc_at_MFD": 0.775511026, "Mot_amps_ratio_MFD": 0.836836159, "Mot_amps_ratio_MxSpd": 0.836836159, "Mot_power_ratio_MFD": 0.837688208, "Mot_power_ratio_MxSpd": 0.837688208, "Power_MFD": 2174.62842, "Power_MxSpd": 2174.62842, "Speed_MFD": 29.0}