{"Interferences": 6, "Mass": 5.19792462595804, "Batt_amps_ratio_MFD": 0.820002794, "Batt_amps_ratio_MxSpd": 0.896972895, "Distance_MxSpd": 1155.8877, "Max_Distance": 1170.72766, "Hover_Time": 68.2976456, "Max_Speed": 27.0, "Max_uc_at_MFD": 0.939928174, "Mot_amps_ratio_MFD": 0.725700676, "Mot_amps_ratio_MxSpd": 0.803100765, "Mot_power_ratio_MFD": 0.272640169, "Mot_power_ratio_MxSpd": 0.301718801, "Power_MFD": 1309.80383, "Power_MxSpd": 1507.9248, "Speed_MFD": 25.0}