{"Interferences": 12, "Mass": 3.8800566218666495, "Batt_amps_ratio_MFD": 0.133047014, "Batt_amps_ratio_MxSpd": 0.133047014, "Distance_MxSpd": 4617.9165, "Max_Distance": 4617.9165, "Hover_Time": 342.273102, "Max_Speed": 16.0, "Max_uc_at_MFD": 0.999614298, "Mot_amps_ratio_MFD": 0.236131757, "Mot_amps_ratio_MxSpd": 0.236131757, "Mot_power_ratio_MFD": 0.0885992944, "Mot_power_ratio_MxSpd": 0.0885992944, "Power_MFD": 531.941711, "Power_MxSpd": 531.941711, "Speed_MFD": 16.0}