{"Interferences": 12, "Mass": 9.38127807823285, "Batt_amps_ratio_MFD": 1.25542045, "Batt_amps_ratio_MxSpd": 1.72507989, "Distance_MxSpd": 3205.41675, "Max_Distance": 3578.72144, "Hover_Time": 132.675537, "Max_Speed": 48.0, "Max_uc_at_MFD": 0.956483006, "Mot_amps_ratio_MFD": 0.633351028, "Mot_amps_ratio_MxSpd": 0.576307893, "Mot_power_ratio_MFD": 0.27135852, "Mot_power_ratio_MxSpd": 0.246918485, "Power_MFD": 4742.51562, "Power_MxSpd": 7030.85449, "Speed_MFD": 39.0}