{"Interferences": 8, "Mass": 2.7998350083715007, "Batt_amps_ratio_MFD": 0.489608854, "Batt_amps_ratio_MxSpd": 0.489608854, "Distance_MxSpd": 156.859909, "Max_Distance": 156.859909, "Hover_Time": 78.4208145, "Max_Speed": 2.0, "Max_uc_at_MFD": 0.523096144, "Mot_amps_ratio_MFD": 0.554783881, "Mot_amps_ratio_MxSpd": 0.554783881, "Mot_power_ratio_MFD": 0.684233487, "Mot_power_ratio_MxSpd": 0.684233487, "Power_MFD": 407.356201, "Power_MxSpd": 407.356201, "Speed_MFD": 2.0}