{
  "generator_version":"UAV2_gen12",
  "name":"design_2777_1388e57c50014a01a757fa38556bc7de_dw",
  "hub":{
    "node_type":"ConnectedHub3_2_1",
    "angle":180.0,
    "centerSegment":{
      "node_type":"AngledPropArm",
      "armLength":129.82329551825322,
      "motor":{
        "motorType":"t_motor_AT4125KV540"
      },
      "prop":{
        "propType":"apc_propellers_18x8W"
      }
    },
    "mainSegment":{
      "node_type":"AngledWingArm",
      "arm1Length":138.32112112702129,
      "arm2Length":157.6166960638898,
      "wing":{
        "wingType":"Wing_horiz_hole",
        "nacaProfile":"2406",
        "span":350.043121644044,
        "chordInner":491.7415208113526,
        "chordOuter":66.8690377954337,
        "taperOffset":true,
        "aileronBias":0.2584185068674289,
        "flapBias":0.16739066934216254,
        "load":540.248500194303,
        "tubeOffset":55.71069820350321,
        "tubeRot":273.1458401231681
      },
      "servo":{
        "servoType":"Hitec_HS_225MG"
      }
    }
  },
  "fuselageWithComponents":{
    "node_type":"DualBatteryFuselageWithComponents",
    "battery":{
      "batteryType":"Tattu5C28000mAh6S1P"
    },
    "fuselage":{
      "length":203.0,
      "vertDiameter":133.5,
      "horzDiameter":473.4,
      "floorHeight":22.25,
      "battery1X":0.0,
      "battery1Y":-25.25,
      "battery2X":0.0,
      "battery2Y":38.25,
      "rpmX":0.0,
      "rpmY":-147.8,
      "autoPilotX":0.0,
      "autoPilotY":91.5,
      "currentX":0.0,
      "currentY":-127.65,
      "voltageX":0.0,
      "voltageY":145.3,
      "gpsX":0.0,
      "gpsY":-87.5,
      "varioX":0.0,
      "varioY":123.65
    }
  }
}