{"Interferences": 25, "Mass": 9.904969555236349, "Batt_amps_ratio_MFD": 0.973255634, "Batt_amps_ratio_MxSpd": 0.973255634, "Distance_MxSpd": 986.380127, "Max_Distance": 986.380127, "Hover_Time": 0.0, "Max_Speed": 5.0, "Max_uc_at_MFD": 0.331672013, "Mot_amps_ratio_MFD": 0.979934573, "Mot_amps_ratio_MxSpd": 0.979934573, "Mot_power_ratio_MFD": 0.980486631, "Mot_power_ratio_MxSpd": 0.980486631, "Power_MFD": 2617.19458, "Power_MxSpd": 2617.19458, "Speed_MFD": 5.0}