{"Interferences": 6, "Mass": 3.8867349771244224, "Batt_amps_ratio_MFD": 1.70918143, "Batt_amps_ratio_MxSpd": 1.70918143, "Distance_MxSpd": 449.337921, "Max_Distance": 449.337921, "Hover_Time": 42.2287979, "Max_Speed": 20.0, "Max_uc_at_MFD": 0.852880597, "Mot_amps_ratio_MFD": 0.492875963, "Mot_amps_ratio_MxSpd": 0.492875963, "Mot_power_ratio_MFD": 0.324202836, "Mot_power_ratio_MxSpd": 0.324202836, "Power_MFD": 1293.02234, "Power_MxSpd": 1293.02234, "Speed_MFD": 20.0}