{"Interferences": 0, "Mass": 5.679515293148719, "Batt_amps_ratio_MFD": 0.239600673, "Batt_amps_ratio_MxSpd": 0.270947963, "Distance_MxSpd": 12755.2168, "Max_Distance": 12981.5996, "Hover_Time": 676.689514, "Max_Speed": 30.0, "Max_uc_at_MFD": 0.898283303, "Mot_amps_ratio_MFD": 0.755432665, "Mot_amps_ratio_MxSpd": 0.873096585, "Mot_power_ratio_MFD": 0.377929121, "Mot_power_ratio_MxSpd": 0.436794251, "Power_MFD": 1553.05725, "Power_MxSpd": 1912.31641, "Speed_MFD": 27.0}