{"Interferences": 4, "Mass": 3.5890586057258624, "Batt_amps_ratio_MFD": 1.0339973, "Batt_amps_ratio_MxSpd": 1.0339973, "Distance_MxSpd": 408.511688, "Max_Distance": 408.511688, "Hover_Time": 0.0, "Max_Speed": 11.0, "Max_uc_at_MFD": 0.714054525, "Mot_amps_ratio_MFD": 0.695981741, "Mot_amps_ratio_MxSpd": 0.695981741, "Mot_power_ratio_MFD": 0.557230771, "Mot_power_ratio_MxSpd": 0.557230771, "Power_MFD": 1155.28271, "Power_MxSpd": 1155.28271, "Speed_MFD": 11.0}