{"Interferences": 14, "Mass": 7.507112267810254, "Batt_amps_ratio_MFD": 0.757503211, "Batt_amps_ratio_MxSpd": 0.860326052, "Distance_MxSpd": 4284.88721, "Max_Distance": 4562.35693, "Hover_Time": 0.0, "Max_Speed": 32.0, "Max_uc_at_MFD": 0.997670412, "Mot_amps_ratio_MFD": 0.87170136, "Mot_amps_ratio_MxSpd": 0.97890085, "Mot_power_ratio_MFD": 0.671445668, "Mot_power_ratio_MxSpd": 0.935955524, "Power_MFD": 3893.56689, "Power_MxSpd": 4624.60693, "Speed_MFD": 30.0}