{"Interferences": 9, "Mass": 4.591845625066584, "Batt_amps_ratio_MFD": 1.57478476, "Batt_amps_ratio_MxSpd": 1.57478476, "Distance_MxSpd": 414.532837, "Max_Distance": 414.532837, "Hover_Time": 23.01124, "Max_Speed": 17.0, "Max_uc_at_MFD": 0.456715971, "Mot_amps_ratio_MFD": 0.702911139, "Mot_amps_ratio_MxSpd": 0.702911139, "Mot_power_ratio_MFD": 0.352104396, "Mot_power_ratio_MxSpd": 0.352104396, "Power_MFD": 736.57843, "Power_MxSpd": 736.57843, "Speed_MFD": 17.0}