{"Interferences": 5, "Mass": 3.420183705218042, "Batt_amps_ratio_MFD": 1.64130163, "Batt_amps_ratio_MxSpd": 1.64130163, "Distance_MxSpd": 561.505554, "Max_Distance": 561.505554, "Hover_Time": 32.2869186, "Max_Speed": 24.0, "Max_uc_at_MFD": 0.729292095, "Mot_amps_ratio_MFD": 0.667163134, "Mot_amps_ratio_MxSpd": 0.667163134, "Mot_power_ratio_MFD": 0.314734221, "Mot_power_ratio_MxSpd": 0.314734221, "Power_MFD": 967.811157, "Power_MxSpd": 967.811157, "Speed_MFD": 24.0}