{"Interferences": 0, "Mass": 9.993089308238192, "Batt_amps_ratio_MFD": 0.206034899, "Batt_amps_ratio_MxSpd": 0.206034899, "Distance_MxSpd": 9784.75, "Max_Distance": 9784.75, "Hover_Time": 498.128998, "Max_Speed": 21.0, "Max_uc_at_MFD": 0.845316827, "Mot_amps_ratio_MFD": 0.924770832, "Mot_amps_ratio_MxSpd": 0.924770832, "Mot_power_ratio_MFD": 0.684330404, "Mot_power_ratio_MxSpd": 0.684330404, "Power_MFD": 2329.50781, "Power_MxSpd": 2329.50781, "Speed_MFD": 21.0}