{"Interferences": 9, "Mass": 4.449821044202377, "Batt_amps_ratio_MFD": 1.17254639, "Batt_amps_ratio_MxSpd": 1.17254639, "Distance_MxSpd": 163.746185, "Max_Distance": 163.746185, "Hover_Time": 38.7579079, "Max_Speed": 5.0, "Max_uc_at_MFD": 0.999562383, "Mot_amps_ratio_MFD": 0.698933721, "Mot_amps_ratio_MxSpd": 0.698933721, "Mot_power_ratio_MFD": 0.344807297, "Mot_power_ratio_MxSpd": 0.344807297, "Power_MFD": 1285.71204, "Power_MxSpd": 1285.71204, "Speed_MFD": 5.0}