{"Interferences": 8, "Mass": 6.117885217874874, "Batt_amps_ratio_MFD": 1.32058072, "Batt_amps_ratio_MxSpd": 1.92566204, "Distance_MxSpd": 658.059387, "Max_Distance": 697.874817, "Hover_Time": 22.8040562, "Max_Speed": 33.0, "Max_uc_at_MFD": 0.659925222, "Mot_amps_ratio_MFD": 0.379360795, "Mot_amps_ratio_MxSpd": 0.733099878, "Mot_power_ratio_MFD": 0.126440033, "Mot_power_ratio_MxSpd": 0.24434042, "Power_MFD": 1331.03003, "Power_MxSpd": 2779.57324, "Speed_MFD": 24.0}