{"Interferences": 3, "Mass": 3.089034869210345, "Batt_amps_ratio_MFD": 0.726383865, "Batt_amps_ratio_MxSpd": 1.15771937, "Distance_MxSpd": 961.891113, "Max_Distance": 1057.29224, "Hover_Time": 71.2721786, "Max_Speed": 29.0, "Max_uc_at_MFD": 0.601266742, "Mot_amps_ratio_MFD": 0.49671182, "Mot_amps_ratio_MxSpd": 0.985425532, "Mot_power_ratio_MFD": 0.454053044, "Mot_power_ratio_MxSpd": 0.900794864, "Power_MFD": 636.113708, "Power_MxSpd": 1564.65747, "Speed_MFD": 20.0}