{"Interferences": 13, "Mass": 5.823058760133868, "Batt_amps_ratio_MFD": 0.36241585, "Batt_amps_ratio_MxSpd": 0.403731525, "Distance_MxSpd": 2853.38135, "Max_Distance": 2966.75757, "Hover_Time": 131.036591, "Max_Speed": 30.0, "Max_uc_at_MFD": 0.917662859, "Mot_amps_ratio_MFD": 0.611264765, "Mot_amps_ratio_MxSpd": 0.697754204, "Mot_power_ratio_MFD": 0.407924771, "Mot_power_ratio_MxSpd": 0.465643078, "Power_MFD": 1663.87329, "Power_MxSpd": 1964.42529, "Speed_MFD": 28.0}