{"Interferences": 10, "Mass": 6.996068618218908, "Batt_amps_ratio_MFD": 1.14238501, "Batt_amps_ratio_MxSpd": 1.14238501, "Distance_MxSpd": 369.752747, "Max_Distance": 369.752747, "Hover_Time": 0.0, "Max_Speed": 11.0, "Max_uc_at_MFD": 0.968552709, "Mot_amps_ratio_MFD": 0.981716514, "Mot_amps_ratio_MxSpd": 0.981716514, "Mot_power_ratio_MFD": 0.484313458, "Mot_power_ratio_MxSpd": 0.484313458, "Power_MFD": 1677.70703, "Power_MxSpd": 1677.70703, "Speed_MFD": 11.0}