{"Interferences": 4, "Mass": 6.050530755059538, "Batt_amps_ratio_MFD": 0.60357821, "Batt_amps_ratio_MxSpd": 0.643254638, "Distance_MxSpd": 6089.03516, "Max_Distance": 6107.57666, "Hover_Time": 245.974533, "Max_Speed": 34.0, "Max_uc_at_MFD": 0.92688185, "Mot_amps_ratio_MFD": 0.608272314, "Mot_amps_ratio_MxSpd": 0.682146966, "Mot_power_ratio_MFD": 0.577858686, "Mot_power_ratio_MxSpd": 0.648039639, "Power_MFD": 2996.7771, "Power_MxSpd": 3564.4292, "Speed_MFD": 32.0}