{
  "generator_version":"UAV2_gen12",
  "name":"design_1616_257bcfe29ea04306994419e6c51cb3cf_s",
  "hub":{
    "node_type":"ConnectedHub4_2_2",
    "frontSegment":{
      "node_type":"PropArm",
      "armLength":377.57774563986425,
      "motor":{
        "motorType":"kde_direct_KDE700XF_455_G3"
      },
      "prop":{
        "propType":"apc_propellers_15x11"
      },
      "flange":{
        "offset":11.424099078605195,
        "angle":90.0
      }
    },
    "rearSegment":{
      "node_type":"AngledWingArm",
      "arm1Length":152.66278623370644,
      "arm2Length":115.53536756595969,
      "wing":{
        "wingType":"Wing_horiz_hole",
        "nacaProfile":"6321",
        "span":1464.6192570420774,
        "chordInner":479.3275103137884,
        "chordOuter":93.54785036688065,
        "taperOffset":false,
        "aileronBias":0.9034806997031433,
        "flapBias":0.7149760683667652,
        "load":283.6543594694223,
        "tubeOffset":40.59420421519847,
        "tubeRot":228.00215758213366
      },
      "servo":{
        "servoType":"Hitec_HS_5087MH"
      }
    }
  },
  "fuselageWithComponents":{
    "node_type":"SingleBatteryFuselageWithComponents",
    "battery":{
      "batteryType":"Tattu25C23000mAh6S1PHV"
    },
    "fuselage":{
      "length":210.0,
      "vertDiameter":139.5,
      "horzDiameter":384.9,
      "floorHeight":23.25,
      "batteryX":0.0,
      "batteryY":6.0,
      "rpmX":0.0,
      "rpmY":-118.3,
      "autoPilotX":0.0,
      "autoPilotY":62.0,
      "currentX":0.0,
      "currentY":-98.15,
      "voltageX":0.0,
      "voltageY":115.8,
      "gpsX":0.0,
      "gpsY":-58.0,
      "varioX":0.0,
      "varioY":94.15
    }
  }
}