{"Interferences": 0, "Mass": 4.070099831529489, "Batt_amps_ratio_MFD": 0.289005071, "Batt_amps_ratio_MxSpd": 0.415411919, "Distance_MxSpd": 2403.39771, "Max_Distance": 2524.52319, "Hover_Time": 168.537277, "Max_Speed": 26.0, "Max_uc_at_MFD": 0.90883112, "Mot_amps_ratio_MFD": 0.582602978, "Mot_amps_ratio_MxSpd": 0.601756573, "Mot_power_ratio_MFD": 0.215563104, "Mot_power_ratio_MxSpd": 0.222649947, "Power_MFD": 772.302551, "Power_MxSpd": 1296.16931, "Speed_MFD": 19.0}