{"Interferences": 83, "Mass": 6.658284964032207, "Batt_amps_ratio_MFD": 0.36130631, "Batt_amps_ratio_MxSpd": 0.394222498, "Distance_MxSpd": 3019.6145, "Max_Distance": 3082.14941, "Hover_Time": 134.272491, "Max_Speed": 31.0, "Max_uc_at_MFD": 0.563388348, "Mot_amps_ratio_MFD": 0.759430051, "Mot_amps_ratio_MxSpd": 0.873642027, "Mot_power_ratio_MFD": 0.702472806, "Mot_power_ratio_MxSpd": 0.80811888, "Power_MFD": 1794.93762, "Power_MxSpd": 1950.70654, "Speed_MFD": 29.0}