{"Interferences": 7, "Mass": 6.391363881626801, "Batt_amps_ratio_MFD": 0.206794888, "Batt_amps_ratio_MxSpd": 0.206794888, "Distance_MxSpd": 1485.52991, "Max_Distance": 1485.52991, "Hover_Time": 0.0, "Max_Speed": 8.0, "Max_uc_at_MFD": 0.828418732, "Mot_amps_ratio_MFD": 0.782259941, "Mot_amps_ratio_MxSpd": 0.782259941, "Mot_power_ratio_MFD": 0.759769976, "Mot_power_ratio_MxSpd": 0.759769976, "Power_MFD": 1049.1593, "Power_MxSpd": 1049.1593, "Speed_MFD": 8.0}