{"Interferences": 8, "Mass": 5.197768795506604, "Batt_amps_ratio_MFD": 0.820322692, "Batt_amps_ratio_MxSpd": 1.04191363, "Distance_MxSpd": 1253.07886, "Max_Distance": 1310.70374, "Hover_Time": 74.0038834, "Max_Speed": 34.0, "Max_uc_at_MFD": 0.989975929, "Mot_amps_ratio_MFD": 0.606259167, "Mot_amps_ratio_MxSpd": 0.498102576, "Mot_power_ratio_MFD": 0.202200234, "Mot_power_ratio_MxSpd": 0.166127726, "Power_MFD": 1691.59949, "Power_MxSpd": 2402.8396, "Speed_MFD": 28.0}