{"Interferences": 85, "Mass": 6.264142406274216, "Batt_amps_ratio_MFD": 0.354966432, "Batt_amps_ratio_MxSpd": 0.354966432, "Distance_MxSpd": 21094.9531, "Max_Distance": 21094.9531, "Hover_Time": 1022.46265, "Max_Speed": 26.0, "Max_uc_at_MFD": 0.998161077, "Mot_amps_ratio_MFD": 0.688154459, "Mot_amps_ratio_MxSpd": 0.688154459, "Mot_power_ratio_MFD": 0.722562194, "Mot_power_ratio_MxSpd": 0.722562194, "Power_MFD": 1763.19458, "Power_MxSpd": 1763.19458, "Speed_MFD": 26.0}