{
  "generator_version":"UAV2_gen12",
  "name":"design_7631_b50ab7210ff047659cb06c30dfacbc44_dw_dl",
  "hub":{
    "node_type":"ConnectedHub4_2_2",
    "frontSegment":{
      "node_type":"PropArm",
      "armLength":211.54782844938435,
      "motor":{
        "motorType":"kde_direct_KDE4014XF_380"
      },
      "prop":{
        "propType":"apc_propellers_15x7E"
      },
      "flange":{
        "offset":38.28412728183224,
        "angle":0.0
      }
    },
    "rearSegment":{
      "node_type":"AngledWingArm",
      "arm1Length":71.30742990157313,
      "arm2Length":82.06864194610652,
      "wing":{
        "wingType":"Wing_vert_hole",
        "nacaProfile":"2412",
        "span":1108.6655843560197,
        "chordInner":142.58387556559177,
        "chordOuter":74.69488763556751,
        "taperOffset":false,
        "aileronBias":0.28914054701354464,
        "flapBias":0.9717823616445199,
        "load":722.2339238543549,
        "tubeOffset":29.484275928569748,
        "tubeRot":319.5849471666507
      },
      "servo":{
        "servoType":"Hitec_HS_5496MH"
      }
    }
  },
  "fuselageWithComponents":{
    "node_type":"DualBatteryFuselageWithComponents",
    "battery":{
      "batteryType":"TurnigyGraphene1500mAh4S75C"
    },
    "fuselage":{
      "length":183.0,
      "vertDiameter":52.5,
      "horzDiameter":335.4,
      "floorHeight":8.75,
      "battery1X":-45.75,
      "battery1Y":6.0,
      "battery2X":46.75,
      "battery2Y":6.0,
      "rpmX":0.0,
      "rpmY":-101.8,
      "autoPilotX":0.0,
      "autoPilotY":45.5,
      "currentX":0.0,
      "currentY":-81.65,
      "voltageX":0.0,
      "voltageY":99.3,
      "gpsX":0.0,
      "gpsY":-41.5,
      "varioX":0.0,
      "varioY":77.65
    }
  }
}