{"Interferences": 79, "Mass": 4.915805353781544, "Batt_amps_ratio_MFD": 0.263012826, "Batt_amps_ratio_MxSpd": 0.263012826, "Distance_MxSpd": 9490.03223, "Max_Distance": 9490.03223, "Hover_Time": 506.618591, "Max_Speed": 26.0, "Max_uc_at_MFD": 0.863315761, "Mot_amps_ratio_MFD": 0.994369745, "Mot_amps_ratio_MxSpd": 0.994369745, "Mot_power_ratio_MFD": 0.735833585, "Mot_power_ratio_MxSpd": 0.735833585, "Power_MFD": 1234.35083, "Power_MxSpd": 1234.35083, "Speed_MFD": 26.0}