{"Interferences": 72, "Mass": 10.400971076489489, "Batt_amps_ratio_MFD": 3.66103029, "Batt_amps_ratio_MxSpd": 4.90589666, "Distance_MxSpd": 180.028259, "Max_Distance": 188.799316, "Hover_Time": 11.2028399, "Max_Speed": 23.0, "Max_uc_at_MFD": 0.815071106, "Mot_amps_ratio_MFD": 0.671237171, "Mot_amps_ratio_MxSpd": 0.954573095, "Mot_power_ratio_MFD": 0.691853762, "Mot_power_ratio_MxSpd": 0.983892083, "Power_MFD": 2206.50952, "Power_MxSpd": 3792.15015, "Speed_MFD": 18.0}