{"Interferences": 0, "Mass": 4.383722359186243, "Batt_amps_ratio_MFD": 0.309976131, "Batt_amps_ratio_MxSpd": 0.309976131, "Distance_MxSpd": 1486.56616, "Max_Distance": 1486.56616, "Hover_Time": 0.0, "Max_Speed": 12.0, "Max_uc_at_MFD": 0.709250629, "Mot_amps_ratio_MFD": 0.672759593, "Mot_amps_ratio_MxSpd": 0.672759593, "Mot_power_ratio_MFD": 0.339839488, "Mot_power_ratio_MxSpd": 0.339839488, "Power_MFD": 1033.6344, "Power_MxSpd": 1033.6344, "Speed_MFD": 12.0}