{"Interferences": 77, "Mass": 6.588553376144088, "Batt_amps_ratio_MFD": 0.848137975, "Batt_amps_ratio_MxSpd": 1.28441966, "Distance_MxSpd": 3856.68335, "Max_Distance": 4346.4624, "Hover_Time": 199.927887, "Max_Speed": 43.0, "Max_uc_at_MFD": 0.676303446, "Mot_amps_ratio_MFD": 0.894656122, "Mot_amps_ratio_MxSpd": 0.907898605, "Mot_power_ratio_MFD": 0.447580099, "Mot_power_ratio_MxSpd": 0.454205036, "Power_MFD": 2037.80322, "Power_MxSpd": 3907.65088, "Speed_MFD": 32.0}