{"Interferences": 44, "Mass": 7.706443966401692, "Batt_amps_ratio_MFD": 0.877162397, "Batt_amps_ratio_MxSpd": 1.3447721, "Distance_MxSpd": 1427.7511, "Max_Distance": 1663.54602, "Hover_Time": 78.9447556, "Max_Speed": 50.0, "Max_uc_at_MFD": 0.66310513, "Mot_amps_ratio_MFD": 0.663773417, "Mot_amps_ratio_MxSpd": 0.879939139, "Mot_power_ratio_MFD": 0.331851125, "Mot_power_ratio_MxSpd": 0.439922363, "Power_MFD": 3466.22681, "Power_MxSpd": 7008.39697, "Speed_MFD": 38.0}