{"Interferences": 2, "Mass": 4.116010518815815, "Batt_amps_ratio_MFD": 1.32769489, "Batt_amps_ratio_MxSpd": 1.32769489, "Distance_MxSpd": 636.290771, "Max_Distance": 636.290771, "Hover_Time": 33.9313774, "Max_Speed": 22.0, "Max_uc_at_MFD": 0.99556458, "Mot_amps_ratio_MFD": 0.306123435, "Mot_amps_ratio_MxSpd": 0.306123435, "Mot_power_ratio_MFD": 0.114114739, "Mot_power_ratio_MxSpd": 0.114114739, "Power_MFD": 1255.51758, "Power_MxSpd": 1255.51758, "Speed_MFD": 22.0}