{
  "generator_version":"UAV2_gen12",
  "name":"design_8458_07df392d1189412ebe8f4a842804d104_dw",
  "hub":{
    "node_type":"ConnectedHub4_2_2",
    "frontSegment":{
      "node_type":"AngledWingArm",
      "arm1Length":226.27704858355713,
      "arm2Length":173.06113444060657,
      "wing":{
        "wingType":"Wing_horiz_hole",
        "nacaProfile":"2306",
        "span":769.0364926783292,
        "chordInner":356.87388066357613,
        "chordOuter":118.2135732905486,
        "taperOffset":false,
        "aileronBias":0.7500005390395503,
        "flapBias":0.3086770571973678,
        "load":805.7005541544181,
        "tubeOffset":37.20999394563506,
        "tubeRot":270.0
      },
      "servo":{
        "servoType":"Hitec_HS_5055MG"
      }
    },
    "rearSegment":{
      "node_type":"PropArm",
      "armLength":116.24622915283095,
      "motor":{
        "motorType":"t_motor_AT4125KV540"
      },
      "prop":{
        "propType":"apc_propellers_17x8N"
      },
      "flange":{
        "offset":-18.767182946636407,
        "angle":0.0
      }
    }
  },
  "fuselageWithComponents":{
    "node_type":"DualBatteryFuselageWithComponents",
    "battery":{
      "batteryType":"TattuPlus25C22000mAh12S1P"
    },
    "fuselage":{
      "length":235.5,
      "vertDiameter":174.0,
      "horzDiameter":804.9,
      "floorHeight":29.0,
      "battery1X":0.0,
      "battery1Y":-80.5,
      "battery2X":0.0,
      "battery2Y":93.5,
      "rpmX":0.0,
      "rpmY":-258.3,
      "autoPilotX":0.0,
      "autoPilotY":202.0,
      "currentX":0.0,
      "currentY":-238.15,
      "voltageX":0.0,
      "voltageY":255.8,
      "gpsX":0.0,
      "gpsY":-198.0,
      "varioX":0.0,
      "varioY":234.15
    }
  }
}