{"Interferences": 6, "Mass": 13.14629882020344, "Batt_amps_ratio_MFD": 0.472693622, "Batt_amps_ratio_MxSpd": 0.493938416, "Distance_MxSpd": 11194.918, "Max_Distance": 11210.6445, "Hover_Time": 320.958832, "Max_Speed": 48.0, "Max_uc_at_MFD": 0.999829173, "Mot_amps_ratio_MFD": 0.923196256, "Mot_amps_ratio_MxSpd": 0.899253964, "Mot_power_ratio_MFD": 0.853956521, "Mot_power_ratio_MxSpd": 0.831809878, "Power_MFD": 6669.48584, "Power_MxSpd": 7236.94385, "Speed_MFD": 46.0}