{"Interferences": 8, "Mass": 6.742030565017802, "Batt_amps_ratio_MFD": 0.886403739, "Batt_amps_ratio_MxSpd": 1.25846446, "Distance_MxSpd": 3386.98486, "Max_Distance": 3638.97388, "Hover_Time": 192.728745, "Max_Speed": 37.0, "Max_uc_at_MFD": 0.746665776, "Mot_amps_ratio_MFD": 0.946605802, "Mot_amps_ratio_MxSpd": 0.936640918, "Mot_power_ratio_MFD": 0.595415056, "Mot_power_ratio_MxSpd": 0.589147151, "Power_MFD": 2140.65479, "Power_MxSpd": 3332.15869, "Speed_MFD": 28.0}