{"Interferences": 3, "Mass": 3.4944423701103378, "Batt_amps_ratio_MFD": 1.03757548, "Batt_amps_ratio_MxSpd": 1.27650297, "Distance_MxSpd": 812.218994, "Max_Distance": 851.215149, "Hover_Time": 54.134819, "Max_Speed": 27.0, "Max_uc_at_MFD": 0.927315414, "Mot_amps_ratio_MFD": 0.366841346, "Mot_amps_ratio_MxSpd": 0.333778799, "Mot_power_ratio_MFD": 0.23952581, "Mot_power_ratio_MxSpd": 0.217937931, "Power_MFD": 946.975281, "Power_MxSpd": 1322.14136, "Speed_MFD": 23.0}