{"Interferences": 10, "Mass": 8.235537921369904, "Batt_amps_ratio_MFD": 0.674859345, "Batt_amps_ratio_MxSpd": 0.674859345, "Distance_MxSpd": 1536.32007, "Max_Distance": 1536.32007, "Hover_Time": 0.0, "Max_Speed": 9.0, "Max_uc_at_MFD": 0.99538511, "Mot_amps_ratio_MFD": 0.534537911, "Mot_amps_ratio_MxSpd": 0.534537911, "Mot_power_ratio_MFD": 0.329631716, "Mot_power_ratio_MxSpd": 0.329631716, "Power_MFD": 2137.64453, "Power_MxSpd": 2137.64453, "Speed_MFD": 9.0}