{"Interferences": 12, "Mass": 6.74025789465903, "Batt_amps_ratio_MFD": 1.65199375, "Batt_amps_ratio_MxSpd": 1.82964778, "Distance_MxSpd": 8499.99609, "Max_Distance": 9065.41016, "Hover_Time": 0.0, "Max_Speed": 27.0, "Max_uc_at_MFD": 0.716279626, "Mot_amps_ratio_MFD": 0.692831993, "Mot_amps_ratio_MxSpd": 0.731105864, "Mot_power_ratio_MFD": 0.640869617, "Mot_power_ratio_MxSpd": 0.716053665, "Power_MFD": 2461.18237, "Power_MxSpd": 2893.85938, "Speed_MFD": 26.0}