{"Interferences": 0, "Mass": 9.70880018299825, "Batt_amps_ratio_MFD": 0.937946558, "Batt_amps_ratio_MxSpd": 0.937946558, "Distance_MxSpd": 6550.47998, "Max_Distance": 6550.47998, "Hover_Time": 253.561554, "Max_Speed": 32.0, "Max_uc_at_MFD": 0.980313122, "Mot_amps_ratio_MFD": 0.297365785, "Mot_amps_ratio_MxSpd": 0.297365785, "Mot_power_ratio_MFD": 0.0849373639, "Mot_power_ratio_MxSpd": 0.0849373639, "Power_MFD": 3102.49854, "Power_MxSpd": 3102.49854, "Speed_MFD": 32.0}