{"Interferences": 9, "Mass": 3.9934966663503793, "Batt_amps_ratio_MFD": 0.661559522, "Batt_amps_ratio_MxSpd": 0.661559522, "Distance_MxSpd": 580.446655, "Max_Distance": 580.446655, "Hover_Time": 0.0, "Max_Speed": 10.0, "Max_uc_at_MFD": 0.742250443, "Mot_amps_ratio_MFD": 0.887668848, "Mot_amps_ratio_MxSpd": 0.887668848, "Mot_power_ratio_MFD": 0.2960563, "Mot_power_ratio_MxSpd": 0.2960563, "Power_MFD": 1382.48474, "Power_MxSpd": 1382.48474, "Speed_MFD": 10.0}