{"Interferences": 5, "Mass": 7.214344295738255, "Batt_amps_ratio_MFD": 1.60591233, "Batt_amps_ratio_MxSpd": 1.9440496, "Distance_MxSpd": 533.319702, "Max_Distance": 597.791077, "Hover_Time": 25.9916992, "Max_Speed": 27.0, "Max_uc_at_MFD": 0.999986708, "Mot_amps_ratio_MFD": 0.774167478, "Mot_amps_ratio_MxSpd": 0.741401494, "Mot_power_ratio_MFD": 0.505485833, "Mot_power_ratio_MxSpd": 0.48409155, "Power_MFD": 2366.25635, "Power_MxSpd": 2931.5127, "Speed_MFD": 25.0}