{"Interferences": 56, "Mass": 7.613733122882165, "Batt_amps_ratio_MFD": 0.573935568, "Batt_amps_ratio_MxSpd": 0.573935568, "Distance_MxSpd": 4817.26562, "Max_Distance": 4817.26562, "Hover_Time": 218.862976, "Max_Speed": 24.0, "Max_uc_at_MFD": 0.628030539, "Mot_amps_ratio_MFD": 0.884699941, "Mot_amps_ratio_MxSpd": 0.884699941, "Mot_power_ratio_MFD": 0.681943059, "Mot_power_ratio_MxSpd": 0.681943059, "Power_MFD": 2029.97559, "Power_MxSpd": 2029.97559, "Speed_MFD": 24.0}