{"Interferences": 46, "Mass": 8.065594144337295, "Batt_amps_ratio_MFD": 0.827026367, "Batt_amps_ratio_MxSpd": 1.0377779, "Distance_MxSpd": 4162.74023, "Max_Distance": 4527.0625, "Hover_Time": 202.867355, "Max_Speed": 45.0, "Max_uc_at_MFD": 0.750401735, "Mot_amps_ratio_MFD": 0.893153489, "Mot_amps_ratio_MxSpd": 0.984142423, "Mot_power_ratio_MFD": 0.446828336, "Mot_power_ratio_MxSpd": 0.492348433, "Power_MFD": 3766.5249, "Power_MxSpd": 5275.38916, "Speed_MFD": 39.0}