{"Interferences": 4, "Mass": 6.274114096127012, "Batt_amps_ratio_MFD": 0.655209005, "Batt_amps_ratio_MxSpd": 0.830243111, "Distance_MxSpd": 3171.53223, "Max_Distance": 3390.84839, "Hover_Time": 166.174179, "Max_Speed": 32.0, "Max_uc_at_MFD": 0.846183836, "Mot_amps_ratio_MFD": 0.538071573, "Mot_amps_ratio_MxSpd": 0.980907738, "Mot_power_ratio_MFD": 0.539218605, "Mot_power_ratio_MxSpd": 0.982998669, "Power_MFD": 1754.72998, "Power_MxSpd": 2605.43921, "Speed_MFD": 27.0}