{"Interferences": 25, "Mass": 6.070608781681773, "Batt_amps_ratio_MFD": 0.546243012, "Batt_amps_ratio_MxSpd": 0.546243012, "Distance_MxSpd": 773.282227, "Max_Distance": 773.282227, "Hover_Time": 0.0, "Max_Speed": 11.0, "Max_uc_at_MFD": 0.986012578, "Mot_amps_ratio_MFD": 0.676996171, "Mot_amps_ratio_MxSpd": 0.676996171, "Mot_power_ratio_MFD": 0.336488426, "Mot_power_ratio_MxSpd": 0.336488426, "Power_MFD": 2262.93726, "Power_MxSpd": 2262.93726, "Speed_MFD": 11.0}