{"Interferences": 47, "Mass": 3.5711015668915267, "Batt_amps_ratio_MFD": 0.628421009, "Batt_amps_ratio_MxSpd": 0.628421009, "Distance_MxSpd": 1099.89966, "Max_Distance": 1099.89966, "Hover_Time": 60.1451645, "Max_Speed": 18.0, "Max_uc_at_MFD": 0.990366936, "Mot_amps_ratio_MFD": 0.532906592, "Mot_amps_ratio_MxSpd": 0.532906592, "Mot_power_ratio_MFD": 0.199882179, "Mot_power_ratio_MxSpd": 0.199882179, "Power_MFD": 600.984009, "Power_MxSpd": 600.984009, "Speed_MFD": 18.0}