{
  "generator_version":"UAV2_gen12",
  "name":"design_4850_63332b5685474c2fa30b42c82deea950_dw",
  "hub":{
    "node_type":"ConnectedHub3_2_1",
    "angle":120.0,
    "centerSegment":{
      "node_type":"PropArm",
      "armLength":454.64045211719986,
      "motor":{
        "motorType":"kde_direct_KDE3520XF_400"
      },
      "prop":{
        "propType":"apc_propellers_15x8"
      },
      "flange":{
        "offset":30.423758647321137,
        "angle":0.0
      }
    },
    "mainSegment":{
      "node_type":"WingArm",
      "armLength":86.7426980418038,
      "wing":{
        "wingType":"Wing_horiz_hole",
        "nacaProfile":"6418",
        "span":366.4389044662685,
        "chordInner":141.35881720629504,
        "chordOuter":181.11849702666308,
        "taperOffset":true,
        "aileronBias":0.40573378393455994,
        "flapBias":0.10163643987801904,
        "load":528.3301916379753,
        "tubeOffset":37.47969282770871,
        "tubeRot":240.23753934486007
      },
      "servo":{
        "servoType":"Hitec_HS_40"
      }
    }
  },
  "fuselageWithComponents":{
    "node_type":"DualBatteryFuselageWithComponents",
    "battery":{
      "batteryType":"Tattu25C22000mAh14S1P"
    },
    "fuselage":{
      "length":279.0,
      "vertDiameter":354.0,
      "horzDiameter":561.9,
      "floorHeight":59.0,
      "battery1X":0.0,
      "battery1Y":-40.0,
      "battery2X":0.0,
      "battery2Y":53.0,
      "rpmX":0.0,
      "rpmY":-177.3,
      "autoPilotX":0.0,
      "autoPilotY":121.0,
      "currentX":0.0,
      "currentY":-157.15,
      "voltageX":0.0,
      "voltageY":174.8,
      "gpsX":0.0,
      "gpsY":-117.0,
      "varioX":0.0,
      "varioY":153.15
    }
  }
}