{"Interferences": 17, "Mass": 6.043874138294856, "Batt_amps_ratio_MFD": 0.560833693, "Batt_amps_ratio_MxSpd": 0.628181815, "Distance_MxSpd": 1711.60645, "Max_Distance": 1711.73743, "Hover_Time": 92.1983414, "Max_Speed": 28.0, "Max_uc_at_MFD": 0.609880149, "Mot_amps_ratio_MFD": 0.976784647, "Mot_amps_ratio_MxSpd": 0.897805452, "Mot_power_ratio_MFD": 0.489293963, "Mot_power_ratio_MxSpd": 0.449731469, "Power_MFD": 1259.79041, "Power_MxSpd": 1492.98792, "Speed_MFD": 25.0}