{"Interferences": 12, "Mass": 5.154388447308427, "Batt_amps_ratio_MFD": 0.441737771, "Batt_amps_ratio_MxSpd": 0.500500441, "Distance_MxSpd": 6444.75, "Max_Distance": 6519.70508, "Hover_Time": 357.109833, "Max_Speed": 28.0, "Max_uc_at_MFD": 0.988204658, "Mot_amps_ratio_MFD": 0.302193671, "Mot_amps_ratio_MxSpd": 0.270570725, "Mot_power_ratio_MFD": 0.281332552, "Mot_power_ratio_MxSpd": 0.251892626, "Power_MFD": 1428.927, "Power_MxSpd": 1684.05212, "Speed_MFD": 25.0}