{"Interferences": 33, "Mass": 7.940626934553942, "Batt_amps_ratio_MFD": 0.525203705, "Batt_amps_ratio_MxSpd": 0.723525882, "Distance_MxSpd": 15125.9277, "Max_Distance": 15902.4004, "Hover_Time": 615.900696, "Max_Speed": 38.0, "Max_uc_at_MFD": 0.891334295, "Mot_amps_ratio_MFD": 0.32222873, "Mot_amps_ratio_MxSpd": 0.435934931, "Mot_power_ratio_MFD": 0.172190964, "Mot_power_ratio_MxSpd": 0.232952729, "Power_MFD": 2491.63794, "Power_MxSpd": 3881.16626, "Speed_MFD": 29.0}