{"Interferences": 11, "Mass": 6.415801829358771, "Batt_amps_ratio_MFD": 0.812587202, "Batt_amps_ratio_MxSpd": 1.61379373, "Distance_MxSpd": 2345.49365, "Max_Distance": 3037.91577, "Hover_Time": 158.271545, "Max_Speed": 46.0, "Max_uc_at_MFD": 0.590851068, "Mot_amps_ratio_MFD": 0.588497043, "Mot_amps_ratio_MxSpd": 0.906996191, "Mot_power_ratio_MFD": 0.576380908, "Mot_power_ratio_MxSpd": 0.888322771, "Power_MFD": 2066.49316, "Power_MxSpd": 5933.23828, "Speed_MFD": 30.0}