{"Interferences": 20, "Mass": 4.175346371269274, "Batt_amps_ratio_MFD": 1.36135685, "Batt_amps_ratio_MxSpd": 1.60215545, "Distance_MxSpd": 695.063599, "Max_Distance": 705.178772, "Hover_Time": 39.4167976, "Max_Speed": 29.0, "Max_uc_at_MFD": 0.914664805, "Mot_amps_ratio_MFD": 0.58883363, "Mot_amps_ratio_MxSpd": 0.627822399, "Mot_power_ratio_MFD": 0.288355291, "Mot_power_ratio_MxSpd": 0.307448298, "Power_MFD": 1092.71509, "Power_MxSpd": 1461.6261, "Speed_MFD": 25.0}