{"Interferences": 77, "Mass": 2.908974422036244, "Batt_amps_ratio_MFD": 0.647880435, "Batt_amps_ratio_MxSpd": 0.703869522, "Distance_MxSpd": 1527.55591, "Max_Distance": 1541.02515, "Hover_Time": 91.583107, "Max_Speed": 28.0, "Max_uc_at_MFD": 0.91043067, "Mot_amps_ratio_MFD": 0.578776896, "Mot_amps_ratio_MxSpd": 0.658736527, "Mot_power_ratio_MFD": 0.285529912, "Mot_power_ratio_MxSpd": 0.324976683, "Power_MFD": 838.383728, "Power_MxSpd": 1002.98572, "Speed_MFD": 26.0}