{"Interferences": 49, "Mass": 4.568997430608371, "Batt_amps_ratio_MFD": 1.27079654, "Batt_amps_ratio_MxSpd": 1.27079654, "Distance_MxSpd": 1087.82166, "Max_Distance": 1087.82166, "Hover_Time": 49.9291611, "Max_Speed": 36.0, "Max_uc_at_MFD": 0.941203177, "Mot_amps_ratio_MFD": 0.585447252, "Mot_amps_ratio_MxSpd": 0.585447252, "Mot_power_ratio_MFD": 0.290985703, "Mot_power_ratio_MxSpd": 0.290985703, "Power_MFD": 2494.89893, "Power_MxSpd": 2494.89893, "Speed_MFD": 36.0}