{"Interferences": 26, "Mass": 5.814819714530947, "Batt_amps_ratio_MFD": 0.275826931, "Batt_amps_ratio_MxSpd": 0.275826931, "Distance_MxSpd": 2645.13672, "Max_Distance": 2645.13672, "Hover_Time": 0.0, "Max_Speed": 19.0, "Max_uc_at_MFD": 1.0, "Mot_amps_ratio_MFD": 0.435827255, "Mot_amps_ratio_MxSpd": 0.435827255, "Mot_power_ratio_MFD": 0.163527295, "Mot_power_ratio_MxSpd": 0.163527295, "Power_MFD": 1254.39844, "Power_MxSpd": 1254.39844, "Speed_MFD": 19.0}