{"Interferences": 13, "Mass": 3.1686830366991128, "Batt_amps_ratio_MFD": 0.817811847, "Batt_amps_ratio_MxSpd": 0.981327236, "Distance_MxSpd": 1056.52832, "Max_Distance": 1079.95496, "Hover_Time": 0.0, "Max_Speed": 27.0, "Max_uc_at_MFD": 0.839060843, "Mot_amps_ratio_MFD": 0.777617455, "Mot_amps_ratio_MxSpd": 0.967872322, "Mot_power_ratio_MFD": 0.383624613, "Mot_power_ratio_MxSpd": 0.47748366, "Power_MFD": 841.159424, "Power_MxSpd": 1202.29419, "Speed_MFD": 23.0}