{"Interferences": 8, "Mass": 6.718887445108989, "Batt_amps_ratio_MFD": 0.631426334, "Batt_amps_ratio_MxSpd": 0.657690763, "Distance_MxSpd": 1576.42468, "Max_Distance": 1581.18213, "Hover_Time": 80.5667419, "Max_Speed": 27.0, "Max_uc_at_MFD": 0.952993214, "Mot_amps_ratio_MFD": 0.37871933, "Mot_amps_ratio_MxSpd": 0.405456424, "Mot_power_ratio_MFD": 0.0946696773, "Mot_power_ratio_MxSpd": 0.101353236, "Power_MFD": 1856.36267, "Power_MxSpd": 2005.10046, "Speed_MFD": 26.0}