{"Interferences": 14, "Mass": 4.337496336087713, "Batt_amps_ratio_MFD": 1.09408474, "Batt_amps_ratio_MxSpd": 1.53352737, "Distance_MxSpd": 851.370544, "Max_Distance": 947.641479, "Hover_Time": 56.3253174, "Max_Speed": 34.0, "Max_uc_at_MFD": 0.99154973, "Mot_amps_ratio_MFD": 0.834087193, "Mot_amps_ratio_MxSpd": 0.61067915, "Mot_power_ratio_MFD": 0.417043597, "Mot_power_ratio_MxSpd": 0.305339575, "Power_MFD": 1371.62769, "Power_MxSpd": 2128.02173, "Speed_MFD": 27.0}