{"Interferences": 42, "Mass": 3.651804616861994, "Batt_amps_ratio_MFD": 0.439426333, "Batt_amps_ratio_MxSpd": 0.439426333, "Distance_MxSpd": 1136.02661, "Max_Distance": 1136.02661, "Hover_Time": 0.0, "Max_Speed": 13.0, "Max_uc_at_MFD": 0.988070488, "Mot_amps_ratio_MFD": 0.386861324, "Mot_amps_ratio_MxSpd": 0.386861324, "Mot_power_ratio_MFD": 0.145103633, "Mot_power_ratio_MxSpd": 0.145103633, "Power_MFD": 398.449677, "Power_MxSpd": 398.449677, "Speed_MFD": 13.0}