{"Interferences": 12, "Mass": 2.646153055086772, "Batt_amps_ratio_MFD": 0.338046461, "Batt_amps_ratio_MxSpd": 0.338046461, "Distance_MxSpd": 2271.87695, "Max_Distance": 2271.87695, "Hover_Time": 160.522629, "Max_Speed": 20.0, "Max_uc_at_MFD": 0.995254219, "Mot_amps_ratio_MFD": 0.296293646, "Mot_amps_ratio_MxSpd": 0.296293646, "Mot_power_ratio_MFD": 0.137035817, "Mot_power_ratio_MxSpd": 0.137035817, "Power_MFD": 548.412231, "Power_MxSpd": 548.412231, "Speed_MFD": 20.0}