{"Interferences": 33, "Mass": 11.733680404546108, "Batt_amps_ratio_MFD": 0.480270565, "Batt_amps_ratio_MxSpd": 0.480270565, "Distance_MxSpd": 5996.62012, "Max_Distance": 5996.62012, "Hover_Time": 0.0, "Max_Speed": 30.0, "Max_uc_at_MFD": 1.0, "Mot_amps_ratio_MFD": 0.841798127, "Mot_amps_ratio_MxSpd": 0.841798127, "Mot_power_ratio_MFD": 0.697179317, "Mot_power_ratio_MxSpd": 0.697179317, "Power_MFD": 4880.125, "Power_MxSpd": 4880.125, "Speed_MFD": 30.0}