{"Interferences": 11, "Mass": 6.6496179737729575, "Batt_amps_ratio_MFD": 0.770135224, "Batt_amps_ratio_MxSpd": 0.770135224, "Distance_MxSpd": 2564.29907, "Max_Distance": 2564.29907, "Hover_Time": 0.0, "Max_Speed": 24.0, "Max_uc_at_MFD": 0.61309284, "Mot_amps_ratio_MFD": 0.776454568, "Mot_amps_ratio_MxSpd": 0.776454568, "Mot_power_ratio_MFD": 0.718220472, "Mot_power_ratio_MxSpd": 0.718220472, "Power_MFD": 1941.12695, "Power_MxSpd": 1941.12695, "Speed_MFD": 24.0}