{"Interferences": 17, "Mass": 10.454046323006988, "Batt_amps_ratio_MFD": 1.5452311, "Batt_amps_ratio_MxSpd": 1.5452311, "Distance_MxSpd": 9318.99414, "Max_Distance": 9318.99414, "Hover_Time": 434.944305, "Max_Speed": 25.0, "Max_uc_at_MFD": 0.663150609, "Mot_amps_ratio_MFD": 0.976374149, "Mot_amps_ratio_MxSpd": 0.976374149, "Mot_power_ratio_MFD": 0.732280612, "Mot_power_ratio_MxSpd": 0.732280612, "Power_MFD": 2872.01172, "Power_MxSpd": 2872.01172, "Speed_MFD": 25.0}