{"Interferences": 21, "Mass": 2.7667613944488965, "Batt_amps_ratio_MFD": 0.669065237, "Batt_amps_ratio_MxSpd": 0.669065237, "Distance_MxSpd": 1033.08313, "Max_Distance": 1033.08313, "Hover_Time": 0.0, "Max_Speed": 18.0, "Max_uc_at_MFD": 0.994237602, "Mot_amps_ratio_MFD": 0.470057845, "Mot_amps_ratio_MxSpd": 0.470057845, "Mot_power_ratio_MFD": 0.176308915, "Mot_power_ratio_MxSpd": 0.176308915, "Power_MFD": 489.023743, "Power_MxSpd": 489.023743, "Speed_MFD": 18.0}