{"Interferences": 1, "Mass": 13.608075688223732, "Batt_amps_ratio_MFD": 0.406303853, "Batt_amps_ratio_MxSpd": 0.406303853, "Distance_MxSpd": 5387.10107, "Max_Distance": 5387.10107, "Hover_Time": 284.033325, "Max_Speed": 19.0, "Max_uc_at_MFD": 0.996794522, "Mot_amps_ratio_MFD": 0.767512619, "Mot_amps_ratio_MxSpd": 0.767512619, "Mot_power_ratio_MFD": 0.714529514, "Mot_power_ratio_MxSpd": 0.714529514, "Power_MFD": 6135.06348, "Power_MxSpd": 6135.06348, "Speed_MFD": 19.0}