{"Interferences": 2, "Mass": 3.377207033041747, "Batt_amps_ratio_MFD": 0.996266007, "Batt_amps_ratio_MxSpd": 1.52436626, "Distance_MxSpd": 831.296265, "Max_Distance": 963.598022, "Hover_Time": 64.8299713, "Max_Speed": 33.0, "Max_uc_at_MFD": 0.861308813, "Mot_amps_ratio_MFD": 0.935979307, "Mot_amps_ratio_MxSpd": 0.936519384, "Mot_power_ratio_MFD": 0.461749792, "Mot_power_ratio_MxSpd": 0.462016255, "Power_MFD": 1093.31506, "Power_MxSpd": 2074.36108, "Speed_MFD": 25.0}