{"Interferences": 6, "Mass": 11.886723453252372, "Batt_amps_ratio_MFD": 0.449897915, "Batt_amps_ratio_MxSpd": 0.449897915, "Distance_MxSpd": 5121.16211, "Max_Distance": 5121.16211, "Hover_Time": 0.0, "Max_Speed": 8.0, "Max_uc_at_MFD": 0.733956039, "Mot_amps_ratio_MFD": 0.999134839, "Mot_amps_ratio_MxSpd": 0.999134839, "Mot_power_ratio_MFD": 0.759342492, "Mot_power_ratio_MxSpd": 0.759342492, "Power_MFD": 2305.1792, "Power_MxSpd": 2305.1792, "Speed_MFD": 8.0}