{"Interferences": 12, "Mass": 9.213599812341496, "Batt_amps_ratio_MFD": 0.904233873, "Batt_amps_ratio_MxSpd": 1.17609084, "Distance_MxSpd": 6693.36035, "Max_Distance": 6794.70215, "Hover_Time": 265.085541, "Max_Speed": 41.0, "Max_uc_at_MFD": 0.584277511, "Mot_amps_ratio_MFD": 0.981727839, "Mot_amps_ratio_MxSpd": 0.88239783, "Mot_power_ratio_MFD": 0.987502694, "Mot_power_ratio_MxSpd": 0.887588382, "Power_MFD": 2651.1748, "Power_MxSpd": 3683.92676, "Speed_MFD": 32.0}