{"Interferences": 20, "Mass": 5.9424004705071365, "Batt_amps_ratio_MFD": 0.422238857, "Batt_amps_ratio_MxSpd": 0.422238857, "Distance_MxSpd": 2455.48218, "Max_Distance": 2455.48218, "Hover_Time": 0.0, "Max_Speed": 9.0, "Max_uc_at_MFD": 0.761593163, "Mot_amps_ratio_MFD": 0.969738543, "Mot_amps_ratio_MxSpd": 0.969738543, "Mot_power_ratio_MFD": 0.956808686, "Mot_power_ratio_MxSpd": 0.956808686, "Power_MFD": 1050.76917, "Power_MxSpd": 1050.76917, "Speed_MFD": 9.0}