{"Interferences": 69, "Mass": 11.700155225949352, "Batt_amps_ratio_MFD": 0.18243371, "Batt_amps_ratio_MxSpd": 0.18243371, "Distance_MxSpd": 6314.62256, "Max_Distance": 6314.62256, "Hover_Time": 0.0, "Max_Speed": 10.0, "Max_uc_at_MFD": 0.733517587, "Mot_amps_ratio_MFD": 0.996243894, "Mot_amps_ratio_MxSpd": 0.996243894, "Mot_power_ratio_MFD": 0.737220466, "Mot_power_ratio_MxSpd": 0.737220466, "Power_MFD": 2092.896, "Power_MxSpd": 2092.896, "Speed_MFD": 10.0}