{"Interferences": 27, "Mass": 7.078629155615553, "Batt_amps_ratio_MFD": 1.66047478, "Batt_amps_ratio_MxSpd": 1.98282349, "Distance_MxSpd": 445.425415, "Max_Distance": 462.518311, "Hover_Time": 21.9863949, "Max_Speed": 23.0, "Max_uc_at_MFD": 0.933089733, "Mot_amps_ratio_MFD": 0.493144661, "Mot_amps_ratio_MxSpd": 0.535719872, "Mot_power_ratio_MFD": 0.241495833, "Mot_power_ratio_MxSpd": 0.262345195, "Power_MFD": 1461.95044, "Power_MxSpd": 1889.08374, "Speed_MFD": 20.0}