{"Interferences": 22, "Mass": 6.657866633546595, "Batt_amps_ratio_MFD": 4.26630449, "Batt_amps_ratio_MxSpd": 4.46230173, "Distance_MxSpd": 344.216949, "Max_Distance": 351.029816, "Hover_Time": 0.0, "Max_Speed": 40.0, "Max_uc_at_MFD": 0.99982667, "Mot_amps_ratio_MFD": 0.629582286, "Mot_amps_ratio_MxSpd": 0.713761389, "Mot_power_ratio_MFD": 0.314857632, "Mot_power_ratio_MxSpd": 0.356956065, "Power_MFD": 5756.30615, "Power_MxSpd": 6304.64795, "Speed_MFD": 39.0}