{"Interferences": 9, "Mass": 7.0209267900088665, "Batt_amps_ratio_MFD": 0.414282382, "Batt_amps_ratio_MxSpd": 0.457723588, "Distance_MxSpd": 7130.94141, "Max_Distance": 7183.50586, "Hover_Time": 0.0, "Max_Speed": 34.0, "Max_uc_at_MFD": 0.834641576, "Mot_amps_ratio_MFD": 0.886218369, "Mot_amps_ratio_MxSpd": 0.859572232, "Mot_power_ratio_MFD": 0.819751978, "Mot_power_ratio_MxSpd": 0.795104325, "Power_MFD": 2879.17017, "Power_MxSpd": 3204.77832, "Speed_MFD": 31.0}