{"Interferences": 3, "Mass": 7.067670032477965, "Batt_amps_ratio_MFD": 0.706454933, "Batt_amps_ratio_MxSpd": 1.2909236, "Distance_MxSpd": 951.876587, "Max_Distance": 1141.47412, "Hover_Time": 58.0565681, "Max_Speed": 32.0, "Max_uc_at_MFD": 0.842046499, "Mot_amps_ratio_MFD": 0.491446167, "Mot_amps_ratio_MxSpd": 0.948264003, "Mot_power_ratio_MFD": 0.245723084, "Mot_power_ratio_MxSpd": 0.31626609, "Power_MFD": 1381.87866, "Power_MxSpd": 3690.29077, "Speed_MFD": 21.0}