{"Interferences": 16, "Mass": 4.902885812884211, "Batt_amps_ratio_MFD": 0.511224568, "Batt_amps_ratio_MxSpd": 0.581621051, "Distance_MxSpd": 1782.604, "Max_Distance": 1802.73022, "Hover_Time": 108.942062, "Max_Speed": 27.0, "Max_uc_at_MFD": 0.991277218, "Mot_amps_ratio_MFD": 0.391672611, "Mot_amps_ratio_MxSpd": 0.332346439, "Mot_power_ratio_MFD": 0.196253762, "Mot_power_ratio_MxSpd": 0.16652745, "Power_MFD": 1094.28516, "Power_MxSpd": 1321.80786, "Speed_MFD": 24.0}