{"Interferences": 5, "Mass": 7.747697681644891, "Batt_amps_ratio_MFD": 0.665586054, "Batt_amps_ratio_MxSpd": 0.665586054, "Distance_MxSpd": 173.080551, "Max_Distance": 173.080551, "Hover_Time": 0.0, "Max_Speed": 1.0, "Max_uc_at_MFD": 0.861775339, "Mot_amps_ratio_MFD": 0.995212317, "Mot_amps_ratio_MxSpd": 0.995212317, "Mot_power_ratio_MFD": 0.756361365, "Mot_power_ratio_MxSpd": 0.756361365, "Power_MFD": 2180.18506, "Power_MxSpd": 2180.18506, "Speed_MFD": 1.0}