{"Interferences": 17, "Mass": 6.036210057380959, "Batt_amps_ratio_MFD": 0.418151945, "Batt_amps_ratio_MxSpd": 0.502238333, "Distance_MxSpd": 2370.18945, "Max_Distance": 2479.48145, "Hover_Time": 129.623566, "Max_Speed": 31.0, "Max_uc_at_MFD": 0.730834842, "Mot_amps_ratio_MFD": 0.988841653, "Mot_amps_ratio_MxSpd": 0.828105271, "Mot_power_ratio_MFD": 0.731742859, "Mot_power_ratio_MxSpd": 0.612797916, "Power_MFD": 1698.62756, "Power_MxSpd": 2082.20288, "Speed_MFD": 27.0}