{"Interferences": 2, "Mass": 6.23181876473546, "Batt_amps_ratio_MFD": 0.746275783, "Batt_amps_ratio_MxSpd": 0.746275783, "Distance_MxSpd": 1286.3877, "Max_Distance": 1286.3877, "Hover_Time": 62.1867218, "Max_Speed": 25.0, "Max_uc_at_MFD": 0.98713994, "Mot_amps_ratio_MFD": 0.766298413, "Mot_amps_ratio_MxSpd": 0.766298413, "Mot_power_ratio_MFD": 0.708826005, "Mot_power_ratio_MxSpd": 0.708826005, "Power_MFD": 4134.07227, "Power_MxSpd": 4134.07227, "Speed_MFD": 25.0}