{"Interferences": 0, "Mass": 6.407333897711905, "Batt_amps_ratio_MFD": 0.486855, "Batt_amps_ratio_MxSpd": 0.486855, "Distance_MxSpd": 4140.86328, "Max_Distance": 4140.86328, "Hover_Time": 381.209229, "Max_Speed": 21.0, "Max_uc_at_MFD": 1.0, "Mot_amps_ratio_MFD": 0.391615033, "Mot_amps_ratio_MxSpd": 0.391615033, "Mot_power_ratio_MFD": 0.362243891, "Mot_power_ratio_MxSpd": 0.362243891, "Power_MFD": 2819.04761, "Power_MxSpd": 2819.04761, "Speed_MFD": 21.0}