{"Interferences": 22, "Mass": 6.805003931081033, "Batt_amps_ratio_MFD": 0.359737873, "Batt_amps_ratio_MxSpd": 0.359737873, "Distance_MxSpd": 3202.33154, "Max_Distance": 3202.33154, "Hover_Time": 174.606339, "Max_Speed": 14.0, "Max_uc_at_MFD": 0.993941486, "Mot_amps_ratio_MFD": 0.441936702, "Mot_amps_ratio_MxSpd": 0.441936702, "Mot_power_ratio_MFD": 0.327033162, "Mot_power_ratio_MxSpd": 0.327033162, "Power_MFD": 1163.48157, "Power_MxSpd": 1163.48157, "Speed_MFD": 14.0}