{"Interferences": 56, "Mass": 8.384188453203143, "Batt_amps_ratio_MFD": 1.05162609, "Batt_amps_ratio_MxSpd": 1.20746708, "Distance_MxSpd": 5088.3374, "Max_Distance": 5112.0835, "Hover_Time": 258.362183, "Max_Speed": 32.0, "Max_uc_at_MFD": 0.620330036, "Mot_amps_ratio_MFD": 0.67103827, "Mot_amps_ratio_MxSpd": 0.864328921, "Mot_power_ratio_MFD": 0.42208308, "Mot_power_ratio_MxSpd": 0.543662906, "Power_MFD": 1974.7627, "Power_MxSpd": 2543.58154, "Speed_MFD": 28.0}