{"Interferences": 2, "Mass": 2.4164684034339845, "Batt_amps_ratio_MFD": 0.427340448, "Batt_amps_ratio_MxSpd": 0.479081362, "Distance_MxSpd": 1843.5282, "Max_Distance": 1887.02002, "Hover_Time": 143.135788, "Max_Speed": 23.0, "Max_uc_at_MFD": 0.891839206, "Mot_amps_ratio_MFD": 0.605646074, "Mot_amps_ratio_MxSpd": 0.691938639, "Mot_power_ratio_MFD": 0.358542472, "Mot_power_ratio_MxSpd": 0.409627646, "Power_MFD": 617.028076, "Power_MxSpd": 773.880371, "Speed_MFD": 21.0}