{"Interferences": 50, "Mass": 7.644377965623903, "Batt_amps_ratio_MFD": 1.93102467, "Batt_amps_ratio_MxSpd": 2.33565283, "Distance_MxSpd": 558.987183, "Max_Distance": 616.460266, "Hover_Time": 0.0, "Max_Speed": 34.0, "Max_uc_at_MFD": 0.999644816, "Mot_amps_ratio_MFD": 0.889688492, "Mot_amps_ratio_MxSpd": 0.886294782, "Mot_power_ratio_MFD": 0.594389975, "Mot_power_ratio_MxSpd": 0.592122734, "Power_MFD": 2734.91406, "Power_MxSpd": 3815.29712, "Speed_MFD": 31.0}