{"Interferences": 6, "Mass": 3.2283484655987404, "Batt_amps_ratio_MFD": 0.179677352, "Batt_amps_ratio_MxSpd": 0.179677352, "Distance_MxSpd": 3846.89551, "Max_Distance": 3846.89551, "Hover_Time": 279.590424, "Max_Speed": 18.0, "Max_uc_at_MFD": 0.978243589, "Mot_amps_ratio_MFD": 0.261357576, "Mot_amps_ratio_MxSpd": 0.261357576, "Mot_power_ratio_MFD": 0.126921773, "Mot_power_ratio_MxSpd": 0.126921773, "Power_MFD": 563.83667, "Power_MxSpd": 563.83667, "Speed_MFD": 18.0}