{"Interferences": 20, "Mass": 9.289348864756668, "Batt_amps_ratio_MFD": 0.674779058, "Batt_amps_ratio_MxSpd": 0.674779058, "Distance_MxSpd": 1877.948, "Max_Distance": 1877.948, "Hover_Time": 72.357666, "Max_Speed": 33.0, "Max_uc_at_MFD": 0.944354057, "Mot_amps_ratio_MFD": 0.982840359, "Mot_amps_ratio_MxSpd": 0.982840359, "Mot_power_ratio_MFD": 0.491367489, "Mot_power_ratio_MxSpd": 0.491367489, "Power_MFD": 5523.13525, "Power_MxSpd": 5523.13525, "Speed_MFD": 33.0}