{"Interferences": 33, "Mass": 9.240102443475129, "Batt_amps_ratio_MFD": 1.66315544, "Batt_amps_ratio_MxSpd": 2.83274841, "Distance_MxSpd": 108.445915, "Max_Distance": 161.620499, "Hover_Time": 0.0, "Max_Speed": 8.0, "Max_uc_at_MFD": 0.62309283, "Mot_amps_ratio_MFD": 0.769979298, "Mot_amps_ratio_MxSpd": 0.997121334, "Mot_power_ratio_MFD": 0.770763278, "Mot_power_ratio_MxSpd": 0.99813658, "Power_MFD": 1694.38464, "Power_MxSpd": 3638.5127, "Speed_MFD": 7.0}