{"Interferences": 2, "Mass": 4.065105546922676, "Batt_amps_ratio_MFD": 0.779044569, "Batt_amps_ratio_MxSpd": 0.779044569, "Distance_MxSpd": 492.911469, "Max_Distance": 492.911469, "Hover_Time": 59.7157516, "Max_Speed": 10.0, "Max_uc_at_MFD": 0.999367595, "Mot_amps_ratio_MFD": 0.74888283, "Mot_amps_ratio_MxSpd": 0.74888283, "Mot_power_ratio_MFD": 0.374652356, "Mot_power_ratio_MxSpd": 0.374652356, "Power_MFD": 1645.50317, "Power_MxSpd": 1645.50317, "Speed_MFD": 10.0}