{"Interferences": 8, "Mass": 7.365739330784189, "Batt_amps_ratio_MFD": 0.398232162, "Batt_amps_ratio_MxSpd": 0.398232162, "Distance_MxSpd": 5544.50488, "Max_Distance": 5544.50488, "Hover_Time": 300.201782, "Max_Speed": 23.0, "Max_uc_at_MFD": 0.613364577, "Mot_amps_ratio_MFD": 0.934524477, "Mot_amps_ratio_MxSpd": 0.934524477, "Mot_power_ratio_MFD": 0.701288223, "Mot_power_ratio_MxSpd": 0.701288223, "Power_MFD": 1676.58594, "Power_MxSpd": 1676.58594, "Speed_MFD": 23.0}