{"Interferences": 15, "Mass": 4.839311205315911, "Batt_amps_ratio_MFD": 0.519625783, "Batt_amps_ratio_MxSpd": 0.519625783, "Distance_MxSpd": 1625.78528, "Max_Distance": 1625.78528, "Hover_Time": 0.0, "Max_Speed": 22.0, "Max_uc_at_MFD": 0.968387842, "Mot_amps_ratio_MFD": 0.75991255, "Mot_amps_ratio_MxSpd": 0.75991255, "Mot_power_ratio_MFD": 0.709396124, "Mot_power_ratio_MxSpd": 0.709396124, "Power_MFD": 2446.55347, "Power_MxSpd": 2446.55347, "Speed_MFD": 22.0}