{"Interferences": 6, "Mass": 3.775177057880037, "Batt_amps_ratio_MFD": 0.617354631, "Batt_amps_ratio_MxSpd": 0.674281895, "Distance_MxSpd": 1138.9895, "Max_Distance": 1181.81665, "Hover_Time": 57.3975182, "Max_Speed": 20.0, "Max_uc_at_MFD": 0.994647384, "Mot_amps_ratio_MFD": 0.641376674, "Mot_amps_ratio_MxSpd": 0.658234239, "Mot_power_ratio_MFD": 0.316412479, "Mot_power_ratio_MxSpd": 0.324728906, "Power_MFD": 804.488953, "Power_MxSpd": 866.454102, "Speed_MFD": 19.0}