{
  "generator_version":"UAV2_gen12",
  "name":"design_4302_97a134d2916244bd939d466bf56346b5_s",
  "hub":{
    "node_type":"ConnectedHub6_2_2_2",
    "frontSegment":{
      "node_type":"PropArm",
      "armLength":157.21069376232265,
      "motor":{
        "motorType":"kde_direct_KDE5215XF_435"
      },
      "prop":{
        "propType":"apc_propellers_15x8"
      },
      "flange":{
        "offset":-39.038827228097404,
        "angle":90.0
      }
    },
    "middleSegment":{
      "node_type":"SidewaysBendSegment",
      "angle":-31.78500082338033,
      "armLength":125.2834612709851,
      "mainSegment":{
        "node_type":"PropArm",
        "armLength":315.3919729294574,
        "motor":{
          "motorType":"t_motor_AT4120KV560"
        },
        "prop":{
          "propType":"apc_propellers_18x5_5MR"
        },
        "flange":{
          "offset":20.70526574392737,
          "angle":0.0
        }
      }
    },
    "rearSegment":{
      "node_type":"AngledWingArm",
      "arm1Length":440.9870003628973,
      "arm2Length":172.7058636454082,
      "wing":{
        "wingType":"Wing_horiz_hole",
        "nacaProfile":"4712",
        "span":240.71406053239883,
        "chordInner":423.2031702015542,
        "chordOuter":178.0851837556225,
        "taperOffset":false,
        "aileronBias":0.15082378627415582,
        "flapBias":0.14549517567575793,
        "load":499.4005961438157,
        "tubeOffset":39.91351338880503,
        "tubeRot":311.84471735481407
      },
      "servo":{
        "servoType":"Hitec_HS_625MG"
      }
    }
  },
  "fuselageWithComponents":{
    "node_type":"SingleBatteryFuselageWithComponents",
    "battery":{
      "batteryType":"TurnigyGraphene1300mAh3S75C"
    },
    "fuselage":{
      "length":84.0,
      "vertDiameter":52.5,
      "horzDiameter":326.4,
      "floorHeight":8.75,
      "batteryX":-5.0,
      "batteryY":6.0,
      "rpmX":-5.0,
      "rpmY":-98.8,
      "autoPilotX":-5.0,
      "autoPilotY":42.5,
      "currentX":-5.0,
      "currentY":-78.65,
      "voltageX":-5.0,
      "voltageY":96.3,
      "gpsX":-5.0,
      "gpsY":-38.5,
      "varioX":-5.0,
      "varioY":74.65
    }
  }
}