{"Interferences": 32, "Mass": 6.420796832335636, "Batt_amps_ratio_MFD": 0.586356997, "Batt_amps_ratio_MxSpd": 0.586356997, "Distance_MxSpd": 1899.18433, "Max_Distance": 1899.18433, "Hover_Time": 95.1628494, "Max_Speed": 29.0, "Max_uc_at_MFD": 0.7444309, "Mot_amps_ratio_MFD": 0.860608578, "Mot_amps_ratio_MxSpd": 0.860608578, "Mot_power_ratio_MFD": 0.405992091, "Mot_power_ratio_MxSpd": 0.405992091, "Power_MFD": 1976.31165, "Power_MxSpd": 1976.31165, "Speed_MFD": 29.0}