{"Interferences": 54, "Mass": 10.291780101967191, "Batt_amps_ratio_MFD": 4.49324846, "Batt_amps_ratio_MxSpd": 4.49324846, "Distance_MxSpd": 42.7307777, "Max_Distance": 42.7307777, "Hover_Time": 0.0, "Max_Speed": 5.0, "Max_uc_at_MFD": 0.928556383, "Mot_amps_ratio_MFD": 0.993034065, "Mot_amps_ratio_MxSpd": 0.993034065, "Mot_power_ratio_MFD": 0.612371027, "Mot_power_ratio_MxSpd": 0.612371027, "Power_MFD": 4796.2207, "Power_MxSpd": 4796.2207, "Speed_MFD": 5.0}