{"Interferences": 0, "Mass": 3.33742572511386, "Batt_amps_ratio_MFD": 0.169357926, "Batt_amps_ratio_MxSpd": 0.169357926, "Distance_MxSpd": 0.0, "Max_Distance": 0.0, "Hover_Time": 226.738739, "Max_Speed": 0.0, "Max_uc_at_MFD": 0.667286813, "Mot_amps_ratio_MFD": 0.489981443, "Mot_amps_ratio_MxSpd": 0.489981443, "Mot_power_ratio_MFD": 0.367693096, "Mot_power_ratio_MxSpd": 0.367693096, "Power_MFD": 548.806641, "Power_MxSpd": 548.806641, "Speed_MFD": 0.0}