{"Interferences": 83, "Mass": 4.0520074438205, "Batt_amps_ratio_MFD": 0.210975572, "Batt_amps_ratio_MxSpd": 0.210975572, "Distance_MxSpd": 2366.15063, "Max_Distance": 2366.15063, "Hover_Time": 192.984024, "Max_Speed": 13.0, "Max_uc_at_MFD": 0.984626114, "Mot_amps_ratio_MFD": 0.646460593, "Mot_amps_ratio_MxSpd": 0.646460593, "Mot_power_ratio_MFD": 0.242473915, "Mot_power_ratio_MxSpd": 0.242473915, "Power_MFD": 596.300171, "Power_MxSpd": 596.300171, "Speed_MFD": 13.0}