{"Interferences": 101, "Mass": 9.258426206281928, "Batt_amps_ratio_MFD": 0.371418715, "Batt_amps_ratio_MxSpd": 0.371418715, "Distance_MxSpd": 2326.21558, "Max_Distance": 2326.21558, "Hover_Time": 0.0, "Max_Speed": 9.0, "Max_uc_at_MFD": 0.503426015, "Mot_amps_ratio_MFD": 0.986070156, "Mot_amps_ratio_MxSpd": 0.986070156, "Mot_power_ratio_MFD": 0.740917921, "Mot_power_ratio_MxSpd": 0.740917921, "Power_MFD": 1740.91675, "Power_MxSpd": 1740.91675, "Speed_MFD": 9.0}