{"Interferences": 78, "Mass": 10.804027479519917, "Batt_amps_ratio_MFD": 0.664836049, "Batt_amps_ratio_MxSpd": 0.664836049, "Distance_MxSpd": 1155.172, "Max_Distance": 1155.172, "Hover_Time": 0.0, "Max_Speed": 4.0, "Max_uc_at_MFD": 0.251179934, "Mot_amps_ratio_MFD": 0.492291272, "Mot_amps_ratio_MxSpd": 0.492291272, "Mot_power_ratio_MFD": 0.985585034, "Mot_power_ratio_MxSpd": 0.985585034, "Power_MFD": 1634.81006, "Power_MxSpd": 1634.81006, "Speed_MFD": 4.0}