{"Interferences": 59, "Mass": 5.056630980407647, "Batt_amps_ratio_MFD": 1.12840354, "Batt_amps_ratio_MxSpd": 1.12840354, "Distance_MxSpd": 34.0303802, "Max_Distance": 34.0303802, "Hover_Time": 34.4479713, "Max_Speed": 1.0, "Max_uc_at_MFD": 0.730368555, "Mot_amps_ratio_MFD": 0.927519619, "Mot_amps_ratio_MxSpd": 0.927519619, "Mot_power_ratio_MFD": 0.464615971, "Mot_power_ratio_MxSpd": 0.464615971, "Power_MFD": 1004.8653, "Power_MxSpd": 1004.8653, "Speed_MFD": 1.0}