{"Interferences": 53, "Mass": 13.167933468259212, "Batt_amps_ratio_MFD": 0.468734443, "Batt_amps_ratio_MxSpd": 0.468734443, "Distance_MxSpd": 11551.1035, "Max_Distance": 11551.1035, "Hover_Time": 357.167999, "Max_Speed": 47.0, "Max_uc_at_MFD": 0.882668197, "Mot_amps_ratio_MFD": 0.98481667, "Mot_amps_ratio_MxSpd": 0.98481667, "Mot_power_ratio_MFD": 0.910955369, "Mot_power_ratio_MxSpd": 0.910955369, "Power_MFD": 6042.76221, "Power_MxSpd": 6042.76221, "Speed_MFD": 47.0}