{"Interferences": 1, "Mass": 10.135003562756063, "Batt_amps_ratio_MFD": 0.462084383, "Batt_amps_ratio_MxSpd": 0.462084383, "Distance_MxSpd": 11841.9932, "Max_Distance": 11841.9932, "Hover_Time": 644.619202, "Max_Speed": 19.0, "Max_uc_at_MFD": 0.998299181, "Mot_amps_ratio_MFD": 0.513262391, "Mot_amps_ratio_MxSpd": 0.513262391, "Mot_power_ratio_MFD": 0.487599283, "Mot_power_ratio_MxSpd": 0.487599283, "Power_MFD": 2551.89624, "Power_MxSpd": 2551.89624, "Speed_MFD": 19.0}