{"Interferences": 73, "Mass": 4.621955270563921, "Batt_amps_ratio_MFD": 0.212031499, "Batt_amps_ratio_MxSpd": 0.212031499, "Distance_MxSpd": 3803.2085, "Max_Distance": 3803.2085, "Hover_Time": 200.565186, "Max_Speed": 21.0, "Max_uc_at_MFD": 0.985929966, "Mot_amps_ratio_MFD": 0.78495419, "Mot_amps_ratio_MxSpd": 0.78495419, "Mot_power_ratio_MFD": 0.392477095, "Mot_power_ratio_MxSpd": 0.392477095, "Power_MFD": 1195.10718, "Power_MxSpd": 1195.10718, "Speed_MFD": 21.0}