{
  "generator_version":"UAV2_gen12",
  "name":"design_7047_2f9bc03113864587ac5bd3ad6fd9da67_s",
  "hub":{
    "node_type":"ConnectedHub3_2_1",
    "angle":120.0,
    "centerSegment":{
      "node_type":"DoubleBendSegment",
      "angle":-90.0,
      "arm1Length":52.959882733379196,
      "arm2Length":413.14810963633255,
      "mainSegment":{
        "node_type":"AngledPropArm",
        "armLength":261.14577477688357,
        "motor":{
          "motorType":"kde_direct_KDE700XF_295_G3"
        },
        "prop":{
          "propType":"apc_propellers_13x10"
        }
      }
    },
    "mainSegment":{
      "node_type":"AngledWingArm",
      "arm1Length":211.70543253652605,
      "arm2Length":161.22205937984984,
      "wing":{
        "wingType":"Wing_vert_hole",
        "nacaProfile":"4515",
        "span":1823.4291409705236,
        "chordInner":302.7165328602865,
        "chordOuter":137.4111275673937,
        "taperOffset":false,
        "aileronBias":0.13769164434561199,
        "flapBias":0.7301731065646164,
        "load":499.5542411921805,
        "tubeOffset":48.57716231534299,
        "tubeRot":259.7774200265454
      },
      "servo":{
        "servoType":"Hitec_HS_82MG"
      }
    }
  },
  "fuselageWithComponents":{
    "node_type":"SingleBatteryFuselageWithComponents",
    "battery":{
      "batteryType":"Tattu30C12000mAh6S1P"
    },
    "fuselage":{
      "length":190.0,
      "vertDiameter":106.5,
      "horzDiameter":366.9,
      "floorHeight":17.75,
      "batteryX":0.0,
      "batteryY":6.0,
      "rpmX":0.0,
      "rpmY":-112.3,
      "autoPilotX":0.0,
      "autoPilotY":56.0,
      "currentX":0.0,
      "currentY":-92.15,
      "voltageX":0.0,
      "voltageY":109.8,
      "gpsX":0.0,
      "gpsY":-52.0,
      "varioX":0.0,
      "varioY":88.15
    }
  }
}