{"Interferences": 5, "Mass": 4.3704019857622525, "Batt_amps_ratio_MFD": 1.36777639, "Batt_amps_ratio_MxSpd": 1.90039194, "Distance_MxSpd": 222.269943, "Max_Distance": 280.74765, "Hover_Time": 16.0998573, "Max_Speed": 11.0, "Max_uc_at_MFD": 0.999944031, "Mot_amps_ratio_MFD": 0.592924953, "Mot_amps_ratio_MxSpd": 0.624688625, "Mot_power_ratio_MFD": 0.395685792, "Mot_power_ratio_MxSpd": 0.416883141, "Power_MFD": 1403.28137, "Power_MxSpd": 2071.36279, "Speed_MFD": 10.0}