{"Interferences": 0, "Mass": 6.638135234982936, "Batt_amps_ratio_MFD": 0.616051972, "Batt_amps_ratio_MxSpd": 1.11475003, "Distance_MxSpd": 4133.66211, "Max_Distance": 4674.93066, "Hover_Time": 223.954102, "Max_Speed": 40.0, "Max_uc_at_MFD": 0.979263365, "Mot_amps_ratio_MFD": 0.358347952, "Mot_amps_ratio_MxSpd": 0.461553216, "Mot_power_ratio_MFD": 0.186452925, "Mot_power_ratio_MxSpd": 0.240151897, "Power_MFD": 2082.59326, "Power_MxSpd": 4112.24512, "Speed_MFD": 25.0}