{"Interferences": 7, "Mass": 9.587001667950778, "Batt_amps_ratio_MFD": 1.13615596, "Batt_amps_ratio_MxSpd": 1.13615596, "Distance_MxSpd": 405.578125, "Max_Distance": 405.578125, "Hover_Time": 0.0, "Max_Speed": 4.0, "Max_uc_at_MFD": 0.64026773, "Mot_amps_ratio_MFD": 0.949370921, "Mot_amps_ratio_MxSpd": 0.949370921, "Mot_power_ratio_MFD": 0.84304136, "Mot_power_ratio_MxSpd": 0.84304136, "Power_MFD": 1854.71631, "Power_MxSpd": 1854.71631, "Speed_MFD": 4.0}