{"Interferences": 2, "Mass": 5.907933428540485, "Batt_amps_ratio_MFD": 0.597296298, "Batt_amps_ratio_MxSpd": 0.828342319, "Distance_MxSpd": 1715.23291, "Max_Distance": 1864.40125, "Hover_Time": 74.010704, "Max_Speed": 37.0, "Max_uc_at_MFD": 0.745995879, "Mot_amps_ratio_MFD": 0.661248624, "Mot_amps_ratio_MxSpd": 0.987202883, "Mot_power_ratio_MFD": 0.331745058, "Mot_power_ratio_MxSpd": 0.495274663, "Power_MFD": 1759.22949, "Power_MxSpd": 3158.95215, "Speed_MFD": 29.0}