{"Interferences": 4, "Mass": 3.5741749633703743, "Batt_amps_ratio_MFD": 0.900190473, "Batt_amps_ratio_MxSpd": 0.900190473, "Distance_MxSpd": 853.152771, "Max_Distance": 853.152771, "Hover_Time": 54.6429253, "Max_Speed": 20.0, "Max_uc_at_MFD": 0.967521071, "Mot_amps_ratio_MFD": 0.395463824, "Mot_amps_ratio_MxSpd": 0.395463824, "Mot_power_ratio_MFD": 0.146321625, "Mot_power_ratio_MxSpd": 0.146321625, "Power_MFD": 706.238281, "Power_MxSpd": 706.238281, "Speed_MFD": 20.0}