{"Interferences": 1, "Mass": 7.062831573565319, "Batt_amps_ratio_MFD": 0.236644924, "Batt_amps_ratio_MxSpd": 0.303569049, "Distance_MxSpd": 4174.33838, "Max_Distance": 4381.24756, "Hover_Time": 227.903214, "Max_Speed": 33.0, "Max_uc_at_MFD": 0.996440709, "Mot_amps_ratio_MFD": 0.508941054, "Mot_amps_ratio_MxSpd": 0.410974234, "Mot_power_ratio_MFD": 0.470770478, "Mot_power_ratio_MxSpd": 0.380151153, "Power_MFD": 1965.51562, "Power_MxSpd": 2783.18604, "Speed_MFD": 27.0}