{"Interferences": 2, "Mass": 3.50184549165502, "Batt_amps_ratio_MFD": 0.309010655, "Batt_amps_ratio_MxSpd": 0.309010655, "Distance_MxSpd": 2361.0835, "Max_Distance": 2361.0835, "Hover_Time": 155.941101, "Max_Speed": 19.0, "Max_uc_at_MFD": 0.992892981, "Mot_amps_ratio_MFD": 0.220945105, "Mot_amps_ratio_MxSpd": 0.220945105, "Mot_power_ratio_MFD": 0.136249483, "Mot_power_ratio_MxSpd": 0.136249483, "Power_MFD": 722.884583, "Power_MxSpd": 722.884583, "Speed_MFD": 19.0}