{"Interferences": 17, "Mass": 6.201123504084899, "Batt_amps_ratio_MFD": 0.502782702, "Batt_amps_ratio_MxSpd": 0.522044837, "Distance_MxSpd": 2280.26392, "Max_Distance": 2291.24829, "Hover_Time": 97.1416245, "Max_Speed": 31.0, "Max_uc_at_MFD": 0.704503775, "Mot_amps_ratio_MFD": 0.95293349, "Mot_amps_ratio_MxSpd": 0.989230812, "Mot_power_ratio_MFD": 0.714700103, "Mot_power_ratio_MxSpd": 0.741923094, "Power_MFD": 2076.00171, "Power_MxSpd": 2215.23315, "Speed_MFD": 30.0}