{"Interferences": 28, "Mass": 12.736961712013292, "Batt_amps_ratio_MFD": 0.421675086, "Batt_amps_ratio_MxSpd": 0.421675086, "Distance_MxSpd": 7922.68799, "Max_Distance": 7922.68799, "Hover_Time": 0.0, "Max_Speed": 29.0, "Max_uc_at_MFD": 0.502867401, "Mot_amps_ratio_MFD": 0.898513675, "Mot_amps_ratio_MxSpd": 0.898513675, "Mot_power_ratio_MFD": 0.880014837, "Mot_power_ratio_MxSpd": 0.880014837, "Power_MFD": 3147.76758, "Power_MxSpd": 3147.76758, "Speed_MFD": 29.0}