{"Interferences": 17, "Mass": 6.109115074638056, "Batt_amps_ratio_MFD": 1.78320873, "Batt_amps_ratio_MxSpd": 1.78320873, "Distance_MxSpd": 473.752716, "Max_Distance": 473.752716, "Hover_Time": 20.3247814, "Max_Speed": 22.0, "Max_uc_at_MFD": 0.447834998, "Mot_amps_ratio_MFD": 0.675836861, "Mot_amps_ratio_MxSpd": 0.675836861, "Mot_power_ratio_MFD": 0.677277505, "Mot_power_ratio_MxSpd": 0.677277505, "Power_MFD": 1420.70068, "Power_MxSpd": 1420.70068, "Speed_MFD": 22.0}