{"Interferences": 43, "Mass": 6.432830035921712, "Batt_amps_ratio_MFD": 0.315074712, "Batt_amps_ratio_MxSpd": 0.350268662, "Distance_MxSpd": 4659.28027, "Max_Distance": 4875.03418, "Hover_Time": 299.418427, "Max_Speed": 17.0, "Max_uc_at_MFD": 0.607714891, "Mot_amps_ratio_MFD": 0.980127215, "Mot_amps_ratio_MxSpd": 0.876577795, "Mot_power_ratio_MFD": 0.735095441, "Mot_power_ratio_MxSpd": 0.657433331, "Power_MFD": 1209.03345, "Power_MxSpd": 1261.89075, "Speed_MFD": 16.0}