{"Interferences": 14, "Mass": 3.744442165689909, "Batt_amps_ratio_MFD": 0.850098193, "Batt_amps_ratio_MxSpd": 1.21532881, "Distance_MxSpd": 979.488037, "Max_Distance": 1038.93884, "Hover_Time": 67.0389252, "Max_Speed": 31.0, "Max_uc_at_MFD": 0.824199736, "Mot_amps_ratio_MFD": 0.673001289, "Mot_amps_ratio_MxSpd": 0.74698633, "Mot_power_ratio_MFD": 0.337121874, "Mot_power_ratio_MxSpd": 0.374182701, "Power_MFD": 918.343506, "Power_MxSpd": 1754.04333, "Speed_MFD": 23.0}