{"Interferences": 7, "Mass": 4.632965098219713, "Batt_amps_ratio_MFD": 1.10320616, "Batt_amps_ratio_MxSpd": 1.10320616, "Distance_MxSpd": 765.768005, "Max_Distance": 765.768005, "Hover_Time": 53.0006065, "Max_Speed": 22.0, "Max_uc_at_MFD": 0.993991554, "Mot_amps_ratio_MFD": 0.680847824, "Mot_amps_ratio_MxSpd": 0.680847824, "Mot_power_ratio_MFD": 0.403061897, "Mot_power_ratio_MxSpd": 0.403061897, "Power_MFD": 1553.80054, "Power_MxSpd": 1553.80054, "Speed_MFD": 22.0}