{"Interferences": 2, "Mass": 3.501260955871208, "Batt_amps_ratio_MFD": 1.03462124, "Batt_amps_ratio_MxSpd": 1.08432174, "Distance_MxSpd": 814.518433, "Max_Distance": 816.530701, "Hover_Time": 55.4625359, "Max_Speed": 23.0, "Max_uc_at_MFD": 0.999841094, "Mot_amps_ratio_MFD": 0.396512091, "Mot_amps_ratio_MxSpd": 0.393564254, "Mot_power_ratio_MFD": 0.181229353, "Mot_power_ratio_MxSpd": 0.17988202, "Power_MFD": 805.67041, "Power_MxSpd": 873.282715, "Speed_MFD": 22.0}