{"Interferences": 10, "Mass": 5.186316657302339, "Batt_amps_ratio_MFD": 2.00703573, "Batt_amps_ratio_MxSpd": 2.00703573, "Distance_MxSpd": 535.715454, "Max_Distance": 535.715454, "Hover_Time": 0.0, "Max_Speed": 28.0, "Max_uc_at_MFD": 0.959870815, "Mot_amps_ratio_MFD": 0.837686002, "Mot_amps_ratio_MxSpd": 0.837686002, "Mot_power_ratio_MFD": 0.559647799, "Mot_power_ratio_MxSpd": 0.559647799, "Power_MFD": 1806.25134, "Power_MxSpd": 1806.25134, "Speed_MFD": 28.0}