{"Interferences": 76, "Mass": 5.741190991948834, "Batt_amps_ratio_MFD": 0.63969326, "Batt_amps_ratio_MxSpd": 0.794543326, "Distance_MxSpd": 1594.87842, "Max_Distance": 1740.83423, "Hover_Time": 92.718132, "Max_Speed": 33.0, "Max_uc_at_MFD": 0.947255075, "Mot_amps_ratio_MFD": 0.541051149, "Mot_amps_ratio_MxSpd": 0.549335659, "Mot_power_ratio_MFD": 0.333648205, "Mot_power_ratio_MxSpd": 0.338757008, "Power_MFD": 1791.23523, "Power_MxSpd": 2443.04614, "Speed_MFD": 29.0}