{"Interferences": 6, "Mass": 4.104666046989697, "Batt_amps_ratio_MFD": 0.801436841, "Batt_amps_ratio_MxSpd": 1.47521436, "Distance_MxSpd": 858.993774, "Max_Distance": 958.278931, "Hover_Time": 60.8814774, "Max_Speed": 33.0, "Max_uc_at_MFD": 0.627485156, "Mot_amps_ratio_MFD": 0.474811018, "Mot_amps_ratio_MxSpd": 0.863220751, "Mot_power_ratio_MFD": 0.265647501, "Mot_power_ratio_MxSpd": 0.499365896, "Power_MFD": 821.451355, "Power_MxSpd": 2521.25, "Speed_MFD": 20.0}