{
  "generator_version":"UAV2_gen12",
  "name":"design_7524_4312c0de535b495889d4defbe7fa8c4f_s",
  "hub":{
    "node_type":"ConnectedHub6_2_2_2",
    "frontSegment":{
      "node_type":"AngledWingArm",
      "arm1Length":152.31759624782336,
      "arm2Length":75.9254691618196,
      "wing":{
        "wingType":"Wing_vert_hole",
        "nacaProfile":"4409",
        "span":973.2240405656371,
        "chordInner":445.00759105231083,
        "chordOuter":156.9745246646154,
        "taperOffset":false,
        "aileronBias":0.8747118988038394,
        "flapBias":0.8348892886919291,
        "load":353.82290923250156,
        "tubeOffset":78.3916066440047,
        "tubeRot":270.0
      },
      "servo":{
        "servoType":"Hitec_HS_45HB"
      }
    },
    "middleSegment":{
      "node_type":"AngledWingArm",
      "arm1Length":130.91506347359353,
      "arm2Length":100.15138842199441,
      "wing":{
        "wingType":"Wing_vert_hole",
        "nacaProfile":"4306",
        "span":326.6419713172991,
        "chordInner":471.69443989389157,
        "chordOuter":199.65344873296698,
        "taperOffset":false,
        "aileronBias":0.606955635846426,
        "flapBias":0.9553290082981142,
        "load":654.8229680083311,
        "tubeOffset":44.51839429720043,
        "tubeRot":270.0
      },
      "servo":{
        "servoType":"Hitec_HS_45HB"
      }
    },
    "rearSegment":{
      "node_type":"PropArm",
      "armLength":246.28921279237258,
      "motor":{
        "motorType":"kde_direct_KDE5215XF_435"
      },
      "prop":{
        "propType":"apc_propellers_17x8E"
      },
      "flange":{
        "offset":-11.732386710733024,
        "angle":0.0
      }
    }
  },
  "fuselageWithComponents":{
    "node_type":"SingleBatteryFuselageWithComponents",
    "battery":{
      "batteryType":"TattuPlus15C16000mAh12S1Pcompact"
    },
    "fuselage":{
      "length":217.5,
      "vertDiameter":225.0,
      "horzDiameter":405.9,
      "floorHeight":37.5,
      "batteryX":0.0,
      "batteryY":6.0,
      "rpmX":0.0,
      "rpmY":-125.3,
      "autoPilotX":0.0,
      "autoPilotY":69.0,
      "currentX":0.0,
      "currentY":-105.15,
      "voltageX":0.0,
      "voltageY":122.8,
      "gpsX":0.0,
      "gpsY":-65.0,
      "varioX":0.0,
      "varioY":101.15
    }
  }
}