{"Interferences": 25, "Mass": 7.564046287714112, "Batt_amps_ratio_MFD": 1.69374645, "Batt_amps_ratio_MxSpd": 1.69374645, "Distance_MxSpd": 2380.52148, "Max_Distance": 2380.52148, "Hover_Time": 371.984253, "Max_Speed": 7.0, "Max_uc_at_MFD": 0.935785711, "Mot_amps_ratio_MFD": 0.984574914, "Mot_amps_ratio_MxSpd": 0.984574914, "Mot_power_ratio_MFD": 0.738587141, "Mot_power_ratio_MxSpd": 0.738587141, "Power_MFD": 2335.75977, "Power_MxSpd": 2335.75977, "Speed_MFD": 7.0}