{"Interferences": 24, "Mass": 6.998112976150781, "Batt_amps_ratio_MFD": 1.13019812, "Batt_amps_ratio_MxSpd": 1.21656382, "Distance_MxSpd": 599.721924, "Max_Distance": 611.574219, "Hover_Time": 25.7650471, "Max_Speed": 19.0, "Max_uc_at_MFD": 0.995135725, "Mot_amps_ratio_MFD": 0.470709652, "Mot_amps_ratio_MxSpd": 0.477092981, "Mot_power_ratio_MFD": 0.235487431, "Mot_power_ratio_MxSpd": 0.238680884, "Power_MFD": 1574.28052, "Power_MxSpd": 1725.30933, "Speed_MFD": 18.0}