{"Interferences": 16, "Mass": 4.176844913047559, "Batt_amps_ratio_MFD": 0.247803867, "Batt_amps_ratio_MxSpd": 0.431825995, "Distance_MxSpd": 3201.28955, "Max_Distance": 4028.99268, "Hover_Time": 239.150864, "Max_Speed": 36.0, "Max_uc_at_MFD": 0.906963468, "Mot_amps_ratio_MFD": 0.971897244, "Mot_amps_ratio_MxSpd": 0.877270758, "Mot_power_ratio_MFD": 0.729076862, "Mot_power_ratio_MxSpd": 0.658092022, "Power_MFD": 1333.11157, "Power_MxSpd": 2703.2583, "Speed_MFD": 26.0}