{"Interferences": 36, "Mass": 9.49475906782713, "Batt_amps_ratio_MFD": 2.33976102, "Batt_amps_ratio_MxSpd": 2.33976102, "Distance_MxSpd": 1230.8949, "Max_Distance": 1230.8949, "Hover_Time": 0.0, "Max_Speed": 5.0, "Max_uc_at_MFD": 0.680706322, "Mot_amps_ratio_MFD": 0.963532865, "Mot_amps_ratio_MxSpd": 0.963532865, "Mot_power_ratio_MFD": 0.768951476, "Mot_power_ratio_MxSpd": 0.768951476, "Power_MFD": 3541.08521, "Power_MxSpd": 3541.08521, "Speed_MFD": 5.0}