{"Interferences": 30, "Mass": 6.024539617059355, "Batt_amps_ratio_MFD": 1.21370089, "Batt_amps_ratio_MxSpd": 1.40634894, "Distance_MxSpd": 300.352203, "Max_Distance": 316.387665, "Hover_Time": 35.5643768, "Max_Speed": 11.0, "Max_uc_at_MFD": 0.999009728, "Mot_amps_ratio_MFD": 0.812792301, "Mot_amps_ratio_MxSpd": 0.89902097, "Mot_power_ratio_MFD": 0.424564451, "Mot_power_ratio_MxSpd": 0.469606251, "Power_MFD": 1676.60254, "Power_MxSpd": 2042.38098, "Speed_MFD": 10.0}