{"Interferences": 84, "Mass": 7.987525787738024, "Batt_amps_ratio_MFD": 1.34787941, "Batt_amps_ratio_MxSpd": 1.34787941, "Distance_MxSpd": 8119.42041, "Max_Distance": 8119.42041, "Hover_Time": 0.0, "Max_Speed": 19.0, "Max_uc_at_MFD": 0.543500245, "Mot_amps_ratio_MFD": 0.926240981, "Mot_amps_ratio_MxSpd": 0.926240981, "Mot_power_ratio_MFD": 0.725737035, "Mot_power_ratio_MxSpd": 0.725737035, "Power_MFD": 1428.35706, "Power_MxSpd": 1428.35706, "Speed_MFD": 19.0}