{"Interferences": 8, "Mass": 10.73907997484918, "Batt_amps_ratio_MFD": 1.71981037, "Batt_amps_ratio_MxSpd": 1.71981037, "Distance_MxSpd": 736.825439, "Max_Distance": 736.825439, "Hover_Time": 18.6773357, "Max_Speed": 33.0, "Max_uc_at_MFD": 0.870045424, "Mot_amps_ratio_MFD": 0.863789022, "Mot_amps_ratio_MxSpd": 0.863789022, "Mot_power_ratio_MFD": 0.799004853, "Mot_power_ratio_MxSpd": 0.799004853, "Power_MFD": 6476.72168, "Power_MxSpd": 6476.72168, "Speed_MFD": 33.0}