{
  "generator_version":"UAV2_gen12",
  "name":"design_19940_9a26d7008a624bd397f0bc742b3e2cab_s",
  "hub":{
    "node_type":"ConnectedHub6_2_2_2",
    "frontSegment":{
      "node_type":"PropArm",
      "armLength":103.36441774498624,
      "motor":{
        "motorType":"t_motor_AntigravityMN6007IIKV320"
      },
      "prop":{
        "propType":"apc_propellers_14x10E"
      },
      "flange":{
        "offset":-41.93888406322207,
        "angle":0.0
      }
    },
    "middleSegment":{
      "node_type":"PropArm",
      "armLength":439.4013284094259,
      "motor":{
        "motorType":"t_motor_MN5212KV420"
      },
      "prop":{
        "propType":"apc_propellers_15x8"
      },
      "flange":{
        "offset":27.273931187468364,
        "angle":90.0
      }
    },
    "rearSegment":{
      "node_type":"AngledWingArm",
      "arm1Length":385.92192025477203,
      "arm2Length":195.47926915476086,
      "wing":{
        "wingType":"Wing_vert_hole",
        "nacaProfile":"2421",
        "span":695.4231758663287,
        "chordInner":374.32125432718453,
        "chordOuter":105.72406134216561,
        "taperOffset":true,
        "aileronBias":0.2795899034238833,
        "flapBias":0.9931495026028191,
        "load":235.52461460415842,
        "tubeOffset":73.15955027371257,
        "tubeRot":315.73359217941953
      },
      "servo":{
        "servoType":"Hitec_HS_65MG"
      }
    }
  },
  "fuselageWithComponents":{
    "node_type":"SingleBatteryFuselageWithComponents",
    "battery":{
      "batteryType":"Tattu30C12000mAh6S1P"
    },
    "fuselage":{
      "length":190.0,
      "vertDiameter":106.5,
      "horzDiameter":366.9,
      "floorHeight":17.75,
      "batteryX":0.0,
      "batteryY":6.0,
      "rpmX":0.0,
      "rpmY":-112.3,
      "autoPilotX":0.0,
      "autoPilotY":56.0,
      "currentX":0.0,
      "currentY":-92.15,
      "voltageX":0.0,
      "voltageY":109.8,
      "gpsX":0.0,
      "gpsY":-52.0,
      "varioX":0.0,
      "varioY":88.15
    }
  }
}