{"Interferences": 3, "Mass": 9.993315206945091, "Batt_amps_ratio_MFD": 0.153286815, "Batt_amps_ratio_MxSpd": 0.153286815, "Distance_MxSpd": 12776.0498, "Max_Distance": 12776.0498, "Hover_Time": 0.0, "Max_Speed": 17.0, "Max_uc_at_MFD": 0.790486872, "Mot_amps_ratio_MFD": 0.719553649, "Mot_amps_ratio_MxSpd": 0.719553649, "Mot_power_ratio_MFD": 0.683575988, "Mot_power_ratio_MxSpd": 0.683575988, "Power_MFD": 1461.44202, "Power_MxSpd": 1461.44202, "Speed_MFD": 17.0}