{"Interferences": 12, "Mass": 4.256508932115475, "Batt_amps_ratio_MFD": 1.14197385, "Batt_amps_ratio_MxSpd": 1.14197385, "Distance_MxSpd": 807.023682, "Max_Distance": 807.023682, "Hover_Time": 45.7080193, "Max_Speed": 24.0, "Max_uc_at_MFD": 0.991479158, "Mot_amps_ratio_MFD": 0.747881949, "Mot_amps_ratio_MxSpd": 0.747881949, "Mot_power_ratio_MFD": 0.332059592, "Mot_power_ratio_MxSpd": 0.332059592, "Power_MFD": 1137.82837, "Power_MxSpd": 1137.82837, "Speed_MFD": 24.0}