{"Interferences": 15, "Mass": 4.707508298303041, "Batt_amps_ratio_MFD": 0.863011003, "Batt_amps_ratio_MxSpd": 1.15128529, "Distance_MxSpd": 867.204712, "Max_Distance": 934.402893, "Hover_Time": 55.1867905, "Max_Speed": 26.0, "Max_uc_at_MFD": 0.9435094, "Mot_amps_ratio_MFD": 0.83063668, "Mot_amps_ratio_MxSpd": 0.817167759, "Mot_power_ratio_MFD": 0.517617822, "Mot_power_ratio_MxSpd": 0.509224534, "Power_MFD": 983.192444, "Power_MxSpd": 1634.672, "Speed_MFD": 21.0}