{"Interferences": 17, "Mass": 4.29147990378103, "Batt_amps_ratio_MFD": 0.549186409, "Batt_amps_ratio_MxSpd": 0.685329437, "Distance_MxSpd": 4370.45264, "Max_Distance": 4405.06152, "Hover_Time": 276.709167, "Max_Speed": 26.0, "Max_uc_at_MFD": 0.600085437, "Mot_amps_ratio_MFD": 0.823848188, "Mot_amps_ratio_MxSpd": 0.888897598, "Mot_power_ratio_MFD": 0.731577158, "Mot_power_ratio_MxSpd": 0.789341092, "Power_MFD": 868.310608, "Power_MxSpd": 1265.1532, "Speed_MFD": 21.0}