{"Interferences": 55, "Mass": 6.614310205573796, "Batt_amps_ratio_MFD": 0.224058777, "Batt_amps_ratio_MxSpd": 0.241181076, "Distance_MxSpd": 13851.833, "Max_Distance": 13882.0723, "Hover_Time": 750.071411, "Max_Speed": 29.0, "Max_uc_at_MFD": 0.706937611, "Mot_amps_ratio_MFD": 0.822023511, "Mot_amps_ratio_MxSpd": 0.82602483, "Mot_power_ratio_MFD": 0.771735013, "Mot_power_ratio_MxSpd": 0.775491536, "Power_MFD": 1800.63733, "Power_MxSpd": 2009.43726, "Speed_MFD": 27.0}