{"Interferences": 12, "Mass": 3.8200880733091935, "Batt_amps_ratio_MFD": 0.224103734, "Batt_amps_ratio_MxSpd": 0.224103734, "Distance_MxSpd": 3769.68286, "Max_Distance": 3769.68286, "Hover_Time": 243.128937, "Max_Speed": 22.0, "Max_uc_at_MFD": 0.964730978, "Mot_amps_ratio_MFD": 0.396030605, "Mot_amps_ratio_MxSpd": 0.396030605, "Mot_power_ratio_MFD": 0.1953751, "Mot_power_ratio_MxSpd": 0.1953751, "Power_MFD": 916.108948, "Power_MxSpd": 916.108948, "Speed_MFD": 22.0}