{
  "generator_version":"UAV2_gen12",
  "name":"design_39294_d7d44a13620943b5b8c25639215f1413_s",
  "hub":{
    "node_type":"ConnectedHub6_2_2_2",
    "frontSegment":{
      "node_type":"PropArm",
      "armLength":288.706703993862,
      "motor":{
        "motorType":"t_motor_P60KV340"
      },
      "prop":{
        "propType":"apc_propellers_14x4_7SF"
      },
      "flange":{
        "offset":24.946387286576325,
        "angle":0.0
      }
    },
    "middleSegment":{
      "node_type":"AngledWingArm",
      "arm1Length":393.32436998133005,
      "arm2Length":177.65890323024627,
      "wing":{
        "wingType":"Wing_horiz_hole",
        "nacaProfile":"2506",
        "span":1787.3576717664005,
        "chordInner":359.2125686808694,
        "chordOuter":62.35482067249626,
        "taperOffset":false,
        "aileronBias":0.15675540403926486,
        "flapBias":0.49417188558037073,
        "load":814.4105949614651,
        "tubeOffset":72.40890726338701,
        "tubeRot":270.0
      },
      "servo":{
        "servoType":"Hitec_HS_7235MH"
      }
    },
    "rearSegment":{
      "node_type":"PropArm",
      "armLength":349.75651655940226,
      "motor":{
        "motorType":"t_motor_AT4130KV450"
      },
      "prop":{
        "propType":"apc_propellers_16x10E"
      },
      "flange":{
        "offset":-1.848278261047568,
        "angle":237.3147258109864
      }
    }
  },
  "fuselageWithComponents":{
    "node_type":"SingleBatteryFuselageWithComponents",
    "battery":{
      "batteryType":"TurnigyGraphene5000mAh4S75C"
    },
    "fuselage":{
      "length":145.0,
      "vertDiameter":76.5,
      "horzDiameter":348.9,
      "floorHeight":12.75,
      "batteryX":0.0,
      "batteryY":6.0,
      "rpmX":0.0,
      "rpmY":-106.3,
      "autoPilotX":0.0,
      "autoPilotY":50.0,
      "currentX":0.0,
      "currentY":-86.15,
      "voltageX":0.0,
      "voltageY":103.8,
      "gpsX":0.0,
      "gpsY":-46.0,
      "varioX":0.0,
      "varioY":82.15
    }
  }
}