{"Interferences": 13, "Mass": 3.99568734763306, "Batt_amps_ratio_MFD": 0.87617141, "Batt_amps_ratio_MxSpd": 1.29050612, "Distance_MxSpd": 892.673035, "Max_Distance": 1051.849, "Hover_Time": 56.5276299, "Max_Speed": 30.0, "Max_uc_at_MFD": 0.477249175, "Mot_amps_ratio_MFD": 0.633179903, "Mot_amps_ratio_MxSpd": 0.964636564, "Mot_power_ratio_MFD": 0.413429201, "Mot_power_ratio_MxSpd": 0.629850924, "Power_MFD": 974.532288, "Power_MxSpd": 1841.32544, "Speed_MFD": 24.0}