{"Interferences": 0, "Mass": 7.131179208011248, "Batt_amps_ratio_MFD": 0.302379936, "Batt_amps_ratio_MxSpd": 0.465824068, "Distance_MxSpd": 2473.03662, "Max_Distance": 3428.79883, "Hover_Time": 121.380989, "Max_Speed": 30.0, "Max_uc_at_MFD": 0.962367535, "Mot_amps_ratio_MFD": 0.739948094, "Mot_amps_ratio_MxSpd": 0.812564254, "Mot_power_ratio_MFD": 0.676399589, "Mot_power_ratio_MxSpd": 0.742779315, "Power_MFD": 1986.64221, "Power_MxSpd": 2973.00366, "Speed_MFD": 27.0}