{"Interferences": 4, "Mass": 2.711415342334671, "Batt_amps_ratio_MFD": 0.613480449, "Batt_amps_ratio_MxSpd": 0.841445625, "Distance_MxSpd": 1232.16516, "Max_Distance": 1314.46729, "Hover_Time": 92.0544586, "Max_Speed": 27.0, "Max_uc_at_MFD": 0.707699716, "Mot_amps_ratio_MFD": 0.561829686, "Mot_amps_ratio_MxSpd": 0.83838433, "Mot_power_ratio_MFD": 0.415753961, "Mot_power_ratio_MxSpd": 0.620404422, "Power_MFD": 708.108215, "Power_MxSpd": 1284.03894, "Speed_MFD": 21.0}