{"Interferences": 5, "Mass": 3.2064823852124404, "Batt_amps_ratio_MFD": 0.520086765, "Batt_amps_ratio_MxSpd": 0.520086765, "Distance_MxSpd": 886.006042, "Max_Distance": 886.006042, "Hover_Time": 0.0, "Max_Speed": 12.0, "Max_uc_at_MFD": 1.0, "Mot_amps_ratio_MFD": 0.42196092, "Mot_amps_ratio_MxSpd": 0.42196092, "Mot_power_ratio_MFD": 0.211369962, "Mot_power_ratio_MxSpd": 0.211369962, "Power_MFD": 347.11734, "Power_MxSpd": 347.11734, "Speed_MFD": 12.0}