{"Interferences": 5, "Mass": 6.112437827176253, "Batt_amps_ratio_MFD": 0.192713708, "Batt_amps_ratio_MxSpd": 0.192713708, "Distance_MxSpd": 4184.44531, "Max_Distance": 4184.44531, "Hover_Time": 573.079468, "Max_Speed": 7.0, "Max_uc_at_MFD": 1.0, "Mot_amps_ratio_MFD": 0.759710968, "Mot_amps_ratio_MxSpd": 0.759710968, "Mot_power_ratio_MFD": 0.499720961, "Mot_power_ratio_MxSpd": 0.499720961, "Power_MFD": 992.080078, "Power_MxSpd": 992.080078, "Speed_MFD": 7.0}