{"Interferences": 39, "Mass": 5.223289283001836, "Batt_amps_ratio_MFD": 1.68944168, "Batt_amps_ratio_MxSpd": 1.68944168, "Distance_MxSpd": 477.317444, "Max_Distance": 477.317444, "Hover_Time": 28.6309452, "Max_Speed": 21.0, "Max_uc_at_MFD": 0.864819527, "Mot_amps_ratio_MFD": 0.9661358, "Mot_amps_ratio_MxSpd": 0.9661358, "Mot_power_ratio_MFD": 0.476626992, "Mot_power_ratio_MxSpd": 0.476626992, "Power_MFD": 1654.77417, "Power_MxSpd": 1654.77417, "Speed_MFD": 21.0}