{"Interferences": 62, "Mass": 5.56583377576288, "Batt_amps_ratio_MFD": 0.496931762, "Batt_amps_ratio_MxSpd": 0.496931762, "Distance_MxSpd": 231.822571, "Max_Distance": 231.822571, "Hover_Time": 0.0, "Max_Speed": 3.0, "Max_uc_at_MFD": 0.976471126, "Mot_amps_ratio_MFD": 0.48479405, "Mot_amps_ratio_MxSpd": 0.48479405, "Mot_power_ratio_MFD": 0.291060865, "Mot_power_ratio_MxSpd": 0.291060865, "Power_MFD": 1941.59753, "Power_MxSpd": 1941.59753, "Speed_MFD": 3.0}