{"Interferences": 86, "Mass": 11.283842230050633, "Batt_amps_ratio_MFD": 1.4383986, "Batt_amps_ratio_MxSpd": 1.4383986, "Distance_MxSpd": 160.178131, "Max_Distance": 160.178131, "Hover_Time": 0.0, "Max_Speed": 6.0, "Max_uc_at_MFD": 0.999496102, "Mot_amps_ratio_MFD": 0.623681605, "Mot_amps_ratio_MxSpd": 0.623681605, "Mot_power_ratio_MFD": 0.416211098, "Mot_power_ratio_MxSpd": 0.416211098, "Power_MFD": 3158.27832, "Power_MxSpd": 3158.27832, "Speed_MFD": 6.0}