{"Interferences": 36, "Mass": 7.586378632432319, "Batt_amps_ratio_MFD": 0.936529458, "Batt_amps_ratio_MxSpd": 0.936529458, "Distance_MxSpd": 7995.47754, "Max_Distance": 7995.47754, "Hover_Time": 423.899231, "Max_Speed": 26.0, "Max_uc_at_MFD": 0.37274915, "Mot_amps_ratio_MFD": 0.874490023, "Mot_amps_ratio_MxSpd": 0.874490023, "Mot_power_ratio_MFD": 0.925710142, "Mot_power_ratio_MxSpd": 0.925710142, "Power_MFD": 1659.88342, "Power_MxSpd": 1659.88342, "Speed_MFD": 26.0}