{
  "generator_version":"UAV2_gen12",
  "name":"design_163_693c2d1e5097436ba6bfb5accdeedb4b_dw_dl",
  "hub":{
    "node_type":"ConnectedHub4_2_2",
    "frontSegment":{
      "node_type":"AngledWingArm",
      "arm1Length":494.6968051826674,
      "arm2Length":176.63939178720142,
      "wing":{
        "wingType":"Wing_horiz_hole",
        "nacaProfile":"6415",
        "span":1842.5039718733979,
        "chordInner":281.3442104399411,
        "chordOuter":199.56358382152985,
        "taperOffset":false,
        "aileronBias":0.6850800673548972,
        "flapBias":0.8166315430168869,
        "load":481.3543117409359,
        "tubeOffset":47.286393310556214,
        "tubeRot":302.6411807305692
      },
      "servo":{
        "servoType":"Hitec_HS_7235MH"
      }
    },
    "rearSegment":{
      "node_type":"PropArm",
      "armLength":352.54783635877277,
      "motor":{
        "motorType":"t_motor_AT4120KV500"
      },
      "prop":{
        "propType":"apc_propellers_17x8"
      },
      "flange":{
        "offset":49.032463756686354,
        "angle":0.0
      }
    }
  },
  "fuselageWithComponents":{
    "node_type":"DualBatteryFuselageWithComponents",
    "battery":{
      "batteryType":"Tattu25C28000mAh6S1P"
    },
    "fuselage":{
      "length":411.0,
      "vertDiameter":181.5,
      "horzDiameter":386.4,
      "floorHeight":30.25,
      "battery1X":-102.75,
      "battery1Y":6.0,
      "battery2X":103.75,
      "battery2Y":6.0,
      "rpmX":0.0,
      "rpmY":-118.8,
      "autoPilotX":0.0,
      "autoPilotY":62.5,
      "currentX":0.0,
      "currentY":-98.65,
      "voltageX":0.0,
      "voltageY":116.3,
      "gpsX":0.0,
      "gpsY":-58.5,
      "varioX":0.0,
      "varioY":94.65
    }
  }
}