{"Interferences": 16, "Mass": 8.781076271498343, "Batt_amps_ratio_MFD": 1.29216588, "Batt_amps_ratio_MxSpd": 1.29216588, "Distance_MxSpd": 208.022827, "Max_Distance": 208.022827, "Hover_Time": 31.0539112, "Max_Speed": 7.0, "Max_uc_at_MFD": 0.54724133, "Mot_amps_ratio_MFD": 0.941640437, "Mot_amps_ratio_MxSpd": 0.941640437, "Mot_power_ratio_MFD": 0.614835799, "Mot_power_ratio_MxSpd": 0.614835799, "Power_MFD": 2233.36548, "Power_MxSpd": 2233.36548, "Speed_MFD": 7.0}