{"Interferences": 0, "Mass": 8.664284462249677, "Batt_amps_ratio_MFD": 1.30738533, "Batt_amps_ratio_MxSpd": 1.30738533, "Distance_MxSpd": 2555.32935, "Max_Distance": 2555.32935, "Hover_Time": 0.0, "Max_Speed": 29.0, "Max_uc_at_MFD": 0.559036374, "Mot_amps_ratio_MFD": 0.770768285, "Mot_amps_ratio_MxSpd": 0.770768285, "Mot_power_ratio_MFD": 0.385342807, "Mot_power_ratio_MxSpd": 0.385342807, "Power_MFD": 3030.65869, "Power_MxSpd": 3030.65869, "Speed_MFD": 29.0}