{"Interferences": 13, "Mass": 5.993663196428069, "Batt_amps_ratio_MFD": 0.446620256, "Batt_amps_ratio_MxSpd": 0.446620256, "Distance_MxSpd": 2321.4353, "Max_Distance": 2321.4353, "Hover_Time": 106.186073, "Max_Speed": 27.0, "Max_uc_at_MFD": 0.995829403, "Mot_amps_ratio_MFD": 0.370604813, "Mot_amps_ratio_MxSpd": 0.370604813, "Mot_power_ratio_MFD": 0.124696419, "Mot_power_ratio_MxSpd": 0.124696419, "Power_MFD": 1806.38635, "Power_MxSpd": 1806.38635, "Speed_MFD": 27.0}