{"Interferences": 2, "Mass": 3.7940310868361617, "Batt_amps_ratio_MFD": 1.65928745, "Batt_amps_ratio_MxSpd": 1.65928745, "Distance_MxSpd": 694.273926, "Max_Distance": 694.273926, "Hover_Time": 40.5957489, "Max_Speed": 30.0, "Max_uc_at_MFD": 0.675243437, "Mot_amps_ratio_MFD": 0.70768702, "Mot_amps_ratio_MxSpd": 0.70768702, "Mot_power_ratio_MFD": 0.445135146, "Mot_power_ratio_MxSpd": 0.445135146, "Power_MFD": 1455.82751, "Power_MxSpd": 1455.82751, "Speed_MFD": 30.0}