{"Interferences": 12, "Mass": 3.611523806900472, "Batt_amps_ratio_MFD": 0.1880472, "Batt_amps_ratio_MxSpd": 0.1880472, "Distance_MxSpd": 4084.08105, "Max_Distance": 4084.08105, "Hover_Time": 268.648743, "Max_Speed": 20.0, "Max_uc_at_MFD": 0.974929333, "Mot_amps_ratio_MFD": 0.260731876, "Mot_amps_ratio_MxSpd": 0.260731876, "Mot_power_ratio_MFD": 0.160784662, "Mot_power_ratio_MxSpd": 0.160784662, "Power_MFD": 763.606567, "Power_MxSpd": 763.606567, "Speed_MFD": 20.0}