{"Interferences": 2, "Mass": 8.179536173628218, "Batt_amps_ratio_MFD": 0.60945183, "Batt_amps_ratio_MxSpd": 0.60945183, "Distance_MxSpd": 5670.66992, "Max_Distance": 5670.66992, "Hover_Time": 261.747681, "Max_Speed": 30.0, "Max_uc_at_MFD": 0.96465534, "Mot_amps_ratio_MFD": 0.867736459, "Mot_amps_ratio_MxSpd": 0.867736459, "Mot_power_ratio_MFD": 0.570777714, "Mot_power_ratio_MxSpd": 0.570777714, "Power_MFD": 4137.4624, "Power_MxSpd": 4137.4624, "Speed_MFD": 30.0}