{"Interferences": 8, "Mass": 4.7813242386446415, "Batt_amps_ratio_MFD": 1.40819061, "Batt_amps_ratio_MxSpd": 2.43677378, "Distance_MxSpd": 614.58313, "Max_Distance": 708.994934, "Hover_Time": 40.3067322, "Max_Speed": 39.0, "Max_uc_at_MFD": 0.83926779, "Mot_amps_ratio_MFD": 0.66623503, "Mot_amps_ratio_MxSpd": 0.667213738, "Mot_power_ratio_MFD": 0.410844952, "Mot_power_ratio_MxSpd": 0.411448479, "Power_MFD": 1471.21338, "Power_MxSpd": 3232.08252, "Speed_MFD": 26.0}