{"Interferences": 25, "Mass": 7.65140720680334, "Batt_amps_ratio_MFD": 0.661275506, "Batt_amps_ratio_MxSpd": 0.661275506, "Distance_MxSpd": 4064.87134, "Max_Distance": 4064.87134, "Hover_Time": 191.701767, "Max_Speed": 28.0, "Max_uc_at_MFD": 0.908064961, "Mot_amps_ratio_MFD": 0.986591399, "Mot_amps_ratio_MxSpd": 0.986591399, "Mot_power_ratio_MFD": 0.865003169, "Mot_power_ratio_MxSpd": 0.865003169, "Power_MFD": 2929.41284, "Power_MxSpd": 2929.41284, "Speed_MFD": 28.0}