{"Interferences": 86, "Mass": 5.852042373702761, "Batt_amps_ratio_MFD": 0.207508013, "Batt_amps_ratio_MxSpd": 0.207508013, "Distance_MxSpd": 13416.3496, "Max_Distance": 13416.3496, "Hover_Time": 645.500366, "Max_Speed": 29.0, "Max_uc_at_MFD": 0.985324144, "Mot_amps_ratio_MFD": 0.966913879, "Mot_amps_ratio_MxSpd": 0.966913879, "Mot_power_ratio_MFD": 0.715516269, "Mot_power_ratio_MxSpd": 0.715516269, "Power_MFD": 1828.91101, "Power_MxSpd": 1828.91101, "Speed_MFD": 29.0}