{"Interferences": 8, "Mass": 3.9011778952231895, "Batt_amps_ratio_MFD": 1.44927561, "Batt_amps_ratio_MxSpd": 1.44927561, "Distance_MxSpd": 132.47998, "Max_Distance": 132.47998, "Hover_Time": 0.0, "Max_Speed": 5.0, "Max_uc_at_MFD": 0.976295829, "Mot_amps_ratio_MFD": 0.599915087, "Mot_amps_ratio_MxSpd": 0.599915087, "Mot_power_ratio_MFD": 0.298176706, "Mot_power_ratio_MxSpd": 0.298176706, "Power_MFD": 1724.13013, "Power_MxSpd": 1724.13013, "Speed_MFD": 5.0}