{"Interferences": 20, "Mass": 7.596111324243061, "Batt_amps_ratio_MFD": 2.62836766, "Batt_amps_ratio_MxSpd": 3.33756471, "Distance_MxSpd": 6040.33203, "Max_Distance": 6793.56982, "Hover_Time": 290.058472, "Max_Speed": 35.0, "Max_uc_at_MFD": 0.722385466, "Mot_amps_ratio_MFD": 0.977538288, "Mot_amps_ratio_MxSpd": 0.993182063, "Mot_power_ratio_MFD": 0.723378301, "Mot_power_ratio_MxSpd": 0.571260929, "Power_MFD": 3739.2688, "Power_MxSpd": 5538.94043, "Speed_MFD": 31.0}