{"Interferences": 13, "Mass": 3.4425486386385438, "Batt_amps_ratio_MFD": 0.14652282, "Batt_amps_ratio_MxSpd": 0.14652282, "Distance_MxSpd": 3669.05298, "Max_Distance": 3669.05298, "Hover_Time": 0.0, "Max_Speed": 14.0, "Max_uc_at_MFD": 0.947908938, "Mot_amps_ratio_MFD": 0.60690856, "Mot_amps_ratio_MxSpd": 0.60690856, "Mot_power_ratio_MFD": 0.299408227, "Mot_power_ratio_MxSpd": 0.299408227, "Power_MFD": 502.961426, "Power_MxSpd": 502.961426, "Speed_MFD": 14.0}