{"Interferences": 6, "Mass": 5.403102089802205, "Batt_amps_ratio_MFD": 0.229789913, "Batt_amps_ratio_MxSpd": 0.229789913, "Distance_MxSpd": 3509.29224, "Max_Distance": 3509.29224, "Hover_Time": 205.822266, "Max_Speed": 21.0, "Max_uc_at_MFD": 1.0, "Mot_amps_ratio_MFD": 0.647400796, "Mot_amps_ratio_MxSpd": 0.647400796, "Mot_power_ratio_MFD": 0.239538282, "Mot_power_ratio_MxSpd": 0.239538282, "Power_MFD": 996.424438, "Power_MxSpd": 996.424438, "Speed_MFD": 21.0}