{"Interferences": 5, "Mass": 3.973959342757195, "Batt_amps_ratio_MFD": 0.950191438, "Batt_amps_ratio_MxSpd": 1.71067894, "Distance_MxSpd": 740.758545, "Max_Distance": 848.671082, "Hover_Time": 55.385746, "Max_Speed": 33.0, "Max_uc_at_MFD": 0.81271559, "Mot_amps_ratio_MFD": 0.572214603, "Mot_amps_ratio_MxSpd": 0.76184082, "Mot_power_ratio_MFD": 0.282292545, "Mot_power_ratio_MxSpd": 0.508976519, "Power_MFD": 839.295654, "Power_MxSpd": 2318.15845, "Speed_MFD": 21.0}