{"Interferences": 55, "Mass": 10.923652500792722, "Batt_amps_ratio_MFD": 0.475114673, "Batt_amps_ratio_MxSpd": 0.475114673, "Distance_MxSpd": 8001.43652, "Max_Distance": 8001.43652, "Hover_Time": 229.218292, "Max_Speed": 33.0, "Max_uc_at_MFD": 0.902113497, "Mot_amps_ratio_MFD": 0.997008979, "Mot_amps_ratio_MxSpd": 0.997008979, "Mot_power_ratio_MFD": 0.427167386, "Mot_power_ratio_MxSpd": 0.427167386, "Power_MFD": 5945.44727, "Power_MxSpd": 5945.44727, "Speed_MFD": 33.0}