{"Interferences": 77, "Mass": 9.143473467719058, "Batt_amps_ratio_MFD": 1.18417299, "Batt_amps_ratio_MxSpd": 1.18417299, "Distance_MxSpd": 745.836975, "Max_Distance": 745.836975, "Hover_Time": 33.2370033, "Max_Speed": 23.0, "Max_uc_at_MFD": 0.667051673, "Mot_amps_ratio_MFD": 0.961448669, "Mot_amps_ratio_MxSpd": 0.961448669, "Mot_power_ratio_MFD": 0.722417712, "Mot_power_ratio_MxSpd": 0.722417712, "Power_MFD": 4333.10303, "Power_MxSpd": 4333.10303, "Speed_MFD": 23.0}