{"Interferences": 39, "Mass": 5.42781963506287, "Batt_amps_ratio_MFD": 0.493571758, "Batt_amps_ratio_MxSpd": 0.493571758, "Distance_MxSpd": 1322.604, "Max_Distance": 1322.604, "Hover_Time": 96.5035858, "Max_Speed": 17.0, "Max_uc_at_MFD": 0.998347878, "Mot_amps_ratio_MFD": 0.583550036, "Mot_amps_ratio_MxSpd": 0.583550036, "Mot_power_ratio_MFD": 0.219235256, "Mot_power_ratio_MxSpd": 0.219235256, "Power_MFD": 1459.0802, "Power_MxSpd": 1459.0802, "Speed_MFD": 17.0}