{"Interferences": 46, "Mass": 9.078847318826645, "Batt_amps_ratio_MFD": 2.38855386, "Batt_amps_ratio_MxSpd": 2.88682842, "Distance_MxSpd": 8180.604, "Max_Distance": 8199.10352, "Hover_Time": 288.071167, "Max_Speed": 41.0, "Max_uc_at_MFD": 0.60616374, "Mot_amps_ratio_MFD": 0.727212369, "Mot_amps_ratio_MxSpd": 0.989525318, "Mot_power_ratio_MFD": 0.728762567, "Mot_power_ratio_MxSpd": 0.991634607, "Power_MFD": 2837.49292, "Power_MxSpd": 4429.85693, "Speed_MFD": 34.0}