{
  "generator_version":"UAV2_gen12",
  "name":"design_5073_95255f53e43a4c68830d4cafc4aba386_dw",
  "hub":{
    "node_type":"ConnectedHub4_2_2",
    "frontSegment":{
      "node_type":"BranchSegment_Sym",
      "armLength":368.0620731472134,
      "angle":102.65222264991186,
      "mainSegment":{
        "node_type":"BranchSegment_Asym",
        "armLength":118.66613087094024,
        "angle":180.0,
        "frontSegment":{
          "node_type":"PropArm",
          "armLength":191.69101626186858,
          "motor":{
            "motorType":"t_motor_MN5208KV340"
          },
          "prop":{
            "propType":"apc_propellers_15x5_5MR"
          },
          "flange":{
            "offset":43.37725827355398,
            "angle":270.0
          }
        },
        "rearSegment":{
          "node_type":"AngledWingArm",
          "arm1Length":84.76324438086921,
          "arm2Length":63.97621283300853,
          "wing":{
            "wingType":"Wing_vert_hole",
            "nacaProfile":"2315",
            "span":1508.0713323561279,
            "chordInner":286.9019975714805,
            "chordOuter":74.5678695668704,
            "taperOffset":true,
            "aileronBias":0.7925279771797251,
            "flapBias":0.42021867411529545,
            "load":138.48570151681426,
            "tubeOffset":20.82884433034838,
            "tubeRot":317.78419692315447
          },
          "servo":{
            "servoType":"Hitec_HS_82MG"
          }
        }
      }
    },
    "rearSegment":{
      "node_type":"PropArm",
      "armLength":384.0784826230658,
      "motor":{
        "motorType":"t_motor_MN5212KV420"
      },
      "prop":{
        "propType":"apc_propellers_16x8"
      },
      "flange":{
        "offset":-40.06481420482424,
        "angle":0.0
      }
    }
  },
  "fuselageWithComponents":{
    "node_type":"DualBatteryFuselageWithComponents",
    "battery":{
      "batteryType":"TurnigyGraphene2200mAh3S75C"
    },
    "fuselage":{
      "length":106.0,
      "vertDiameter":52.5,
      "horzDiameter":381.9,
      "floorHeight":8.75,
      "battery1X":0.0,
      "battery1Y":-10.0,
      "battery2X":0.0,
      "battery2Y":23.0,
      "rpmX":0.0,
      "rpmY":-117.3,
      "autoPilotX":0.0,
      "autoPilotY":61.0,
      "currentX":0.0,
      "currentY":-97.15,
      "voltageX":0.0,
      "voltageY":114.8,
      "gpsX":0.0,
      "gpsY":-57.0,
      "varioX":0.0,
      "varioY":93.15
    }
  }
}