{"Interferences": 17, "Mass": 8.670128688111944, "Batt_amps_ratio_MFD": 0.882603228, "Batt_amps_ratio_MxSpd": 0.882603228, "Distance_MxSpd": 6091.07227, "Max_Distance": 6091.07227, "Hover_Time": 211.611404, "Max_Speed": 28.0, "Max_uc_at_MFD": 0.996250391, "Mot_amps_ratio_MFD": 0.998718858, "Mot_amps_ratio_MxSpd": 0.998718858, "Mot_power_ratio_MFD": 0.492701292, "Mot_power_ratio_MxSpd": 0.492701292, "Power_MFD": 2416.39307, "Power_MxSpd": 2416.39307, "Speed_MFD": 28.0}