{"Interferences": 3, "Mass": 3.6481930424580016, "Batt_amps_ratio_MFD": 1.34268641, "Batt_amps_ratio_MxSpd": 1.52700567, "Distance_MxSpd": 678.975891, "Max_Distance": 686.385132, "Hover_Time": 43.2825966, "Max_Speed": 27.0, "Max_uc_at_MFD": 0.898585856, "Mot_amps_ratio_MFD": 0.362033993, "Mot_amps_ratio_MxSpd": 0.416134864, "Mot_power_ratio_MFD": 0.167440727, "Mot_power_ratio_MxSpd": 0.192462385, "Power_MFD": 946.783936, "Power_MxSpd": 1192.0437, "Speed_MFD": 24.0}