{"Interferences": 20, "Mass": 5.162028898524619, "Batt_amps_ratio_MFD": 1.14122272, "Batt_amps_ratio_MxSpd": 1.14122272, "Distance_MxSpd": 201.888718, "Max_Distance": 201.888718, "Hover_Time": 0.0, "Max_Speed": 6.0, "Max_uc_at_MFD": 0.945741296, "Mot_amps_ratio_MFD": 0.389582992, "Mot_amps_ratio_MxSpd": 0.389582992, "Mot_power_ratio_MFD": 0.360364258, "Mot_power_ratio_MxSpd": 0.360364258, "Power_MFD": 962.408752, "Power_MxSpd": 962.408752, "Speed_MFD": 6.0}