{"Interferences": 7, "Mass": 7.008493602866932, "Batt_amps_ratio_MFD": 1.98788822, "Batt_amps_ratio_MxSpd": 1.98788822, "Distance_MxSpd": 367.022644, "Max_Distance": 367.022644, "Hover_Time": 0.0, "Max_Speed": 19.0, "Max_uc_at_MFD": 0.999121308, "Mot_amps_ratio_MFD": 0.811260402, "Mot_amps_ratio_MxSpd": 0.811260402, "Mot_power_ratio_MFD": 0.405918926, "Mot_power_ratio_MxSpd": 0.405918926, "Power_MFD": 2514.271, "Power_MxSpd": 2514.271, "Speed_MFD": 19.0}