{"Interferences": 17, "Mass": 13.307735173013722, "Batt_amps_ratio_MFD": 0.465282142, "Batt_amps_ratio_MxSpd": 0.624748409, "Distance_MxSpd": 7068.44531, "Max_Distance": 7840.40381, "Hover_Time": 272.482849, "Max_Speed": 46.0, "Max_uc_at_MFD": 0.977533817, "Mot_amps_ratio_MFD": 0.74644959, "Mot_amps_ratio_MxSpd": 0.634209514, "Mot_power_ratio_MFD": 0.319815516, "Mot_power_ratio_MxSpd": 0.27172634, "Power_MFD": 5863.81836, "Power_MxSpd": 8107.00928, "Speed_MFD": 38.0}