{"Interferences": 9, "Mass": 5.321606034177083, "Batt_amps_ratio_MFD": 1.11134994, "Batt_amps_ratio_MxSpd": 1.11134994, "Distance_MxSpd": 932.919434, "Max_Distance": 932.919434, "Hover_Time": 0.0, "Max_Speed": 9.0, "Max_uc_at_MFD": 0.8516348, "Mot_amps_ratio_MFD": 0.939115107, "Mot_amps_ratio_MxSpd": 0.939115107, "Mot_power_ratio_MFD": 0.868681431, "Mot_power_ratio_MxSpd": 0.868681431, "Power_MFD": 3183.76489, "Power_MxSpd": 3183.76489, "Speed_MFD": 9.0}