{
  "generator_version":"UAV2_gen12",
  "name":"design_7432_dbe54f77bff14db1a28cf6a4f127bc4c_dw_dl",
  "hub":{
    "node_type":"ConnectedHub4_2_2",
    "frontSegment":{
      "node_type":"PropArm",
      "armLength":212.81910499287207,
      "motor":{
        "motorType":"t_motor_AT4120KV500"
      },
      "prop":{
        "propType":"apc_propellers_17x10WE"
      },
      "flange":{
        "offset":27.77741670153658,
        "angle":67.25352940283243
      }
    },
    "rearSegment":{
      "node_type":"AngledWingArm",
      "arm1Length":130.44118856872814,
      "arm2Length":188.2998855969449,
      "wing":{
        "wingType":"Wing_horiz_hole",
        "nacaProfile":"2506",
        "span":882.8863233154653,
        "chordInner":142.86311956548565,
        "chordOuter":179.16627534193506,
        "taperOffset":true,
        "aileronBias":0.7964453809153866,
        "flapBias":0.19741188791395425,
        "load":781.7118881879167,
        "tubeOffset":42.6739774711978,
        "tubeRot":288.9728951083757
      },
      "servo":{
        "servoType":"Hitec_HS_85MG"
      }
    }
  },
  "fuselageWithComponents":{
    "node_type":"DualBatteryFuselageWithComponents",
    "battery":{
      "batteryType":"TurnigyGraphene5000mAh4S75C"
    },
    "fuselage":{
      "length":291.0,
      "vertDiameter":76.5,
      "horzDiameter":348.9,
      "floorHeight":12.75,
      "battery1X":-72.75,
      "battery1Y":6.0,
      "battery2X":73.75,
      "battery2Y":6.0,
      "rpmX":0.0,
      "rpmY":-106.3,
      "autoPilotX":0.0,
      "autoPilotY":50.0,
      "currentX":0.0,
      "currentY":-86.15,
      "voltageX":0.0,
      "voltageY":103.8,
      "gpsX":0.0,
      "gpsY":-46.0,
      "varioX":0.0,
      "varioY":82.15
    }
  }
}