{"Interferences": 22, "Mass": 12.143260666650182, "Batt_amps_ratio_MFD": 2.07819939, "Batt_amps_ratio_MxSpd": 2.88527298, "Distance_MxSpd": 425.886902, "Max_Distance": 554.32605, "Hover_Time": 20.1382179, "Max_Speed": 32.0, "Max_uc_at_MFD": 0.939940453, "Mot_amps_ratio_MFD": 0.787135243, "Mot_amps_ratio_MxSpd": 0.953891516, "Mot_power_ratio_MFD": 0.51395303, "Mot_power_ratio_MxSpd": 0.62283504, "Power_MFD": 3677.44409, "Power_MxSpd": 5825.396, "Speed_MFD": 30.0}