{"Interferences": 4, "Mass": 8.01904119809791, "Batt_amps_ratio_MFD": 0.358773798, "Batt_amps_ratio_MxSpd": 0.358773798, "Distance_MxSpd": 11238.2783, "Max_Distance": 11238.2783, "Hover_Time": 0.0, "Max_Speed": 14.0, "Max_uc_at_MFD": 0.921377301, "Mot_amps_ratio_MFD": 0.946546555, "Mot_amps_ratio_MxSpd": 0.946546555, "Mot_power_ratio_MFD": 0.729096651, "Mot_power_ratio_MxSpd": 0.729096651, "Power_MFD": 2133.95312, "Power_MxSpd": 2133.95312, "Speed_MFD": 14.0}