{"Interferences": 41, "Mass": 6.688305185210504, "Batt_amps_ratio_MFD": 2.17003345, "Batt_amps_ratio_MxSpd": 2.17003345, "Distance_MxSpd": 194.651367, "Max_Distance": 194.651367, "Hover_Time": 0.0, "Max_Speed": 11.0, "Max_uc_at_MFD": 0.985474467, "Mot_amps_ratio_MFD": 0.941887736, "Mot_amps_ratio_MxSpd": 0.941887736, "Mot_power_ratio_MFD": 0.706918597, "Mot_power_ratio_MxSpd": 0.706918597, "Power_MFD": 2556.42188, "Power_MxSpd": 2556.42188, "Speed_MFD": 11.0}