{"Interferences": 32, "Mass": 2.661287317128316, "Batt_amps_ratio_MFD": 0.73262465, "Batt_amps_ratio_MxSpd": 0.761205792, "Distance_MxSpd": 1412.49585, "Max_Distance": 1415.18579, "Hover_Time": 0.0, "Max_Speed": 28.0, "Max_uc_at_MFD": 0.714958251, "Mot_amps_ratio_MFD": 0.867814064, "Mot_amps_ratio_MxSpd": 0.937887549, "Mot_power_ratio_MFD": 0.64218241, "Mot_power_ratio_MxSpd": 0.694036782, "Power_MFD": 910.932556, "Power_MxSpd": 997.737366, "Speed_MFD": 27.0}