{"Interferences": 14, "Mass": 5.332103171607482, "Batt_amps_ratio_MFD": 1.58491743, "Batt_amps_ratio_MxSpd": 1.58491743, "Distance_MxSpd": 218.055527, "Max_Distance": 218.055527, "Hover_Time": 27.9930305, "Max_Speed": 9.0, "Max_uc_at_MFD": 0.999998689, "Mot_amps_ratio_MFD": 0.375099301, "Mot_amps_ratio_MxSpd": 0.375099301, "Mot_power_ratio_MFD": 0.138786733, "Mot_power_ratio_MxSpd": 0.138786733, "Power_MFD": 1269.63586, "Power_MxSpd": 1269.63586, "Speed_MFD": 9.0}