{"Interferences": 18, "Mass": 6.6403982186223365, "Batt_amps_ratio_MFD": 0.406203479, "Batt_amps_ratio_MxSpd": 0.406203479, "Distance_MxSpd": 4254.02539, "Max_Distance": 4254.02539, "Hover_Time": 474.875366, "Max_Speed": 9.0, "Max_uc_at_MFD": 0.998694837, "Mot_amps_ratio_MFD": 0.714988232, "Mot_amps_ratio_MxSpd": 0.714988232, "Mot_power_ratio_MFD": 0.357494116, "Mot_power_ratio_MxSpd": 0.357494116, "Power_MFD": 1231.40833, "Power_MxSpd": 1231.40833, "Speed_MFD": 9.0}