{"Interferences": 20, "Mass": 3.743367062105, "Batt_amps_ratio_MFD": 0.766725838, "Batt_amps_ratio_MxSpd": 0.766725838, "Distance_MxSpd": 901.495667, "Max_Distance": 901.495667, "Hover_Time": 63.5133514, "Max_Speed": 18.0, "Max_uc_at_MFD": 0.96422559, "Mot_amps_ratio_MFD": 0.287290871, "Mot_amps_ratio_MxSpd": 0.287290871, "Mot_power_ratio_MFD": 0.0957533568, "Mot_power_ratio_MxSpd": 0.0957533568, "Power_MFD": 836.985229, "Power_MxSpd": 836.985229, "Speed_MFD": 18.0}