{"Interferences": 39, "Mass": 4.456102623982369, "Batt_amps_ratio_MFD": 0.198977381, "Batt_amps_ratio_MxSpd": 0.281072885, "Distance_MxSpd": 4235.2002, "Max_Distance": 4631.68213, "Hover_Time": 287.588135, "Max_Speed": 31.0, "Max_uc_at_MFD": 0.969783664, "Mot_amps_ratio_MFD": 0.861072421, "Mot_amps_ratio_MxSpd": 0.761078417, "Mot_power_ratio_MFD": 0.430627137, "Mot_power_ratio_MxSpd": 0.380619586, "Power_MFD": 1052.32507, "Power_MxSpd": 1766.38208, "Speed_MFD": 24.0}