{"Interferences": 6, "Mass": 4.289288993595656, "Batt_amps_ratio_MFD": 1.12379146, "Batt_amps_ratio_MxSpd": 1.32984996, "Distance_MxSpd": 635.259644, "Max_Distance": 717.570862, "Hover_Time": 45.8151855, "Max_Speed": 22.0, "Max_uc_at_MFD": 0.620339096, "Mot_amps_ratio_MFD": 0.785207808, "Mot_amps_ratio_MxSpd": 0.894117594, "Mot_power_ratio_MFD": 0.813475311, "Mot_power_ratio_MxSpd": 0.92630583, "Power_MFD": 1555.15247, "Power_MxSpd": 2012.09595, "Speed_MFD": 21.0}