{"Interferences": 38, "Mass": 10.182428725137909, "Batt_amps_ratio_MFD": 1.81055272, "Batt_amps_ratio_MxSpd": 2.10099268, "Distance_MxSpd": 1644.93665, "Max_Distance": 1654.30151, "Hover_Time": 78.5137177, "Max_Speed": 30.0, "Max_uc_at_MFD": 0.746228993, "Mot_amps_ratio_MFD": 0.756795645, "Mot_amps_ratio_MxSpd": 0.987776518, "Mot_power_ratio_MFD": 0.714036703, "Mot_power_ratio_MxSpd": 0.741359711, "Power_MFD": 2952.16846, "Power_MxSpd": 3633.53687, "Speed_MFD": 26.0}