{"Interferences": 77, "Mass": 3.800337896172728, "Batt_amps_ratio_MFD": 0.417909503, "Batt_amps_ratio_MxSpd": 0.594622076, "Distance_MxSpd": 4843.4126, "Max_Distance": 5316.25684, "Hover_Time": 317.493347, "Max_Speed": 35.0, "Max_uc_at_MFD": 0.633058071, "Mot_amps_ratio_MFD": 0.680540621, "Mot_amps_ratio_MxSpd": 0.912269771, "Mot_power_ratio_MFD": 0.660975099, "Mot_power_ratio_MxSpd": 0.886041999, "Power_MFD": 1109.87842, "Power_MxSpd": 2065.78345, "Speed_MFD": 27.0}