{"Interferences": 1, "Mass": 5.01052541852129, "Batt_amps_ratio_MFD": 0.351443648, "Batt_amps_ratio_MxSpd": 0.351443648, "Distance_MxSpd": 2294.53564, "Max_Distance": 2294.53564, "Hover_Time": 0.0, "Max_Speed": 21.0, "Max_uc_at_MFD": 0.879083514, "Mot_amps_ratio_MFD": 0.930277228, "Mot_amps_ratio_MxSpd": 0.930277228, "Mot_power_ratio_MFD": 0.479425013, "Mot_power_ratio_MxSpd": 0.479425013, "Power_MFD": 1187.39807, "Power_MxSpd": 1187.39807, "Speed_MFD": 21.0}