{"Interferences": 19, "Mass": 8.167900551872991, "Batt_amps_ratio_MFD": 1.21566463, "Batt_amps_ratio_MxSpd": 1.21566463, "Distance_MxSpd": 252.701263, "Max_Distance": 252.701263, "Hover_Time": 0.0, "Max_Speed": 8.0, "Max_uc_at_MFD": 0.836112559, "Mot_amps_ratio_MFD": 0.923276007, "Mot_amps_ratio_MxSpd": 0.923276007, "Mot_power_ratio_MFD": 0.692949891, "Mot_power_ratio_MxSpd": 0.692949891, "Power_MFD": 4106.67578, "Power_MxSpd": 4106.67578, "Speed_MFD": 8.0}