{"Interferences": 19, "Mass": 8.594627489440098, "Batt_amps_ratio_MFD": 0.258024961, "Batt_amps_ratio_MxSpd": 0.258024961, "Distance_MxSpd": 6250.55762, "Max_Distance": 6250.55762, "Hover_Time": 0.0, "Max_Speed": 14.0, "Max_uc_at_MFD": 0.872444153, "Mot_amps_ratio_MFD": 0.946775258, "Mot_amps_ratio_MxSpd": 0.946775258, "Mot_power_ratio_MFD": 0.719549179, "Mot_power_ratio_MxSpd": 0.719549179, "Power_MFD": 2108.25781, "Power_MxSpd": 2108.25781, "Speed_MFD": 14.0}