{"Interferences": 7, "Mass": 5.560735458091672, "Batt_amps_ratio_MFD": 1.26163971, "Batt_amps_ratio_MxSpd": 1.26163971, "Distance_MxSpd": 760.914551, "Max_Distance": 760.914551, "Hover_Time": 37.2071915, "Max_Speed": 25.0, "Max_uc_at_MFD": 0.999994338, "Mot_amps_ratio_MFD": 0.617905378, "Mot_amps_ratio_MxSpd": 0.617905378, "Mot_power_ratio_MFD": 0.571562469, "Mot_power_ratio_MxSpd": 0.571562469, "Power_MFD": 1617.05017, "Power_MxSpd": 1617.05017, "Speed_MFD": 25.0}