{"Interferences": 67, "Mass": 11.04677532075344, "Batt_amps_ratio_MFD": 1.17916536, "Batt_amps_ratio_MxSpd": 1.80554163, "Distance_MxSpd": 1139.34949, "Max_Distance": 1325.87732, "Hover_Time": 58.4473381, "Max_Speed": 25.0, "Max_uc_at_MFD": 0.99071002, "Mot_amps_ratio_MFD": 0.941816866, "Mot_amps_ratio_MxSpd": 0.92803967, "Mot_power_ratio_MFD": 0.696944475, "Mot_power_ratio_MxSpd": 0.686749399, "Power_MFD": 3945.19287, "Power_MxSpd": 6398.23047, "Speed_MFD": 19.0}