{"Interferences": 13, "Mass": 4.920018356236504, "Batt_amps_ratio_MFD": 0.863374591, "Batt_amps_ratio_MxSpd": 0.863374591, "Distance_MxSpd": 1111.91589, "Max_Distance": 1111.91589, "Hover_Time": 44.3652878, "Max_Speed": 25.0, "Max_uc_at_MFD": 0.998229623, "Mot_amps_ratio_MFD": 0.770208776, "Mot_amps_ratio_MxSpd": 0.770208776, "Mot_power_ratio_MFD": 0.195520282, "Mot_power_ratio_MxSpd": 0.195520282, "Power_MFD": 1295.46838, "Power_MxSpd": 1295.46838, "Speed_MFD": 25.0}