{"Interferences": 18, "Mass": 8.251440364210612, "Batt_amps_ratio_MFD": 0.375131667, "Batt_amps_ratio_MxSpd": 0.375131667, "Distance_MxSpd": 409.456238, "Max_Distance": 409.456238, "Hover_Time": 0.0, "Max_Speed": 4.0, "Max_uc_at_MFD": 1.0, "Mot_amps_ratio_MFD": 0.293538034, "Mot_amps_ratio_MxSpd": 0.293538034, "Mot_power_ratio_MFD": 0.0628830194, "Mot_power_ratio_MxSpd": 0.0628830194, "Power_MFD": 1805.15845, "Power_MxSpd": 1805.15845, "Speed_MFD": 4.0}