{"Interferences": 8, "Mass": 6.825863795714117, "Batt_amps_ratio_MFD": 0.457931638, "Batt_amps_ratio_MxSpd": 0.5362252, "Distance_MxSpd": 2363.18628, "Max_Distance": 2431.8042, "Hover_Time": 118.313736, "Max_Speed": 33.0, "Max_uc_at_MFD": 0.866186738, "Mot_amps_ratio_MFD": 0.698936224, "Mot_amps_ratio_MxSpd": 0.805984318, "Mot_power_ratio_MFD": 0.439630896, "Mot_power_ratio_MxSpd": 0.509320915, "Power_MFD": 1915.46265, "Power_MxSpd": 2593.45337, "Speed_MFD": 29.0}