{"Interferences": 83, "Mass": 3.98857377939278, "Batt_amps_ratio_MFD": 0.272907823, "Batt_amps_ratio_MxSpd": 0.298982948, "Distance_MxSpd": 3210.8855, "Max_Distance": 3236.25732, "Hover_Time": 194.601974, "Max_Speed": 25.0, "Max_uc_at_MFD": 0.989143133, "Mot_amps_ratio_MFD": 0.768371463, "Mot_amps_ratio_MxSpd": 0.736564219, "Mot_power_ratio_MFD": 0.34115693, "Mot_power_ratio_MxSpd": 0.327034503, "Power_MFD": 800.779053, "Power_MxSpd": 932.907227, "Speed_MFD": 23.0}