{"Interferences": 2, "Mass": 2.756352219630129, "Batt_amps_ratio_MFD": 0.822480381, "Batt_amps_ratio_MxSpd": 1.02889109, "Distance_MxSpd": 1194.29553, "Max_Distance": 1307.26526, "Hover_Time": 82.2686844, "Max_Speed": 32.0, "Max_uc_at_MFD": 0.9839136, "Mot_amps_ratio_MFD": 0.811154068, "Mot_amps_ratio_MxSpd": 0.694395185, "Mot_power_ratio_MFD": 0.867033601, "Mot_power_ratio_MxSpd": 0.742231309, "Power_MFD": 1720.34509, "Power_MxSpd": 2116.52783, "Speed_MFD": 28.0}