{"Interferences": 50, "Mass": 10.446958421150573, "Batt_amps_ratio_MFD": 1.04877889, "Batt_amps_ratio_MxSpd": 1.04877889, "Distance_MxSpd": 219.684052, "Max_Distance": 219.684052, "Hover_Time": 44.6394958, "Max_Speed": 6.0, "Max_uc_at_MFD": 0.998412371, "Mot_amps_ratio_MFD": 0.85030061, "Mot_amps_ratio_MxSpd": 0.85030061, "Mot_power_ratio_MFD": 0.802209556, "Mot_power_ratio_MxSpd": 0.802209556, "Power_MFD": 6037.1543, "Power_MxSpd": 6037.1543, "Speed_MFD": 6.0}