{"Interferences": 2, "Mass": 2.6736046271300267, "Batt_amps_ratio_MFD": 0.434953779, "Batt_amps_ratio_MxSpd": 0.434953779, "Distance_MxSpd": 1765.70483, "Max_Distance": 1765.70483, "Hover_Time": 119.288857, "Max_Speed": 20.0, "Max_uc_at_MFD": 0.977038264, "Mot_amps_ratio_MFD": 0.312573761, "Mot_amps_ratio_MxSpd": 0.312573761, "Mot_power_ratio_MFD": 0.192753822, "Mot_power_ratio_MxSpd": 0.192753822, "Power_MFD": 589.151794, "Power_MxSpd": 589.151794, "Speed_MFD": 20.0}