{"Interferences": 3, "Mass": 3.82150940348092, "Batt_amps_ratio_MFD": 0.73605746, "Batt_amps_ratio_MxSpd": 0.799607158, "Distance_MxSpd": 1296.63672, "Max_Distance": 1304.24597, "Hover_Time": 79.6492615, "Max_Speed": 27.0, "Max_uc_at_MFD": 0.89147383, "Mot_amps_ratio_MFD": 0.242727235, "Mot_amps_ratio_MxSpd": 0.267081678, "Mot_power_ratio_MFD": 0.134902731, "Mot_power_ratio_MxSpd": 0.147211447, "Power_MFD": 1066.19409, "Power_MxSpd": 1257.34973, "Speed_MFD": 25.0}