{"Interferences": 105, "Mass": 10.06610506720065, "Batt_amps_ratio_MFD": 1.50273108, "Batt_amps_ratio_MxSpd": 1.50273108, "Distance_MxSpd": 1226.56677, "Max_Distance": 1226.56677, "Hover_Time": 0.0, "Max_Speed": 16.0, "Max_uc_at_MFD": 0.994373083, "Mot_amps_ratio_MFD": 0.903630316, "Mot_amps_ratio_MxSpd": 0.903630316, "Mot_power_ratio_MFD": 0.873196304, "Mot_power_ratio_MxSpd": 0.873196304, "Power_MFD": 5436.09619, "Power_MxSpd": 5436.09619, "Speed_MFD": 16.0}