{"Interferences": 2, "Mass": 7.630438191736457, "Batt_amps_ratio_MFD": 2.14099646, "Batt_amps_ratio_MxSpd": 3.62914634, "Distance_MxSpd": 465.564026, "Max_Distance": 573.938354, "Hover_Time": 23.762722, "Max_Speed": 44.0, "Max_uc_at_MFD": 0.904963851, "Mot_amps_ratio_MFD": 0.718306184, "Mot_amps_ratio_MxSpd": 0.743544459, "Mot_power_ratio_MFD": 0.239409715, "Mot_power_ratio_MxSpd": 0.247821569, "Power_MFD": 2853.98389, "Power_MxSpd": 5811.6582, "Speed_MFD": 32.0}