{"Interferences": 2, "Mass": 2.7017610187050143, "Batt_amps_ratio_MFD": 0.662604928, "Batt_amps_ratio_MxSpd": 0.728582323, "Distance_MxSpd": 1264.92224, "Max_Distance": 1274.96777, "Hover_Time": 0.0, "Max_Speed": 24.0, "Max_uc_at_MFD": 0.759944558, "Mot_amps_ratio_MFD": 0.863135755, "Mot_amps_ratio_MxSpd": 0.923191369, "Mot_power_ratio_MFD": 0.425813645, "Mot_power_ratio_MxSpd": 0.455441087, "Power_MFD": 682.361633, "Power_MxSpd": 806.132263, "Speed_MFD": 22.0}