{"Interferences": 17, "Mass": 8.505925751753997, "Batt_amps_ratio_MFD": 3.03402805, "Batt_amps_ratio_MxSpd": 4.36952257, "Distance_MxSpd": 272.432495, "Max_Distance": 316.411041, "Hover_Time": 17.710989, "Max_Speed": 31.0, "Max_uc_at_MFD": 0.606654286, "Mot_amps_ratio_MFD": 0.791996956, "Mot_amps_ratio_MxSpd": 0.939127803, "Mot_power_ratio_MFD": 0.544215083, "Mot_power_ratio_MxSpd": 0.645314991, "Power_MFD": 1983.43091, "Power_MxSpd": 3715.45801, "Speed_MFD": 25.0}