{"Interferences": 12, "Mass": 6.324413470420181, "Batt_amps_ratio_MFD": 0.33872509, "Batt_amps_ratio_MxSpd": 0.33872509, "Distance_MxSpd": 7085.39209, "Max_Distance": 7085.39209, "Hover_Time": 385.18042, "Max_Speed": 25.0, "Max_uc_at_MFD": 0.742340684, "Mot_amps_ratio_MFD": 0.907948196, "Mot_amps_ratio_MxSpd": 0.907948196, "Mot_power_ratio_MFD": 0.671881676, "Mot_power_ratio_MxSpd": 0.671881676, "Power_MFD": 1458.91284, "Power_MxSpd": 1458.91284, "Speed_MFD": 25.0}