{"Interferences": 5, "Mass": 3.5064436955872686, "Batt_amps_ratio_MFD": 0.566077769, "Batt_amps_ratio_MxSpd": 0.734332561, "Distance_MxSpd": 1359.60193, "Max_Distance": 1424.53918, "Hover_Time": 96.1200409, "Max_Speed": 26.0, "Max_uc_at_MFD": 0.931682408, "Mot_amps_ratio_MFD": 0.381222606, "Mot_amps_ratio_MxSpd": 0.419598937, "Mot_power_ratio_MFD": 0.190718681, "Mot_power_ratio_MxSpd": 0.207002148, "Power_MFD": 714.789917, "Power_MxSpd": 1052.3606, "Speed_MFD": 21.0}