{"Interferences": 24, "Mass": 4.7878615005413625, "Batt_amps_ratio_MFD": 0.231266782, "Batt_amps_ratio_MxSpd": 0.231266782, "Distance_MxSpd": 3652.92407, "Max_Distance": 3652.92407, "Hover_Time": 168.333618, "Max_Speed": 22.0, "Max_uc_at_MFD": 0.994259477, "Mot_amps_ratio_MFD": 0.422564, "Mot_amps_ratio_MxSpd": 0.422564, "Mot_power_ratio_MFD": 0.317148566, "Mot_power_ratio_MxSpd": 0.317148566, "Power_MFD": 1068.78149, "Power_MxSpd": 1068.78149, "Speed_MFD": 22.0}