{"Interferences": 4, "Mass": 10.234026565270728, "Batt_amps_ratio_MFD": 0.314079404, "Batt_amps_ratio_MxSpd": 0.367422312, "Distance_MxSpd": 11914.3555, "Max_Distance": 12103.9453, "Hover_Time": 492.583252, "Max_Speed": 38.0, "Max_uc_at_MFD": 0.992150903, "Mot_amps_ratio_MFD": 0.840815485, "Mot_amps_ratio_MxSpd": 0.804454803, "Mot_power_ratio_MFD": 0.845761478, "Mot_power_ratio_MxSpd": 0.809186935, "Power_MFD": 3339.77026, "Power_MxSpd": 4171.43652, "Speed_MFD": 33.0}