{"Interferences": 17, "Mass": 10.785669039206912, "Batt_amps_ratio_MFD": 2.29253387, "Batt_amps_ratio_MxSpd": 2.29253387, "Distance_MxSpd": 8542.5127, "Max_Distance": 8542.5127, "Hover_Time": 0.0, "Max_Speed": 34.0, "Max_uc_at_MFD": 0.599878311, "Mot_amps_ratio_MFD": 0.999085605, "Mot_amps_ratio_MxSpd": 0.999085605, "Mot_power_ratio_MFD": 0.978516221, "Mot_power_ratio_MxSpd": 0.978516221, "Power_MFD": 3726.86035, "Power_MxSpd": 3726.86035, "Speed_MFD": 34.0}