{"Interferences": 20, "Mass": 2.833679626762254, "Batt_amps_ratio_MFD": 0.516908884, "Batt_amps_ratio_MxSpd": 0.516908884, "Distance_MxSpd": 965.740845, "Max_Distance": 965.740845, "Hover_Time": 0.0, "Max_Speed": 13.0, "Max_uc_at_MFD": 0.924108982, "Mot_amps_ratio_MFD": 0.180759296, "Mot_amps_ratio_MxSpd": 0.180759296, "Mot_power_ratio_MFD": 0.09047167, "Mot_power_ratio_MxSpd": 0.09047167, "Power_MFD": 357.44519, "Power_MxSpd": 357.44519, "Speed_MFD": 13.0}