{"Interferences": 6, "Mass": 6.509783571831798, "Batt_amps_ratio_MFD": 0.326550961, "Batt_amps_ratio_MxSpd": 0.538543522, "Distance_MxSpd": 2566.92358, "Max_Distance": 2822.22412, "Hover_Time": 165.549973, "Max_Speed": 36.0, "Max_uc_at_MFD": 0.892131209, "Mot_amps_ratio_MFD": 0.729793549, "Mot_amps_ratio_MxSpd": 0.707105041, "Mot_power_ratio_MFD": 0.450039327, "Mot_power_ratio_MxSpd": 0.43604809, "Power_MFD": 1574.33069, "Power_MxSpd": 3446.55176, "Speed_MFD": 24.0}