{"Interferences": 15, "Mass": 4.243142298529749, "Batt_amps_ratio_MFD": 1.02961516, "Batt_amps_ratio_MxSpd": 1.27035952, "Distance_MxSpd": 1027.74048, "Max_Distance": 1044.27368, "Hover_Time": 0.0, "Max_Speed": 34.0, "Max_uc_at_MFD": 0.831523836, "Mot_amps_ratio_MFD": 0.647197545, "Mot_amps_ratio_MxSpd": 0.845212042, "Mot_power_ratio_MFD": 0.399105132, "Mot_power_ratio_MxSpd": 0.521214128, "Power_MFD": 1389.24829, "Power_MxSpd": 2051.29883, "Speed_MFD": 28.0}