{"Interferences": 17, "Mass": 3.553332268787004, "Batt_amps_ratio_MFD": 0.931773722, "Batt_amps_ratio_MxSpd": 1.08443725, "Distance_MxSpd": 779.021606, "Max_Distance": 783.022766, "Hover_Time": 52.1991463, "Max_Speed": 22.0, "Max_uc_at_MFD": 0.982192993, "Mot_amps_ratio_MFD": 0.491424173, "Mot_amps_ratio_MxSpd": 0.61904037, "Mot_power_ratio_MFD": 0.184908763, "Mot_power_ratio_MxSpd": 0.232927054, "Power_MFD": 657.663574, "Power_MxSpd": 855.23114, "Speed_MFD": 19.0}