{"Interferences": 11, "Mass": 4.411948590725068, "Batt_amps_ratio_MFD": 1.0010035, "Batt_amps_ratio_MxSpd": 1.12684488, "Distance_MxSpd": 715.626465, "Max_Distance": 728.86853, "Hover_Time": 44.2489204, "Max_Speed": 21.0, "Max_uc_at_MFD": 0.967491746, "Mot_amps_ratio_MFD": 0.643961012, "Mot_amps_ratio_MxSpd": 0.675502419, "Mot_power_ratio_MFD": 0.242303967, "Mot_power_ratio_MxSpd": 0.254172117, "Power_MFD": 995.412598, "Power_MxSpd": 1120.2384, "Speed_MFD": 19.0}