{"Interferences": 2, "Mass": 4.468195106639559, "Batt_amps_ratio_MFD": 1.27967775, "Batt_amps_ratio_MxSpd": 1.27967775, "Distance_MxSpd": 630.15863, "Max_Distance": 630.15863, "Hover_Time": 41.7906914, "Max_Speed": 21.0, "Max_uc_at_MFD": 0.464192778, "Mot_amps_ratio_MFD": 0.75292474, "Mot_amps_ratio_MxSpd": 0.75292474, "Mot_power_ratio_MFD": 0.565736055, "Mot_power_ratio_MxSpd": 0.565736055, "Power_MFD": 996.502869, "Power_MxSpd": 996.502869, "Speed_MFD": 21.0}