{"Interferences": 34, "Mass": 3.1016310290461586, "Batt_amps_ratio_MFD": 0.847744644, "Batt_amps_ratio_MxSpd": 0.912732661, "Distance_MxSpd": 1220.07251, "Max_Distance": 1223.00977, "Hover_Time": 0.0, "Max_Speed": 29.0, "Max_uc_at_MFD": 0.754672706, "Mot_amps_ratio_MFD": 0.649319232, "Mot_amps_ratio_MxSpd": 0.707769454, "Mot_power_ratio_MFD": 0.486989409, "Mot_power_ratio_MxSpd": 0.530827105, "Power_MFD": 949.2948, "Power_MxSpd": 1099.44519, "Speed_MFD": 27.0}