{"Interferences": 19, "Mass": 6.757468235646933, "Batt_amps_ratio_MFD": 0.459106594, "Batt_amps_ratio_MxSpd": 0.459106594, "Distance_MxSpd": 2258.29907, "Max_Distance": 2258.29907, "Hover_Time": 0.0, "Max_Speed": 9.0, "Max_uc_at_MFD": 0.615062177, "Mot_amps_ratio_MFD": 0.977693439, "Mot_amps_ratio_MxSpd": 0.977693439, "Mot_power_ratio_MFD": 0.723493159, "Mot_power_ratio_MxSpd": 0.723493159, "Power_MFD": 1101.88684, "Power_MxSpd": 1101.88684, "Speed_MFD": 9.0}