{"Interferences": 8, "Mass": 4.396494384571286, "Batt_amps_ratio_MFD": 1.16018248, "Batt_amps_ratio_MxSpd": 1.44145119, "Distance_MxSpd": 772.554749, "Max_Distance": 827.456055, "Hover_Time": 48.2837257, "Max_Speed": 29.0, "Max_uc_at_MFD": 0.98531723, "Mot_amps_ratio_MFD": 0.41694355, "Mot_amps_ratio_MxSpd": 0.354412407, "Mot_power_ratio_MFD": 0.208916172, "Mot_power_ratio_MxSpd": 0.177583948, "Power_MFD": 1139.41614, "Power_MxSpd": 1444.90833, "Speed_MFD": 25.0}