{"Interferences": 7, "Mass": 3.228437409645226, "Batt_amps_ratio_MFD": 1.33540654, "Batt_amps_ratio_MxSpd": 1.94947433, "Distance_MxSpd": 650.021423, "Max_Distance": 690.126892, "Hover_Time": 48.1452103, "Max_Speed": 33.0, "Max_uc_at_MFD": 0.660834789, "Mot_amps_ratio_MFD": 0.426489443, "Mot_amps_ratio_MxSpd": 0.606005013, "Mot_power_ratio_MFD": 0.201196387, "Mot_power_ratio_MxSpd": 0.28588286, "Power_MFD": 780.805115, "Power_MxSpd": 1658.15247, "Speed_MFD": 24.0}