{"Interferences": 11, "Mass": 4.618209042647413, "Batt_amps_ratio_MFD": 0.296271324, "Batt_amps_ratio_MxSpd": 0.296271324, "Distance_MxSpd": 8424.70996, "Max_Distance": 8424.70996, "Hover_Time": 458.08728, "Max_Speed": 26.0, "Max_uc_at_MFD": 0.779466867, "Mot_amps_ratio_MFD": 0.941789329, "Mot_amps_ratio_MxSpd": 0.941789329, "Mot_power_ratio_MFD": 0.69692409, "Mot_power_ratio_MxSpd": 0.69692409, "Power_MFD": 1293.16406, "Power_MxSpd": 1293.16406, "Speed_MFD": 26.0}