{"Interferences": 9, "Mass": 4.521213568261685, "Batt_amps_ratio_MFD": 1.01733637, "Batt_amps_ratio_MxSpd": 1.08949864, "Distance_MxSpd": 986.875977, "Max_Distance": 1019.13196, "Hover_Time": 41.7646179, "Max_Speed": 28.0, "Max_uc_at_MFD": 1.0, "Mot_amps_ratio_MFD": 0.783947051, "Mot_amps_ratio_MxSpd": 0.742800713, "Mot_power_ratio_MFD": 0.391973525, "Mot_power_ratio_MxSpd": 0.371400356, "Power_MFD": 1363.63477, "Power_MxSpd": 1500.59973, "Speed_MFD": 27.0}