{
  "generator_version":"UAV2_gen12",
  "name":"design_6887_2417616ecf0c49e1b258b54e38e04bd3_dw_dl",
  "hub":{
    "node_type":"ConnectedHub6_2_2_2",
    "frontSegment":{
      "node_type":"PropArm",
      "armLength":424.36794338619524,
      "motor":{
        "motorType":"t_motor_AntigravityMN5006KV450"
      },
      "prop":{
        "propType":"apc_propellers_16x8E"
      },
      "flange":{
        "offset":-0.32695357489367183,
        "angle":0.0
      }
    },
    "middleSegment":{
      "node_type":"WingArm",
      "armLength":244.6288066292946,
      "wing":{
        "wingType":"Wing_horiz_hole",
        "nacaProfile":"4418",
        "span":1666.5348753515457,
        "chordInner":445.21337515879657,
        "chordOuter":158.86407332469187,
        "taperOffset":true,
        "aileronBias":0.4383630931357435,
        "flapBias":0.6995028129520645,
        "load":358.1877191965649,
        "tubeOffset":73.4448346170017,
        "tubeRot":270.0
      },
      "servo":{
        "servoType":"Hitec_D485HW"
      }
    },
    "rearSegment":{
      "node_type":"AngledWingArm",
      "arm1Length":343.6218081070045,
      "arm2Length":158.6034322810562,
      "wing":{
        "wingType":"Wing_vert_hole",
        "nacaProfile":"4406",
        "span":1055.7139397528972,
        "chordInner":242.9019388357986,
        "chordOuter":181.17859435279289,
        "taperOffset":true,
        "aileronBias":0.872783270247502,
        "flapBias":0.7670949269859171,
        "load":569.3448860498538,
        "tubeOffset":55.18245774592177,
        "tubeRot":270.0
      },
      "servo":{
        "servoType":"Hitec_HS_53"
      }
    }
  },
  "fuselageWithComponents":{
    "node_type":"DualBatteryFuselageWithComponents",
    "battery":{
      "batteryType":"TurnigyGraphene4000mAh4S75C"
    },
    "fuselage":{
      "length":291.0,
      "vertDiameter":76.5,
      "horzDiameter":339.9,
      "floorHeight":12.75,
      "battery1X":-72.75,
      "battery1Y":6.0,
      "battery2X":73.75,
      "battery2Y":6.0,
      "rpmX":0.0,
      "rpmY":-103.3,
      "autoPilotX":0.0,
      "autoPilotY":47.0,
      "currentX":0.0,
      "currentY":-83.15,
      "voltageX":0.0,
      "voltageY":100.8,
      "gpsX":0.0,
      "gpsY":-43.0,
      "varioX":0.0,
      "varioY":79.15
    }
  }
}