{
  "generator_version":"UAV2_gen12",
  "name":"design_5358_7821f3814ffa4bc1ac75d4c221c4f541_s",
  "hub":{
    "node_type":"ConnectedHub4_Sym",
    "mainSegment":{
      "node_type":"BranchWithTopSegment_Sym",
      "armLength":438.01803116355774,
      "angle":180.0,
      "mainSegment":{
        "node_type":"AngledWingArm",
        "arm1Length":129.46114208933784,
        "arm2Length":60.08219128288052,
        "wing":{
          "wingType":"Wing_horiz_hole",
          "nacaProfile":"2409",
          "span":1298.4429503128433,
          "chordInner":270.95058495436103,
          "chordOuter":114.95318303929916,
          "taperOffset":true,
          "aileronBias":0.18226626996961234,
          "flapBias":0.32953483683347307,
          "load":694.6089644579457,
          "tubeOffset":54.4732479511695,
          "tubeRot":311.86989127753964
        },
        "servo":{
          "servoType":"Hitec_HS_5245MG"
        }
      },
      "topSegment":{
        "node_type":"PropArm",
        "armLength":83.86572652933643,
        "motor":{
          "motorType":"kde_direct_KDE600XF_1100_G3"
        },
        "prop":{
          "propType":"apc_propellers_9x7"
        },
        "flange":{
          "offset":-49.24771751555338,
          "angle":0.0
        }
      }
    }
  },
  "fuselageWithComponents":{
    "node_type":"SingleBatteryFuselageWithComponents",
    "battery":{
      "batteryType":"Tattu10C32000mAh6S1PHV"
    },
    "fuselage":{
      "length":216.0,
      "vertDiameter":187.5,
      "horzDiameter":377.4,
      "floorHeight":31.25,
      "batteryX":0.0,
      "batteryY":6.0,
      "rpmX":0.0,
      "rpmY":-115.8,
      "autoPilotX":0.0,
      "autoPilotY":59.5,
      "currentX":0.0,
      "currentY":-95.65,
      "voltageX":0.0,
      "voltageY":113.3,
      "gpsX":0.0,
      "gpsY":-55.5,
      "varioX":0.0,
      "varioY":91.65
    }
  }
}