{"Interferences": 6, "Mass": 5.834141275627738, "Batt_amps_ratio_MFD": 0.511526883, "Batt_amps_ratio_MxSpd": 0.511526883, "Distance_MxSpd": 675.624329, "Max_Distance": 675.624329, "Hover_Time": 0.0, "Max_Speed": 3.0, "Max_uc_at_MFD": 0.561632812, "Mot_amps_ratio_MFD": 0.578251541, "Mot_amps_ratio_MxSpd": 0.578251541, "Mot_power_ratio_MFD": 0.435158759, "Mot_power_ratio_MxSpd": 0.435158759, "Power_MFD": 1304.93225, "Power_MxSpd": 1304.93225, "Speed_MFD": 3.0}