{"Interferences": 2, "Mass": 3.493238121120745, "Batt_amps_ratio_MFD": 0.741045654, "Batt_amps_ratio_MxSpd": 0.741045654, "Distance_MxSpd": 103.637344, "Max_Distance": 103.637344, "Hover_Time": 51.8596306, "Max_Speed": 2.0, "Max_uc_at_MFD": 0.713214159, "Mot_amps_ratio_MFD": 0.373204589, "Mot_amps_ratio_MxSpd": 0.373204589, "Mot_power_ratio_MFD": 0.176059276, "Mot_power_ratio_MxSpd": 0.176059276, "Power_MFD": 529.890503, "Power_MxSpd": 529.890503, "Speed_MFD": 2.0}