{"Interferences": 83, "Mass": 8.021501544207709, "Batt_amps_ratio_MFD": 0.319115549, "Batt_amps_ratio_MxSpd": 0.319115549, "Distance_MxSpd": 27074.834, "Max_Distance": 27074.834, "Hover_Time": 1139.0769, "Max_Speed": 30.0, "Max_uc_at_MFD": 0.999999404, "Mot_amps_ratio_MFD": 0.888997853, "Mot_amps_ratio_MxSpd": 0.888997853, "Mot_power_ratio_MFD": 0.675638378, "Mot_power_ratio_MxSpd": 0.675638378, "Power_MFD": 2127.73486, "Power_MxSpd": 2127.73486, "Speed_MFD": 30.0}