{"Interferences": 3, "Mass": 3.256950514997897, "Batt_amps_ratio_MFD": 0.334421724, "Batt_amps_ratio_MxSpd": 0.334421724, "Distance_MxSpd": 2870.62695, "Max_Distance": 2870.62695, "Hover_Time": 0.0, "Max_Speed": 25.0, "Max_uc_at_MFD": 0.996213973, "Mot_amps_ratio_MFD": 0.550886869, "Mot_amps_ratio_MxSpd": 0.550886869, "Mot_power_ratio_MFD": 0.343289495, "Mot_power_ratio_MxSpd": 0.343289495, "Power_MFD": 1432.3468, "Power_MxSpd": 1432.3468, "Speed_MFD": 25.0}