{"Interferences": 17, "Mass": 4.561780425926863, "Batt_amps_ratio_MFD": 0.564151943, "Batt_amps_ratio_MxSpd": 0.771811306, "Distance_MxSpd": 3944.70972, "Max_Distance": 4521.57812, "Hover_Time": 0.0, "Max_Speed": 37.0, "Max_uc_at_MFD": 0.678376019, "Mot_amps_ratio_MFD": 0.667020798, "Mot_amps_ratio_MxSpd": 0.929550648, "Mot_power_ratio_MFD": 0.500265598, "Mot_power_ratio_MxSpd": 0.697162986, "Power_MFD": 1706.3916, "Power_MxSpd": 2911.36499, "Speed_MFD": 31.0}