{"Interferences": 2, "Mass": 2.727914338522317, "Batt_amps_ratio_MFD": 0.612024307, "Batt_amps_ratio_MxSpd": 0.823723495, "Distance_MxSpd": 1305.29236, "Max_Distance": 1380.3374, "Hover_Time": 98.9050674, "Max_Speed": 28.0, "Max_uc_at_MFD": 0.723935008, "Mot_amps_ratio_MFD": 0.702497542, "Mot_amps_ratio_MxSpd": 0.984927595, "Mot_power_ratio_MFD": 0.346565455, "Mot_power_ratio_MxSpd": 0.485897601, "Power_MFD": 647.421326, "Power_MxSpd": 1153.30017, "Speed_MFD": 22.0}