{"Interferences": 9, "Mass": 9.995435455389185, "Batt_amps_ratio_MFD": 1.06411326, "Batt_amps_ratio_MxSpd": 1.06411326, "Distance_MxSpd": 1804.31934, "Max_Distance": 1804.31934, "Hover_Time": 100.122932, "Max_Speed": 20.0, "Max_uc_at_MFD": 0.751903355, "Mot_amps_ratio_MFD": 0.941105902, "Mot_amps_ratio_MxSpd": 0.941105902, "Mot_power_ratio_MFD": 0.470502496, "Mot_power_ratio_MxSpd": 0.470502496, "Power_MFD": 5802.92041, "Power_MxSpd": 5802.92041, "Speed_MFD": 20.0}