{"Interferences": 86, "Mass": 2.758640728050588, "Batt_amps_ratio_MFD": 0.421270192, "Batt_amps_ratio_MxSpd": 0.421270192, "Distance_MxSpd": 1640.7522, "Max_Distance": 1640.7522, "Hover_Time": 112.491684, "Max_Speed": 18.0, "Max_uc_at_MFD": 0.999625504, "Mot_amps_ratio_MFD": 0.397299886, "Mot_amps_ratio_MxSpd": 0.397299886, "Mot_power_ratio_MFD": 0.147000954, "Mot_power_ratio_MxSpd": 0.147000954, "Power_MFD": 461.765869, "Power_MxSpd": 461.765869, "Speed_MFD": 18.0}