{"Interferences": 16, "Mass": 3.221671860968871, "Batt_amps_ratio_MFD": 0.328702986, "Batt_amps_ratio_MxSpd": 0.434106886, "Distance_MxSpd": 2388.35181, "Max_Distance": 2453.27856, "Hover_Time": 0.0, "Max_Speed": 27.0, "Max_uc_at_MFD": 0.764318824, "Mot_amps_ratio_MFD": 0.44589293, "Mot_amps_ratio_MxSpd": 0.629361153, "Mot_power_ratio_MFD": 0.274967313, "Mot_power_ratio_MxSpd": 0.388106048, "Power_MFD": 705.751038, "Power_MxSpd": 1188.52698, "Speed_MFD": 21.0}