{"Interferences": 29, "Mass": 5.535491941551462, "Batt_amps_ratio_MFD": 0.196558595, "Batt_amps_ratio_MxSpd": 0.196558595, "Distance_MxSpd": 2735.06226, "Max_Distance": 2735.06226, "Hover_Time": 183.822174, "Max_Speed": 14.0, "Max_uc_at_MFD": 0.8868379, "Mot_amps_ratio_MFD": 0.872436345, "Mot_amps_ratio_MxSpd": 0.872436345, "Mot_power_ratio_MFD": 0.656545281, "Mot_power_ratio_MxSpd": 0.656545281, "Power_MFD": 996.492065, "Power_MxSpd": 996.492065, "Speed_MFD": 14.0}