{"Interferences": 30, "Mass": 3.937652603842419, "Batt_amps_ratio_MFD": 0.828702033, "Batt_amps_ratio_MxSpd": 1.01267684, "Distance_MxSpd": 1099.65979, "Max_Distance": 1158.43811, "Hover_Time": 74.5122147, "Max_Speed": 29.0, "Max_uc_at_MFD": 0.934701204, "Mot_amps_ratio_MFD": 0.556226313, "Mot_amps_ratio_MxSpd": 0.557006061, "Mot_power_ratio_MFD": 0.343006223, "Mot_power_ratio_MxSpd": 0.343487054, "Power_MFD": 1170.27856, "Power_MxSpd": 1546.43933, "Speed_MFD": 25.0}