{"Interferences": 15, "Mass": 10.867912538650476, "Batt_amps_ratio_MFD": 0.458593398, "Batt_amps_ratio_MxSpd": 0.526742518, "Distance_MxSpd": 7654.59424, "Max_Distance": 7787.29053, "Hover_Time": 335.407715, "Max_Speed": 35.0, "Max_uc_at_MFD": 0.531374574, "Mot_amps_ratio_MFD": 0.787960231, "Mot_amps_ratio_MxSpd": 0.920467436, "Mot_power_ratio_MFD": 0.834112227, "Mot_power_ratio_MxSpd": 0.974380493, "Power_MFD": 2964.08301, "Power_MxSpd": 3734.34448, "Speed_MFD": 31.0}