{"Interferences": 16, "Mass": 4.410591265260495, "Batt_amps_ratio_MFD": 1.2796284, "Batt_amps_ratio_MxSpd": 1.2796284, "Distance_MxSpd": 630.182922, "Max_Distance": 630.182922, "Hover_Time": 39.4929199, "Max_Speed": 21.0, "Max_uc_at_MFD": 0.999684155, "Mot_amps_ratio_MFD": 0.325241119, "Mot_amps_ratio_MxSpd": 0.325241119, "Mot_power_ratio_MFD": 0.121965416, "Mot_power_ratio_MxSpd": 0.121965416, "Power_MFD": 813.014709, "Power_MxSpd": 813.014709, "Speed_MFD": 21.0}