{"Interferences": 77, "Mass": 3.826029138686778, "Batt_amps_ratio_MFD": 1.23803747, "Batt_amps_ratio_MxSpd": 1.23803747, "Distance_MxSpd": 930.504944, "Max_Distance": 930.504944, "Hover_Time": 49.0845375, "Max_Speed": 30.0, "Max_uc_at_MFD": 0.76229161, "Mot_amps_ratio_MFD": 0.671409786, "Mot_amps_ratio_MxSpd": 0.671409786, "Mot_power_ratio_MFD": 0.438391089, "Mot_power_ratio_MxSpd": 0.438391089, "Power_MFD": 1288.27222, "Power_MxSpd": 1288.27222, "Speed_MFD": 30.0}