{"Interferences": 3, "Mass": 3.2102971782842173, "Batt_amps_ratio_MFD": 0.570417047, "Batt_amps_ratio_MxSpd": 0.570417047, "Distance_MxSpd": 1413.70251, "Max_Distance": 1413.70251, "Hover_Time": 97.323555, "Max_Speed": 21.0, "Max_uc_at_MFD": 0.935856521, "Mot_amps_ratio_MFD": 0.276389629, "Mot_amps_ratio_MxSpd": 0.276389629, "Mot_power_ratio_MFD": 0.184447363, "Mot_power_ratio_MxSpd": 0.184447363, "Power_MFD": 690.03479, "Power_MxSpd": 690.03479, "Speed_MFD": 21.0}