{"Interferences": 7, "Mass": 6.060236184369273, "Batt_amps_ratio_MFD": 0.390617728, "Batt_amps_ratio_MxSpd": 0.390617728, "Distance_MxSpd": 4718.67969, "Max_Distance": 4718.67969, "Hover_Time": 0.0, "Max_Speed": 16.0, "Max_uc_at_MFD": 0.999026358, "Mot_amps_ratio_MFD": 0.795679688, "Mot_amps_ratio_MxSpd": 0.795679688, "Mot_power_ratio_MFD": 0.588802934, "Mot_power_ratio_MxSpd": 0.588802934, "Power_MFD": 1397.55444, "Power_MxSpd": 1397.55444, "Speed_MFD": 16.0}