{"Interferences": 64, "Mass": 11.496385500480407, "Batt_amps_ratio_MFD": 0.990716636, "Batt_amps_ratio_MxSpd": 1.05693531, "Distance_MxSpd": 6176.34717, "Max_Distance": 6201.57129, "Hover_Time": 0.0, "Max_Speed": 34.0, "Max_uc_at_MFD": 0.843873382, "Mot_amps_ratio_MFD": 0.889531434, "Mot_amps_ratio_MxSpd": 0.945910513, "Mot_power_ratio_MFD": 0.808290601, "Mot_power_ratio_MxSpd": 0.729125321, "Power_MFD": 3925.93042, "Power_MxSpd": 4356.24854, "Speed_MFD": 32.0}