{"Interferences": 77, "Mass": 7.172668847186914, "Batt_amps_ratio_MFD": 0.247904286, "Batt_amps_ratio_MxSpd": 0.247904286, "Distance_MxSpd": 2943.07153, "Max_Distance": 2943.07153, "Hover_Time": 170.868439, "Max_Speed": 19.0, "Max_uc_at_MFD": 0.999723256, "Mot_amps_ratio_MFD": 0.156687513, "Mot_amps_ratio_MxSpd": 0.156687513, "Mot_power_ratio_MFD": 0.0335662924, "Mot_power_ratio_MxSpd": 0.0335662924, "Power_MFD": 1142.99365, "Power_MxSpd": 1142.99365, "Speed_MFD": 19.0}