{"Interferences": 2, "Mass": 3.2617487643270326, "Batt_amps_ratio_MFD": 0.595084906, "Batt_amps_ratio_MxSpd": 0.595084906, "Distance_MxSpd": 516.228882, "Max_Distance": 516.228882, "Hover_Time": 65.4767303, "Max_Speed": 8.0, "Max_uc_at_MFD": 0.471098304, "Mot_amps_ratio_MFD": 0.300064892, "Mot_amps_ratio_MxSpd": 0.300064892, "Mot_power_ratio_MFD": 0.222048014, "Mot_power_ratio_MxSpd": 0.222048014, "Power_MFD": 448.642242, "Power_MxSpd": 448.642242, "Speed_MFD": 8.0}