{"Interferences": 0, "Mass": 6.46675877114721, "Batt_amps_ratio_MFD": 0.298136443, "Batt_amps_ratio_MxSpd": 0.309725553, "Distance_MxSpd": 10414.3818, "Max_Distance": 10432.8076, "Hover_Time": 547.24939, "Max_Speed": 28.0, "Max_uc_at_MFD": 0.976243615, "Mot_amps_ratio_MFD": 0.325610101, "Mot_amps_ratio_MxSpd": 0.332907975, "Mot_power_ratio_MFD": 0.315516174, "Mot_power_ratio_MxSpd": 0.322587818, "Power_MFD": 1736.23425, "Power_MxSpd": 1853.50342, "Speed_MFD": 27.0}