{"Interferences": 3, "Mass": 3.329270162118524, "Batt_amps_ratio_MFD": 0.47928834, "Batt_amps_ratio_MxSpd": 0.47928834, "Distance_MxSpd": 1362.01941, "Max_Distance": 1362.01941, "Hover_Time": 95.2733002, "Max_Speed": 17.0, "Max_uc_at_MFD": 0.999530077, "Mot_amps_ratio_MFD": 0.211732462, "Mot_amps_ratio_MxSpd": 0.211732462, "Mot_power_ratio_MFD": 0.0979262665, "Mot_power_ratio_MxSpd": 0.0979262665, "Power_MFD": 539.842957, "Power_MxSpd": 539.842957, "Speed_MFD": 17.0}