{"Interferences": 9, "Mass": 5.301348206989423, "Batt_amps_ratio_MFD": 0.205334783, "Batt_amps_ratio_MxSpd": 0.205334783, "Distance_MxSpd": 3927.24512, "Max_Distance": 3927.24512, "Hover_Time": 243.985107, "Max_Speed": 21.0, "Max_uc_at_MFD": 0.991569936, "Mot_amps_ratio_MFD": 0.589661181, "Mot_amps_ratio_MxSpd": 0.589661181, "Mot_power_ratio_MFD": 0.290899515, "Mot_power_ratio_MxSpd": 0.290899515, "Power_MFD": 1091.37024, "Power_MxSpd": 1091.37024, "Speed_MFD": 21.0}