{"Interferences": 47, "Mass": 6.020620197391849, "Batt_amps_ratio_MFD": 1.02561975, "Batt_amps_ratio_MxSpd": 1.02561975, "Distance_MxSpd": 3369.66992, "Max_Distance": 3369.66992, "Hover_Time": 135.959518, "Max_Speed": 30.0, "Max_uc_at_MFD": 0.571750641, "Mot_amps_ratio_MFD": 0.993317008, "Mot_amps_ratio_MxSpd": 0.993317008, "Mot_power_ratio_MFD": 0.995434403, "Mot_power_ratio_MxSpd": 0.995434403, "Power_MFD": 1871.45715, "Power_MxSpd": 1871.45715, "Speed_MFD": 30.0}