{"Interferences": 16, "Mass": 4.605957429616768, "Batt_amps_ratio_MFD": 1.10845435, "Batt_amps_ratio_MxSpd": 1.10845435, "Distance_MxSpd": 727.499512, "Max_Distance": 727.499512, "Hover_Time": 36.5877228, "Max_Speed": 21.0, "Max_uc_at_MFD": 0.849280953, "Mot_amps_ratio_MFD": 0.941396475, "Mot_amps_ratio_MxSpd": 0.941396475, "Mot_power_ratio_MFD": 0.696633399, "Mot_power_ratio_MxSpd": 0.696633399, "Power_MFD": 1289.52417, "Power_MxSpd": 1289.52417, "Speed_MFD": 21.0}