{"Interferences": 46, "Mass": 4.758323538156047, "Batt_amps_ratio_MFD": 0.297406316, "Batt_amps_ratio_MxSpd": 0.377655596, "Distance_MxSpd": 3660.47803, "Max_Distance": 3873.48877, "Hover_Time": 0.0, "Max_Speed": 36.0, "Max_uc_at_MFD": 0.908343017, "Mot_amps_ratio_MFD": 0.666111827, "Mot_amps_ratio_MxSpd": 0.724549413, "Mot_power_ratio_MFD": 0.616153419, "Mot_power_ratio_MxSpd": 0.670208216, "Power_MFD": 1546.15454, "Power_MxSpd": 2258.24829, "Speed_MFD": 30.0}