{"Interferences": 6, "Mass": 11.57178231571119, "Batt_amps_ratio_MFD": 0.630544364, "Batt_amps_ratio_MxSpd": 0.630544364, "Distance_MxSpd": 1096.19568, "Max_Distance": 1096.19568, "Hover_Time": 0.0, "Max_Speed": 6.0, "Max_uc_at_MFD": 0.443069816, "Mot_amps_ratio_MFD": 0.997098744, "Mot_amps_ratio_MxSpd": 0.997098744, "Mot_power_ratio_MFD": 0.512312174, "Mot_power_ratio_MxSpd": 0.512312174, "Power_MFD": 3378.47998, "Power_MxSpd": 3378.47998, "Speed_MFD": 6.0}