{"Interferences": 114, "Mass": 9.593227887446044, "Batt_amps_ratio_MFD": 0.731947899, "Batt_amps_ratio_MxSpd": 0.731947899, "Distance_MxSpd": 17312.709, "Max_Distance": 17312.709, "Hover_Time": 836.387573, "Max_Speed": 22.0, "Max_uc_at_MFD": 0.999621689, "Mot_amps_ratio_MFD": 0.547758579, "Mot_amps_ratio_MxSpd": 0.547758579, "Mot_power_ratio_MFD": 0.516810238, "Mot_power_ratio_MxSpd": 0.516810238, "Power_MFD": 1988.89465, "Power_MxSpd": 1988.89465, "Speed_MFD": 22.0}