{"Interferences": 0, "Mass": 4.484837945639171, "Batt_amps_ratio_MFD": 0.636645615, "Batt_amps_ratio_MxSpd": 0.636645615, "Distance_MxSpd": 3920.54834, "Max_Distance": 3920.54834, "Hover_Time": 206.507385, "Max_Speed": 26.0, "Max_uc_at_MFD": 0.461190045, "Mot_amps_ratio_MFD": 0.591973364, "Mot_amps_ratio_MxSpd": 0.591973364, "Mot_power_ratio_MFD": 0.914331436, "Mot_power_ratio_MxSpd": 0.914331436, "Power_MFD": 1794.39221, "Power_MxSpd": 1794.39221, "Speed_MFD": 26.0}