{"Interferences": 15, "Mass": 3.362966808619244, "Batt_amps_ratio_MFD": 0.728313208, "Batt_amps_ratio_MxSpd": 0.728313208, "Distance_MxSpd": 1370.83887, "Max_Distance": 1370.83887, "Hover_Time": 86.0038757, "Max_Speed": 26.0, "Max_uc_at_MFD": 0.959255159, "Mot_amps_ratio_MFD": 0.914988458, "Mot_amps_ratio_MxSpd": 0.914988458, "Mot_power_ratio_MFD": 0.752323806, "Mot_power_ratio_MxSpd": 0.752323806, "Power_MFD": 1067.3833, "Power_MxSpd": 1067.3833, "Speed_MFD": 26.0}