{"Interferences": 3, "Mass": 3.832702936647741, "Batt_amps_ratio_MFD": 0.991369665, "Batt_amps_ratio_MxSpd": 1.40252042, "Distance_MxSpd": 876.136963, "Max_Distance": 929.622925, "Hover_Time": 58.8981934, "Max_Speed": 32.0, "Max_uc_at_MFD": 0.537184834, "Mot_amps_ratio_MFD": 0.411399722, "Mot_amps_ratio_MxSpd": 0.711932898, "Mot_power_ratio_MFD": 0.412276685, "Mot_power_ratio_MxSpd": 0.713450551, "Power_MFD": 940.455505, "Power_MxSpd": 1946.7594, "Speed_MFD": 24.0}