{"Interferences": 10, "Mass": 2.7163201930366734, "Batt_amps_ratio_MFD": 0.774301887, "Batt_amps_ratio_MxSpd": 0.814303219, "Distance_MxSpd": 990.294495, "Max_Distance": 991.861206, "Hover_Time": 77.7847214, "Max_Speed": 21.0, "Max_uc_at_MFD": 0.99073869, "Mot_amps_ratio_MFD": 0.31732291, "Mot_amps_ratio_MxSpd": 0.306489319, "Mot_power_ratio_MFD": 0.154099926, "Mot_power_ratio_MxSpd": 0.148838878, "Power_MFD": 590.22229, "Power_MxSpd": 649.45697, "Speed_MFD": 20.0}