{"Interferences": 0, "Mass": 4.687310293505882, "Batt_amps_ratio_MFD": 0.308429658, "Batt_amps_ratio_MxSpd": 0.308429658, "Distance_MxSpd": 2490.03296, "Max_Distance": 2490.03296, "Hover_Time": 150.595398, "Max_Speed": 20.0, "Max_uc_at_MFD": 0.989020348, "Mot_amps_ratio_MFD": 0.985678434, "Mot_amps_ratio_MxSpd": 0.985678434, "Mot_power_ratio_MFD": 0.595792651, "Mot_power_ratio_MxSpd": 0.595792651, "Power_MFD": 1226.30066, "Power_MxSpd": 1226.30066, "Speed_MFD": 20.0}