{"Interferences": 67, "Mass": 6.048013639980146, "Batt_amps_ratio_MFD": 0.420313001, "Batt_amps_ratio_MxSpd": 0.420313001, "Distance_MxSpd": 4339.62305, "Max_Distance": 4339.62305, "Hover_Time": 0.0, "Max_Speed": 19.0, "Max_uc_at_MFD": 0.366467625, "Mot_amps_ratio_MFD": 0.980548561, "Mot_amps_ratio_MxSpd": 0.980548561, "Mot_power_ratio_MFD": 0.73676908, "Mot_power_ratio_MxSpd": 0.73676908, "Power_MFD": 1020.93579, "Power_MxSpd": 1020.93579, "Speed_MFD": 19.0}