{"Interferences": 26, "Mass": 5.200610464980056, "Batt_amps_ratio_MFD": 0.806671143, "Batt_amps_ratio_MxSpd": 0.806671143, "Distance_MxSpd": 1190.07605, "Max_Distance": 1190.07605, "Hover_Time": 67.2746506, "Max_Speed": 25.0, "Max_uc_at_MFD": 0.995959103, "Mot_amps_ratio_MFD": 0.631468415, "Mot_amps_ratio_MxSpd": 0.631468415, "Mot_power_ratio_MFD": 0.39719364, "Mot_power_ratio_MxSpd": 0.39719364, "Power_MFD": 1440.88757, "Power_MxSpd": 1440.88757, "Speed_MFD": 25.0}