{"Interferences": 43, "Mass": 4.8758909209111865, "Batt_amps_ratio_MFD": 0.429757506, "Batt_amps_ratio_MxSpd": 0.429757506, "Distance_MxSpd": 1876.40698, "Max_Distance": 1876.40698, "Hover_Time": 94.5830078, "Max_Speed": 21.0, "Max_uc_at_MFD": 0.999847889, "Mot_amps_ratio_MFD": 0.540806055, "Mot_amps_ratio_MxSpd": 0.540806055, "Mot_power_ratio_MFD": 0.207861051, "Mot_power_ratio_MxSpd": 0.207861051, "Power_MFD": 918.426147, "Power_MxSpd": 918.426147, "Speed_MFD": 21.0}