{"Interferences": 25, "Mass": 2.8992619969976383, "Batt_amps_ratio_MFD": 0.405468047, "Batt_amps_ratio_MxSpd": 0.662011504, "Distance_MxSpd": 1740.15112, "Max_Distance": 2083.51807, "Hover_Time": 133.023102, "Max_Speed": 30.0, "Max_uc_at_MFD": 0.913794339, "Mot_amps_ratio_MFD": 0.693915546, "Mot_amps_ratio_MxSpd": 0.690093338, "Mot_power_ratio_MFD": 0.449310303, "Mot_power_ratio_MxSpd": 0.446835428, "Power_MFD": 783.377014, "Power_MxSpd": 1448.15088, "Speed_MFD": 22.0}