{"Interferences": 12, "Mass": 3.0131591254346293, "Batt_amps_ratio_MFD": 0.730786622, "Batt_amps_ratio_MxSpd": 0.730786622, "Distance_MxSpd": 1366.1991, "Max_Distance": 1366.1991, "Hover_Time": 0.0, "Max_Speed": 26.0, "Max_uc_at_MFD": 0.999777555, "Mot_amps_ratio_MFD": 0.421676219, "Mot_amps_ratio_MxSpd": 0.421676219, "Mot_power_ratio_MFD": 0.28140372, "Mot_power_ratio_MxSpd": 0.28140372, "Power_MFD": 927.293518, "Power_MxSpd": 927.293518, "Speed_MFD": 26.0}