{"Interferences": 27, "Mass": 5.133007264314865, "Batt_amps_ratio_MFD": 1.89644945, "Batt_amps_ratio_MxSpd": 2.70831776, "Distance_MxSpd": 538.784607, "Max_Distance": 587.202576, "Hover_Time": 32.6491508, "Max_Speed": 38.0, "Max_uc_at_MFD": 0.664696097, "Mot_amps_ratio_MFD": 0.706216216, "Mot_amps_ratio_MxSpd": 0.887848377, "Mot_power_ratio_MFD": 0.235538021, "Mot_power_ratio_MxSpd": 0.296116173, "Power_MFD": 1616.55481, "Power_MxSpd": 3001.56616, "Speed_MFD": 29.0}