{"Interferences": 15, "Mass": 7.584421001039822, "Batt_amps_ratio_MFD": 0.263745695, "Batt_amps_ratio_MxSpd": 0.263745695, "Distance_MxSpd": 8007.71338, "Max_Distance": 8007.71338, "Hover_Time": 395.241089, "Max_Speed": 22.0, "Max_uc_at_MFD": 0.991880834, "Mot_amps_ratio_MFD": 0.751943827, "Mot_amps_ratio_MxSpd": 0.751943827, "Mot_power_ratio_MFD": 0.687365115, "Mot_power_ratio_MxSpd": 0.687365115, "Power_MFD": 1789.91272, "Power_MxSpd": 1789.91272, "Speed_MFD": 22.0}