{"Interferences": 41, "Mass": 4.979797649053358, "Batt_amps_ratio_MFD": 0.805913746, "Batt_amps_ratio_MxSpd": 1.1601336, "Distance_MxSpd": 1290.88586, "Max_Distance": 1477.08105, "Hover_Time": 75.9601059, "Max_Speed": 39.0, "Max_uc_at_MFD": 0.546625972, "Mot_amps_ratio_MFD": 0.944864511, "Mot_amps_ratio_MxSpd": 0.738153458, "Mot_power_ratio_MFD": 0.925411403, "Mot_power_ratio_MxSpd": 0.722956181, "Power_MFD": 1864.75793, "Power_MxSpd": 3047.91821, "Speed_MFD": 31.0}