{"Interferences": 8, "Mass": 4.248532212883478, "Batt_amps_ratio_MFD": 0.6489259, "Batt_amps_ratio_MxSpd": 1.04956436, "Distance_MxSpd": 1390.29114, "Max_Distance": 1775.24121, "Hover_Time": 104.770622, "Max_Speed": 38.0, "Max_uc_at_MFD": 0.987666428, "Mot_amps_ratio_MFD": 0.984235048, "Mot_amps_ratio_MxSpd": 0.692129552, "Mot_power_ratio_MFD": 0.676310062, "Mot_power_ratio_MxSpd": 0.475591868, "Power_MFD": 1888.97742, "Power_MxSpd": 3335.42578, "Speed_MFD": 30.0}