{"Interferences": 16, "Mass": 7.064068678662405, "Batt_amps_ratio_MFD": 0.566295624, "Batt_amps_ratio_MxSpd": 0.566295624, "Distance_MxSpd": 6102.81934, "Max_Distance": 6102.81934, "Hover_Time": 0.0, "Max_Speed": 36.0, "Max_uc_at_MFD": 0.739666164, "Mot_amps_ratio_MFD": 0.971978724, "Mot_amps_ratio_MxSpd": 0.971978724, "Mot_power_ratio_MFD": 0.899080336, "Mot_power_ratio_MxSpd": 0.899080336, "Power_MFD": 2904.48022, "Power_MxSpd": 2904.48022, "Speed_MFD": 36.0}