{"Interferences": 5, "Mass": 9.832937766515595, "Batt_amps_ratio_MFD": 1.45041442, "Batt_amps_ratio_MxSpd": 1.45041442, "Distance_MxSpd": 4633.15869, "Max_Distance": 4633.15869, "Hover_Time": 197.42984, "Max_Speed": 35.0, "Max_uc_at_MFD": 0.48861748, "Mot_amps_ratio_MFD": 0.985359073, "Mot_amps_ratio_MxSpd": 0.985359073, "Mot_power_ratio_MFD": 0.991155326, "Mot_power_ratio_MxSpd": 0.991155326, "Power_MFD": 3722.198, "Power_MxSpd": 3722.198, "Speed_MFD": 35.0}