{"Interferences": 12, "Mass": 5.048811734608232, "Batt_amps_ratio_MFD": 0.275532931, "Batt_amps_ratio_MxSpd": 0.275532931, "Distance_MxSpd": 3623.52319, "Max_Distance": 3623.52319, "Hover_Time": 190.050537, "Max_Speed": 26.0, "Max_uc_at_MFD": 0.943350971, "Mot_amps_ratio_MFD": 0.983869791, "Mot_amps_ratio_MxSpd": 0.983869791, "Mot_power_ratio_MFD": 0.485375762, "Mot_power_ratio_MxSpd": 0.485375762, "Power_MFD": 1476.93311, "Power_MxSpd": 1476.93311, "Speed_MFD": 26.0}