{"Interferences": 16, "Mass": 4.119973657920345, "Batt_amps_ratio_MFD": 0.142870262, "Batt_amps_ratio_MxSpd": 0.142870262, "Distance_MxSpd": 4569.18018, "Max_Distance": 4569.18018, "Hover_Time": 291.03714, "Max_Speed": 17.0, "Max_uc_at_MFD": 0.996204555, "Mot_amps_ratio_MFD": 0.402216256, "Mot_amps_ratio_MxSpd": 0.402216256, "Mot_power_ratio_MFD": 0.24511531, "Mot_power_ratio_MxSpd": 0.24511531, "Power_MFD": 706.002869, "Power_MxSpd": 706.002869, "Speed_MFD": 17.0}