{"Interferences": 12, "Mass": 7.308400459359709, "Batt_amps_ratio_MFD": 0.268386453, "Batt_amps_ratio_MxSpd": 0.307596564, "Distance_MxSpd": 4244.521, "Max_Distance": 4292.31787, "Hover_Time": 210.633209, "Max_Speed": 34.0, "Max_uc_at_MFD": 0.951891541, "Mot_amps_ratio_MFD": 0.307849884, "Mot_amps_ratio_MxSpd": 0.332808226, "Mot_power_ratio_MFD": 0.160178155, "Mot_power_ratio_MxSpd": 0.173164293, "Power_MFD": 2344.26392, "Power_MxSpd": 2909.40503, "Speed_MFD": 30.0}