{
  "generator_version":"UAV2_gen12",
  "name":"design_2742_c0eb587340584b029413039fa2278b75_dw",
  "hub":{
    "node_type":"ConnectedHub3_2_1",
    "angle":113.34889182780482,
    "centerSegment":{
      "node_type":"AngledPropArm",
      "armLength":361.48294590551103,
      "motor":{
        "motorType":"t_motor_MN3515KV400"
      },
      "prop":{
        "propType":"apc_propellers_17x7E"
      }
    },
    "mainSegment":{
      "node_type":"BranchSegment_Sym",
      "armLength":375.8521937342337,
      "angle":180.0,
      "mainSegment":{
        "node_type":"AngledWingArm",
        "arm1Length":182.68516085086162,
        "arm2Length":135.3910926578314,
        "wing":{
          "wingType":"Wing_horiz_hole",
          "nacaProfile":"6415",
          "span":1675.5058872629365,
          "chordInner":275.32571121947035,
          "chordOuter":149.4129373383546,
          "taperOffset":true,
          "aileronBias":0.8187260112186154,
          "flapBias":0.8871016211234404,
          "load":195.6332378611565,
          "tubeOffset":32.57701851276616,
          "tubeRot":270.0
        },
        "servo":{
          "servoType":"Hitec_HS_225BB"
        }
      }
    }
  },
  "fuselageWithComponents":{
    "node_type":"DualBatteryFuselageWithComponents",
    "battery":{
      "batteryType":"Tattu30C16000mAh6S1P"
    },
    "fuselage":{
      "length":190.0,
      "vertDiameter":114.0,
      "horzDiameter":483.9,
      "floorHeight":19.0,
      "battery1X":0.0,
      "battery1Y":-27.0,
      "battery2X":0.0,
      "battery2Y":40.0,
      "rpmX":0.0,
      "rpmY":-151.3,
      "autoPilotX":0.0,
      "autoPilotY":95.0,
      "currentX":0.0,
      "currentY":-131.15,
      "voltageX":0.0,
      "voltageY":148.8,
      "gpsX":0.0,
      "gpsY":-91.0,
      "varioX":0.0,
      "varioY":127.15
    }
  }
}