{"Interferences": 11, "Mass": 3.633437529948005, "Batt_amps_ratio_MFD": 0.257693321, "Batt_amps_ratio_MxSpd": 0.257693321, "Distance_MxSpd": 3427.32983, "Max_Distance": 3427.32983, "Hover_Time": 211.047592, "Max_Speed": 23.0, "Max_uc_at_MFD": 0.983495653, "Mot_amps_ratio_MFD": 0.356305361, "Mot_amps_ratio_MxSpd": 0.356305361, "Mot_power_ratio_MFD": 0.0891265199, "Mot_power_ratio_MxSpd": 0.0891265199, "Power_MFD": 813.99884, "Power_MxSpd": 813.99884, "Speed_MFD": 23.0}