{"Interferences": 17, "Mass": 5.449788967963602, "Batt_amps_ratio_MFD": 0.697018921, "Batt_amps_ratio_MxSpd": 0.785430551, "Distance_MxSpd": 586.68457, "Max_Distance": 606.009338, "Hover_Time": 0.0, "Max_Speed": 12.0, "Max_uc_at_MFD": 0.997752368, "Mot_amps_ratio_MFD": 0.451587528, "Mot_amps_ratio_MxSpd": 0.469836205, "Mot_power_ratio_MFD": 0.200504854, "Mot_power_ratio_MxSpd": 0.228164211, "Power_MFD": 685.119568, "Power_MxSpd": 830.020813, "Speed_MFD": 11.0}