{"Interferences": 4, "Mass": 4.806314441423592, "Batt_amps_ratio_MFD": 0.691964269, "Batt_amps_ratio_MxSpd": 0.691964269, "Distance_MxSpd": 998.895569, "Max_Distance": 998.895569, "Hover_Time": 0.0, "Max_Speed": 18.0, "Max_uc_at_MFD": 0.998148143, "Mot_amps_ratio_MFD": 0.309187025, "Mot_amps_ratio_MxSpd": 0.309187025, "Mot_power_ratio_MFD": 0.0883138925, "Mot_power_ratio_MxSpd": 0.0883138925, "Power_MFD": 1017.15204, "Power_MxSpd": 1017.15204, "Speed_MFD": 18.0}