{"Interferences": 8, "Mass": 3.6365292271689698, "Batt_amps_ratio_MFD": 0.64839977, "Batt_amps_ratio_MxSpd": 0.64839977, "Distance_MxSpd": 1006.78625, "Max_Distance": 1006.78625, "Hover_Time": 65.4931183, "Max_Speed": 17.0, "Max_uc_at_MFD": 0.990400195, "Mot_amps_ratio_MFD": 0.277400404, "Mot_amps_ratio_MxSpd": 0.277400404, "Mot_power_ratio_MFD": 0.128297687, "Mot_power_ratio_MxSpd": 0.128297687, "Power_MFD": 621.03595, "Power_MxSpd": 621.03595, "Speed_MFD": 17.0}