{"Interferences": 16, "Mass": 12.947068887914224, "Batt_amps_ratio_MFD": 0.975361466, "Batt_amps_ratio_MxSpd": 0.975361466, "Distance_MxSpd": 3149.60156, "Max_Distance": 3149.60156, "Hover_Time": 0.0, "Max_Speed": 32.0, "Max_uc_at_MFD": 0.996169567, "Mot_amps_ratio_MFD": 0.47791633, "Mot_amps_ratio_MxSpd": 0.47791633, "Mot_power_ratio_MFD": 0.204762727, "Mot_power_ratio_MxSpd": 0.204762727, "Power_MFD": 5610.9292, "Power_MxSpd": 5610.9292, "Speed_MFD": 32.0}