{"Interferences": 27, "Mass": 5.873630939092965, "Batt_amps_ratio_MFD": 0.937110424, "Batt_amps_ratio_MxSpd": 0.937110424, "Distance_MxSpd": 4302.58789, "Max_Distance": 4302.58789, "Hover_Time": 631.55835, "Max_Speed": 7.0, "Max_uc_at_MFD": 0.869382739, "Mot_amps_ratio_MFD": 0.730495811, "Mot_amps_ratio_MxSpd": 0.730495811, "Mot_power_ratio_MFD": 0.548180521, "Mot_power_ratio_MxSpd": 0.548180521, "Power_MFD": 1041.06714, "Power_MxSpd": 1041.06714, "Speed_MFD": 7.0}