{"Interferences": 0, "Mass": 7.358698945536947, "Batt_amps_ratio_MFD": 0.629296482, "Batt_amps_ratio_MxSpd": 1.12625206, "Distance_MxSpd": 3835.7312, "Max_Distance": 4576.53955, "Hover_Time": 184.632584, "Max_Speed": 45.0, "Max_uc_at_MFD": 0.720091939, "Mot_amps_ratio_MFD": 0.894812763, "Mot_amps_ratio_MxSpd": 0.888904452, "Mot_power_ratio_MFD": 0.876390159, "Mot_power_ratio_MxSpd": 0.870603502, "Power_MFD": 2527.72314, "Power_MxSpd": 5766.05225, "Speed_MFD": 30.0}