{"Interferences": 14, "Mass": 4.149426695678192, "Batt_amps_ratio_MFD": 1.37243581, "Batt_amps_ratio_MxSpd": 2.25192952, "Distance_MxSpd": 630.925598, "Max_Distance": 727.465698, "Hover_Time": 44.5146103, "Max_Speed": 37.0, "Max_uc_at_MFD": 0.481583059, "Mot_amps_ratio_MFD": 0.817105949, "Mot_amps_ratio_MxSpd": 0.969884336, "Mot_power_ratio_MFD": 0.613960862, "Mot_power_ratio_MxSpd": 0.728756189, "Power_MFD": 1160.99731, "Power_MxSpd": 2526.08618, "Speed_MFD": 26.0}