{"Interferences": 21, "Mass": 12.340997081755477, "Batt_amps_ratio_MFD": 1.36947024, "Batt_amps_ratio_MxSpd": 1.36947024, "Distance_MxSpd": 4626.60645, "Max_Distance": 4626.60645, "Hover_Time": 0.0, "Max_Speed": 22.0, "Max_uc_at_MFD": 0.780114412, "Mot_amps_ratio_MFD": 0.925289571, "Mot_amps_ratio_MxSpd": 0.925289571, "Mot_power_ratio_MFD": 0.708491564, "Mot_power_ratio_MxSpd": 0.708491564, "Power_MFD": 5091.11328, "Power_MxSpd": 5091.11328, "Speed_MFD": 22.0}