{"Interferences": 7, "Mass": 3.0636979142843765, "Batt_amps_ratio_MFD": 0.636909842, "Batt_amps_ratio_MxSpd": 0.636909842, "Distance_MxSpd": 1386.69543, "Max_Distance": 1386.69543, "Hover_Time": 0.0, "Max_Speed": 23.0, "Max_uc_at_MFD": 0.965201318, "Mot_amps_ratio_MFD": 0.482480258, "Mot_amps_ratio_MxSpd": 0.482480258, "Mot_power_ratio_MFD": 0.446294248, "Mot_power_ratio_MxSpd": 0.446294248, "Power_MFD": 891.714539, "Power_MxSpd": 891.714539, "Speed_MFD": 23.0}