{"Interferences": 85, "Mass": 5.248879110792982, "Batt_amps_ratio_MFD": 0.272361994, "Batt_amps_ratio_MxSpd": 0.272361994, "Distance_MxSpd": 3806.69849, "Max_Distance": 3806.69849, "Hover_Time": 195.673843, "Max_Speed": 27.0, "Max_uc_at_MFD": 0.998459399, "Mot_amps_ratio_MFD": 0.665537894, "Mot_amps_ratio_MxSpd": 0.665537894, "Mot_power_ratio_MFD": 0.410415053, "Mot_power_ratio_MxSpd": 0.410415053, "Power_MFD": 1381.36572, "Power_MxSpd": 1381.36572, "Speed_MFD": 27.0}