{"Interferences": 0, "Mass": 5.170781965970214, "Batt_amps_ratio_MFD": 0.211039484, "Batt_amps_ratio_MxSpd": 0.240244314, "Distance_MxSpd": 4315.60693, "Max_Distance": 4366.95557, "Hover_Time": 259.244446, "Max_Speed": 27.0, "Max_uc_at_MFD": 0.981465757, "Mot_amps_ratio_MFD": 0.601177335, "Mot_amps_ratio_MxSpd": 0.565805316, "Mot_power_ratio_MFD": 0.389262319, "Mot_power_ratio_MxSpd": 0.366358936, "Power_MFD": 1216.16846, "Power_MxSpd": 1491.83875, "Speed_MFD": 24.0}