{"Interferences": 39, "Mass": 6.802035717018376, "Batt_amps_ratio_MFD": 0.595971286, "Batt_amps_ratio_MxSpd": 0.840467691, "Distance_MxSpd": 4340.44043, "Max_Distance": 4832.44775, "Hover_Time": 231.862595, "Max_Speed": 38.0, "Max_uc_at_MFD": 0.501966953, "Mot_amps_ratio_MFD": 0.89161849, "Mot_amps_ratio_MxSpd": 0.940672457, "Mot_power_ratio_MFD": 0.873261631, "Mot_power_ratio_MxSpd": 0.921305656, "Power_MFD": 2072.34375, "Power_MxSpd": 3482.08472, "Speed_MFD": 30.0}