{
  "generator_version":"UAV2_gen12",
  "name":"design_2840_d176bdd7537f4155822b81de0ff662a2_s",
  "hub":{
    "node_type":"ConnectedHub3_2_1",
    "angle":180.0,
    "centerSegment":{
      "node_type":"PropArm",
      "armLength":456.09660737883513,
      "motor":{
        "motorType":"kde_direct_KDE600XF_1100_G3"
      },
      "prop":{
        "propType":"apc_propellers_9x4_5E"
      },
      "flange":{
        "offset":-44.67424681913237,
        "angle":0.0
      }
    },
    "mainSegment":{
      "node_type":"AngledWingArm",
      "arm1Length":305.68761986649207,
      "arm2Length":193.70640768476383,
      "wing":{
        "wingType":"Wing_vert_hole",
        "nacaProfile":"4712",
        "span":894.1578590718452,
        "chordInner":264.1729958138591,
        "chordOuter":179.2457588732135,
        "taperOffset":false,
        "aileronBias":0.7032987214403801,
        "flapBias":0.6546392435806616,
        "load":198.9573134186856,
        "tubeOffset":33.38446067953406,
        "tubeRot":259.81047961805945
      },
      "servo":{
        "servoType":"Hitec_HS_5496MH"
      }
    }
  },
  "fuselageWithComponents":{
    "node_type":"SingleBatteryFuselageWithComponents",
    "battery":{
      "batteryType":"TurnigyGraphene4000mAh4S75C"
    },
    "fuselage":{
      "length":145.0,
      "vertDiameter":76.5,
      "horzDiameter":339.9,
      "floorHeight":12.75,
      "batteryX":0.0,
      "batteryY":6.0,
      "rpmX":0.0,
      "rpmY":-103.3,
      "autoPilotX":0.0,
      "autoPilotY":47.0,
      "currentX":0.0,
      "currentY":-83.15,
      "voltageX":0.0,
      "voltageY":100.8,
      "gpsX":0.0,
      "gpsY":-43.0,
      "varioX":0.0,
      "varioY":79.15
    }
  }
}