{"Interferences": 4, "Mass": 4.948561360818207, "Batt_amps_ratio_MFD": 0.355911881, "Batt_amps_ratio_MxSpd": 0.355911881, "Distance_MxSpd": 1294.70251, "Max_Distance": 1294.70251, "Hover_Time": 53.6064262, "Max_Speed": 12.0, "Max_uc_at_MFD": 0.999852896, "Mot_amps_ratio_MFD": 0.404385865, "Mot_amps_ratio_MxSpd": 0.404385865, "Mot_power_ratio_MFD": 0.149622768, "Mot_power_ratio_MxSpd": 0.149622768, "Power_MFD": 304.83847, "Power_MxSpd": 304.83847, "Speed_MFD": 12.0}