{"Interferences": 20, "Mass": 4.009925399489085, "Batt_amps_ratio_MFD": 0.26874271, "Batt_amps_ratio_MxSpd": 0.26874271, "Distance_MxSpd": 3286.41455, "Max_Distance": 3286.41455, "Hover_Time": 175.060104, "Max_Speed": 23.0, "Max_uc_at_MFD": 0.984638214, "Mot_amps_ratio_MFD": 0.489243835, "Mot_amps_ratio_MxSpd": 0.489243835, "Mot_power_ratio_MFD": 0.241360292, "Mot_power_ratio_MxSpd": 0.241360292, "Power_MFD": 844.692993, "Power_MxSpd": 844.692993, "Speed_MFD": 23.0}