{"Interferences": 77, "Mass": 3.542801790701505, "Batt_amps_ratio_MFD": 0.791078269, "Batt_amps_ratio_MxSpd": 0.791078269, "Distance_MxSpd": 631.037415, "Max_Distance": 631.037415, "Hover_Time": 51.8833275, "Max_Speed": 13.0, "Max_uc_at_MFD": 0.9998945, "Mot_amps_ratio_MFD": 0.269936562, "Mot_amps_ratio_MxSpd": 0.269936562, "Mot_power_ratio_MFD": 0.0674841404, "Mot_power_ratio_MxSpd": 0.0674841404, "Power_MFD": 402.701141, "Power_MxSpd": 402.701141, "Speed_MFD": 13.0}