{"Interferences": 0, "Mass": 4.20492321317658, "Batt_amps_ratio_MFD": 0.364497155, "Batt_amps_ratio_MxSpd": 0.564566493, "Distance_MxSpd": 2380.58765, "Max_Distance": 2844.46655, "Hover_Time": 187.905289, "Max_Speed": 35.0, "Max_uc_at_MFD": 0.962870181, "Mot_amps_ratio_MFD": 0.627547801, "Mot_amps_ratio_MxSpd": 0.514535308, "Mot_power_ratio_MFD": 0.470660836, "Mot_power_ratio_MxSpd": 0.385901451, "Power_MFD": 1505.24622, "Power_MxSpd": 2703.50122, "Speed_MFD": 27.0}