{"Interferences": 6, "Mass": 8.797117411533304, "Batt_amps_ratio_MFD": 0.470274299, "Batt_amps_ratio_MxSpd": 0.609370291, "Distance_MxSpd": 3465.8728, "Max_Distance": 3674.45142, "Hover_Time": 243.410095, "Max_Speed": 22.0, "Max_uc_at_MFD": 0.86271739, "Mot_amps_ratio_MFD": 0.962549984, "Mot_amps_ratio_MxSpd": 0.997514904, "Mot_power_ratio_MFD": 0.963530004, "Mot_power_ratio_MxSpd": 0.998530507, "Power_MFD": 2568.60913, "Power_MxSpd": 3760.07568, "Speed_MFD": 18.0}