{"Interferences": 8, "Mass": 4.260040500694893, "Batt_amps_ratio_MFD": 0.560419321, "Batt_amps_ratio_MxSpd": 0.560419321, "Distance_MxSpd": 1644.48291, "Max_Distance": 1644.48291, "Hover_Time": 78.4651642, "Max_Speed": 24.0, "Max_uc_at_MFD": 0.927534699, "Mot_amps_ratio_MFD": 0.917674243, "Mot_amps_ratio_MxSpd": 0.917674243, "Mot_power_ratio_MFD": 0.452719271, "Mot_power_ratio_MxSpd": 0.452719271, "Power_MFD": 1105.87988, "Power_MxSpd": 1105.87988, "Speed_MFD": 24.0}