{"Interferences": 16, "Mass": 5.530001040259496, "Batt_amps_ratio_MFD": 0.600490451, "Batt_amps_ratio_MxSpd": 0.691504419, "Distance_MxSpd": 4045.83716, "Max_Distance": 4110.92529, "Hover_Time": 181.08725, "Max_Speed": 34.0, "Max_uc_at_MFD": 0.832583964, "Mot_amps_ratio_MFD": 0.827010214, "Mot_amps_ratio_MxSpd": 0.97412622, "Mot_power_ratio_MFD": 0.620257616, "Mot_power_ratio_MxSpd": 0.730594695, "Power_MFD": 1832.72266, "Power_MxSpd": 2360.09082, "Speed_MFD": 30.0}