{"Interferences": 47, "Mass": 4.382472032191123, "Batt_amps_ratio_MFD": 0.37873283, "Batt_amps_ratio_MxSpd": 0.419184804, "Distance_MxSpd": 4122.28662, "Max_Distance": 4345.31738, "Hover_Time": 0.0, "Max_Speed": 21.0, "Max_uc_at_MFD": 0.648979843, "Mot_amps_ratio_MFD": 0.924229383, "Mot_amps_ratio_MxSpd": 0.961933076, "Mot_power_ratio_MFD": 0.683929741, "Mot_power_ratio_MxSpd": 0.711830497, "Power_MFD": 926.357788, "Power_MxSpd": 1061.75366, "Speed_MFD": 20.0}