{"Interferences": 9, "Mass": 6.947560676617448, "Batt_amps_ratio_MFD": 1.04736793, "Batt_amps_ratio_MxSpd": 1.34317112, "Distance_MxSpd": 886.260803, "Max_Distance": 916.583313, "Hover_Time": 49.9298286, "Max_Speed": 31.0, "Max_uc_at_MFD": 0.986616611, "Mot_amps_ratio_MFD": 0.326940894, "Mot_amps_ratio_MxSpd": 0.300992042, "Mot_power_ratio_MFD": 0.0700387359, "Mot_power_ratio_MxSpd": 0.0644798577, "Power_MFD": 1726.31201, "Power_MxSpd": 2327.08081, "Speed_MFD": 25.0}