{"Interferences": 34, "Mass": 6.81044869456654, "Batt_amps_ratio_MFD": 4.38651943, "Batt_amps_ratio_MxSpd": 4.38651943, "Distance_MxSpd": 236.360519, "Max_Distance": 236.360519, "Hover_Time": 10.4656801, "Max_Speed": 27.0, "Max_uc_at_MFD": 0.935202479, "Mot_amps_ratio_MFD": 0.897831202, "Mot_amps_ratio_MxSpd": 0.897831202, "Mot_power_ratio_MFD": 0.847103715, "Mot_power_ratio_MxSpd": 0.847103715, "Power_MFD": 3047.08618, "Power_MxSpd": 3047.08618, "Speed_MFD": 27.0}