{"Interferences": 6, "Mass": 4.728157004466063, "Batt_amps_ratio_MFD": 0.869105399, "Batt_amps_ratio_MxSpd": 1.20685649, "Distance_MxSpd": 859.09137, "Max_Distance": 972.033997, "Hover_Time": 42.415802, "Max_Speed": 27.0, "Max_uc_at_MFD": 0.807542205, "Mot_amps_ratio_MFD": 0.69448787, "Mot_amps_ratio_MxSpd": 0.857704759, "Mot_power_ratio_MFD": 0.513921022, "Mot_power_ratio_MxSpd": 0.63470155, "Power_MFD": 1256.27844, "Power_MxSpd": 2041.19971, "Speed_MFD": 22.0}