{"Interferences": 0, "Mass": 5.60206869368882, "Batt_amps_ratio_MFD": 0.264526367, "Batt_amps_ratio_MxSpd": 0.264526367, "Distance_MxSpd": 3774.29272, "Max_Distance": 3774.29272, "Hover_Time": 215.924072, "Max_Speed": 26.0, "Max_uc_at_MFD": 0.601476371, "Mot_amps_ratio_MFD": 0.933584511, "Mot_amps_ratio_MxSpd": 0.933584511, "Mot_power_ratio_MFD": 0.829023004, "Mot_power_ratio_MxSpd": 0.829023004, "Power_MFD": 1459.62085, "Power_MxSpd": 1459.62085, "Speed_MFD": 26.0}