{"Interferences": 28, "Mass": 22.248036966828813, "Batt_amps_ratio_MFD": 1.77073359, "Batt_amps_ratio_MxSpd": 1.77073359, "Distance_MxSpd": 1301.15564, "Max_Distance": 1301.15564, "Hover_Time": 0.0, "Max_Speed": 12.0, "Max_uc_at_MFD": 0.602874696, "Mot_amps_ratio_MFD": 0.826034486, "Mot_amps_ratio_MxSpd": 0.826034486, "Mot_power_ratio_MFD": 0.952672482, "Mot_power_ratio_MxSpd": 0.952672482, "Power_MFD": 5085.52734, "Power_MxSpd": 5085.52734, "Speed_MFD": 12.0}