{"Interferences": 67, "Mass": 5.503380394571778, "Batt_amps_ratio_MFD": 1.36968732, "Batt_amps_ratio_MxSpd": 1.5979203, "Distance_MxSpd": 648.843384, "Max_Distance": 672.854309, "Hover_Time": 21.6003723, "Max_Speed": 27.0, "Max_uc_at_MFD": 0.927167118, "Mot_amps_ratio_MFD": 0.613092422, "Mot_amps_ratio_MxSpd": 0.877504289, "Mot_power_ratio_MFD": 0.495967776, "Mot_power_ratio_MxSpd": 0.865804195, "Power_MFD": 1663.78235, "Power_MxSpd": 2021.81372, "Speed_MFD": 24.0}