{"Interferences": 10, "Mass": 2.9569734706650244, "Batt_amps_ratio_MFD": 0.766883552, "Batt_amps_ratio_MxSpd": 0.766883552, "Distance_MxSpd": 1001.45581, "Max_Distance": 1001.45581, "Hover_Time": 70.3299713, "Max_Speed": 20.0, "Max_uc_at_MFD": 0.999571025, "Mot_amps_ratio_MFD": 0.448952287, "Mot_amps_ratio_MxSpd": 0.448952287, "Mot_power_ratio_MFD": 0.166112348, "Mot_power_ratio_MxSpd": 0.166112348, "Power_MFD": 611.859802, "Power_MxSpd": 611.859802, "Speed_MFD": 20.0}