{"Interferences": 7, "Mass": 3.386329149051022, "Batt_amps_ratio_MFD": 0.191862434, "Batt_amps_ratio_MxSpd": 0.191862434, "Distance_MxSpd": 2001.43396, "Max_Distance": 2001.43396, "Hover_Time": 0.0, "Max_Speed": 10.0, "Max_uc_at_MFD": 1.0, "Mot_amps_ratio_MFD": 0.411358804, "Mot_amps_ratio_MxSpd": 0.411358804, "Mot_power_ratio_MFD": 0.152202755, "Mot_power_ratio_MxSpd": 0.152202755, "Power_MFD": 368.200775, "Power_MxSpd": 368.200775, "Speed_MFD": 10.0}