{"Interferences": 2, "Mass": 4.17378523412587, "Batt_amps_ratio_MFD": 0.151315451, "Batt_amps_ratio_MxSpd": 0.157819197, "Distance_MxSpd": 6326.22656, "Max_Distance": 6344.3623, "Hover_Time": 377.28064, "Max_Speed": 26.0, "Max_uc_at_MFD": 0.892570436, "Mot_amps_ratio_MFD": 0.923617005, "Mot_amps_ratio_MxSpd": 0.95906359, "Mot_power_ratio_MFD": 0.683476567, "Mot_power_ratio_MxSpd": 0.709707081, "Power_MFD": 1173.71899, "Power_MxSpd": 1267.41284, "Speed_MFD": 25.0}