{"Interferences": 15, "Mass": 2.381785383398872, "Batt_amps_ratio_MFD": 0.602666438, "Batt_amps_ratio_MxSpd": 0.602666438, "Distance_MxSpd": 1338.05359, "Max_Distance": 1338.05359, "Hover_Time": 0.0, "Max_Speed": 21.0, "Max_uc_at_MFD": 0.99422574, "Mot_amps_ratio_MFD": 0.448670357, "Mot_amps_ratio_MxSpd": 0.448670357, "Mot_power_ratio_MFD": 0.290514052, "Mot_power_ratio_MxSpd": 0.290514052, "Power_MFD": 575.399841, "Power_MxSpd": 575.399841, "Speed_MFD": 21.0}