{"Interferences": 14, "Mass": 6.339408683457313, "Batt_amps_ratio_MFD": 1.67839885, "Batt_amps_ratio_MxSpd": 1.67839885, "Distance_MxSpd": 366.063171, "Max_Distance": 366.063171, "Hover_Time": 20.7633629, "Max_Speed": 16.0, "Max_uc_at_MFD": 0.999980748, "Mot_amps_ratio_MFD": 0.344686627, "Mot_amps_ratio_MxSpd": 0.344686627, "Mot_power_ratio_MFD": 0.168795064, "Mot_power_ratio_MxSpd": 0.168795064, "Power_MFD": 1046.8634, "Power_MxSpd": 1046.8634, "Speed_MFD": 16.0}