{"Interferences": 79, "Mass": 4.0203481482248575, "Batt_amps_ratio_MFD": 0.212890103, "Batt_amps_ratio_MxSpd": 0.224537581, "Distance_MxSpd": 4959.52637, "Max_Distance": 5050.49316, "Hover_Time": 271.374695, "Max_Speed": 29.0, "Max_uc_at_MFD": 0.775427639, "Mot_amps_ratio_MFD": 0.787289381, "Mot_amps_ratio_MxSpd": 0.876700938, "Mot_power_ratio_MFD": 0.582594156, "Mot_power_ratio_MxSpd": 0.648758709, "Power_MFD": 1202.53052, "Power_MxSpd": 1326.43567, "Speed_MFD": 28.0}