{"Interferences": 49, "Mass": 5.458146732745268, "Batt_amps_ratio_MFD": 2.15600634, "Batt_amps_ratio_MxSpd": 3.09794188, "Distance_MxSpd": 557.789673, "Max_Distance": 605.564087, "Hover_Time": 27.3620129, "Max_Speed": 45.0, "Max_uc_at_MFD": 0.854639113, "Mot_amps_ratio_MFD": 0.739476979, "Mot_amps_ratio_MxSpd": 0.787811875, "Mot_power_ratio_MFD": 0.246465907, "Mot_power_ratio_MxSpd": 0.262575805, "Power_MFD": 2170.5, "Power_MxSpd": 3931.96631, "Speed_MFD": 34.0}