{"Interferences": 6, "Mass": 19.630464612232668, "Batt_amps_ratio_MFD": 0.606748521, "Batt_amps_ratio_MxSpd": 0.606748521, "Distance_MxSpd": 4936.47656, "Max_Distance": 4936.47656, "Hover_Time": 196.485916, "Max_Speed": 26.0, "Max_uc_at_MFD": 0.335123211, "Mot_amps_ratio_MFD": 0.707343817, "Mot_amps_ratio_MxSpd": 0.707343817, "Mot_power_ratio_MFD": 0.707742333, "Mot_power_ratio_MxSpd": 0.707742333, "Power_MFD": 4594.58594, "Power_MxSpd": 4594.58594, "Speed_MFD": 26.0}