{"Interferences": 2, "Mass": 7.404446301351115, "Batt_amps_ratio_MFD": 0.335885614, "Batt_amps_ratio_MxSpd": 0.410816133, "Distance_MxSpd": 8412.52246, "Max_Distance": 8860.15918, "Hover_Time": 428.613983, "Max_Speed": 36.0, "Max_uc_at_MFD": 0.990689933, "Mot_amps_ratio_MFD": 0.839832485, "Mot_amps_ratio_MxSpd": 0.762493312, "Mot_power_ratio_MFD": 0.630229235, "Mot_power_ratio_MxSpd": 0.572192132, "Power_MFD": 2356.74316, "Power_MxSpd": 3103.86499, "Speed_MFD": 31.0}