{"Interferences": 18, "Mass": 2.8722214957258463, "Batt_amps_ratio_MFD": 0.774427772, "Batt_amps_ratio_MxSpd": 0.952212393, "Distance_MxSpd": 1169.48694, "Max_Distance": 1190.03992, "Hover_Time": 0.0, "Max_Speed": 29.0, "Max_uc_at_MFD": 0.701105535, "Mot_amps_ratio_MFD": 0.687308073, "Mot_amps_ratio_MxSpd": 0.922486126, "Mot_power_ratio_MFD": 0.515589952, "Mot_power_ratio_MxSpd": 0.692010701, "Power_MFD": 781.880798, "Power_MxSpd": 1198.19666, "Speed_MFD": 24.0}