{"Interferences": 0, "Mass": 4.398826163534292, "Batt_amps_ratio_MFD": 0.374155521, "Batt_amps_ratio_MxSpd": 0.374155521, "Distance_MxSpd": 2052.62231, "Max_Distance": 2052.62231, "Hover_Time": 131.255661, "Max_Speed": 20.0, "Max_uc_at_MFD": 1.0, "Mot_amps_ratio_MFD": 0.355049729, "Mot_amps_ratio_MxSpd": 0.355049729, "Mot_power_ratio_MFD": 0.164210498, "Mot_power_ratio_MxSpd": 0.164210498, "Power_MFD": 851.308044, "Power_MxSpd": 851.308044, "Speed_MFD": 20.0}