{"Interferences": 36, "Mass": 10.409899513918829, "Batt_amps_ratio_MFD": 0.263132006, "Batt_amps_ratio_MxSpd": 0.263132006, "Distance_MxSpd": 2918.68701, "Max_Distance": 2918.68701, "Hover_Time": 0.0, "Max_Speed": 8.0, "Max_uc_at_MFD": 0.905592978, "Mot_amps_ratio_MFD": 0.904013395, "Mot_amps_ratio_MxSpd": 0.904013395, "Mot_power_ratio_MFD": 0.678391993, "Mot_power_ratio_MxSpd": 0.678391993, "Power_MFD": 2225.63013, "Power_MxSpd": 2225.63013, "Speed_MFD": 8.0}