{"Interferences": 14, "Mass": 8.066595108990292, "Batt_amps_ratio_MFD": 0.628716409, "Batt_amps_ratio_MxSpd": 0.628716409, "Distance_MxSpd": 3817.30127, "Max_Distance": 3817.30127, "Hover_Time": 0.0, "Max_Speed": 25.0, "Max_uc_at_MFD": 0.994406998, "Mot_amps_ratio_MFD": 0.925318241, "Mot_amps_ratio_MxSpd": 0.925318241, "Mot_power_ratio_MFD": 0.927290678, "Mot_power_ratio_MxSpd": 0.927290678, "Power_MFD": 3778.56104, "Power_MxSpd": 3778.56104, "Speed_MFD": 25.0}