{"Interferences": 16, "Mass": 7.746211912018245, "Batt_amps_ratio_MFD": 0.404735357, "Batt_amps_ratio_MxSpd": 0.404735357, "Distance_MxSpd": 15654.6738, "Max_Distance": 15654.6738, "Hover_Time": 737.10968, "Max_Speed": 22.0, "Max_uc_at_MFD": 0.731266737, "Mot_amps_ratio_MFD": 0.989818096, "Mot_amps_ratio_MxSpd": 0.989818096, "Mot_power_ratio_MFD": 0.762427449, "Mot_power_ratio_MxSpd": 0.762427449, "Power_MFD": 1836.74353, "Power_MxSpd": 1836.74353, "Speed_MFD": 22.0}