{
  "generator_version":"UAV2_gen12",
  "name":"design_6367_108b2d6a80054967a922259057f28837_s",
  "hub":{
    "node_type":"ConnectedHub2_Sym_Wide",
    "mainSegment":{
      "node_type":"BranchWithTopSegment_Sym",
      "armLength":389.2724942867186,
      "angle":170.23037319066464,
      "mainSegment":{
        "node_type":"PropArm",
        "armLength":267.7869410933158,
        "motor":{
          "motorType":"t_motor_AntigravityMN5008KV340"
        },
        "prop":{
          "propType":"apc_propellers_14x5N"
        },
        "flange":{
          "offset":-10.826622265942312,
          "angle":270.0
        }
      },
      "topSegment":{
        "node_type":"AngledWingArm",
        "arm1Length":386.3157656104665,
        "arm2Length":149.56611831021036,
        "wing":{
          "wingType":"Wing_horiz_hole",
          "nacaProfile":"4515",
          "span":299.9589188119545,
          "chordInner":232.52760002504442,
          "chordOuter":149.30412815456265,
          "taperOffset":false,
          "aileronBias":0.28848145347374343,
          "flapBias":0.4161887126825329,
          "load":376.13676035116083,
          "tubeOffset":61.917189180408336,
          "tubeRot":270.0
        },
        "servo":{
          "servoType":"Hitec_HS_65HB"
        }
      }
    }
  },
  "fuselageWithComponents":{
    "node_type":"SingleBatteryFuselageWithComponents",
    "battery":{
      "batteryType":"TattuPro25C22000mAh12S1P"
    },
    "fuselage":{
      "length":238.0,
      "vertDiameter":261.0,
      "horzDiameter":461.4,
      "floorHeight":43.5,
      "batteryX":0.0,
      "batteryY":6.0,
      "rpmX":0.0,
      "rpmY":-143.8,
      "autoPilotX":0.0,
      "autoPilotY":87.5,
      "currentX":0.0,
      "currentY":-123.65,
      "voltageX":0.0,
      "voltageY":141.3,
      "gpsX":0.0,
      "gpsY":-83.5,
      "varioX":0.0,
      "varioY":119.65
    }
  }
}