{"Interferences": 26, "Mass": 2.9769744987934024, "Batt_amps_ratio_MFD": 0.613698959, "Batt_amps_ratio_MxSpd": 1.00781298, "Distance_MxSpd": 1104.96692, "Max_Distance": 1188.85645, "Hover_Time": 87.0713959, "Max_Speed": 29.0, "Max_uc_at_MFD": 0.701942921, "Mot_amps_ratio_MFD": 0.707891703, "Mot_amps_ratio_MxSpd": 0.939826906, "Mot_power_ratio_MFD": 0.419071913, "Mot_power_ratio_MxSpd": 0.55637753, "Power_MFD": 560.366943, "Power_MxSpd": 1466.31335, "Speed_MFD": 19.0}