{"Interferences": 68, "Mass": 6.31622455783778, "Batt_amps_ratio_MFD": 0.785037458, "Batt_amps_ratio_MxSpd": 0.785037458, "Distance_MxSpd": 440.233765, "Max_Distance": 440.233765, "Hover_Time": 0.0, "Max_Speed": 9.0, "Max_uc_at_MFD": 0.990111411, "Mot_amps_ratio_MFD": 0.709967017, "Mot_amps_ratio_MxSpd": 0.709967017, "Mot_power_ratio_MFD": 0.278140008, "Mot_power_ratio_MxSpd": 0.278140008, "Power_MFD": 1696.83069, "Power_MxSpd": 1696.83069, "Speed_MFD": 9.0}