{"Interferences": 31, "Mass": 13.342569018458018, "Batt_amps_ratio_MFD": 0.58886081, "Batt_amps_ratio_MxSpd": 0.58886081, "Distance_MxSpd": 7238.38281, "Max_Distance": 7238.38281, "Hover_Time": 232.727814, "Max_Speed": 37.0, "Max_uc_at_MFD": 0.789765358, "Mot_amps_ratio_MFD": 0.832031965, "Mot_amps_ratio_MxSpd": 0.832031965, "Mot_power_ratio_MFD": 0.620319128, "Mot_power_ratio_MxSpd": 0.620319128, "Power_MFD": 6727.27002, "Power_MxSpd": 6727.27002, "Speed_MFD": 37.0}