{"Interferences": 3, "Mass": 4.231028689105954, "Batt_amps_ratio_MFD": 0.975753784, "Batt_amps_ratio_MxSpd": 0.975753784, "Distance_MxSpd": 1062.56311, "Max_Distance": 1062.56311, "Hover_Time": 61.2596283, "Max_Speed": 27.0, "Max_uc_at_MFD": 0.908109844, "Mot_amps_ratio_MFD": 0.53899157, "Mot_amps_ratio_MxSpd": 0.53899157, "Mot_power_ratio_MFD": 0.332378119, "Mot_power_ratio_MxSpd": 0.332378119, "Power_MFD": 1389.48438, "Power_MxSpd": 1389.48438, "Speed_MFD": 27.0}