{"Interferences": 7, "Mass": 5.24976050518681, "Batt_amps_ratio_MFD": 1.69740236, "Batt_amps_ratio_MxSpd": 1.69740236, "Distance_MxSpd": 429.833282, "Max_Distance": 429.833282, "Hover_Time": 0.0, "Max_Speed": 19.0, "Max_uc_at_MFD": 0.999273241, "Mot_amps_ratio_MFD": 0.819693506, "Mot_amps_ratio_MxSpd": 0.819693506, "Mot_power_ratio_MFD": 0.307952553, "Mot_power_ratio_MxSpd": 0.307952553, "Power_MFD": 1599.75525, "Power_MxSpd": 1599.75525, "Speed_MFD": 19.0}