{"Interferences": 17, "Mass": 10.393639000634415, "Batt_amps_ratio_MFD": 0.32080099, "Batt_amps_ratio_MxSpd": 0.32080099, "Distance_MxSpd": 10773.0332, "Max_Distance": 10773.0332, "Hover_Time": 0.0, "Max_Speed": 30.0, "Max_uc_at_MFD": 0.92166996, "Mot_amps_ratio_MFD": 0.871788979, "Mot_amps_ratio_MxSpd": 0.871788979, "Mot_power_ratio_MFD": 0.67199105, "Mot_power_ratio_MxSpd": 0.67199105, "Power_MFD": 3105.73804, "Power_MxSpd": 3105.73804, "Speed_MFD": 30.0}