{"Interferences": 15, "Mass": 6.363800700019821, "Batt_amps_ratio_MFD": 0.725165725, "Batt_amps_ratio_MxSpd": 0.725165725, "Distance_MxSpd": 476.580719, "Max_Distance": 476.580719, "Hover_Time": 0.0, "Max_Speed": 3.0, "Max_uc_at_MFD": 0.591687799, "Mot_amps_ratio_MFD": 0.996655166, "Mot_amps_ratio_MxSpd": 0.996655166, "Mot_power_ratio_MFD": 0.737524867, "Mot_power_ratio_MxSpd": 0.737524867, "Power_MFD": 1301.28137, "Power_MxSpd": 1301.28137, "Speed_MFD": 3.0}