{"Interferences": 6, "Mass": 5.05439073921961, "Batt_amps_ratio_MFD": 0.628199637, "Batt_amps_ratio_MxSpd": 0.628199637, "Distance_MxSpd": 916.905945, "Max_Distance": 916.905945, "Hover_Time": 0.0, "Max_Speed": 15.0, "Max_uc_at_MFD": 0.998569548, "Mot_amps_ratio_MFD": 0.702940226, "Mot_amps_ratio_MxSpd": 0.702940226, "Mot_power_ratio_MFD": 0.331612051, "Mot_power_ratio_MxSpd": 0.331612051, "Power_MFD": 1469.17615, "Power_MxSpd": 1469.17615, "Speed_MFD": 15.0}