{"Interferences": 18, "Mass": 6.088119850087466, "Batt_amps_ratio_MFD": 2.02717996, "Batt_amps_ratio_MxSpd": 2.47981834, "Distance_MxSpd": 340.670105, "Max_Distance": 378.85144, "Hover_Time": 19.1394272, "Max_Speed": 22.0, "Max_uc_at_MFD": 0.998183846, "Mot_amps_ratio_MFD": 0.965677321, "Mot_amps_ratio_MxSpd": 0.99404633, "Mot_power_ratio_MFD": 0.468957067, "Mot_power_ratio_MxSpd": 0.482733756, "Power_MFD": 1875.86011, "Power_MxSpd": 2300.79907, "Speed_MFD": 20.0}