{"Interferences": 3, "Mass": 4.365897750381107, "Batt_amps_ratio_MFD": 0.371296138, "Batt_amps_ratio_MxSpd": 0.371296138, "Distance_MxSpd": 2585.53711, "Max_Distance": 2585.53711, "Hover_Time": 149.987503, "Max_Speed": 25.0, "Max_uc_at_MFD": 0.756706536, "Mot_amps_ratio_MFD": 0.993449271, "Mot_amps_ratio_MxSpd": 0.993449271, "Mot_power_ratio_MFD": 0.490101635, "Mot_power_ratio_MxSpd": 0.490101635, "Power_MFD": 1122.86987, "Power_MxSpd": 1122.86987, "Speed_MFD": 25.0}