{"Interferences": 43, "Mass": 5.39286439159203, "Batt_amps_ratio_MFD": 0.690642476, "Batt_amps_ratio_MxSpd": 0.690642476, "Distance_MxSpd": 1390.01001, "Max_Distance": 1390.01001, "Hover_Time": 65.6140213, "Max_Speed": 25.0, "Max_uc_at_MFD": 0.999989629, "Mot_amps_ratio_MFD": 0.478538632, "Mot_amps_ratio_MxSpd": 0.478538632, "Mot_power_ratio_MFD": 0.295098841, "Mot_power_ratio_MxSpd": 0.295098841, "Power_MFD": 1421.17944, "Power_MxSpd": 1421.17944, "Speed_MFD": 25.0}