{"Interferences": 31, "Mass": 4.085241815469833, "Batt_amps_ratio_MFD": 0.681474268, "Batt_amps_ratio_MxSpd": 0.681474268, "Distance_MxSpd": 732.529541, "Max_Distance": 732.529541, "Hover_Time": 0.0, "Max_Speed": 13.0, "Max_uc_at_MFD": 0.960277498, "Mot_amps_ratio_MFD": 0.771953344, "Mot_amps_ratio_MxSpd": 0.771953344, "Mot_power_ratio_MFD": 0.290463805, "Mot_power_ratio_MxSpd": 0.290463805, "Power_MFD": 640.375244, "Power_MxSpd": 640.375244, "Speed_MFD": 13.0}