{"Interferences": 17, "Mass": 4.996384673687002, "Batt_amps_ratio_MFD": 0.278471112, "Batt_amps_ratio_MxSpd": 0.278471112, "Distance_MxSpd": 2206.33301, "Max_Distance": 2206.33301, "Hover_Time": 0.0, "Max_Speed": 16.0, "Max_uc_at_MFD": 0.934874356, "Mot_amps_ratio_MFD": 0.50165838, "Mot_amps_ratio_MxSpd": 0.50165838, "Mot_power_ratio_MFD": 0.335151821, "Mot_power_ratio_MxSpd": 0.335151821, "Power_MFD": 1032.67395, "Power_MxSpd": 1032.67395, "Speed_MFD": 16.0}