{"Interferences": 10, "Mass": 2.9006440437299545, "Batt_amps_ratio_MFD": 1.18041289, "Batt_amps_ratio_MxSpd": 1.30158138, "Distance_MxSpd": 678.559143, "Max_Distance": 683.150818, "Hover_Time": 46.9374542, "Max_Speed": 23.0, "Max_uc_at_MFD": 0.967902243, "Mot_amps_ratio_MFD": 0.585709333, "Mot_amps_ratio_MxSpd": 0.607790649, "Mot_power_ratio_MFD": 0.14669767, "Mot_power_ratio_MxSpd": 0.152228177, "Power_MFD": 573.63916, "Power_MxSpd": 673.409119, "Speed_MFD": 21.0}