{"Interferences": 13, "Mass": 5.504937249271741, "Batt_amps_ratio_MFD": 0.253436804, "Batt_amps_ratio_MxSpd": 0.253436804, "Distance_MxSpd": 3030.34131, "Max_Distance": 3030.34131, "Hover_Time": 196.441071, "Max_Speed": 20.0, "Max_uc_at_MFD": 0.99703002, "Mot_amps_ratio_MFD": 0.52907747, "Mot_amps_ratio_MxSpd": 0.52907747, "Mot_power_ratio_MFD": 0.198404044, "Mot_power_ratio_MxSpd": 0.198404044, "Power_MFD": 1012.04254, "Power_MxSpd": 1012.04254, "Speed_MFD": 20.0}