{"Interferences": 14, "Mass": 8.32770230162872, "Batt_amps_ratio_MFD": 0.527568817, "Batt_amps_ratio_MxSpd": 0.527568817, "Distance_MxSpd": 1455.73425, "Max_Distance": 1455.73425, "Hover_Time": 0.0, "Max_Speed": 20.0, "Max_uc_at_MFD": 0.960731864, "Mot_amps_ratio_MFD": 0.998329043, "Mot_amps_ratio_MxSpd": 0.998329043, "Mot_power_ratio_MFD": 0.923454404, "Mot_power_ratio_MxSpd": 0.923454404, "Power_MFD": 3407.47144, "Power_MxSpd": 3407.47144, "Speed_MFD": 20.0}