{"Interferences": 17, "Mass": 6.973478226696877, "Batt_amps_ratio_MFD": 2.60256171, "Batt_amps_ratio_MxSpd": 2.60256171, "Distance_MxSpd": 295.093872, "Max_Distance": 295.093872, "Hover_Time": 21.9551544, "Max_Speed": 20.0, "Max_uc_at_MFD": 1.0, "Mot_amps_ratio_MFD": 0.596965373, "Mot_amps_ratio_MxSpd": 0.596965373, "Mot_power_ratio_MFD": 0.222162038, "Mot_power_ratio_MxSpd": 0.222162038, "Power_MFD": 1750.48499, "Power_MxSpd": 1750.48499, "Speed_MFD": 20.0}