{"Interferences": 5, "Mass": 10.354604563640088, "Batt_amps_ratio_MFD": 0.256198227, "Batt_amps_ratio_MxSpd": 0.27294901, "Distance_MxSpd": 13927.876, "Max_Distance": 13939.2061, "Hover_Time": 514.465027, "Max_Speed": 33.0, "Max_uc_at_MFD": 0.96735847, "Mot_amps_ratio_MFD": 0.794459939, "Mot_amps_ratio_MxSpd": 0.819905818, "Mot_power_ratio_MFD": 0.745857656, "Mot_power_ratio_MxSpd": 0.7697469, "Power_MFD": 3011.97681, "Power_MxSpd": 3351.59668, "Speed_MFD": 31.0}