{"Interferences": 31, "Mass": 8.335876298951984, "Batt_amps_ratio_MFD": 0.263738602, "Batt_amps_ratio_MxSpd": 0.263738602, "Distance_MxSpd": 9827.91309, "Max_Distance": 9827.91309, "Hover_Time": 0.0, "Max_Speed": 27.0, "Max_uc_at_MFD": 0.997603774, "Mot_amps_ratio_MFD": 0.852269411, "Mot_amps_ratio_MxSpd": 0.852269411, "Mot_power_ratio_MFD": 0.763102114, "Mot_power_ratio_MxSpd": 0.763102114, "Power_MFD": 2148.62646, "Power_MxSpd": 2148.62646, "Speed_MFD": 27.0}