{"Interferences": 17, "Mass": 4.080171372841783, "Batt_amps_ratio_MFD": 0.968959033, "Batt_amps_ratio_MxSpd": 0.968959033, "Distance_MxSpd": 317.04126, "Max_Distance": 317.04126, "Hover_Time": 0.0, "Max_Speed": 8.0, "Max_uc_at_MFD": 0.811012447, "Mot_amps_ratio_MFD": 0.925197244, "Mot_amps_ratio_MxSpd": 0.925197244, "Mot_power_ratio_MFD": 0.608574212, "Mot_power_ratio_MxSpd": 0.608574212, "Power_MFD": 1151.09387, "Power_MxSpd": 1151.09387, "Speed_MFD": 8.0}