{"Interferences": 21, "Mass": 4.299611155877482, "Batt_amps_ratio_MFD": 0.290931433, "Batt_amps_ratio_MxSpd": 0.290931433, "Distance_MxSpd": 2262.68335, "Max_Distance": 2262.68335, "Hover_Time": 0.0, "Max_Speed": 8.0, "Max_uc_at_MFD": 0.942908108, "Mot_amps_ratio_MFD": 0.789669096, "Mot_amps_ratio_MxSpd": 0.789669096, "Mot_power_ratio_MFD": 0.584355116, "Mot_power_ratio_MxSpd": 0.584355116, "Power_MFD": 685.941589, "Power_MxSpd": 685.941589, "Speed_MFD": 8.0}