{"Interferences": 64, "Mass": 4.023942179620992, "Batt_amps_ratio_MFD": 0.33348012, "Batt_amps_ratio_MxSpd": 0.519262552, "Distance_MxSpd": 2070.62866, "Max_Distance": 2302.98584, "Hover_Time": 148.307098, "Max_Speed": 28.0, "Max_uc_at_MFD": 0.764508247, "Mot_amps_ratio_MFD": 0.697631657, "Mot_amps_ratio_MxSpd": 0.919609427, "Mot_power_ratio_MFD": 0.412997931, "Mot_power_ratio_MxSpd": 0.544408798, "Power_MFD": 757.763, "Power_MxSpd": 1525.78601, "Speed_MFD": 20.0}