{"Interferences": 10, "Mass": 9.83792989840796, "Batt_amps_ratio_MFD": 1.2732718, "Batt_amps_ratio_MxSpd": 1.4055959, "Distance_MxSpd": 1311.32996, "Max_Distance": 1357.13354, "Hover_Time": 0.0, "Max_Speed": 16.0, "Max_uc_at_MFD": 0.773381531, "Mot_amps_ratio_MFD": 0.771031082, "Mot_amps_ratio_MxSpd": 0.85081774, "Mot_power_ratio_MFD": 0.56236726, "Mot_power_ratio_MxSpd": 0.666432917, "Power_MFD": 4127.42383, "Power_MxSpd": 4763.59326, "Speed_MFD": 15.0}