{"Interferences": 11, "Mass": 2.9230396192136654, "Batt_amps_ratio_MFD": 0.638414741, "Batt_amps_ratio_MxSpd": 0.743974507, "Distance_MxSpd": 1238.7522, "Max_Distance": 1263.12878, "Hover_Time": 0.0, "Max_Speed": 24.0, "Max_uc_at_MFD": 0.845441937, "Mot_amps_ratio_MFD": 0.728520334, "Mot_amps_ratio_MxSpd": 0.833048522, "Mot_power_ratio_MFD": 0.485680193, "Mot_power_ratio_MxSpd": 0.555365682, "Power_MFD": 673.775391, "Power_MxSpd": 890.016846, "Speed_MFD": 21.0}