{"Interferences": 17, "Mass": 18.597309780059195, "Batt_amps_ratio_MFD": 0.884860039, "Batt_amps_ratio_MxSpd": 0.884860039, "Distance_MxSpd": 4426.46289, "Max_Distance": 4426.46289, "Hover_Time": 0.0, "Max_Speed": 34.0, "Max_uc_at_MFD": 0.947471201, "Mot_amps_ratio_MFD": 0.99889493, "Mot_amps_ratio_MxSpd": 0.99889493, "Mot_power_ratio_MFD": 0.833528519, "Mot_power_ratio_MxSpd": 0.833528519, "Power_MFD": 11038.7373, "Power_MxSpd": 11038.7373, "Speed_MFD": 34.0}