{"Interferences": 12, "Mass": 6.893323216306127, "Batt_amps_ratio_MFD": 0.346759856, "Batt_amps_ratio_MxSpd": 0.346759856, "Distance_MxSpd": 2214.78931, "Max_Distance": 2214.78931, "Hover_Time": 110.159065, "Max_Speed": 20.0, "Max_uc_at_MFD": 0.999998152, "Mot_amps_ratio_MFD": 0.618062913, "Mot_amps_ratio_MxSpd": 0.618062913, "Mot_power_ratio_MFD": 0.309205562, "Mot_power_ratio_MxSpd": 0.309205562, "Power_MFD": 2018.87231, "Power_MxSpd": 2018.87231, "Speed_MFD": 20.0}