{"Interferences": 21, "Mass": 4.563990954070454, "Batt_amps_ratio_MFD": 1.06091237, "Batt_amps_ratio_MxSpd": 1.49760735, "Distance_MxSpd": 538.458862, "Max_Distance": 579.124146, "Hover_Time": 31.4861012, "Max_Speed": 21.0, "Max_uc_at_MFD": 0.975201309, "Mot_amps_ratio_MFD": 0.420201391, "Mot_amps_ratio_MxSpd": 0.610271454, "Mot_power_ratio_MFD": 0.140146047, "Mot_power_ratio_MxSpd": 0.253433913, "Power_MFD": 990.443542, "Power_MxSpd": 1757.11792, "Speed_MFD": 16.0}