{"Interferences": 12, "Mass": 7.360527224689281, "Batt_amps_ratio_MFD": 1.18239689, "Batt_amps_ratio_MxSpd": 1.78161216, "Distance_MxSpd": 4202.93506, "Max_Distance": 4709.07861, "Hover_Time": 222.990463, "Max_Speed": 39.0, "Max_uc_at_MFD": 0.329876512, "Mot_amps_ratio_MFD": 0.851001918, "Mot_amps_ratio_MxSpd": 0.971696019, "Mot_power_ratio_MFD": 0.824620903, "Mot_power_ratio_MxSpd": 0.941573441, "Power_MFD": 2104.30908, "Power_MxSpd": 4039.69165, "Speed_MFD": 29.0}