{"Interferences": 12, "Mass": 5.874371515138839, "Batt_amps_ratio_MFD": 0.395406067, "Batt_amps_ratio_MxSpd": 0.752276838, "Distance_MxSpd": 2348.07178, "Max_Distance": 2816.34521, "Hover_Time": 141.675415, "Max_Speed": 46.0, "Max_uc_at_MFD": 0.618173122, "Mot_amps_ratio_MFD": 0.462813944, "Mot_amps_ratio_MxSpd": 0.830209732, "Mot_power_ratio_MFD": 0.428102881, "Mot_power_ratio_MxSpd": 0.767943978, "Power_MFD": 1872.62695, "Power_MxSpd": 5800.75586, "Speed_MFD": 29.0}