{"Interferences": 11, "Mass": 8.479749035123936, "Batt_amps_ratio_MFD": 1.90151513, "Batt_amps_ratio_MxSpd": 1.90151513, "Distance_MxSpd": 262.527496, "Max_Distance": 262.527496, "Hover_Time": 19.7635288, "Max_Speed": 13.0, "Max_uc_at_MFD": 0.998967886, "Mot_amps_ratio_MFD": 0.656264782, "Mot_amps_ratio_MxSpd": 0.656264782, "Mot_power_ratio_MFD": 0.321376711, "Mot_power_ratio_MxSpd": 0.321376711, "Power_MFD": 2844.62476, "Power_MxSpd": 2844.62476, "Speed_MFD": 13.0}