{"Interferences": 28, "Mass": 3.7897525234856753, "Batt_amps_ratio_MFD": 0.9842695, "Batt_amps_ratio_MxSpd": 1.14770174, "Distance_MxSpd": 970.286926, "Max_Distance": 1053.37, "Hover_Time": 60.6166725, "Max_Speed": 29.0, "Max_uc_at_MFD": 0.88397646, "Mot_amps_ratio_MFD": 0.713354707, "Mot_amps_ratio_MxSpd": 0.808306336, "Mot_power_ratio_MFD": 0.356752664, "Mot_power_ratio_MxSpd": 0.404238522, "Power_MFD": 1211.8623, "Power_MxSpd": 1569.22864, "Speed_MFD": 27.0}