{"Interferences": 18, "Mass": 6.228042725011911, "Batt_amps_ratio_MFD": 0.741626799, "Batt_amps_ratio_MxSpd": 0.741626799, "Distance_MxSpd": 2108.10693, "Max_Distance": 2108.10693, "Hover_Time": 0.0, "Max_Speed": 19.0, "Max_uc_at_MFD": 0.754676044, "Mot_amps_ratio_MFD": 0.70209229, "Mot_amps_ratio_MxSpd": 0.70209229, "Mot_power_ratio_MFD": 0.865913808, "Mot_power_ratio_MxSpd": 0.865913808, "Power_MFD": 1832.19336, "Power_MxSpd": 1832.19336, "Speed_MFD": 19.0}