{"Interferences": 23, "Mass": 5.993744302907961, "Batt_amps_ratio_MFD": 0.658276916, "Batt_amps_ratio_MxSpd": 0.658276916, "Distance_MxSpd": 1500.02002, "Max_Distance": 1500.02002, "Hover_Time": 165.182205, "Max_Speed": 12.0, "Max_uc_at_MFD": 0.694836318, "Mot_amps_ratio_MFD": 0.670173109, "Mot_amps_ratio_MxSpd": 0.670173109, "Mot_power_ratio_MFD": 0.504333675, "Mot_power_ratio_MxSpd": 0.504333675, "Power_MFD": 1534.76086, "Power_MxSpd": 1534.76086, "Speed_MFD": 12.0}