{"Interferences": 12, "Mass": 3.237458975552761, "Batt_amps_ratio_MFD": 0.298085928, "Batt_amps_ratio_MxSpd": 0.298085928, "Distance_MxSpd": 2705.26025, "Max_Distance": 2705.26025, "Hover_Time": 187.39801, "Max_Speed": 21.0, "Max_uc_at_MFD": 0.999917984, "Mot_amps_ratio_MFD": 0.508503377, "Mot_amps_ratio_MxSpd": 0.508503377, "Mot_power_ratio_MFD": 0.188146248, "Mot_power_ratio_MxSpd": 0.188146248, "Power_MFD": 690.85022, "Power_MxSpd": 690.85022, "Speed_MFD": 21.0}