{"Interferences": 16, "Mass": 6.521824571962963, "Batt_amps_ratio_MFD": 0.14297308, "Batt_amps_ratio_MxSpd": 0.14297308, "Distance_MxSpd": 15443.4668, "Max_Distance": 15443.4668, "Hover_Time": 837.225525, "Max_Speed": 23.0, "Max_uc_at_MFD": 0.777263582, "Mot_amps_ratio_MFD": 0.898974955, "Mot_amps_ratio_MxSpd": 0.898974955, "Mot_power_ratio_MFD": 0.66524148, "Mot_power_ratio_MxSpd": 0.66524148, "Power_MFD": 1423.12646, "Power_MxSpd": 1423.12646, "Speed_MFD": 23.0}