{"Interferences": 5, "Mass": 4.429229820469447, "Batt_amps_ratio_MFD": 0.252078652, "Batt_amps_ratio_MxSpd": 0.324102312, "Distance_MxSpd": 2725.06543, "Max_Distance": 2742.00146, "Hover_Time": 183.407425, "Max_Speed": 23.0, "Max_uc_at_MFD": 0.988264501, "Mot_amps_ratio_MFD": 0.309233665, "Mot_amps_ratio_MxSpd": 0.615649462, "Mot_power_ratio_MFD": 0.14302057, "Mot_power_ratio_MxSpd": 0.273348361, "Power_MFD": 765.903748, "Power_MxSpd": 1020.13776, "Speed_MFD": 18.0}