{"Interferences": 6, "Mass": 3.221341657044348, "Batt_amps_ratio_MFD": 0.910427332, "Batt_amps_ratio_MxSpd": 0.910427332, "Distance_MxSpd": 970.093872, "Max_Distance": 970.093872, "Hover_Time": 58.3665771, "Max_Speed": 23.0, "Max_uc_at_MFD": 0.970209301, "Mot_amps_ratio_MFD": 0.255778462, "Mot_amps_ratio_MxSpd": 0.255778462, "Mot_power_ratio_MFD": 0.139212385, "Mot_power_ratio_MxSpd": 0.139212385, "Power_MFD": 932.441345, "Power_MxSpd": 932.441345, "Speed_MFD": 23.0}