{
  "generator_version":"UAV2_gen12",
  "name":"design_48736_a4d154d9cd7a4e81aab5d580cbf83330_dw_dl",
  "hub":{
    "node_type":"ConnectedHub6_2_2_2",
    "frontSegment":{
      "node_type":"AngledWingArm",
      "arm1Length":435.82473647286236,
      "arm2Length":119.89209981587123,
      "wing":{
        "wingType":"Wing_vert_hole",
        "nacaProfile":"4421",
        "span":1944.7127608553603,
        "chordInner":250.5536348376646,
        "chordOuter":125.55775476881614,
        "taperOffset":true,
        "aileronBias":0.5561825611530734,
        "flapBias":0.5681868880233034,
        "load":139.3894292002115,
        "tubeOffset":35.14258391022884,
        "tubeRot":270.0
      },
      "servo":{
        "servoType":"Hitec_D485HW"
      }
    },
    "middleSegment":{
      "node_type":"PropArm",
      "armLength":157.28500729033294,
      "motor":{
        "motorType":"t_motor_MN5212KV420"
      },
      "prop":{
        "propType":"apc_propellers_20x8E"
      },
      "flange":{
        "offset":21.483742253095116,
        "angle":0.0
      }
    },
    "rearSegment":{
      "node_type":"WingArm",
      "armLength":82.07913449869926,
      "wing":{
        "wingType":"Wing_vert_hole",
        "nacaProfile":"6512",
        "span":1065.6598788056137,
        "chordInner":381.5550063935572,
        "chordOuter":112.85682236795533,
        "taperOffset":false,
        "aileronBias":0.2500933252457064,
        "flapBias":0.6677289143397614,
        "load":547.9127554980271,
        "tubeOffset":27.006653172441784,
        "tubeRot":270.0
      },
      "servo":{
        "servoType":"Hitec_HS_7245MH"
      }
    }
  },
  "fuselageWithComponents":{
    "node_type":"DualBatteryFuselageWithComponents",
    "battery":{
      "batteryType":"TattuPlus25C22000mAh12S1PAGRI"
    },
    "fuselage":{
      "length":471.0,
      "vertDiameter":258.0,
      "horzDiameter":459.9,
      "floorHeight":43.0,
      "battery1X":-117.75,
      "battery1Y":6.0,
      "battery2X":118.75,
      "battery2Y":6.0,
      "rpmX":0.0,
      "rpmY":-143.3,
      "autoPilotX":0.0,
      "autoPilotY":87.0,
      "currentX":0.0,
      "currentY":-123.15,
      "voltageX":0.0,
      "voltageY":140.8,
      "gpsX":0.0,
      "gpsY":-83.0,
      "varioX":0.0,
      "varioY":119.15
    }
  }
}