{"Interferences": 48, "Mass": 4.123265135850022, "Batt_amps_ratio_MFD": 0.72915107, "Batt_amps_ratio_MxSpd": 1.09532619, "Distance_MxSpd": 1086.79956, "Max_Distance": 1211.27161, "Hover_Time": 79.1495819, "Max_Speed": 31.0, "Max_uc_at_MFD": 0.888096631, "Mot_amps_ratio_MFD": 0.687396884, "Mot_amps_ratio_MxSpd": 0.69686228, "Mot_power_ratio_MFD": 0.343943059, "Mot_power_ratio_MxSpd": 0.348679125, "Power_MFD": 933.478577, "Power_MxSpd": 1796.43945, "Speed_MFD": 23.0}