{"Interferences": 75, "Mass": 4.65666245852843, "Batt_amps_ratio_MFD": 1.17301869, "Batt_amps_ratio_MxSpd": 1.21906185, "Distance_MxSpd": 976.488586, "Max_Distance": 982.081482, "Hover_Time": 47.4155235, "Max_Speed": 31.0, "Max_uc_at_MFD": 0.987194359, "Mot_amps_ratio_MFD": 0.567302108, "Mot_amps_ratio_MxSpd": 0.568025649, "Mot_power_ratio_MFD": 0.34983629, "Mot_power_ratio_MxSpd": 0.35028249, "Power_MFD": 1433.229, "Power_MxSpd": 1490.19958, "Speed_MFD": 30.0}