{"Interferences": 8, "Mass": 7.111706358525007, "Batt_amps_ratio_MFD": 0.494333774, "Batt_amps_ratio_MxSpd": 0.494333774, "Distance_MxSpd": 7379.62939, "Max_Distance": 7379.62939, "Hover_Time": 417.224548, "Max_Speed": 19.0, "Max_uc_at_MFD": 0.981140137, "Mot_amps_ratio_MFD": 0.976372778, "Mot_amps_ratio_MxSpd": 0.976372778, "Mot_power_ratio_MFD": 0.510488331, "Mot_power_ratio_MxSpd": 0.510488331, "Power_MFD": 1588.36414, "Power_MxSpd": 1588.36414, "Speed_MFD": 19.0}