{"Interferences": 12, "Mass": 5.02034882587362, "Batt_amps_ratio_MFD": 0.226837084, "Batt_amps_ratio_MxSpd": 0.226837084, "Distance_MxSpd": 6771.37939, "Max_Distance": 6771.37939, "Hover_Time": 0.0, "Max_Speed": 16.0, "Max_uc_at_MFD": 0.544090211, "Mot_amps_ratio_MFD": 0.874720216, "Mot_amps_ratio_MxSpd": 0.874720216, "Mot_power_ratio_MFD": 0.776751578, "Mot_power_ratio_MxSpd": 0.776751578, "Power_MFD": 854.21344, "Power_MxSpd": 854.21344, "Speed_MFD": 16.0}