{"Interferences": 12, "Mass": 6.596677934500603, "Batt_amps_ratio_MFD": 0.646724522, "Batt_amps_ratio_MxSpd": 0.810926199, "Distance_MxSpd": 4972.09277, "Max_Distance": 5521.97998, "Hover_Time": 295.729523, "Max_Speed": 35.0, "Max_uc_at_MFD": 0.988414526, "Mot_amps_ratio_MFD": 0.911050856, "Mot_amps_ratio_MxSpd": 0.806201816, "Mot_power_ratio_MFD": 0.674177647, "Mot_power_ratio_MxSpd": 0.596589327, "Power_MFD": 2517.17651, "Power_MxSpd": 3379.4707, "Speed_MFD": 31.0}