{"Interferences": 19, "Mass": 7.08297203885861, "Batt_amps_ratio_MFD": 2.07890248, "Batt_amps_ratio_MxSpd": 2.07890248, "Distance_MxSpd": 332.483124, "Max_Distance": 332.483124, "Hover_Time": 20.6174736, "Max_Speed": 18.0, "Max_uc_at_MFD": 0.999910116, "Mot_amps_ratio_MFD": 0.642026007, "Mot_amps_ratio_MxSpd": 0.642026007, "Mot_power_ratio_MFD": 0.171824664, "Mot_power_ratio_MxSpd": 0.171824664, "Power_MFD": 3691.14844, "Power_MxSpd": 3691.14844, "Speed_MFD": 18.0}