{"Interferences": 9, "Mass": 3.627845632375173, "Batt_amps_ratio_MFD": 1.00238001, "Batt_amps_ratio_MxSpd": 1.05682099, "Distance_MxSpd": 799.37854, "Max_Distance": 804.485291, "Hover_Time": 55.6436005, "Max_Speed": 22.0, "Max_uc_at_MFD": 0.998969138, "Mot_amps_ratio_MFD": 0.499583036, "Mot_amps_ratio_MxSpd": 0.471485585, "Mot_power_ratio_MFD": 0.184845716, "Mot_power_ratio_MxSpd": 0.174449667, "Power_MFD": 757.62677, "Power_MxSpd": 829.667297, "Speed_MFD": 21.0}