{"Interferences": 31, "Mass": 11.481905665566948, "Batt_amps_ratio_MFD": 0.464844614, "Batt_amps_ratio_MxSpd": 0.464844614, "Distance_MxSpd": 5576.05664, "Max_Distance": 5576.05664, "Hover_Time": 238.830734, "Max_Speed": 27.0, "Max_uc_at_MFD": 0.406330884, "Mot_amps_ratio_MFD": 0.888205945, "Mot_amps_ratio_MxSpd": 0.888205945, "Mot_power_ratio_MFD": 0.876363218, "Mot_power_ratio_MxSpd": 0.876363218, "Power_MFD": 2328.9873, "Power_MxSpd": 2328.9873, "Speed_MFD": 27.0}