{"Interferences": 16, "Mass": 4.565743586935413, "Batt_amps_ratio_MFD": 0.185524672, "Batt_amps_ratio_MxSpd": 0.185524672, "Distance_MxSpd": 1655.84448, "Max_Distance": 1655.84448, "Hover_Time": 0.0, "Max_Speed": 8.0, "Max_uc_at_MFD": 0.958874881, "Mot_amps_ratio_MFD": 0.685180724, "Mot_amps_ratio_MxSpd": 0.685180724, "Mot_power_ratio_MFD": 0.342590362, "Mot_power_ratio_MxSpd": 0.342590362, "Power_MFD": 335.765198, "Power_MxSpd": 335.765198, "Speed_MFD": 8.0}