{"Interferences": 28, "Mass": 3.333464641387455, "Batt_amps_ratio_MFD": 0.611819088, "Batt_amps_ratio_MxSpd": 0.611819088, "Distance_MxSpd": 1318.03662, "Max_Distance": 1318.03662, "Hover_Time": 90.7109146, "Max_Speed": 21.0, "Max_uc_at_MFD": 0.994455278, "Mot_amps_ratio_MFD": 0.653448761, "Mot_amps_ratio_MxSpd": 0.653448761, "Mot_power_ratio_MFD": 0.423108071, "Mot_power_ratio_MxSpd": 0.423108071, "Power_MFD": 841.977783, "Power_MxSpd": 841.977783, "Speed_MFD": 21.0}