{"Interferences": 3, "Mass": 5.140977486569674, "Batt_amps_ratio_MFD": 0.407806903, "Batt_amps_ratio_MxSpd": 0.407806903, "Distance_MxSpd": 2259.89307, "Max_Distance": 2259.89307, "Hover_Time": 135.968643, "Max_Speed": 24.0, "Max_uc_at_MFD": 0.99486047, "Mot_amps_ratio_MFD": 0.60149461, "Mot_amps_ratio_MxSpd": 0.60149461, "Mot_power_ratio_MFD": 0.301766783, "Mot_power_ratio_MxSpd": 0.301766783, "Power_MFD": 1239.34131, "Power_MxSpd": 1239.34131, "Speed_MFD": 24.0}