{"Interferences": 2, "Mass": 3.467662568145152, "Batt_amps_ratio_MFD": 0.656864583, "Batt_amps_ratio_MxSpd": 0.857703269, "Distance_MxSpd": 1343.12183, "Max_Distance": 1403.02893, "Hover_Time": 86.7677383, "Max_Speed": 30.0, "Max_uc_at_MFD": 0.839313686, "Mot_amps_ratio_MFD": 0.334572613, "Mot_amps_ratio_MxSpd": 0.408464551, "Mot_power_ratio_MFD": 0.22352387, "Mot_power_ratio_MxSpd": 0.27289018, "Power_MFD": 884.404602, "Power_MxSpd": 1421.16992, "Speed_MFD": 24.0}