{"Interferences": 13, "Mass": 7.29808747597375, "Batt_amps_ratio_MFD": 0.308857888, "Batt_amps_ratio_MxSpd": 0.385368377, "Distance_MxSpd": 996.449219, "Max_Distance": 1118.9613, "Hover_Time": 0.0, "Max_Speed": 10.0, "Max_uc_at_MFD": 0.998052895, "Mot_amps_ratio_MFD": 0.646468222, "Mot_amps_ratio_MxSpd": 0.773212194, "Mot_power_ratio_MFD": 0.633158565, "Mot_power_ratio_MxSpd": 0.757293105, "Power_MFD": 862.62439, "Power_MxSpd": 1210.77759, "Speed_MFD": 9.0}