{"Interferences": 41, "Mass": 5.426160422658039, "Batt_amps_ratio_MFD": 1.44865406, "Batt_amps_ratio_MxSpd": 1.6302377, "Distance_MxSpd": 706.645386, "Max_Distance": 715.698853, "Hover_Time": 0.0, "Max_Speed": 30.0, "Max_uc_at_MFD": 0.912739933, "Mot_amps_ratio_MFD": 0.623236954, "Mot_amps_ratio_MxSpd": 0.675347805, "Mot_power_ratio_MFD": 0.576494157, "Mot_power_ratio_MxSpd": 0.624696732, "Power_MFD": 1732.8656, "Power_MxSpd": 2136.61377, "Speed_MFD": 27.0}