{"Interferences": 17, "Mass": 5.825377356857342, "Batt_amps_ratio_MFD": 0.543416262, "Batt_amps_ratio_MxSpd": 0.769136667, "Distance_MxSpd": 4065.41162, "Max_Distance": 4542.68945, "Hover_Time": 240.861053, "Max_Speed": 38.0, "Max_uc_at_MFD": 0.968319654, "Mot_amps_ratio_MFD": 0.928023756, "Mot_amps_ratio_MxSpd": 0.840246916, "Mot_power_ratio_MFD": 0.686737597, "Mot_power_ratio_MxSpd": 0.62178272, "Power_MFD": 2018.96912, "Power_MxSpd": 3345.26392, "Speed_MFD": 30.0}