{"Interferences": 6, "Mass": 3.9851009680555753, "Batt_amps_ratio_MFD": 0.832504272, "Batt_amps_ratio_MxSpd": 0.89869386, "Distance_MxSpd": 1410.04639, "Max_Distance": 1429.90259, "Hover_Time": 0.0, "Max_Speed": 33.0, "Max_uc_at_MFD": 0.895797074, "Mot_amps_ratio_MFD": 0.717051089, "Mot_amps_ratio_MxSpd": 0.782531619, "Mot_power_ratio_MFD": 0.451025128, "Mot_power_ratio_MxSpd": 0.492212385, "Power_MFD": 1659.97974, "Power_MxSpd": 1904.55701, "Speed_MFD": 31.0}