{"Interferences": 2, "Mass": 3.672774938759863, "Batt_amps_ratio_MFD": 1.32096422, "Batt_amps_ratio_MxSpd": 1.61771965, "Distance_MxSpd": 783.324829, "Max_Distance": 784.881226, "Hover_Time": 44.866703, "Max_Speed": 33.0, "Max_uc_at_MFD": 0.502165616, "Mot_amps_ratio_MFD": 0.59341836, "Mot_amps_ratio_MxSpd": 0.84444344, "Mot_power_ratio_MFD": 0.548911989, "Mot_power_ratio_MxSpd": 0.781110227, "Power_MFD": 1164.93396, "Power_MxSpd": 1862.47046, "Speed_MFD": 27.0}