{"Interferences": 24, "Mass": 6.944604644705801, "Batt_amps_ratio_MFD": 0.365830481, "Batt_amps_ratio_MxSpd": 0.365830481, "Distance_MxSpd": 1259.59985, "Max_Distance": 1259.59985, "Hover_Time": 0.0, "Max_Speed": 12.0, "Max_uc_at_MFD": 0.99987793, "Mot_amps_ratio_MFD": 0.214229375, "Mot_amps_ratio_MxSpd": 0.214229375, "Mot_power_ratio_MFD": 0.134750277, "Mot_power_ratio_MxSpd": 0.134750277, "Power_MFD": 729.333496, "Power_MxSpd": 729.333496, "Speed_MFD": 12.0}