{"Interferences": 32, "Mass": 13.57867950459151, "Batt_amps_ratio_MFD": 0.976151764, "Batt_amps_ratio_MxSpd": 0.976151764, "Distance_MxSpd": 5605.68555, "Max_Distance": 5605.68555, "Hover_Time": 0.0, "Max_Speed": 19.0, "Max_uc_at_MFD": 0.992292941, "Mot_amps_ratio_MFD": 0.982740939, "Mot_amps_ratio_MxSpd": 0.982740939, "Mot_power_ratio_MFD": 0.504935086, "Mot_power_ratio_MxSpd": 0.504935086, "Power_MFD": 3234.01514, "Power_MxSpd": 3234.01514, "Speed_MFD": 19.0}