{"Interferences": 8, "Mass": 5.06884132116885, "Batt_amps_ratio_MFD": 0.303066075, "Batt_amps_ratio_MxSpd": 0.314252228, "Distance_MxSpd": 3543.65015, "Max_Distance": 3547.74097, "Hover_Time": 190.12146, "Max_Speed": 29.0, "Max_uc_at_MFD": 0.691265941, "Mot_amps_ratio_MFD": 0.92228657, "Mot_amps_ratio_MxSpd": 0.970017254, "Mot_power_ratio_MFD": 0.682492077, "Mot_power_ratio_MxSpd": 0.717812777, "Power_MFD": 1467.31848, "Power_MxSpd": 1578.71655, "Speed_MFD": 28.0}