{"Interferences": 6, "Mass": 3.7422785347226495, "Batt_amps_ratio_MFD": 0.352200478, "Batt_amps_ratio_MxSpd": 0.352200478, "Distance_MxSpd": 1526.40344, "Max_Distance": 1526.40344, "Hover_Time": 0.0, "Max_Speed": 14.0, "Max_uc_at_MFD": 0.999916971, "Mot_amps_ratio_MFD": 0.353368342, "Mot_amps_ratio_MxSpd": 0.353368342, "Mot_power_ratio_MFD": 0.132607445, "Mot_power_ratio_MxSpd": 0.132607445, "Power_MFD": 332.670929, "Power_MxSpd": 332.670929, "Speed_MFD": 14.0}