{"Interferences": 14, "Mass": 3.016323502255589, "Batt_amps_ratio_MFD": 0.985787868, "Batt_amps_ratio_MxSpd": 1.41201377, "Distance_MxSpd": 870.246521, "Max_Distance": 895.933105, "Hover_Time": 63.949604, "Max_Speed": 32.0, "Max_uc_at_MFD": 0.43469128, "Mot_amps_ratio_MFD": 0.468223184, "Mot_amps_ratio_MxSpd": 0.941252589, "Mot_power_ratio_MFD": 0.433106422, "Mot_power_ratio_MxSpd": 0.870658636, "Power_MFD": 760.495911, "Power_MxSpd": 1852.61169, "Speed_MFD": 23.0}