{"Interferences": 5, "Mass": 5.253649378277733, "Batt_amps_ratio_MFD": 0.686015368, "Batt_amps_ratio_MxSpd": 0.686015368, "Distance_MxSpd": 1063.53308, "Max_Distance": 1063.53308, "Hover_Time": 69.4319, "Max_Speed": 19.0, "Max_uc_at_MFD": 0.996731699, "Mot_amps_ratio_MFD": 0.403650045, "Mot_amps_ratio_MxSpd": 0.403650045, "Mot_power_ratio_MFD": 0.100969367, "Mot_power_ratio_MxSpd": 0.100969367, "Power_MFD": 1193.18738, "Power_MxSpd": 1193.18738, "Speed_MFD": 19.0}