{"Interferences": 2, "Mass": 4.542471251465053, "Batt_amps_ratio_MFD": 1.01156127, "Batt_amps_ratio_MxSpd": 1.01156127, "Distance_MxSpd": 683.300171, "Max_Distance": 683.300171, "Hover_Time": 44.8395042, "Max_Speed": 18.0, "Max_uc_at_MFD": 0.987702489, "Mot_amps_ratio_MFD": 0.150915593, "Mot_amps_ratio_MxSpd": 0.150915593, "Mot_power_ratio_MFD": 0.0323298089, "Mot_power_ratio_MxSpd": 0.0323298089, "Power_MFD": 779.729065, "Power_MxSpd": 779.729065, "Speed_MFD": 18.0}