{"Interferences": 2, "Mass": 3.0727565839417394, "Batt_amps_ratio_MFD": 0.844869018, "Batt_amps_ratio_MxSpd": 0.964542925, "Distance_MxSpd": 1035.10168, "Max_Distance": 1045.36914, "Hover_Time": 70.101532, "Max_Speed": 26.0, "Max_uc_at_MFD": 0.820517004, "Mot_amps_ratio_MFD": 0.435126722, "Mot_amps_ratio_MxSpd": 0.529929996, "Mot_power_ratio_MFD": 0.218300864, "Mot_power_ratio_MxSpd": 0.26586318, "Power_MFD": 725.227295, "Power_MxSpd": 946.543701, "Speed_MFD": 23.0}