{
  "generator_version":"UAV2_gen12",
  "name":"design_6513_211d268b885648ba84415c972c7679c8_dw",
  "hub":{
    "node_type":"ConnectedHub6_2_2_2",
    "frontSegment":{
      "node_type":"PropArm",
      "armLength":138.64114513453762,
      "motor":{
        "motorType":"t_motor_AT4120KV500"
      },
      "prop":{
        "propType":"apc_propellers_18x8W"
      },
      "flange":{
        "offset":8.900773174988593,
        "angle":0.0
      }
    },
    "middleSegment":{
      "node_type":"AngledWingArm",
      "arm1Length":431.36320068446594,
      "arm2Length":159.26861292717166,
      "wing":{
        "wingType":"Wing_vert_hole",
        "nacaProfile":"6506",
        "span":1879.1874121809276,
        "chordInner":489.60690456204094,
        "chordOuter":138.86773262718594,
        "taperOffset":true,
        "aileronBias":0.15044915716806645,
        "flapBias":0.782742619480817,
        "load":701.1716492797233,
        "tubeOffset":61.47027013349275,
        "tubeRot":312.5067452948861
      },
      "servo":{
        "servoType":"Hitec_HS_5065MG"
      }
    },
    "rearSegment":{
      "node_type":"AngledWingArm",
      "arm1Length":196.0231491773902,
      "arm2Length":133.8665419272864,
      "wing":{
        "wingType":"Wing_horiz_hole",
        "nacaProfile":"2521",
        "span":367.66484924754275,
        "chordInner":462.7449180432699,
        "chordOuter":181.4580826808775,
        "taperOffset":true,
        "aileronBias":0.13157875834662935,
        "flapBias":0.3419990578897142,
        "load":500.2299277633649,
        "tubeOffset":66.68538336370452,
        "tubeRot":270.0
      },
      "servo":{
        "servoType":"Hitec_HS_7235MH"
      }
    }
  },
  "fuselageWithComponents":{
    "node_type":"DualBatteryFuselageWithComponents",
    "battery":{
      "batteryType":"TurnigyGraphene1000mAh2S75C"
    },
    "fuselage":{
      "length":84.0,
      "vertDiameter":52.5,
      "horzDiameter":339.9,
      "floorHeight":8.75,
      "battery1X":-5.0,
      "battery1Y":-3.0,
      "battery2X":-5.0,
      "battery2Y":16.0,
      "rpmX":-5.0,
      "rpmY":-103.3,
      "autoPilotX":-5.0,
      "autoPilotY":47.0,
      "currentX":-5.0,
      "currentY":-83.15,
      "voltageX":-5.0,
      "voltageY":100.8,
      "gpsX":-5.0,
      "gpsY":-43.0,
      "varioX":-5.0,
      "varioY":79.15
    }
  }
}