{"Interferences": 19, "Mass": 8.892419970320148, "Batt_amps_ratio_MFD": 0.242341861, "Batt_amps_ratio_MxSpd": 0.242341861, "Distance_MxSpd": 14656.9805, "Max_Distance": 14656.9805, "Hover_Time": 0.0, "Max_Speed": 37.0, "Max_uc_at_MFD": 0.998932958, "Mot_amps_ratio_MFD": 0.968699872, "Mot_amps_ratio_MxSpd": 0.968699872, "Mot_power_ratio_MFD": 0.990368128, "Mot_power_ratio_MxSpd": 0.990368128, "Power_MFD": 3271.41113, "Power_MxSpd": 3271.41113, "Speed_MFD": 37.0}