{"Interferences": 18, "Mass": 6.181589804984597, "Batt_amps_ratio_MFD": 0.414998919, "Batt_amps_ratio_MxSpd": 0.414998919, "Distance_MxSpd": 4719.04834, "Max_Distance": 4719.04834, "Hover_Time": 0.0, "Max_Speed": 17.0, "Max_uc_at_MFD": 0.949766517, "Mot_amps_ratio_MFD": 0.574699819, "Mot_amps_ratio_MxSpd": 0.574699819, "Mot_power_ratio_MFD": 0.383133203, "Mot_power_ratio_MxSpd": 0.383133203, "Power_MFD": 963.290833, "Power_MxSpd": 963.290833, "Speed_MFD": 17.0}