{"Interferences": 8, "Mass": 5.697329625218656, "Batt_amps_ratio_MFD": 0.595045865, "Batt_amps_ratio_MxSpd": 0.743418634, "Distance_MxSpd": 1756.21106, "Max_Distance": 1871.45251, "Hover_Time": 90.581398, "Max_Speed": 34.0, "Max_uc_at_MFD": 0.963778436, "Mot_amps_ratio_MFD": 0.544506729, "Mot_amps_ratio_MxSpd": 0.689910233, "Mot_power_ratio_MFD": 0.556686521, "Mot_power_ratio_MxSpd": 0.705342472, "Power_MFD": 1977.83105, "Power_MxSpd": 2831.2915, "Speed_MFD": 29.0}