{"Interferences": 12, "Mass": 9.353397504745804, "Batt_amps_ratio_MFD": 0.384881943, "Batt_amps_ratio_MxSpd": 0.384881943, "Distance_MxSpd": 17210.4727, "Max_Distance": 17210.4727, "Hover_Time": 759.380005, "Max_Speed": 23.0, "Max_uc_at_MFD": 0.661246955, "Mot_amps_ratio_MFD": 0.936961114, "Mot_amps_ratio_MxSpd": 0.936961114, "Mot_power_ratio_MFD": 0.721713305, "Mot_power_ratio_MxSpd": 0.721713305, "Power_MFD": 2100.375, "Power_MxSpd": 2100.375, "Speed_MFD": 23.0}