{"Interferences": 35, "Mass": 3.816579016145861, "Batt_amps_ratio_MFD": 0.335044712, "Batt_amps_ratio_MxSpd": 0.335044712, "Distance_MxSpd": 2177.61987, "Max_Distance": 2177.61987, "Hover_Time": 0.0, "Max_Speed": 19.0, "Max_uc_at_MFD": 0.985856056, "Mot_amps_ratio_MFD": 0.556839466, "Mot_amps_ratio_MxSpd": 0.556839466, "Mot_power_ratio_MFD": 0.278419733, "Mot_power_ratio_MxSpd": 0.278419733, "Power_MFD": 679.649292, "Power_MxSpd": 679.649292, "Speed_MFD": 19.0}