{"Interferences": 5, "Mass": 4.020623690279255, "Batt_amps_ratio_MFD": 1.35567617, "Batt_amps_ratio_MxSpd": 1.35567617, "Distance_MxSpd": 226.602798, "Max_Distance": 226.602798, "Hover_Time": 31.5854607, "Max_Speed": 8.0, "Max_uc_at_MFD": 0.999984562, "Mot_amps_ratio_MFD": 0.949772954, "Mot_amps_ratio_MxSpd": 0.949772954, "Mot_power_ratio_MFD": 0.351415992, "Mot_power_ratio_MxSpd": 0.351415992, "Power_MFD": 958.520203, "Power_MxSpd": 958.520203, "Speed_MFD": 8.0}