{"Interferences": 17, "Mass": 4.141469931981679, "Batt_amps_ratio_MFD": 1.89969778, "Batt_amps_ratio_MxSpd": 1.89969778, "Distance_MxSpd": 505.343536, "Max_Distance": 505.343536, "Hover_Time": 27.1024418, "Max_Speed": 25.0, "Max_uc_at_MFD": 0.997412622, "Mot_amps_ratio_MFD": 0.248534158, "Mot_amps_ratio_MxSpd": 0.248534158, "Mot_power_ratio_MFD": 0.0926469713, "Mot_power_ratio_MxSpd": 0.0926469713, "Power_MFD": 1431.79712, "Power_MxSpd": 1431.79712, "Speed_MFD": 25.0}