{"Interferences": 33, "Mass": 4.168769859338618, "Batt_amps_ratio_MFD": 0.958455026, "Batt_amps_ratio_MxSpd": 0.958455026, "Distance_MxSpd": 440.709259, "Max_Distance": 440.709259, "Hover_Time": 37.9398384, "Max_Speed": 11.0, "Max_uc_at_MFD": 0.999812245, "Mot_amps_ratio_MFD": 0.620627761, "Mot_amps_ratio_MxSpd": 0.620627761, "Mot_power_ratio_MFD": 0.319844961, "Mot_power_ratio_MxSpd": 0.319844961, "Power_MFD": 1009.06134, "Power_MxSpd": 1009.06134, "Speed_MFD": 11.0}