{"Interferences": 10, "Mass": 3.3648691608740062, "Batt_amps_ratio_MFD": 0.727245092, "Batt_amps_ratio_MxSpd": 0.761741102, "Distance_MxSpd": 1159.4491, "Max_Distance": 1161.64417, "Hover_Time": 78.2512131, "Max_Speed": 23.0, "Max_uc_at_MFD": 0.996276081, "Mot_amps_ratio_MFD": 0.378491372, "Mot_amps_ratio_MxSpd": 0.368230134, "Mot_power_ratio_MFD": 0.142014235, "Mot_power_ratio_MxSpd": 0.138164088, "Power_MFD": 714.193176, "Power_MxSpd": 773.400269, "Speed_MFD": 22.0}