{"Interferences": 20, "Mass": 3.707469758264403, "Batt_amps_ratio_MFD": 0.890024304, "Batt_amps_ratio_MxSpd": 0.947309613, "Distance_MxSpd": 1094.46802, "Max_Distance": 1121.76709, "Hover_Time": 60.0265961, "Max_Speed": 27.0, "Max_uc_at_MFD": 0.927915215, "Mot_amps_ratio_MFD": 0.721825242, "Mot_amps_ratio_MxSpd": 0.81141752, "Mot_power_ratio_MFD": 0.35610044, "Mot_power_ratio_MxSpd": 0.400299311, "Power_MFD": 1127.41833, "Power_MxSpd": 1266.70544, "Speed_MFD": 26.0}