{"Interferences": 9, "Mass": 3.9609649051574736, "Batt_amps_ratio_MFD": 0.275589317, "Batt_amps_ratio_MxSpd": 0.275589317, "Distance_MxSpd": 1393.37769, "Max_Distance": 1393.37769, "Hover_Time": 111.238968, "Max_Speed": 10.0, "Max_uc_at_MFD": 0.816448331, "Mot_amps_ratio_MFD": 0.377677947, "Mot_amps_ratio_MxSpd": 0.377677947, "Mot_power_ratio_MFD": 0.188973367, "Mot_power_ratio_MxSpd": 0.188973367, "Power_MFD": 480.944946, "Power_MxSpd": 480.944946, "Speed_MFD": 10.0}