{"Interferences": 46, "Mass": 10.808407008105164, "Batt_amps_ratio_MFD": 1.03212762, "Batt_amps_ratio_MxSpd": 1.03212762, "Distance_MxSpd": 595.275208, "Max_Distance": 595.275208, "Hover_Time": 0.0, "Max_Speed": 16.0, "Max_uc_at_MFD": 0.756307602, "Mot_amps_ratio_MFD": 0.990737975, "Mot_amps_ratio_MxSpd": 0.990737975, "Mot_power_ratio_MFD": 0.916432619, "Mot_power_ratio_MxSpd": 0.916432619, "Power_MFD": 5696.21826, "Power_MxSpd": 5696.21826, "Speed_MFD": 16.0}