{"Interferences": 56, "Mass": 3.9063729733441295, "Batt_amps_ratio_MFD": 1.25192881, "Batt_amps_ratio_MxSpd": 1.39651549, "Distance_MxSpd": 714.922302, "Max_Distance": 736.144104, "Hover_Time": 46.8803902, "Max_Speed": 26.0, "Max_uc_at_MFD": 0.999048591, "Mot_amps_ratio_MFD": 0.524033725, "Mot_amps_ratio_MxSpd": 0.507144511, "Mot_power_ratio_MFD": 0.196512654, "Mot_power_ratio_MxSpd": 0.190179199, "Power_MFD": 940.116516, "Power_MxSpd": 1070.43127, "Speed_MFD": 24.0}