{"Interferences": 16, "Mass": 4.401908842184567, "Batt_amps_ratio_MFD": 0.272161007, "Batt_amps_ratio_MxSpd": 0.272161007, "Distance_MxSpd": 2539.67334, "Max_Distance": 2539.67334, "Hover_Time": 160.934692, "Max_Speed": 18.0, "Max_uc_at_MFD": 0.930548251, "Mot_amps_ratio_MFD": 0.988624573, "Mot_amps_ratio_MxSpd": 0.988624573, "Mot_power_ratio_MFD": 0.731582165, "Mot_power_ratio_MxSpd": 0.731582165, "Power_MFD": 1422.12903, "Power_MxSpd": 1422.12903, "Speed_MFD": 18.0}