{"Interferences": 8, "Mass": 5.743925739282141, "Batt_amps_ratio_MFD": 1.38427341, "Batt_amps_ratio_MxSpd": 1.38427341, "Distance_MxSpd": 416.102753, "Max_Distance": 416.102753, "Hover_Time": 0.0, "Max_Speed": 15.0, "Max_uc_at_MFD": 0.886560023, "Mot_amps_ratio_MFD": 0.973635077, "Mot_amps_ratio_MxSpd": 0.973635077, "Mot_power_ratio_MFD": 0.612416446, "Mot_power_ratio_MxSpd": 0.612416446, "Power_MFD": 4128.38232, "Power_MxSpd": 4128.38232, "Speed_MFD": 15.0}