{"Interferences": 84, "Mass": 5.897664002046983, "Batt_amps_ratio_MFD": 0.56351769, "Batt_amps_ratio_MxSpd": 0.657355666, "Distance_MxSpd": 1810.89185, "Max_Distance": 1908.01465, "Hover_Time": 94.9533615, "Max_Speed": 31.0, "Max_uc_at_MFD": 0.615091264, "Mot_amps_ratio_MFD": 0.810343206, "Mot_amps_ratio_MxSpd": 0.87669903, "Mot_power_ratio_MFD": 0.60775739, "Mot_power_ratio_MxSpd": 0.657524228, "Power_MFD": 1564.95312, "Power_MxSpd": 1963.13611, "Speed_MFD": 28.0}