{"Interferences": 14, "Mass": 3.919930744992152, "Batt_amps_ratio_MFD": 0.840220213, "Batt_amps_ratio_MxSpd": 1.83912086, "Distance_MxSpd": 626.38623, "Max_Distance": 1005.45074, "Hover_Time": 44.1506462, "Max_Speed": 30.0, "Max_uc_at_MFD": 0.865444183, "Mot_amps_ratio_MFD": 0.643962741, "Mot_amps_ratio_MxSpd": 0.981241345, "Mot_power_ratio_MFD": 0.317688286, "Mot_power_ratio_MxSpd": 0.617200792, "Power_MFD": 884.533142, "Power_MxSpd": 1768.32031, "Speed_MFD": 22.0}