{"Interferences": 35, "Mass": 6.014207649954823, "Batt_amps_ratio_MFD": 0.545550048, "Batt_amps_ratio_MxSpd": 0.907963872, "Distance_MxSpd": 1733.98962, "Max_Distance": 1970.85498, "Hover_Time": 102.221916, "Max_Speed": 41.0, "Max_uc_at_MFD": 0.868849337, "Mot_amps_ratio_MFD": 0.456100821, "Mot_amps_ratio_MxSpd": 0.447488636, "Mot_power_ratio_MFD": 0.15201731, "Mot_power_ratio_MxSpd": 0.149146885, "Power_MFD": 1838.89612, "Power_MxSpd": 3843.19312, "Speed_MFD": 28.0}