{"Interferences": 20, "Mass": 2.635692835213312, "Batt_amps_ratio_MFD": 0.715882301, "Batt_amps_ratio_MxSpd": 0.715882301, "Distance_MxSpd": 1233.72229, "Max_Distance": 1233.72229, "Hover_Time": 0.0, "Max_Speed": 23.0, "Max_uc_at_MFD": 0.999999881, "Mot_amps_ratio_MFD": 0.772934914, "Mot_amps_ratio_MxSpd": 0.772934914, "Mot_power_ratio_MFD": 0.381314546, "Mot_power_ratio_MxSpd": 0.381314546, "Power_MFD": 686.750977, "Power_MxSpd": 686.750977, "Speed_MFD": 23.0}