{
  "generator_version":"UAV2_gen12",
  "name":"design_8581_767409e163c44ead87c1eb3bacb8421e_dw",
  "hub":{
    "node_type":"ConnectedHub4_1_2_1",
    "frontSegment":{
      "node_type":"DoubleBendSegment",
      "angle":-90.0,
      "arm1Length":456.88423684358503,
      "arm2Length":186.35885444332746,
      "mainSegment":{
        "node_type":"PropArm",
        "armLength":433.72331955644785,
        "motor":{
          "motorType":"kde_direct_KDE600XF_530_G3"
        },
        "prop":{
          "propType":"apc_propellers_17x8N"
        },
        "flange":{
          "offset":-31.383501431075,
          "angle":0.0
        }
      }
    },
    "middleSegment":{
      "node_type":"AngledWingArm",
      "arm1Length":473.86501963710884,
      "arm2Length":93.67300415915263,
      "wing":{
        "wingType":"Wing_vert_hole",
        "nacaProfile":"0018",
        "span":1531.3539669312058,
        "chordInner":369.5721195616663,
        "chordOuter":89.22618220466526,
        "taperOffset":false,
        "aileronBias":0.6522097823483068,
        "flapBias":0.339445806420841,
        "load":447.0472089461412,
        "tubeOffset":11.50671823293031,
        "tubeRot":289.1055886817281
      },
      "servo":{
        "servoType":"Hitec_HS_7245MH"
      }
    },
    "rearSegment":{
      "node_type":"PropArm",
      "armLength":416.3813630980306,
      "motor":{
        "motorType":"t_motor_AT4130KV300"
      },
      "prop":{
        "propType":"apc_propellers_14x14"
      },
      "flange":{
        "offset":38.51880121035748,
        "angle":180.0
      }
    }
  },
  "fuselageWithComponents":{
    "node_type":"DualBatteryFuselageWithComponents",
    "battery":{
      "batteryType":"TurnigyGraphene5000mAh4S75C"
    },
    "fuselage":{
      "length":145.0,
      "vertDiameter":76.5,
      "horzDiameter":414.9,
      "floorHeight":12.75,
      "battery1X":0.0,
      "battery1Y":-15.5,
      "battery2X":0.0,
      "battery2Y":28.5,
      "rpmX":0.0,
      "rpmY":-128.3,
      "autoPilotX":0.0,
      "autoPilotY":72.0,
      "currentX":0.0,
      "currentY":-108.15,
      "voltageX":0.0,
      "voltageY":125.8,
      "gpsX":0.0,
      "gpsY":-68.0,
      "varioX":0.0,
      "varioY":104.15
    }
  }
}