{"Interferences": 8, "Mass": 4.51696271580538, "Batt_amps_ratio_MFD": 0.732532501, "Batt_amps_ratio_MxSpd": 0.836870611, "Distance_MxSpd": 1376.55688, "Max_Distance": 1520.20557, "Hover_Time": 0.0, "Max_Speed": 30.0, "Max_uc_at_MFD": 0.739466548, "Mot_amps_ratio_MFD": 0.857988715, "Mot_amps_ratio_MxSpd": 0.935992658, "Mot_power_ratio_MFD": 0.28615737, "Mot_power_ratio_MxSpd": 0.312173337, "Power_MFD": 1762.79248, "Power_MxSpd": 2115.03174, "Speed_MFD": 29.0}