{"Interferences": 8, "Mass": 2.4732426621440533, "Batt_amps_ratio_MFD": 1.24336362, "Batt_amps_ratio_MxSpd": 1.24336362, "Distance_MxSpd": 586.795349, "Max_Distance": 586.795349, "Hover_Time": 38.580246, "Max_Speed": 19.0, "Max_uc_at_MFD": 0.997669697, "Mot_amps_ratio_MFD": 0.253563434, "Mot_amps_ratio_MxSpd": 0.253563434, "Mot_power_ratio_MFD": 0.130547002, "Mot_power_ratio_MxSpd": 0.130547002, "Power_MFD": 636.493225, "Power_MxSpd": 636.493225, "Speed_MFD": 19.0}