{"Interferences": 41, "Mass": 1.9990429727361472, "Batt_amps_ratio_MFD": 0.548652112, "Batt_amps_ratio_MxSpd": 0.548652112, "Distance_MxSpd": 1329.80444, "Max_Distance": 1329.80444, "Hover_Time": 100.665749, "Max_Speed": 19.0, "Max_uc_at_MFD": 0.983873546, "Mot_amps_ratio_MFD": 0.562396348, "Mot_amps_ratio_MxSpd": 0.562396348, "Mot_power_ratio_MFD": 0.249703988, "Mot_power_ratio_MxSpd": 0.249703988, "Power_MFD": 399.060913, "Power_MxSpd": 399.060913, "Speed_MFD": 19.0}