{"Interferences": 20, "Mass": 4.722050688517276, "Batt_amps_ratio_MFD": 0.539117634, "Batt_amps_ratio_MxSpd": 0.539117634, "Distance_MxSpd": 1495.77747, "Max_Distance": 1495.77747, "Hover_Time": 0.0, "Max_Speed": 7.0, "Max_uc_at_MFD": 0.9599967, "Mot_amps_ratio_MFD": 0.859905422, "Mot_amps_ratio_MxSpd": 0.859905422, "Mot_power_ratio_MFD": 0.636330009, "Mot_power_ratio_MxSpd": 0.636330009, "Power_MFD": 1459.95618, "Power_MxSpd": 1459.95618, "Speed_MFD": 7.0}