{"Interferences": 54, "Mass": 7.391309811957396, "Batt_amps_ratio_MFD": 0.578132331, "Batt_amps_ratio_MxSpd": 0.578132331, "Distance_MxSpd": 4782.2959, "Max_Distance": 4782.2959, "Hover_Time": 0.0, "Max_Speed": 24.0, "Max_uc_at_MFD": 0.64736557, "Mot_amps_ratio_MFD": 0.976472855, "Mot_amps_ratio_MxSpd": 0.976472855, "Mot_power_ratio_MFD": 0.72258991, "Mot_power_ratio_MxSpd": 0.72258991, "Power_MFD": 1554.45056, "Power_MxSpd": 1554.45056, "Speed_MFD": 24.0}