{"Interferences": 87, "Mass": 3.919232070812253, "Batt_amps_ratio_MFD": 0.235952258, "Batt_amps_ratio_MxSpd": 0.235952258, "Distance_MxSpd": 3417.64038, "Max_Distance": 3417.64038, "Hover_Time": 208.648209, "Max_Speed": 21.0, "Max_uc_at_MFD": 0.999049962, "Mot_amps_ratio_MFD": 0.600587845, "Mot_amps_ratio_MxSpd": 0.600587845, "Mot_power_ratio_MFD": 0.225268021, "Mot_power_ratio_MxSpd": 0.225268021, "Power_MFD": 708.346375, "Power_MxSpd": 708.346375, "Speed_MFD": 21.0}