{"Interferences": 15, "Mass": 9.929770119641406, "Batt_amps_ratio_MFD": 0.965608776, "Batt_amps_ratio_MxSpd": 0.965608776, "Distance_MxSpd": 596.514893, "Max_Distance": 596.514893, "Hover_Time": 0.0, "Max_Speed": 15.0, "Max_uc_at_MFD": 0.869596601, "Mot_amps_ratio_MFD": 0.907109618, "Mot_amps_ratio_MxSpd": 0.907109618, "Mot_power_ratio_MFD": 0.909043252, "Mot_power_ratio_MxSpd": 0.909043252, "Power_MFD": 5493.50781, "Power_MxSpd": 5493.50781, "Speed_MFD": 15.0}