{"Interferences": 9, "Mass": 4.58143529114746, "Batt_amps_ratio_MFD": 0.620294452, "Batt_amps_ratio_MxSpd": 0.846092522, "Distance_MxSpd": 1180.01282, "Max_Distance": 1300.02771, "Hover_Time": 84.8107224, "Max_Speed": 26.0, "Max_uc_at_MFD": 0.920825839, "Mot_amps_ratio_MFD": 0.460468531, "Mot_amps_ratio_MxSpd": 0.481613398, "Mot_power_ratio_MFD": 0.23046869, "Mot_power_ratio_MxSpd": 0.241051883, "Power_MFD": 945.738281, "Power_MxSpd": 1427.9054, "Speed_MFD": 21.0}