{"Interferences": 53, "Mass": 5.297063704571504, "Batt_amps_ratio_MFD": 0.693916142, "Batt_amps_ratio_MxSpd": 0.693916142, "Distance_MxSpd": 4648.40039, "Max_Distance": 4648.40039, "Hover_Time": 254.61348, "Max_Speed": 28.0, "Max_uc_at_MFD": 0.587459207, "Mot_amps_ratio_MFD": 0.895959556, "Mot_amps_ratio_MxSpd": 0.895959556, "Mot_power_ratio_MFD": 0.672111571, "Mot_power_ratio_MxSpd": 0.672111571, "Power_MFD": 1356.43823, "Power_MxSpd": 1356.43823, "Speed_MFD": 28.0}