{"Interferences": 36, "Mass": 5.851613340696134, "Batt_amps_ratio_MFD": 0.288360447, "Batt_amps_ratio_MxSpd": 0.288360447, "Distance_MxSpd": 3196.0, "Max_Distance": 3196.0, "Hover_Time": 130.117172, "Max_Speed": 24.0, "Max_uc_at_MFD": 0.999916792, "Mot_amps_ratio_MFD": 0.734575987, "Mot_amps_ratio_MxSpd": 0.734575987, "Mot_power_ratio_MFD": 0.36754939, "Mot_power_ratio_MxSpd": 0.36754939, "Power_MFD": 1508.8468, "Power_MxSpd": 1508.8468, "Speed_MFD": 24.0}