{"Interferences": 54, "Mass": 5.062967271729905, "Batt_amps_ratio_MFD": 0.676850975, "Batt_amps_ratio_MxSpd": 1.2041651, "Distance_MxSpd": 1052.34741, "Max_Distance": 1248.13293, "Hover_Time": 76.9439697, "Max_Speed": 33.0, "Max_uc_at_MFD": 0.689642072, "Mot_amps_ratio_MFD": 0.414215982, "Mot_amps_ratio_MxSpd": 0.761828661, "Mot_power_ratio_MFD": 0.202844009, "Mot_power_ratio_MxSpd": 0.373071969, "Power_MFD": 1032.29871, "Power_MxSpd": 2682.81421, "Speed_MFD": 22.0}