{"Interferences": 15, "Mass": 3.987822687311626, "Batt_amps_ratio_MFD": 0.526907504, "Batt_amps_ratio_MxSpd": 0.552611291, "Distance_MxSpd": 1528.74194, "Max_Distance": 1530.43933, "Hover_Time": 94.9706345, "Max_Speed": 22.0, "Max_uc_at_MFD": 0.986098289, "Mot_amps_ratio_MFD": 0.843807757, "Mot_amps_ratio_MxSpd": 0.849366486, "Mot_power_ratio_MFD": 0.312208861, "Mot_power_ratio_MxSpd": 0.314265609, "Power_MFD": 829.49054, "Power_MxSpd": 901.861206, "Speed_MFD": 21.0}