{"Interferences": 0, "Mass": 5.2060278156649815, "Batt_amps_ratio_MFD": 0.820491612, "Batt_amps_ratio_MxSpd": 1.00126958, "Distance_MxSpd": 1265.59326, "Max_Distance": 1357.23511, "Hover_Time": 79.8196793, "Max_Speed": 33.0, "Max_uc_at_MFD": 0.999998748, "Mot_amps_ratio_MFD": 0.611816287, "Mot_amps_ratio_MxSpd": 0.492248267, "Mot_power_ratio_MFD": 0.288624346, "Mot_power_ratio_MxSpd": 0.232218117, "Power_MFD": 1807.68408, "Power_MxSpd": 2306.90649, "Speed_MFD": 29.0}