{"Interferences": 18, "Mass": 4.135122730897008, "Batt_amps_ratio_MFD": 0.662905753, "Batt_amps_ratio_MxSpd": 0.733587086, "Distance_MxSpd": 628.146301, "Max_Distance": 637.194641, "Hover_Time": 0.0, "Max_Speed": 12.0, "Max_uc_at_MFD": 0.994443417, "Mot_amps_ratio_MFD": 0.261705041, "Mot_amps_ratio_MxSpd": 0.43256256, "Mot_power_ratio_MFD": 0.130075648, "Mot_power_ratio_MxSpd": 0.144268751, "Power_MFD": 667.816162, "Power_MxSpd": 569.562134, "Speed_MFD": 11.0}