{"Interferences": 3, "Mass": 6.065310736955726, "Batt_amps_ratio_MFD": 0.658151448, "Batt_amps_ratio_MxSpd": 0.658151448, "Distance_MxSpd": 1400.28564, "Max_Distance": 1400.28564, "Hover_Time": 82.0243912, "Max_Speed": 24.0, "Max_uc_at_MFD": 0.652204692, "Mot_amps_ratio_MFD": 0.894060493, "Mot_amps_ratio_MxSpd": 0.894060493, "Mot_power_ratio_MFD": 0.894970775, "Mot_power_ratio_MxSpd": 0.894970775, "Power_MFD": 2521.18774, "Power_MxSpd": 2521.18774, "Speed_MFD": 24.0}