{"Interferences": 41, "Mass": 5.829457074101059, "Batt_amps_ratio_MFD": 1.25598812, "Batt_amps_ratio_MxSpd": 1.25598812, "Distance_MxSpd": 336.308899, "Max_Distance": 336.308899, "Hover_Time": 0.0, "Max_Speed": 11.0, "Max_uc_at_MFD": 0.767585516, "Mot_amps_ratio_MFD": 0.864647746, "Mot_amps_ratio_MxSpd": 0.864647746, "Mot_power_ratio_MFD": 0.57766062, "Mot_power_ratio_MxSpd": 0.57766062, "Power_MFD": 1377.5791, "Power_MxSpd": 1377.5791, "Speed_MFD": 11.0}