{"Interferences": 87, "Mass": 16.475822966985234, "Batt_amps_ratio_MFD": 0.729004264, "Batt_amps_ratio_MxSpd": 0.729004264, "Distance_MxSpd": 9481.42578, "Max_Distance": 9481.42578, "Hover_Time": 320.77182, "Max_Speed": 24.0, "Max_uc_at_MFD": 0.999924779, "Mot_amps_ratio_MFD": 0.757861853, "Mot_amps_ratio_MxSpd": 0.757861853, "Mot_power_ratio_MFD": 0.333480895, "Mot_power_ratio_MxSpd": 0.333480895, "Power_MFD": 5452.18018, "Power_MxSpd": 5452.18018, "Speed_MFD": 24.0}