{"Interferences": 8, "Mass": 3.418952083615844, "Batt_amps_ratio_MFD": 0.505421996, "Batt_amps_ratio_MxSpd": 0.505421996, "Distance_MxSpd": 1747.45068, "Max_Distance": 1747.45068, "Hover_Time": 95.0847549, "Max_Speed": 23.0, "Max_uc_at_MFD": 0.995615005, "Mot_amps_ratio_MFD": 0.378014266, "Mot_amps_ratio_MxSpd": 0.378014266, "Mot_power_ratio_MFD": 0.189007133, "Mot_power_ratio_MxSpd": 0.189007133, "Power_MFD": 812.179871, "Power_MxSpd": 812.179871, "Speed_MFD": 23.0}