{"Interferences": 14, "Mass": 6.722105071079873, "Batt_amps_ratio_MFD": 1.1058172, "Batt_amps_ratio_MxSpd": 1.1058172, "Distance_MxSpd": 590.332703, "Max_Distance": 590.332703, "Hover_Time": 0.0, "Max_Speed": 17.0, "Max_uc_at_MFD": 0.814276814, "Mot_amps_ratio_MFD": 0.943749607, "Mot_amps_ratio_MxSpd": 0.943749607, "Mot_power_ratio_MFD": 0.924319506, "Mot_power_ratio_MxSpd": 0.924319506, "Power_MFD": 2741.91797, "Power_MxSpd": 2741.91797, "Speed_MFD": 17.0}