{"Interferences": 0, "Mass": 8.448153198005148, "Batt_amps_ratio_MFD": 0.328365415, "Batt_amps_ratio_MxSpd": 0.328365415, "Distance_MxSpd": 6431.85889, "Max_Distance": 6431.85889, "Hover_Time": 0.0, "Max_Speed": 22.0, "Max_uc_at_MFD": 0.537427843, "Mot_amps_ratio_MFD": 0.914036393, "Mot_amps_ratio_MxSpd": 0.914036393, "Mot_power_ratio_MFD": 0.685672104, "Mot_power_ratio_MxSpd": 0.685672104, "Power_MFD": 1739.17542, "Power_MxSpd": 1739.17542, "Speed_MFD": 22.0}