{"Interferences": 5, "Mass": 4.949056068706376, "Batt_amps_ratio_MFD": 0.323086232, "Batt_amps_ratio_MxSpd": 0.335216463, "Distance_MxSpd": 3207.47974, "Max_Distance": 3209.05029, "Hover_Time": 158.877625, "Max_Speed": 28.0, "Max_uc_at_MFD": 0.961503685, "Mot_amps_ratio_MFD": 0.648847163, "Mot_amps_ratio_MxSpd": 0.671561301, "Mot_power_ratio_MFD": 0.32465449, "Mot_power_ratio_MxSpd": 0.336019635, "Power_MFD": 1328.25696, "Power_MxSpd": 1422.922, "Speed_MFD": 27.0}