{"Interferences": 29, "Mass": 11.122489649775256, "Batt_amps_ratio_MFD": 0.451692104, "Batt_amps_ratio_MxSpd": 0.451692104, "Distance_MxSpd": 8926.43457, "Max_Distance": 8926.43457, "Hover_Time": 0.0, "Max_Speed": 21.0, "Max_uc_at_MFD": 0.985599518, "Mot_amps_ratio_MFD": 0.340886742, "Mot_amps_ratio_MxSpd": 0.340886742, "Mot_power_ratio_MFD": 0.292399794, "Mot_power_ratio_MxSpd": 0.292399794, "Power_MFD": 4077.06299, "Power_MxSpd": 4077.06299, "Speed_MFD": 21.0}