{"Interferences": 0, "Mass": 8.654364153011972, "Batt_amps_ratio_MFD": 0.626176417, "Batt_amps_ratio_MxSpd": 0.626176417, "Distance_MxSpd": 858.543945, "Max_Distance": 858.543945, "Hover_Time": 59.724556, "Max_Speed": 14.0, "Max_uc_at_MFD": 0.999999881, "Mot_amps_ratio_MFD": 0.432182223, "Mot_amps_ratio_MxSpd": 0.432182223, "Mot_power_ratio_MFD": 0.185354814, "Mot_power_ratio_MxSpd": 0.185354814, "Power_MFD": 5016.84912, "Power_MxSpd": 5016.84912, "Speed_MFD": 14.0}