{"Interferences": 28, "Mass": 3.14058697070792, "Batt_amps_ratio_MFD": 0.470697194, "Batt_amps_ratio_MxSpd": 0.604332149, "Distance_MxSpd": 1842.69531, "Max_Distance": 1876.3656, "Hover_Time": 0.0, "Max_Speed": 29.0, "Max_uc_at_MFD": 0.717020571, "Mot_amps_ratio_MFD": 0.634584606, "Mot_amps_ratio_MxSpd": 0.928281248, "Mot_power_ratio_MFD": 0.317878067, "Mot_power_ratio_MxSpd": 0.4649975, "Power_MFD": 708.345154, "Power_MxSpd": 1183.21118, "Speed_MFD": 23.0}