{"Interferences": 21, "Mass": 6.252491988780514, "Batt_amps_ratio_MFD": 0.944483042, "Batt_amps_ratio_MxSpd": 1.1668638, "Distance_MxSpd": 2764.33276, "Max_Distance": 3049.28711, "Hover_Time": 129.713257, "Max_Speed": 28.0, "Max_uc_at_MFD": 0.623180985, "Mot_amps_ratio_MFD": 0.892445385, "Mot_amps_ratio_MxSpd": 0.970662653, "Mot_power_ratio_MFD": 0.894347727, "Mot_power_ratio_MxSpd": 0.972731769, "Power_MFD": 2084.97656, "Power_MxSpd": 2902.6106, "Speed_MFD": 25.0}