{"Interferences": 0, "Mass": 9.76431130112954, "Batt_amps_ratio_MFD": 0.334016234, "Batt_amps_ratio_MxSpd": 0.541698456, "Distance_MxSpd": 9357.23535, "Max_Distance": 10691.6953, "Hover_Time": 492.908997, "Max_Speed": 44.0, "Max_uc_at_MFD": 0.948778868, "Mot_amps_ratio_MFD": 0.52981168, "Mot_amps_ratio_MxSpd": 0.458072811, "Mot_power_ratio_MFD": 0.233132288, "Mot_power_ratio_MxSpd": 0.201565132, "Power_MFD": 3600.19019, "Power_MxSpd": 6707.4126, "Speed_MFD": 31.0}