{"Interferences": 11, "Mass": 6.734939634668133, "Batt_amps_ratio_MFD": 0.89520967, "Batt_amps_ratio_MxSpd": 0.89520967, "Distance_MxSpd": 4503.97266, "Max_Distance": 4503.97266, "Hover_Time": 209.80011, "Max_Speed": 21.0, "Max_uc_at_MFD": 0.999999821, "Mot_amps_ratio_MFD": 0.662117779, "Mot_amps_ratio_MxSpd": 0.662117779, "Mot_power_ratio_MFD": 0.320485443, "Mot_power_ratio_MxSpd": 0.320485443, "Power_MFD": 2809.27881, "Power_MxSpd": 2809.27881, "Speed_MFD": 21.0}