{
  "generator_version":"UAV2_gen12",
  "name":"design_4761_d0786eb049114129ab59a55609ddf0fd_dw_dl",
  "hub":{
    "node_type":"ConnectedHub6_Sym",
    "mainSegment":{
      "node_type":"BranchWithTopSegment_Asym",
      "armLength":230.576198878503,
      "angle":120.0,
      "leftSegment":{
        "node_type":"WingArm",
        "armLength":391.3176560138531,
        "wing":{
          "wingType":"Wing_vert_hole",
          "nacaProfile":"6412",
          "span":1757.524263564565,
          "chordInner":318.422405638246,
          "chordOuter":131.1512231389075,
          "taperOffset":false,
          "aileronBias":0.4559908206098543,
          "flapBias":0.9058498348613291,
          "load":434.38580957981145,
          "tubeOffset":11.409894584939302,
          "tubeRot":256.73682271571556
        },
        "servo":{
          "servoType":"Hitec_HS_40"
        }
      },
      "rightSegment":{
        "node_type":"AngledPropArm",
        "armLength":471.6456670297491,
        "motor":{
          "motorType":"t_motor_U7_V2.0KV490"
        },
        "prop":{
          "propType":"apc_propellers_17x6"
        }
      },
      "topSegment":{
        "node_type":"AngledWingArm",
        "arm1Length":94.91989566225968,
        "arm2Length":127.69657675034277,
        "wing":{
          "wingType":"Wing_vert_hole",
          "nacaProfile":"6512",
          "span":1479.3046303645594,
          "chordInner":337.9120340006393,
          "chordOuter":114.77881637814843,
          "taperOffset":true,
          "aileronBias":0.28798894840840256,
          "flapBias":0.3828828052000113,
          "load":484.3139242899284,
          "tubeOffset":63.842904528754254,
          "tubeRot":270.0
        },
        "servo":{
          "servoType":"Hitec_HS_85MG"
        }
      }
    }
  },
  "fuselageWithComponents":{
    "node_type":"DualBatteryFuselageWithComponents",
    "battery":{
      "batteryType":"TurnigyGraphene6000mAh3S75C"
    },
    "fuselage":{
      "length":337.0,
      "vertDiameter":103.5,
      "horzDiameter":326.4,
      "floorHeight":17.25,
      "battery1X":-84.25,
      "battery1Y":6.0,
      "battery2X":85.25,
      "battery2Y":6.0,
      "rpmX":0.0,
      "rpmY":-98.8,
      "autoPilotX":0.0,
      "autoPilotY":42.5,
      "currentX":0.0,
      "currentY":-78.65,
      "voltageX":0.0,
      "voltageY":96.3,
      "gpsX":0.0,
      "gpsY":-38.5,
      "varioX":0.0,
      "varioY":74.65
    }
  }
}