{"Interferences": 12, "Mass": 17.288682004016646, "Batt_amps_ratio_MFD": 1.47113109, "Batt_amps_ratio_MxSpd": 1.72351003, "Distance_MxSpd": 5570.02881, "Max_Distance": 5742.52051, "Hover_Time": 158.454163, "Max_Speed": 50.0, "Max_uc_at_MFD": 0.566469252, "Mot_amps_ratio_MFD": 0.804450214, "Mot_amps_ratio_MxSpd": 0.967900574, "Mot_power_ratio_MFD": 0.689331591, "Mot_power_ratio_MxSpd": 0.829391837, "Power_MFD": 7948.83447, "Power_MxSpd": 9552.15234, "Speed_MFD": 44.0}