{"Interferences": 4, "Mass": 10.917510553787055, "Batt_amps_ratio_MFD": 1.67909205, "Batt_amps_ratio_MxSpd": 1.90903318, "Distance_MxSpd": 9051.70215, "Max_Distance": 9262.14844, "Hover_Time": 389.035126, "Max_Speed": 30.0, "Max_uc_at_MFD": 0.998508692, "Mot_amps_ratio_MFD": 0.394964695, "Mot_amps_ratio_MxSpd": 0.381413549, "Mot_power_ratio_MFD": 0.169222191, "Mot_power_ratio_MxSpd": 0.163416222, "Power_MFD": 3128.70093, "Power_MxSpd": 3666.64551, "Speed_MFD": 27.0}