{"Interferences": 17, "Mass": 4.396196706832899, "Batt_amps_ratio_MFD": 0.647346437, "Batt_amps_ratio_MxSpd": 0.683442175, "Distance_MxSpd": 1404.6543, "Max_Distance": 1423.65808, "Hover_Time": 87.0711212, "Max_Speed": 25.0, "Max_uc_at_MFD": 0.990752161, "Mot_amps_ratio_MFD": 0.629537582, "Mot_amps_ratio_MxSpd": 0.589560032, "Mot_power_ratio_MFD": 0.232928902, "Mot_power_ratio_MxSpd": 0.218137205, "Power_MFD": 1080.65515, "Power_MxSpd": 1163.55652, "Speed_MFD": 24.0}