{"Interferences": 6, "Mass": 7.201384792639116, "Batt_amps_ratio_MFD": 1.22202659, "Batt_amps_ratio_MxSpd": 1.63181305, "Distance_MxSpd": 2682.6604, "Max_Distance": 2922.35864, "Hover_Time": 123.641479, "Max_Speed": 38.0, "Max_uc_at_MFD": 0.50201416, "Mot_amps_ratio_MFD": 0.758408666, "Mot_amps_ratio_MxSpd": 0.905592918, "Mot_power_ratio_MFD": 0.760025322, "Mot_power_ratio_MxSpd": 0.907523334, "Power_MFD": 2236.99268, "Power_MxSpd": 3387.80371, "Speed_MFD": 31.0}