{"Interferences": 26, "Mass": 8.073140326948039, "Batt_amps_ratio_MFD": 0.308074981, "Batt_amps_ratio_MxSpd": 0.308074981, "Distance_MxSpd": 2118.9646, "Max_Distance": 2118.9646, "Hover_Time": 124.755417, "Max_Speed": 17.0, "Max_uc_at_MFD": 0.999993384, "Mot_amps_ratio_MFD": 0.488470346, "Mot_amps_ratio_MxSpd": 0.488470346, "Mot_power_ratio_MFD": 0.301223397, "Mot_power_ratio_MxSpd": 0.301223397, "Power_MFD": 1408.2533, "Power_MxSpd": 1408.2533, "Speed_MFD": 17.0}