{"Interferences": 18, "Mass": 5.909895576255708, "Batt_amps_ratio_MFD": 0.543566287, "Batt_amps_ratio_MxSpd": 0.613785088, "Distance_MxSpd": 2002.00378, "Max_Distance": 2189.98145, "Hover_Time": 89.1368484, "Max_Speed": 32.0, "Max_uc_at_MFD": 0.999532223, "Mot_amps_ratio_MFD": 0.791885197, "Mot_amps_ratio_MxSpd": 0.829142272, "Mot_power_ratio_MFD": 0.396224409, "Mot_power_ratio_MxSpd": 0.418087184, "Power_MFD": 2056.32422, "Power_MxSpd": 2314.47046, "Speed_MFD": 31.0}