{"Interferences": 22, "Mass": 9.534217304688225, "Batt_amps_ratio_MFD": 2.79456878, "Batt_amps_ratio_MxSpd": 3.69061494, "Distance_MxSpd": 374.571747, "Max_Distance": 467.191956, "Hover_Time": 10.6575174, "Max_Speed": 36.0, "Max_uc_at_MFD": 0.913409173, "Mot_amps_ratio_MFD": 0.62253046, "Mot_amps_ratio_MxSpd": 0.708802819, "Mot_power_ratio_MFD": 0.207487911, "Mot_power_ratio_MxSpd": 0.236242265, "Power_MFD": 3949.16309, "Power_MxSpd": 5472.03369, "Speed_MFD": 34.0}