{"Interferences": 13, "Mass": 3.522336358592033, "Batt_amps_ratio_MFD": 0.905304909, "Batt_amps_ratio_MxSpd": 1.59916806, "Distance_MxSpd": 936.486938, "Max_Distance": 1060.41614, "Hover_Time": 65.9098434, "Max_Speed": 39.0, "Max_uc_at_MFD": 0.532154679, "Mot_amps_ratio_MFD": 0.483678222, "Mot_amps_ratio_MxSpd": 0.988259315, "Mot_power_ratio_MFD": 0.362758666, "Mot_power_ratio_MxSpd": 0.741194487, "Power_MFD": 883.556763, "Power_MxSpd": 2541.12769, "Speed_MFD": 25.0}