{"Interferences": 0, "Mass": 12.121184687352512, "Batt_amps_ratio_MFD": 0.569307268, "Batt_amps_ratio_MxSpd": 0.569307268, "Distance_MxSpd": 17705.7285, "Max_Distance": 17705.7285, "Hover_Time": 660.489258, "Max_Speed": 35.0, "Max_uc_at_MFD": 0.992718458, "Mot_amps_ratio_MFD": 0.885094166, "Mot_amps_ratio_MxSpd": 0.885094166, "Mot_power_ratio_MFD": 0.672671616, "Mot_power_ratio_MxSpd": 0.672671616, "Power_MFD": 3869.427, "Power_MxSpd": 3869.427, "Speed_MFD": 35.0}