{"Interferences": 2, "Mass": 3.305539371650573, "Batt_amps_ratio_MFD": 0.924167693, "Batt_amps_ratio_MxSpd": 1.16032982, "Distance_MxSpd": 959.727112, "Max_Distance": 1080.32349, "Hover_Time": 62.1401672, "Max_Speed": 29.0, "Max_uc_at_MFD": 0.953016102, "Mot_amps_ratio_MFD": 0.918424368, "Mot_amps_ratio_MxSpd": 0.852565765, "Mot_power_ratio_MFD": 0.679634035, "Mot_power_ratio_MxSpd": 0.630898654, "Power_MFD": 1278.29456, "Power_MxSpd": 1671.27319, "Speed_MFD": 26.0}