{"Interferences": 91, "Mass": 6.4049829117168695, "Batt_amps_ratio_MFD": 0.600279689, "Batt_amps_ratio_MxSpd": 0.600279689, "Distance_MxSpd": 2686.74756, "Max_Distance": 2686.74756, "Hover_Time": 202.911301, "Max_Speed": 14.0, "Max_uc_at_MFD": 0.646128178, "Mot_amps_ratio_MFD": 0.853695273, "Mot_amps_ratio_MxSpd": 0.853695273, "Mot_power_ratio_MFD": 0.780377924, "Mot_power_ratio_MxSpd": 0.780377924, "Power_MFD": 1494.08765, "Power_MxSpd": 1494.08765, "Speed_MFD": 14.0}