{"Interferences": 3, "Mass": 4.657653620925271, "Batt_amps_ratio_MFD": 2.20183349, "Batt_amps_ratio_MxSpd": 3.47108912, "Distance_MxSpd": 420.38678, "Max_Distance": 523.200317, "Hover_Time": 24.9015789, "Max_Speed": 38.0, "Max_uc_at_MFD": 0.784363091, "Mot_amps_ratio_MFD": 0.722101688, "Mot_amps_ratio_MxSpd": 0.935744882, "Mot_power_ratio_MFD": 0.538360894, "Mot_power_ratio_MxSpd": 0.697642028, "Power_MFD": 2820.67017, "Power_MxSpd": 5269.74512, "Speed_MFD": 30.0}