{"Interferences": 25, "Mass": 11.311238729562492, "Batt_amps_ratio_MFD": 1.26737916, "Batt_amps_ratio_MxSpd": 1.26737916, "Distance_MxSpd": 424.182434, "Max_Distance": 424.182434, "Hover_Time": 0.0, "Max_Speed": 14.0, "Max_uc_at_MFD": 0.789137423, "Mot_amps_ratio_MFD": 0.998356998, "Mot_amps_ratio_MxSpd": 0.998356998, "Mot_power_ratio_MFD": 0.666990101, "Mot_power_ratio_MxSpd": 0.666990101, "Power_MFD": 4607.2915, "Power_MxSpd": 4607.2915, "Speed_MFD": 14.0}