{"Interferences": 28, "Mass": 5.89608450430095, "Batt_amps_ratio_MFD": 1.51965928, "Batt_amps_ratio_MxSpd": 1.51965928, "Distance_MxSpd": 202.150574, "Max_Distance": 202.150574, "Hover_Time": 27.6478195, "Max_Speed": 8.0, "Max_uc_at_MFD": 0.999828577, "Mot_amps_ratio_MFD": 0.452481776, "Mot_amps_ratio_MxSpd": 0.452481776, "Mot_power_ratio_MFD": 0.186649621, "Mot_power_ratio_MxSpd": 0.186649621, "Power_MFD": 1394.0918, "Power_MxSpd": 1394.0918, "Speed_MFD": 8.0}