{"Interferences": 4, "Mass": 6.20555151085605, "Batt_amps_ratio_MFD": 0.70970118, "Batt_amps_ratio_MxSpd": 1.11518645, "Distance_MxSpd": 826.408875, "Max_Distance": 1082.14563, "Hover_Time": 50.3219032, "Max_Speed": 24.0, "Max_uc_at_MFD": 0.510335803, "Mot_amps_ratio_MFD": 0.936407328, "Mot_amps_ratio_MxSpd": 0.982899666, "Mot_power_ratio_MFD": 0.923921943, "Mot_power_ratio_MxSpd": 0.969794333, "Power_MFD": 1838.05566, "Power_MxSpd": 3823.87305, "Speed_MFD": 20.0}