{"Interferences": 26, "Mass": 7.848640389695469, "Batt_amps_ratio_MFD": 0.673786461, "Batt_amps_ratio_MxSpd": 0.673786461, "Distance_MxSpd": 1221.24329, "Max_Distance": 1221.24329, "Hover_Time": 0.0, "Max_Speed": 10.0, "Max_uc_at_MFD": 0.787472367, "Mot_amps_ratio_MFD": 0.963314056, "Mot_amps_ratio_MxSpd": 0.963314056, "Mot_power_ratio_MFD": 0.712852418, "Mot_power_ratio_MxSpd": 0.712852418, "Power_MFD": 1747.58545, "Power_MxSpd": 1747.58545, "Speed_MFD": 10.0}