{"Interferences": 59, "Mass": 10.91751200563214, "Batt_amps_ratio_MFD": 1.08112907, "Batt_amps_ratio_MxSpd": 1.08112907, "Distance_MxSpd": 7636.46143, "Max_Distance": 7636.46143, "Hover_Time": 0.0, "Max_Speed": 43.0, "Max_uc_at_MFD": 0.9295035, "Mot_amps_ratio_MFD": 0.975299656, "Mot_amps_ratio_MxSpd": 0.975299656, "Mot_power_ratio_MFD": 0.919757247, "Mot_power_ratio_MxSpd": 0.919757247, "Power_MFD": 5124.90234, "Power_MxSpd": 5124.90234, "Speed_MFD": 43.0}