{"Interferences": 11, "Mass": 7.458370641055752, "Batt_amps_ratio_MFD": 0.566793978, "Batt_amps_ratio_MxSpd": 0.566793978, "Distance_MxSpd": 5894.20557, "Max_Distance": 5894.20557, "Hover_Time": 139.126587, "Max_Speed": 29.0, "Max_uc_at_MFD": 0.81840986, "Mot_amps_ratio_MFD": 0.95145911, "Mot_amps_ratio_MxSpd": 0.95145911, "Mot_power_ratio_MFD": 0.867730677, "Mot_power_ratio_MxSpd": 0.867730677, "Power_MFD": 2620.94312, "Power_MxSpd": 2620.94312, "Speed_MFD": 29.0}