{"Interferences": 17, "Mass": 6.865429165739366, "Batt_amps_ratio_MFD": 0.544492185, "Batt_amps_ratio_MxSpd": 0.860162556, "Distance_MxSpd": 2410.70703, "Max_Distance": 3173.59937, "Hover_Time": 0.0, "Max_Speed": 18.0, "Max_uc_at_MFD": 0.807815135, "Mot_amps_ratio_MFD": 0.514035225, "Mot_amps_ratio_MxSpd": 0.876159787, "Mot_power_ratio_MFD": 0.385800838, "Mot_power_ratio_MxSpd": 0.653218448, "Power_MFD": 1573.29688, "Power_MxSpd": 3176.15039, "Speed_MFD": 15.0}