{"Interferences": 24, "Mass": 8.111381673660846, "Batt_amps_ratio_MFD": 0.531934083, "Batt_amps_ratio_MxSpd": 0.531934083, "Distance_MxSpd": 4114.79541, "Max_Distance": 4114.79541, "Hover_Time": 0.0, "Max_Speed": 19.0, "Max_uc_at_MFD": 0.88843286, "Mot_amps_ratio_MFD": 0.870005071, "Mot_amps_ratio_MxSpd": 0.870005071, "Mot_power_ratio_MFD": 0.666160405, "Mot_power_ratio_MxSpd": 0.666160405, "Power_MFD": 4368.47656, "Power_MxSpd": 4368.47656, "Speed_MFD": 19.0}