{"Interferences": 17, "Mass": 9.408727787422231, "Batt_amps_ratio_MFD": 0.669847012, "Batt_amps_ratio_MxSpd": 0.854005992, "Distance_MxSpd": 3035.10767, "Max_Distance": 3582.90771, "Hover_Time": 0.0, "Max_Speed": 27.0, "Max_uc_at_MFD": 0.856686056, "Mot_amps_ratio_MFD": 0.777082443, "Mot_amps_ratio_MxSpd": 0.7895208, "Mot_power_ratio_MFD": 0.643497825, "Mot_power_ratio_MxSpd": 0.744912863, "Power_MFD": 3005.37354, "Power_MxSpd": 3684.85718, "Speed_MFD": 25.0}