{
  "generator_version":"UAV2_gen12",
  "name":"design_2658_56249d42b0814873b37cd1a872d5c60d_s",
  "hub":{
    "node_type":"ConnectedHub4_2_2",
    "frontSegment":{
      "node_type":"AngledWingArm",
      "arm1Length":453.9299411042503,
      "arm2Length":81.58145674850968,
      "wing":{
        "wingType":"Wing_horiz_hole",
        "nacaProfile":"2309",
        "span":1966.8826463371906,
        "chordInner":437.09285101486034,
        "chordOuter":95.43629027091109,
        "taperOffset":false,
        "aileronBias":0.8357885753063448,
        "flapBias":0.9897596404887453,
        "load":855.0339996936438,
        "tubeOffset":38.6438496362413,
        "tubeRot":307.8859035534744
      },
      "servo":{
        "servoType":"Hitec_D485HW"
      }
    },
    "rearSegment":{
      "node_type":"AngledPropArm",
      "armLength":203.81314656307563,
      "motor":{
        "motorType":"kde_direct_KDE4215XF_465"
      },
      "prop":{
        "propType":"apc_propellers_18x10E"
      }
    }
  },
  "fuselageWithComponents":{
    "node_type":"SingleBatteryFuselageWithComponents",
    "battery":{
      "batteryType":"TattuPro25C22000mAh12S1P"
    },
    "fuselage":{
      "length":238.0,
      "vertDiameter":261.0,
      "horzDiameter":461.4,
      "floorHeight":43.5,
      "batteryX":0.0,
      "batteryY":6.0,
      "rpmX":0.0,
      "rpmY":-143.8,
      "autoPilotX":0.0,
      "autoPilotY":87.5,
      "currentX":0.0,
      "currentY":-123.65,
      "voltageX":0.0,
      "voltageY":141.3,
      "gpsX":0.0,
      "gpsY":-83.5,
      "varioX":0.0,
      "varioY":119.65
    }
  }
}