{
  "generator_version":"UAV2_gen12",
  "name":"design_4074_73f41475d6054ca7bdb400007ea5668f_dw_dl",
  "hub":{
    "node_type":"ConnectedHub4_Sym",
    "mainSegment":{
      "node_type":"BendSegment",
      "angle":-90.0,
      "armLength":226.58205024172094,
      "mainSegment":{
        "node_type":"SidewaysBendWithTopSegment",
        "angle":-90.0,
        "armLength":215.3954233645348,
        "mainSegment":{
          "node_type":"PropArm",
          "armLength":255.29705727580622,
          "motor":{
            "motorType":"t_motor_AT4120KV500"
          },
          "prop":{
            "propType":"apc_propellers_16x8"
          },
          "flange":{
            "offset":-20.591355878843288,
            "angle":188.45017083708515
          }
        },
        "topSegment":{
          "node_type":"WingArm",
          "armLength":321.02571931803016,
          "wing":{
            "wingType":"Wing_vert_hole",
            "nacaProfile":"4518",
            "span":795.8790462085065,
            "chordInner":405.51496167528205,
            "chordOuter":86.77772738295491,
            "taperOffset":true,
            "aileronBias":0.31041291679005095,
            "flapBias":0.9206934006566061,
            "load":867.0071429662923,
            "tubeOffset":76.11202559528698,
            "tubeRot":283.19606568995056
          },
          "servo":{
            "servoType":"Hitec_HS_85MG"
          }
        }
      }
    }
  },
  "fuselageWithComponents":{
    "node_type":"DualBatteryFuselageWithComponents",
    "battery":{
      "batteryType":"Tattu25C11000mAh6S1PHV"
    },
    "fuselage":{
      "length":353.0,
      "vertDiameter":97.5,
      "horzDiameter":369.9,
      "floorHeight":16.25,
      "battery1X":-88.25,
      "battery1Y":6.0,
      "battery2X":89.25,
      "battery2Y":6.0,
      "rpmX":0.0,
      "rpmY":-113.3,
      "autoPilotX":0.0,
      "autoPilotY":57.0,
      "currentX":0.0,
      "currentY":-93.15,
      "voltageX":0.0,
      "voltageY":110.8,
      "gpsX":0.0,
      "gpsY":-53.0,
      "varioX":0.0,
      "varioY":89.15
    }
  }
}