{"Interferences": 27, "Mass": 3.6141153884937354, "Batt_amps_ratio_MFD": 0.825093567, "Batt_amps_ratio_MxSpd": 1.46466076, "Distance_MxSpd": 812.747925, "Max_Distance": 930.803528, "Hover_Time": 62.8091393, "Max_Speed": 31.0, "Max_uc_at_MFD": 0.708503604, "Mot_amps_ratio_MFD": 0.826099455, "Mot_amps_ratio_MxSpd": 0.673610806, "Mot_power_ratio_MFD": 0.815084815, "Mot_power_ratio_MxSpd": 0.654244483, "Power_MFD": 761.361755, "Power_MxSpd": 2058.93481, "Speed_MFD": 20.0}