{"Interferences": 4, "Mass": 3.842640653479551, "Batt_amps_ratio_MFD": 0.164847836, "Batt_amps_ratio_MxSpd": 0.164847836, "Distance_MxSpd": 232.942093, "Max_Distance": 232.942093, "Hover_Time": 232.953445, "Max_Speed": 1.0, "Max_uc_at_MFD": 0.999999821, "Mot_amps_ratio_MFD": 0.469245791, "Mot_amps_ratio_MxSpd": 0.469245791, "Mot_power_ratio_MFD": 0.173620939, "Mot_power_ratio_MxSpd": 0.173620939, "Power_MFD": 476.973145, "Power_MxSpd": 476.973145, "Speed_MFD": 1.0}