{"Interferences": 13, "Mass": 5.986613840266845, "Batt_amps_ratio_MFD": 0.369511396, "Batt_amps_ratio_MxSpd": 0.369511396, "Distance_MxSpd": 8729.36523, "Max_Distance": 8729.36523, "Hover_Time": 384.321198, "Max_Speed": 28.0, "Max_uc_at_MFD": 0.571248591, "Mot_amps_ratio_MFD": 0.979500949, "Mot_amps_ratio_MxSpd": 0.979500949, "Mot_power_ratio_MFD": 0.616106093, "Mot_power_ratio_MxSpd": 0.616106093, "Power_MFD": 1624.46936, "Power_MxSpd": 1624.46936, "Speed_MFD": 28.0}