{"Interferences": 87, "Mass": 6.100878847178729, "Batt_amps_ratio_MFD": 0.283960789, "Batt_amps_ratio_MxSpd": 0.283960789, "Distance_MxSpd": 3786.43799, "Max_Distance": 3786.43799, "Hover_Time": 201.200607, "Max_Speed": 28.0, "Max_uc_at_MFD": 0.981778443, "Mot_amps_ratio_MFD": 0.5794186, "Mot_amps_ratio_MxSpd": 0.5794186, "Mot_power_ratio_MFD": 0.301478744, "Mot_power_ratio_MxSpd": 0.301478744, "Power_MFD": 2413.1731, "Power_MxSpd": 2413.1731, "Speed_MFD": 28.0}