{"Interferences": 21, "Mass": 3.361201324513108, "Batt_amps_ratio_MFD": 0.270351768, "Batt_amps_ratio_MxSpd": 0.270351768, "Distance_MxSpd": 3408.89185, "Max_Distance": 3408.89185, "Hover_Time": 220.92218, "Max_Speed": 24.0, "Max_uc_at_MFD": 0.971344829, "Mot_amps_ratio_MFD": 0.527558148, "Mot_amps_ratio_MxSpd": 0.527558148, "Mot_power_ratio_MFD": 0.264047652, "Mot_power_ratio_MxSpd": 0.264047652, "Power_MFD": 862.950928, "Power_MxSpd": 862.950928, "Speed_MFD": 24.0}