{"Interferences": 21, "Mass": 6.775979104088693, "Batt_amps_ratio_MFD": 0.246671498, "Batt_amps_ratio_MxSpd": 0.246671498, "Distance_MxSpd": 2335.08936, "Max_Distance": 2335.08936, "Hover_Time": 144.140686, "Max_Speed": 15.0, "Max_uc_at_MFD": 0.991669476, "Mot_amps_ratio_MFD": 0.547866166, "Mot_amps_ratio_MxSpd": 0.547866166, "Mot_power_ratio_MFD": 0.202710479, "Mot_power_ratio_MxSpd": 0.202710479, "Power_MFD": 1107.97681, "Power_MxSpd": 1107.97681, "Speed_MFD": 15.0}