{"Interferences": 18, "Mass": 3.484414463087042, "Batt_amps_ratio_MFD": 0.929737628, "Batt_amps_ratio_MxSpd": 1.69665289, "Distance_MxSpd": 814.780701, "Max_Distance": 949.945435, "Hover_Time": 57.765007, "Max_Speed": 36.0, "Max_uc_at_MFD": 0.556846499, "Mot_amps_ratio_MFD": 0.512610555, "Mot_amps_ratio_MxSpd": 0.983659208, "Mot_power_ratio_MFD": 0.379331827, "Mot_power_ratio_MxSpd": 0.727907836, "Power_MFD": 826.304565, "Power_MxSpd": 2346.00098, "Speed_MFD": 23.0}