{"Interferences": 16, "Mass": 10.412149281928464, "Batt_amps_ratio_MFD": 0.61310339, "Batt_amps_ratio_MxSpd": 0.61310339, "Distance_MxSpd": 8925.08496, "Max_Distance": 8925.08496, "Hover_Time": 0.0, "Max_Speed": 19.0, "Max_uc_at_MFD": 0.969167113, "Mot_amps_ratio_MFD": 0.963646412, "Mot_amps_ratio_MxSpd": 0.963646412, "Mot_power_ratio_MFD": 0.915464044, "Mot_power_ratio_MxSpd": 0.915464044, "Power_MFD": 2856.90039, "Power_MxSpd": 2856.90039, "Speed_MFD": 19.0}