{"Interferences": 28, "Mass": 6.129236136306504, "Batt_amps_ratio_MFD": 0.673647821, "Batt_amps_ratio_MxSpd": 0.779269636, "Distance_MxSpd": 1576.86121, "Max_Distance": 1653.08923, "Hover_Time": 60.2282562, "Max_Speed": 32.0, "Max_uc_at_MFD": 0.736123025, "Mot_amps_ratio_MFD": 0.886227489, "Mot_amps_ratio_MxSpd": 0.936663985, "Mot_power_ratio_MFD": 0.557437122, "Mot_power_ratio_MxSpd": 0.589161634, "Power_MFD": 1825.2627, "Power_MxSpd": 2254.23755, "Speed_MFD": 29.0}