{"Interferences": 2, "Mass": 3.273889715635336, "Batt_amps_ratio_MFD": 0.605902433, "Batt_amps_ratio_MxSpd": 1.08991015, "Distance_MxSpd": 1056.96777, "Max_Distance": 1394.28381, "Hover_Time": 85.5560226, "Max_Speed": 30.0, "Max_uc_at_MFD": 0.656802535, "Mot_amps_ratio_MFD": 0.420265555, "Mot_amps_ratio_MxSpd": 0.806196809, "Mot_power_ratio_MFD": 0.315376729, "Mot_power_ratio_MxSpd": 0.604988217, "Power_MFD": 718.565979, "Power_MxSpd": 1858.43201, "Speed_MFD": 22.0}