{"Interferences": 12, "Mass": 4.885317193375601, "Batt_amps_ratio_MFD": 0.385544837, "Batt_amps_ratio_MxSpd": 0.385544837, "Distance_MxSpd": 5378.36279, "Max_Distance": 5378.36279, "Hover_Time": 254.843094, "Max_Speed": 18.0, "Max_uc_at_MFD": 0.552147925, "Mot_amps_ratio_MFD": 0.679542184, "Mot_amps_ratio_MxSpd": 0.679542184, "Mot_power_ratio_MFD": 0.509764254, "Mot_power_ratio_MxSpd": 0.509764254, "Power_MFD": 835.568237, "Power_MxSpd": 835.568237, "Speed_MFD": 18.0}