{
  "generator_version":"UAV2_gen12",
  "name":"design_21667_f321706315da41c3bb272b446a761909_s",
  "hub":{
    "node_type":"ConnectedHub4_2_2",
    "frontSegment":{
      "node_type":"WingArm",
      "armLength":140.9116374951475,
      "wing":{
        "wingType":"Wing_vert_hole",
        "nacaProfile":"4409",
        "span":1308.1048778214056,
        "chordInner":460.5623126432739,
        "chordOuter":77.08589216462477,
        "taperOffset":false,
        "aileronBias":0.17405359666657177,
        "flapBias":0.7260565498066832,
        "load":834.3597060808074,
        "tubeOffset":11.404820817635235,
        "tubeRot":307.0547587385012
      },
      "servo":{
        "servoType":"Hitec_HS_55"
      }
    },
    "rearSegment":{
      "node_type":"PropArm",
      "armLength":483.117879336937,
      "motor":{
        "motorType":"t_motor_MN4014KV400"
      },
      "prop":{
        "propType":"apc_propellers_15x5_5MR"
      },
      "flange":{
        "offset":23.319494831128225,
        "angle":0.0
      }
    }
  },
  "fuselageWithComponents":{
    "node_type":"SingleBatteryFuselageWithComponents",
    "battery":{
      "batteryType":"TattuPlus25C22000mAh12S1PAGRI"
    },
    "fuselage":{
      "length":235.0,
      "vertDiameter":258.0,
      "horzDiameter":459.9,
      "floorHeight":43.0,
      "batteryX":0.0,
      "batteryY":6.0,
      "rpmX":0.0,
      "rpmY":-143.3,
      "autoPilotX":0.0,
      "autoPilotY":87.0,
      "currentX":0.0,
      "currentY":-123.15,
      "voltageX":0.0,
      "voltageY":140.8,
      "gpsX":0.0,
      "gpsY":-83.0,
      "varioX":0.0,
      "varioY":119.15
    }
  }
}