{"Interferences": 26, "Mass": 5.33253590095921, "Batt_amps_ratio_MFD": 0.383940339, "Batt_amps_ratio_MxSpd": 0.401911676, "Distance_MxSpd": 2675.21484, "Max_Distance": 2700.41968, "Hover_Time": 159.973785, "Max_Speed": 28.0, "Max_uc_at_MFD": 0.985226929, "Mot_amps_ratio_MFD": 0.43044886, "Mot_amps_ratio_MxSpd": 0.417821556, "Mot_power_ratio_MFD": 0.265443444, "Mot_power_ratio_MxSpd": 0.257656634, "Power_MFD": 1388.66675, "Power_MxSpd": 1478.49377, "Speed_MFD": 27.0}