{"Interferences": 8, "Mass": 3.675168338523828, "Batt_amps_ratio_MFD": 0.15139778, "Batt_amps_ratio_MxSpd": 0.15139778, "Distance_MxSpd": 3804.54736, "Max_Distance": 3804.54736, "Hover_Time": 0.0, "Max_Speed": 15.0, "Max_uc_at_MFD": 0.87073791, "Mot_amps_ratio_MFD": 0.358953297, "Mot_amps_ratio_MxSpd": 0.358953297, "Mot_power_ratio_MFD": 0.134607479, "Mot_power_ratio_MxSpd": 0.134607479, "Power_MFD": 501.694336, "Power_MxSpd": 501.694336, "Speed_MFD": 15.0}