{"Interferences": 8, "Mass": 7.184653441157324, "Batt_amps_ratio_MFD": 0.634277284, "Batt_amps_ratio_MxSpd": 0.654840648, "Distance_MxSpd": 5981.30225, "Max_Distance": 5993.59277, "Hover_Time": 229.859665, "Max_Speed": 34.0, "Max_uc_at_MFD": 0.918713391, "Mot_amps_ratio_MFD": 0.915120006, "Mot_amps_ratio_MxSpd": 0.9630301, "Mot_power_ratio_MFD": 0.940809906, "Mot_power_ratio_MxSpd": 0.990064979, "Power_MFD": 2840.51123, "Power_MxSpd": 2998.87012, "Speed_MFD": 33.0}