{"Interferences": 6, "Mass": 5.906725100822006, "Batt_amps_ratio_MFD": 1.00532663, "Batt_amps_ratio_MxSpd": 1.47282016, "Distance_MxSpd": 2972.25684, "Max_Distance": 3552.27832, "Hover_Time": 187.674393, "Max_Speed": 38.0, "Max_uc_at_MFD": 0.595396936, "Mot_amps_ratio_MFD": 0.936175287, "Mot_amps_ratio_MxSpd": 0.774057567, "Mot_power_ratio_MFD": 0.88328141, "Mot_power_ratio_MxSpd": 0.730323315, "Power_MFD": 2398.32837, "Power_MxSpd": 3632.54663, "Speed_MFD": 31.0}