{"Interferences": 75, "Mass": 3.22463968109276, "Batt_amps_ratio_MFD": 0.278083771, "Batt_amps_ratio_MxSpd": 0.278083771, "Distance_MxSpd": 2761.75757, "Max_Distance": 2761.75757, "Hover_Time": 176.816788, "Max_Speed": 20.0, "Max_uc_at_MFD": 0.999390304, "Mot_amps_ratio_MFD": 0.615579963, "Mot_amps_ratio_MxSpd": 0.615579963, "Mot_power_ratio_MFD": 0.227764592, "Mot_power_ratio_MxSpd": 0.227764592, "Power_MFD": 616.599915, "Power_MxSpd": 616.599915, "Speed_MFD": 20.0}