{"Interferences": 8, "Mass": 5.3678131732110606, "Batt_amps_ratio_MFD": 1.22422016, "Batt_amps_ratio_MxSpd": 1.71381736, "Distance_MxSpd": 829.026489, "Max_Distance": 909.64032, "Hover_Time": 49.3441391, "Max_Speed": 37.0, "Max_uc_at_MFD": 0.643839598, "Mot_amps_ratio_MFD": 0.801971197, "Mot_amps_ratio_MxSpd": 0.927721262, "Mot_power_ratio_MFD": 0.523640037, "Mot_power_ratio_MxSpd": 0.605747402, "Power_MFD": 1731.74719, "Power_MxSpd": 3098.09814, "Speed_MFD": 29.0}