{"Interferences": 12, "Mass": 8.386928184120764, "Batt_amps_ratio_MFD": 0.621787131, "Batt_amps_ratio_MxSpd": 1.12383187, "Distance_MxSpd": 6662.91846, "Max_Distance": 8337.25781, "Hover_Time": 0.0, "Max_Speed": 13.0, "Max_uc_at_MFD": 0.754933774, "Mot_amps_ratio_MFD": 0.872363985, "Mot_amps_ratio_MxSpd": 0.954046249, "Mot_power_ratio_MFD": 0.645549357, "Mot_power_ratio_MxSpd": 0.705994189, "Power_MFD": 792.970764, "Power_MxSpd": 1985.44312, "Speed_MFD": 9.0}