{"Interferences": 21, "Mass": 7.022915497466583, "Batt_amps_ratio_MFD": 0.588738561, "Batt_amps_ratio_MxSpd": 0.712121904, "Distance_MxSpd": 5338.41162, "Max_Distance": 5478.83252, "Hover_Time": 257.183624, "Max_Speed": 33.0, "Max_uc_at_MFD": 0.92311579, "Mot_amps_ratio_MFD": 0.813305557, "Mot_amps_ratio_MxSpd": 0.865762174, "Mot_power_ratio_MFD": 0.408031255, "Mot_power_ratio_MxSpd": 0.434348464, "Power_MFD": 1755.80676, "Power_MxSpd": 2444.61401, "Speed_MFD": 28.0}