{"Interferences": 22, "Mass": 7.548953770443276, "Batt_amps_ratio_MFD": 0.918768167, "Batt_amps_ratio_MxSpd": 0.918768167, "Distance_MxSpd": 2131.5498, "Max_Distance": 2131.5498, "Hover_Time": 0.0, "Max_Speed": 17.0, "Max_uc_at_MFD": 0.779126525, "Mot_amps_ratio_MFD": 0.725652754, "Mot_amps_ratio_MxSpd": 0.725652754, "Mot_power_ratio_MFD": 0.363030791, "Mot_power_ratio_MxSpd": 0.363030791, "Power_MFD": 2115.2478, "Power_MxSpd": 2115.2478, "Speed_MFD": 17.0}