{"Interferences": 19, "Mass": 3.504548524117685, "Batt_amps_ratio_MFD": 0.710146904, "Batt_amps_ratio_MxSpd": 1.48890734, "Distance_MxSpd": 980.047546, "Max_Distance": 1297.75964, "Hover_Time": 79.3387451, "Max_Speed": 38.0, "Max_uc_at_MFD": 0.810611546, "Mot_amps_ratio_MFD": 0.898558497, "Mot_amps_ratio_MxSpd": 0.782186508, "Mot_power_ratio_MFD": 0.674061179, "Mot_power_ratio_MxSpd": 0.586763799, "Power_MFD": 1013.46179, "Power_MxSpd": 2838.1355, "Speed_MFD": 24.0}