{"Interferences": 20, "Mass": 6.932810871852444, "Batt_amps_ratio_MFD": 0.486769736, "Batt_amps_ratio_MxSpd": 0.486769736, "Distance_MxSpd": 2524.39673, "Max_Distance": 2524.39673, "Hover_Time": 116.11174, "Max_Speed": 32.0, "Max_uc_at_MFD": 0.639200866, "Mot_amps_ratio_MFD": 0.964822114, "Mot_amps_ratio_MxSpd": 0.964822114, "Mot_power_ratio_MFD": 0.94495815, "Mot_power_ratio_MxSpd": 0.94495815, "Power_MFD": 2539.50415, "Power_MxSpd": 2539.50415, "Speed_MFD": 32.0}