{"Interferences": 8, "Mass": 7.458242181052507, "Batt_amps_ratio_MFD": 0.524558663, "Batt_amps_ratio_MxSpd": 0.524558663, "Distance_MxSpd": 4758.28564, "Max_Distance": 4758.28564, "Hover_Time": 0.0, "Max_Speed": 26.0, "Max_uc_at_MFD": 0.741125762, "Mot_amps_ratio_MFD": 0.968710363, "Mot_amps_ratio_MxSpd": 0.968710363, "Mot_power_ratio_MFD": 0.716845691, "Mot_power_ratio_MxSpd": 0.716845691, "Power_MFD": 1994.17285, "Power_MxSpd": 1994.17285, "Speed_MFD": 26.0}