{"Interferences": 0, "Mass": 6.745931078945653, "Batt_amps_ratio_MFD": 0.442670584, "Batt_amps_ratio_MxSpd": 0.478830814, "Distance_MxSpd": 6736.4082, "Max_Distance": 6766.20508, "Hover_Time": 286.462524, "Max_Speed": 28.0, "Max_uc_at_MFD": 0.937330186, "Mot_amps_ratio_MFD": 0.461156607, "Mot_amps_ratio_MxSpd": 0.50383544, "Mot_power_ratio_MFD": 0.426569879, "Mot_power_ratio_MxSpd": 0.466047764, "Power_MFD": 1808.65637, "Power_MxSpd": 2074.70801, "Speed_MFD": 26.0}