{"Interferences": 83, "Mass": 12.19711352155412, "Batt_amps_ratio_MFD": 0.322452128, "Batt_amps_ratio_MxSpd": 0.322452128, "Distance_MxSpd": 10717.8701, "Max_Distance": 10717.8701, "Hover_Time": 401.950043, "Max_Speed": 30.0, "Max_uc_at_MFD": 0.798243284, "Mot_amps_ratio_MFD": 0.990187943, "Mot_amps_ratio_MxSpd": 0.990187943, "Mot_power_ratio_MFD": 0.991196096, "Mot_power_ratio_MxSpd": 0.991196096, "Power_MFD": 3408.87646, "Power_MxSpd": 3408.87646, "Speed_MFD": 30.0}