{"Interferences": 0, "Mass": 4.386725474991287, "Batt_amps_ratio_MFD": 0.2262858, "Batt_amps_ratio_MxSpd": 0.2262858, "Distance_MxSpd": 3818.18042, "Max_Distance": 3818.18042, "Hover_Time": 450.798706, "Max_Speed": 9.0, "Max_uc_at_MFD": 0.728150904, "Mot_amps_ratio_MFD": 0.870501578, "Mot_amps_ratio_MxSpd": 0.870501578, "Mot_power_ratio_MFD": 0.852579474, "Mot_power_ratio_MxSpd": 0.852579474, "Power_MFD": 1229.27576, "Power_MxSpd": 1229.27576, "Speed_MFD": 9.0}