{"Interferences": 32, "Mass": 5.889514085341728, "Batt_amps_ratio_MFD": 0.563852668, "Batt_amps_ratio_MxSpd": 0.563852668, "Distance_MxSpd": 3502.43481, "Max_Distance": 3502.43481, "Hover_Time": 185.95137, "Max_Speed": 24.0, "Max_uc_at_MFD": 0.482690364, "Mot_amps_ratio_MFD": 0.615844667, "Mot_amps_ratio_MxSpd": 0.615844667, "Mot_power_ratio_MFD": 0.581049442, "Mot_power_ratio_MxSpd": 0.581049442, "Power_MFD": 1170.4696, "Power_MxSpd": 1170.4696, "Speed_MFD": 24.0}