{"Interferences": 2, "Mass": 3.942055596920712, "Batt_amps_ratio_MFD": 0.586092353, "Batt_amps_ratio_MxSpd": 0.586092353, "Distance_MxSpd": 65.5186844, "Max_Distance": 65.5186844, "Hover_Time": 65.5215836, "Max_Speed": 1.0, "Max_uc_at_MFD": 0.818505287, "Mot_amps_ratio_MFD": 0.416026801, "Mot_amps_ratio_MxSpd": 0.416026801, "Mot_power_ratio_MFD": 0.277942419, "Mot_power_ratio_MxSpd": 0.277942419, "Power_MFD": 763.250732, "Power_MxSpd": 763.250732, "Speed_MFD": 1.0}