{"Interferences": 17, "Mass": 8.391557856364432, "Batt_amps_ratio_MFD": 0.624835074, "Batt_amps_ratio_MxSpd": 0.982343495, "Distance_MxSpd": 4397.64697, "Max_Distance": 5223.77832, "Hover_Time": 224.867554, "Max_Speed": 45.0, "Max_uc_at_MFD": 0.888582289, "Mot_amps_ratio_MFD": 0.857300282, "Mot_amps_ratio_MxSpd": 0.899964929, "Mot_power_ratio_MFD": 0.85912776, "Mot_power_ratio_MxSpd": 0.901883364, "Power_MFD": 3196.56885, "Power_MxSpd": 5926.09619, "Speed_MFD": 34.0}