{"Interferences": 4, "Mass": 4.587755760637469, "Batt_amps_ratio_MFD": 0.410067052, "Batt_amps_ratio_MxSpd": 0.410067052, "Distance_MxSpd": 2528.36694, "Max_Distance": 2528.36694, "Hover_Time": 0.0, "Max_Speed": 27.0, "Max_uc_at_MFD": 0.846782506, "Mot_amps_ratio_MFD": 0.677997112, "Mot_amps_ratio_MxSpd": 0.677997112, "Mot_power_ratio_MFD": 0.445971429, "Mot_power_ratio_MxSpd": 0.445971429, "Power_MFD": 1404.12866, "Power_MxSpd": 1404.12866, "Speed_MFD": 27.0}