{"Interferences": 83, "Mass": 6.269650806659419, "Batt_amps_ratio_MFD": 0.433564037, "Batt_amps_ratio_MxSpd": 0.433564037, "Distance_MxSpd": 7174.02686, "Max_Distance": 7174.02686, "Hover_Time": 358.312439, "Max_Speed": 27.0, "Max_uc_at_MFD": 0.818637609, "Mot_amps_ratio_MFD": 0.967510045, "Mot_amps_ratio_MxSpd": 0.967510045, "Mot_power_ratio_MFD": 0.715957403, "Mot_power_ratio_MxSpd": 0.715957403, "Power_MFD": 1542.36975, "Power_MxSpd": 1542.36975, "Speed_MFD": 27.0}