{"Interferences": 15, "Mass": 7.640843600421589, "Batt_amps_ratio_MFD": 1.50473106, "Batt_amps_ratio_MxSpd": 1.50473106, "Distance_MxSpd": 204.156097, "Max_Distance": 204.156097, "Hover_Time": 0.0, "Max_Speed": 8.0, "Max_uc_at_MFD": 0.999623775, "Mot_amps_ratio_MFD": 0.851396739, "Mot_amps_ratio_MxSpd": 0.851396739, "Mot_power_ratio_MFD": 0.420022398, "Mot_power_ratio_MxSpd": 0.420022398, "Power_MFD": 1566.13013, "Power_MxSpd": 1566.13013, "Speed_MFD": 8.0}