{"Interferences": 2, "Mass": 2.8166533148636064, "Batt_amps_ratio_MFD": 0.43354103, "Batt_amps_ratio_MxSpd": 0.564777136, "Distance_MxSpd": 1427.81982, "Max_Distance": 1505.73987, "Hover_Time": 123.956558, "Max_Speed": 21.0, "Max_uc_at_MFD": 0.996075153, "Mot_amps_ratio_MFD": 0.811088979, "Mot_amps_ratio_MxSpd": 0.715504944, "Mot_power_ratio_MFD": 0.50543654, "Mot_power_ratio_MxSpd": 0.445872575, "Power_MFD": 549.169983, "Power_MxSpd": 787.051331, "Speed_MFD": 17.0}