{"Interferences": 2, "Mass": 4.674185154595711, "Batt_amps_ratio_MFD": 1.6103934, "Batt_amps_ratio_MxSpd": 1.6103934, "Distance_MxSpd": 95.3804169, "Max_Distance": 95.3804169, "Hover_Time": 0.0, "Max_Speed": 4.0, "Max_uc_at_MFD": 0.849117041, "Mot_amps_ratio_MFD": 0.430074871, "Mot_amps_ratio_MxSpd": 0.430074871, "Mot_power_ratio_MFD": 0.160320565, "Mot_power_ratio_MxSpd": 0.160320565, "Power_MFD": 1347.57312, "Power_MxSpd": 1347.57312, "Speed_MFD": 4.0}