{"Interferences": 37, "Mass": 7.811261309112047, "Batt_amps_ratio_MFD": 0.577353716, "Batt_amps_ratio_MxSpd": 0.702075124, "Distance_MxSpd": 4594.37988, "Max_Distance": 4788.74561, "Hover_Time": 0.0, "Max_Speed": 28.0, "Max_uc_at_MFD": 0.783127546, "Mot_amps_ratio_MFD": 0.823992133, "Mot_amps_ratio_MxSpd": 0.886630476, "Mot_power_ratio_MFD": 0.663071334, "Mot_power_ratio_MxSpd": 0.703567147, "Power_MFD": 1808.02515, "Power_MxSpd": 2555.22852, "Speed_MFD": 24.0}