{"Interferences": 0, "Mass": 5.192462694685011, "Batt_amps_ratio_MFD": 0.440688193, "Batt_amps_ratio_MxSpd": 0.630361319, "Distance_MxSpd": 6213.5791, "Max_Distance": 7058.05127, "Hover_Time": 407.532776, "Max_Speed": 34.0, "Max_uc_at_MFD": 0.988684595, "Mot_amps_ratio_MFD": 0.812151074, "Mot_amps_ratio_MxSpd": 0.66229552, "Mot_power_ratio_MFD": 0.60954684, "Mot_power_ratio_MxSpd": 0.49707517, "Power_MFD": 1658.8092, "Power_MxSpd": 2515.37231, "Speed_MFD": 27.0}