{"Interferences": 2, "Mass": 3.220311413226114, "Batt_amps_ratio_MFD": 1.04179943, "Batt_amps_ratio_MxSpd": 1.272434, "Distance_MxSpd": 905.35144, "Max_Distance": 921.482483, "Hover_Time": 60.663002, "Max_Speed": 30.0, "Max_uc_at_MFD": 0.637625515, "Mot_amps_ratio_MFD": 0.726175308, "Mot_amps_ratio_MxSpd": 0.977397084, "Mot_power_ratio_MFD": 0.537369728, "Mot_power_ratio_MxSpd": 0.723273814, "Power_MFD": 978.629883, "Power_MxSpd": 1509.00867, "Speed_MFD": 25.0}