{
  "generator_version":"UAV2_gen12",
  "name":"design_5025_1360c8d1ff644a94b051da6ffd2f922a_dw_dl",
  "hub":{
    "node_type":"ConnectedHub6_2_2_2",
    "frontSegment":{
      "node_type":"AngledWingArm",
      "arm1Length":246.7112492238954,
      "arm2Length":197.32681729342184,
      "wing":{
        "wingType":"Wing_horiz_hole",
        "nacaProfile":"2712",
        "span":818.3285949955429,
        "chordInner":112.2244780536334,
        "chordOuter":120.08624063122625,
        "taperOffset":false,
        "aileronBias":0.851984304015143,
        "flapBias":0.5284066364781461,
        "load":318.91973310568926,
        "tubeOffset":25.407738341933328,
        "tubeRot":293.4549257686612
      },
      "servo":{
        "servoType":"Hitec_HS_55"
      }
    },
    "middleSegment":{
      "node_type":"WingArm",
      "armLength":462.65627452944136,
      "wing":{
        "wingType":"Wing_vert_hole",
        "nacaProfile":"2521",
        "span":517.5542944826966,
        "chordInner":267.0488111388536,
        "chordOuter":72.18967726022797,
        "taperOffset":true,
        "aileronBias":0.17476612401091923,
        "flapBias":0.1291955551668446,
        "load":379.02260504964056,
        "tubeOffset":44.26214103537124,
        "tubeRot":270.0
      },
      "servo":{
        "servoType":"Hitec_HS_625MG"
      }
    },
    "rearSegment":{
      "node_type":"PropArm",
      "armLength":314.87974887151057,
      "motor":{
        "motorType":"kde_direct_KDE3520XF_400"
      },
      "prop":{
        "propType":"apc_propellers_15x6"
      },
      "flange":{
        "offset":-7.680330122229371,
        "angle":0.0
      }
    }
  },
  "fuselageWithComponents":{
    "node_type":"DualBatteryFuselageWithComponents",
    "battery":{
      "batteryType":"TurnigyGraphene6000mAh6S75C"
    },
    "fuselage":{
      "length":341.0,
      "vertDiameter":103.5,
      "horzDiameter":357.9,
      "floorHeight":17.25,
      "battery1X":-85.25,
      "battery1Y":6.0,
      "battery2X":86.25,
      "battery2Y":6.0,
      "rpmX":0.0,
      "rpmY":-109.3,
      "autoPilotX":0.0,
      "autoPilotY":53.0,
      "currentX":0.0,
      "currentY":-89.15,
      "voltageX":0.0,
      "voltageY":106.8,
      "gpsX":0.0,
      "gpsY":-49.0,
      "varioX":0.0,
      "varioY":85.15
    }
  }
}