{"Interferences": 38, "Mass": 9.417572329471996, "Batt_amps_ratio_MFD": 0.707753181, "Batt_amps_ratio_MxSpd": 0.707753181, "Distance_MxSpd": 1356.40515, "Max_Distance": 1356.40515, "Hover_Time": 0.0, "Max_Speed": 10.0, "Max_uc_at_MFD": 0.879044473, "Mot_amps_ratio_MFD": 0.891210198, "Mot_amps_ratio_MxSpd": 0.891210198, "Mot_power_ratio_MFD": 0.776765168, "Mot_power_ratio_MxSpd": 0.776765168, "Power_MFD": 3032.32544, "Power_MxSpd": 3032.32544, "Speed_MFD": 10.0}