{"Interferences": 87, "Mass": 11.561197818143516, "Batt_amps_ratio_MFD": 2.43305612, "Batt_amps_ratio_MxSpd": 8.8829174, "Distance_MxSpd": 99.426796, "Max_Distance": 142.043579, "Hover_Time": 8.86507416, "Max_Speed": 23.0, "Max_uc_at_MFD": 0.953293502, "Mot_amps_ratio_MFD": 0.487629026, "Mot_amps_ratio_MxSpd": 0.942552805, "Mot_power_ratio_MFD": 0.208924115, "Mot_power_ratio_MxSpd": 0.403835714, "Power_MFD": 2095.83374, "Power_MxSpd": 14677.6309, "Speed_MFD": 9.0}