{"Interferences": 2, "Mass": 4.510889592262823, "Batt_amps_ratio_MFD": 0.605112314, "Batt_amps_ratio_MxSpd": 0.939938784, "Distance_MxSpd": 1348.17297, "Max_Distance": 1713.40088, "Hover_Time": 102.772575, "Max_Speed": 33.0, "Max_uc_at_MFD": 0.935392439, "Mot_amps_ratio_MFD": 0.563352406, "Mot_amps_ratio_MxSpd": 0.463015497, "Mot_power_ratio_MFD": 0.370560706, "Mot_power_ratio_MxSpd": 0.304561287, "Power_MFD": 1656.1355, "Power_MxSpd": 2993.81323, "Speed_MFD": 27.0}