{"Interferences": 12, "Mass": 6.538667815524717, "Batt_amps_ratio_MFD": 0.177497074, "Batt_amps_ratio_MxSpd": 0.177497074, "Distance_MxSpd": 10276.2256, "Max_Distance": 10276.2256, "Hover_Time": 624.027893, "Max_Speed": 19.0, "Max_uc_at_MFD": 0.528972149, "Mot_amps_ratio_MFD": 0.86348325, "Mot_amps_ratio_MxSpd": 0.86348325, "Mot_power_ratio_MFD": 0.638977647, "Mot_power_ratio_MxSpd": 0.638977647, "Power_MFD": 1209.60034, "Power_MxSpd": 1209.60034, "Speed_MFD": 19.0}