{"Interferences": 16, "Mass": 7.374494026372861, "Batt_amps_ratio_MFD": 1.84541059, "Batt_amps_ratio_MxSpd": 1.84541059, "Distance_MxSpd": 312.125671, "Max_Distance": 312.125671, "Hover_Time": 0.0, "Max_Speed": 5.0, "Max_uc_at_MFD": 0.753609896, "Mot_amps_ratio_MFD": 0.95727551, "Mot_amps_ratio_MxSpd": 0.95727551, "Mot_power_ratio_MFD": 0.903189421, "Mot_power_ratio_MxSpd": 0.903189421, "Power_MFD": 3932.83545, "Power_MxSpd": 3932.83545, "Speed_MFD": 5.0}