{"Interferences": 55, "Mass": 3.297293649181983, "Batt_amps_ratio_MFD": 0.61324811, "Batt_amps_ratio_MxSpd": 0.648925543, "Distance_MxSpd": 1301.84424, "Max_Distance": 1314.96533, "Hover_Time": 74.9852448, "Max_Speed": 22.0, "Max_uc_at_MFD": 0.716184676, "Mot_amps_ratio_MFD": 0.743434072, "Mot_amps_ratio_MxSpd": 0.731994569, "Mot_power_ratio_MFD": 0.550141215, "Mot_power_ratio_MxSpd": 0.541675985, "Power_MFD": 712.571716, "Power_MxSpd": 774.014709, "Speed_MFD": 21.0}