{"Interferences": 5, "Mass": 3.8551814236568775, "Batt_amps_ratio_MFD": 0.724957228, "Batt_amps_ratio_MxSpd": 0.724957228, "Distance_MxSpd": 847.498291, "Max_Distance": 847.498291, "Hover_Time": 58.4751511, "Max_Speed": 16.0, "Max_uc_at_MFD": 0.659228027, "Mot_amps_ratio_MFD": 0.300970435, "Mot_amps_ratio_MxSpd": 0.300970435, "Mot_power_ratio_MFD": 0.100312717, "Mot_power_ratio_MxSpd": 0.100312717, "Power_MFD": 722.999695, "Power_MxSpd": 722.999695, "Speed_MFD": 16.0}