{
  "generator_version":"UAV2_gen12",
  "name":"design_7006_8dd91f03f1f34562a8bb708a3e8a7825_dw_dl",
  "hub":{
    "node_type":"ConnectedHub4_2_2",
    "frontSegment":{
      "node_type":"CrossSegment",
      "armLength":416.7276866322847,
      "sideSegment":{
        "node_type":"AngledPropArm",
        "armLength":413.05522535277464,
        "motor":{
          "motorType":"t_motor_MN4012KV340"
        },
        "prop":{
          "propType":"apc_propellers_15x4W"
        }
      },
      "centerSegment":{
        "node_type":"AngledWingArm",
        "arm1Length":105.61641070464368,
        "arm2Length":106.74885509153947,
        "wing":{
          "wingType":"Wing_horiz_hole",
          "nacaProfile":"4318",
          "span":389.4288971969519,
          "chordInner":211.33824906121123,
          "chordOuter":64.98071732300511,
          "taperOffset":false,
          "aileronBias":0.7288040857935351,
          "flapBias":0.9881638169403253,
          "load":241.35659311258652,
          "tubeOffset":54.33294893387708,
          "tubeRot":251.34469259453374
        },
        "servo":{
          "servoType":"Hitec_HS_225BB"
        }
      }
    },
    "rearSegment":{
      "node_type":"PropArm",
      "armLength":126.07753724426762,
      "motor":{
        "motorType":"kde_direct_KDE700XF_295_G3"
      },
      "prop":{
        "propType":"apc_propellers_14x12E"
      },
      "flange":{
        "offset":23.273143238017823,
        "angle":133.262434540682
      }
    }
  },
  "fuselageWithComponents":{
    "node_type":"DualBatteryFuselageWithComponents",
    "battery":{
      "batteryType":"Tattu30C10000mAh6S1P"
    },
    "fuselage":{
      "length":351.0,
      "vertDiameter":97.5,
      "horzDiameter":372.9,
      "floorHeight":16.25,
      "battery1X":-87.75,
      "battery1Y":6.0,
      "battery2X":88.75,
      "battery2Y":6.0,
      "rpmX":0.0,
      "rpmY":-114.3,
      "autoPilotX":0.0,
      "autoPilotY":58.0,
      "currentX":0.0,
      "currentY":-94.15,
      "voltageX":0.0,
      "voltageY":111.8,
      "gpsX":0.0,
      "gpsY":-54.0,
      "varioX":0.0,
      "varioY":90.15
    }
  }
}