{"Interferences": 2, "Mass": 3.1665726937953926, "Batt_amps_ratio_MFD": 0.81030488, "Batt_amps_ratio_MxSpd": 1.27715683, "Distance_MxSpd": 992.203918, "Max_Distance": 1184.73926, "Hover_Time": 76.0035248, "Max_Speed": 33.0, "Max_uc_at_MFD": 0.941736221, "Mot_amps_ratio_MFD": 0.541489244, "Mot_amps_ratio_MxSpd": 0.488393903, "Mot_power_ratio_MFD": 0.553601503, "Mot_power_ratio_MxSpd": 0.49931851, "Power_MFD": 1089.41211, "Power_MxSpd": 2029.81885, "Speed_MFD": 25.0}