{"Interferences": 5, "Mass": 4.812065591482386, "Batt_amps_ratio_MFD": 2.48235798, "Batt_amps_ratio_MxSpd": 2.78401613, "Distance_MxSpd": 482.755829, "Max_Distance": 510.482361, "Hover_Time": 21.9436703, "Max_Speed": 35.0, "Max_uc_at_MFD": 0.864579141, "Mot_amps_ratio_MFD": 0.987448812, "Mot_amps_ratio_MxSpd": 0.987239301, "Mot_power_ratio_MFD": 0.790118814, "Mot_power_ratio_MxSpd": 0.85140872, "Power_MFD": 2922.12085, "Power_MxSpd": 3338.00781, "Speed_MFD": 33.0}