{"Interferences": 5, "Mass": 6.6018424811947725, "Batt_amps_ratio_MFD": 2.04111886, "Batt_amps_ratio_MxSpd": 2.04111886, "Distance_MxSpd": 489.143463, "Max_Distance": 489.143463, "Hover_Time": 22.6418056, "Max_Speed": 26.0, "Max_uc_at_MFD": 0.775161147, "Mot_amps_ratio_MFD": 0.831425309, "Mot_amps_ratio_MxSpd": 0.831425309, "Mot_power_ratio_MFD": 0.76906842, "Mot_power_ratio_MxSpd": 0.76906842, "Power_MFD": 2300.86572, "Power_MxSpd": 2300.86572, "Speed_MFD": 26.0}