{
  "generator_version":"UAV2_gen12",
  "name":"design_7936_826a8ed501e04e2b9916ba9b1901b991_s",
  "hub":{
    "node_type":"ConnectedHub4_2_2",
    "frontSegment":{
      "node_type":"PropArm",
      "armLength":332.2542999582396,
      "motor":{
        "motorType":"t_motor_MN4012KV400"
      },
      "prop":{
        "propType":"apc_propellers_17x6"
      },
      "flange":{
        "offset":-37.160357445030954,
        "angle":0.0
      }
    },
    "rearSegment":{
      "node_type":"AngledWingArm",
      "arm1Length":265.5674812482515,
      "arm2Length":102.68410743717152,
      "wing":{
        "wingType":"Wing_horiz_hole",
        "nacaProfile":"6409",
        "span":1623.5838677351737,
        "chordInner":304.2386637929482,
        "chordOuter":179.38913118281246,
        "taperOffset":false,
        "aileronBias":0.9468987828683167,
        "flapBias":0.663483647476536,
        "load":471.9683127578719,
        "tubeOffset":21.24453859129804,
        "tubeRot":241.0460655765963
      },
      "servo":{
        "servoType":"Hitec_HS_65HB"
      }
    }
  },
  "fuselageWithComponents":{
    "node_type":"SingleBatteryFuselageWithComponents",
    "battery":{
      "batteryType":"TattuPlus15C16000mAh12S1Pcompact"
    },
    "fuselage":{
      "length":217.5,
      "vertDiameter":225.0,
      "horzDiameter":405.9,
      "floorHeight":37.5,
      "batteryX":0.0,
      "batteryY":6.0,
      "rpmX":0.0,
      "rpmY":-125.3,
      "autoPilotX":0.0,
      "autoPilotY":69.0,
      "currentX":0.0,
      "currentY":-105.15,
      "voltageX":0.0,
      "voltageY":122.8,
      "gpsX":0.0,
      "gpsY":-65.0,
      "varioX":0.0,
      "varioY":101.15
    }
  }
}