{"Interferences": 17, "Mass": 6.484340985237271, "Batt_amps_ratio_MFD": 0.558573425, "Batt_amps_ratio_MxSpd": 0.66001749, "Distance_MxSpd": 5090.77393, "Max_Distance": 5155.9917, "Hover_Time": 216.428268, "Max_Speed": 35.0, "Max_uc_at_MFD": 0.542443931, "Mot_amps_ratio_MFD": 0.806065381, "Mot_amps_ratio_MxSpd": 0.964434862, "Mot_power_ratio_MFD": 0.789469898, "Mot_power_ratio_MxSpd": 0.944578826, "Power_MFD": 1845.75867, "Power_MxSpd": 2489.17505, "Speed_MFD": 30.0}