{"Interferences": 58, "Mass": 10.341039250797229, "Batt_amps_ratio_MFD": 0.90289557, "Batt_amps_ratio_MxSpd": 0.90289557, "Distance_MxSpd": 1184.75977, "Max_Distance": 1184.75977, "Hover_Time": 0.0, "Max_Speed": 13.0, "Max_uc_at_MFD": 0.477584898, "Mot_amps_ratio_MFD": 0.523652494, "Mot_amps_ratio_MxSpd": 0.523652494, "Mot_power_ratio_MFD": 0.438354611, "Mot_power_ratio_MxSpd": 0.438354611, "Power_MFD": 1238.64441, "Power_MxSpd": 1238.64441, "Speed_MFD": 13.0}