{"Interferences": 9, "Mass": 5.77052943824914, "Batt_amps_ratio_MFD": 0.51605016, "Batt_amps_ratio_MxSpd": 0.656511605, "Distance_MxSpd": 1579.25623, "Max_Distance": 1637.05005, "Hover_Time": 80.4234619, "Max_Speed": 27.0, "Max_uc_at_MFD": 0.985557973, "Mot_amps_ratio_MFD": 0.590127587, "Mot_amps_ratio_MxSpd": 0.915380538, "Mot_power_ratio_MFD": 0.307985872, "Mot_power_ratio_MxSpd": 0.458535224, "Power_MFD": 1252.24158, "Power_MxSpd": 1832.60559, "Speed_MFD": 22.0}