{"Interferences": 75, "Mass": 5.720824304518731, "Batt_amps_ratio_MFD": 0.649118841, "Batt_amps_ratio_MxSpd": 1.0934931, "Distance_MxSpd": 3386.26465, "Max_Distance": 3802.95752, "Hover_Time": 181.748428, "Max_Speed": 45.0, "Max_uc_at_MFD": 0.660922468, "Mot_amps_ratio_MFD": 0.84197855, "Mot_amps_ratio_MxSpd": 0.961725116, "Mot_power_ratio_MFD": 0.842835844, "Mot_power_ratio_MxSpd": 0.962704301, "Power_MFD": 1699.13403, "Power_MxSpd": 4041.25586, "Speed_MFD": 30.0}