{"Interferences": 6, "Mass": 6.287267710565107, "Batt_amps_ratio_MFD": 0.1759229, "Batt_amps_ratio_MxSpd": 0.1759229, "Distance_MxSpd": 13096.6465, "Max_Distance": 13096.6465, "Hover_Time": 842.463867, "Max_Speed": 20.0, "Max_uc_at_MFD": 0.999228716, "Mot_amps_ratio_MFD": 0.537638545, "Mot_amps_ratio_MxSpd": 0.537638545, "Mot_power_ratio_MFD": 0.348120958, "Mot_power_ratio_MxSpd": 0.348120958, "Power_MFD": 1299.75598, "Power_MxSpd": 1299.75598, "Speed_MFD": 20.0}