{"Interferences": 5, "Mass": 11.04415775523804, "Batt_amps_ratio_MFD": 1.62986839, "Batt_amps_ratio_MxSpd": 1.62986839, "Distance_MxSpd": 6007.84717, "Max_Distance": 6007.84717, "Hover_Time": 392.581665, "Max_Speed": 17.0, "Max_uc_at_MFD": 0.995784461, "Mot_amps_ratio_MFD": 0.766914666, "Mot_amps_ratio_MxSpd": 0.766914666, "Mot_power_ratio_MFD": 0.768549502, "Mot_power_ratio_MxSpd": 0.768549502, "Power_MFD": 4718.03467, "Power_MxSpd": 4718.03467, "Speed_MFD": 17.0}