{"Interferences": 46, "Mass": 8.102292672498594, "Batt_amps_ratio_MFD": 2.40034294, "Batt_amps_ratio_MxSpd": 2.40034294, "Distance_MxSpd": 399.942841, "Max_Distance": 399.942841, "Hover_Time": 17.5969753, "Max_Speed": 25.0, "Max_uc_at_MFD": 1.0, "Mot_amps_ratio_MFD": 0.783878148, "Mot_amps_ratio_MxSpd": 0.783878148, "Mot_power_ratio_MFD": 0.29003492, "Mot_power_ratio_MxSpd": 0.29003492, "Power_MFD": 2596.3689, "Power_MxSpd": 2596.3689, "Speed_MFD": 25.0}