{"Interferences": 28, "Mass": 3.9249401499262704, "Batt_amps_ratio_MFD": 0.353367805, "Batt_amps_ratio_MxSpd": 0.353367805, "Distance_MxSpd": 217.33728, "Max_Distance": 217.33728, "Hover_Time": 0.0, "Max_Speed": 2.0, "Max_uc_at_MFD": 0.783339143, "Mot_amps_ratio_MFD": 0.590845346, "Mot_amps_ratio_MxSpd": 0.590845346, "Mot_power_ratio_MFD": 0.591446936, "Mot_power_ratio_MxSpd": 0.591446936, "Power_MFD": 946.491638, "Power_MxSpd": 946.491638, "Speed_MFD": 2.0}