{"Interferences": 1, "Mass": 10.580633437746222, "Batt_amps_ratio_MFD": 2.75715899, "Batt_amps_ratio_MxSpd": 2.75715899, "Distance_MxSpd": 2298.01758, "Max_Distance": 2298.01758, "Hover_Time": 0.0, "Max_Speed": 11.0, "Max_uc_at_MFD": 0.75818634, "Mot_amps_ratio_MFD": 0.756631732, "Mot_amps_ratio_MxSpd": 0.756631732, "Mot_power_ratio_MFD": 0.378275275, "Mot_power_ratio_MxSpd": 0.378275275, "Power_MFD": 3866.3479, "Power_MxSpd": 3866.3479, "Speed_MFD": 11.0}