{"Interferences": 4, "Mass": 4.353949795084947, "Batt_amps_ratio_MFD": 0.593642175, "Batt_amps_ratio_MxSpd": 0.593642175, "Distance_MxSpd": 1229.02319, "Max_Distance": 1229.02319, "Hover_Time": 74.7489624, "Max_Speed": 19.0, "Max_uc_at_MFD": 0.999993026, "Mot_amps_ratio_MFD": 0.288548589, "Mot_amps_ratio_MxSpd": 0.288548589, "Mot_power_ratio_MFD": 0.107563302, "Mot_power_ratio_MxSpd": 0.107563302, "Power_MFD": 991.942749, "Power_MxSpd": 991.942749, "Speed_MFD": 19.0}