{"Interferences": 31, "Mass": 4.3435745682181714, "Batt_amps_ratio_MFD": 2.28918076, "Batt_amps_ratio_MxSpd": 2.28918076, "Distance_MxSpd": 536.78595, "Max_Distance": 536.78595, "Hover_Time": 0.0, "Max_Speed": 32.0, "Max_uc_at_MFD": 0.866599321, "Mot_amps_ratio_MFD": 0.62602514, "Mot_amps_ratio_MxSpd": 0.62602514, "Mot_power_ratio_MFD": 0.156489506, "Mot_power_ratio_MxSpd": 0.156489506, "Power_MFD": 1453.96704, "Power_MxSpd": 1453.96704, "Speed_MFD": 32.0}