{"Interferences": 30, "Mass": 4.374543324333216, "Batt_amps_ratio_MFD": 0.398330778, "Batt_amps_ratio_MxSpd": 0.398330778, "Distance_MxSpd": 5205.72363, "Max_Distance": 5205.72363, "Hover_Time": 307.120056, "Max_Speed": 18.0, "Max_uc_at_MFD": 0.693408012, "Mot_amps_ratio_MFD": 0.916353881, "Mot_amps_ratio_MxSpd": 0.916353881, "Mot_power_ratio_MFD": 0.890008688, "Mot_power_ratio_MxSpd": 0.890008688, "Power_MFD": 938.773865, "Power_MxSpd": 938.773865, "Speed_MFD": 18.0}