{"Interferences": 3, "Mass": 3.511738564170369, "Batt_amps_ratio_MFD": 0.553619921, "Batt_amps_ratio_MxSpd": 0.742780209, "Distance_MxSpd": 1344.13916, "Max_Distance": 1456.59497, "Hover_Time": 97.4041367, "Max_Speed": 26.0, "Max_uc_at_MFD": 0.995094121, "Mot_amps_ratio_MFD": 0.72121042, "Mot_amps_ratio_MxSpd": 0.695307136, "Mot_power_ratio_MFD": 0.355797142, "Mot_power_ratio_MxSpd": 0.343018174, "Power_MFD": 839.393127, "Power_MxSpd": 1269.16968, "Speed_MFD": 21.0}