{"Interferences": 13, "Mass": 7.075761554373991, "Batt_amps_ratio_MFD": 1.50970244, "Batt_amps_ratio_MxSpd": 1.80792451, "Distance_MxSpd": 1975.30371, "Max_Distance": 2136.57983, "Hover_Time": 106.122536, "Max_Speed": 31.0, "Max_uc_at_MFD": 0.626834631, "Mot_amps_ratio_MFD": 0.77246666, "Mot_amps_ratio_MxSpd": 0.892523408, "Mot_power_ratio_MFD": 0.773253143, "Mot_power_ratio_MxSpd": 0.8934322, "Power_MFD": 2721.60962, "Power_MxSpd": 3662.75293, "Speed_MFD": 28.0}