{"Interferences": 34, "Mass": 4.723047889410236, "Batt_amps_ratio_MFD": 0.341487288, "Batt_amps_ratio_MxSpd": 0.341487288, "Distance_MxSpd": 1349.39136, "Max_Distance": 1349.39136, "Hover_Time": 0.0, "Max_Speed": 12.0, "Max_uc_at_MFD": 0.945631862, "Mot_amps_ratio_MFD": 0.617662251, "Mot_amps_ratio_MxSpd": 0.617662251, "Mot_power_ratio_MFD": 0.309005111, "Mot_power_ratio_MxSpd": 0.309005111, "Power_MFD": 657.478394, "Power_MxSpd": 657.478394, "Speed_MFD": 12.0}