{"Interferences": 11, "Mass": 4.820866599987324, "Batt_amps_ratio_MFD": 0.616277516, "Batt_amps_ratio_MxSpd": 1.01399887, "Distance_MxSpd": 1590.5343, "Max_Distance": 1806.97803, "Hover_Time": 81.624794, "Max_Speed": 42.0, "Max_uc_at_MFD": 0.600528181, "Mot_amps_ratio_MFD": 0.417851597, "Mot_amps_ratio_MxSpd": 0.70536226, "Mot_power_ratio_MFD": 0.289687067, "Mot_power_ratio_MxSpd": 0.5093261, "Power_MFD": 1445.80359, "Power_MxSpd": 3527.7373, "Speed_MFD": 29.0}