{"Interferences": 50, "Mass": 8.344746846482266, "Batt_amps_ratio_MFD": 1.61042905, "Batt_amps_ratio_MxSpd": 2.29891825, "Distance_MxSpd": 367.477173, "Max_Distance": 405.357819, "Hover_Time": 19.529007, "Max_Speed": 22.0, "Max_uc_at_MFD": 0.999565482, "Mot_amps_ratio_MFD": 0.473793209, "Mot_amps_ratio_MxSpd": 0.423054308, "Mot_power_ratio_MFD": 0.235490143, "Mot_power_ratio_MxSpd": 0.249832362, "Power_MFD": 2259.83643, "Power_MxSpd": 3456.12915, "Speed_MFD": 17.0}