{"Interferences": 13, "Mass": 4.887655564476772, "Batt_amps_ratio_MFD": 0.439249486, "Batt_amps_ratio_MxSpd": 0.740571737, "Distance_MxSpd": 933.332947, "Max_Distance": 1049.06213, "Hover_Time": 87.6217575, "Max_Speed": 18.0, "Max_uc_at_MFD": 0.863750458, "Mot_amps_ratio_MFD": 0.408166617, "Mot_amps_ratio_MxSpd": 0.973238528, "Mot_power_ratio_MFD": 0.251702756, "Mot_power_ratio_MxSpd": 0.600163758, "Power_MFD": 918.151855, "Power_MxSpd": 2180.41333, "Speed_MFD": 12.0}