{"Interferences": 20, "Mass": 3.8911328851718814, "Batt_amps_ratio_MFD": 0.663566887, "Batt_amps_ratio_MxSpd": 0.70443058, "Distance_MxSpd": 1417.31506, "Max_Distance": 1446.72681, "Hover_Time": 94.1279297, "Max_Speed": 26.0, "Max_uc_at_MFD": 0.986130655, "Mot_amps_ratio_MFD": 0.703093827, "Mot_amps_ratio_MxSpd": 0.70448494, "Mot_power_ratio_MFD": 0.264553964, "Mot_power_ratio_MxSpd": 0.265077382, "Power_MFD": 1013.01019, "Power_MxSpd": 1097.58826, "Speed_MFD": 25.0}