{"Interferences": 17, "Mass": 8.103045924901885, "Batt_amps_ratio_MFD": 1.35454273, "Batt_amps_ratio_MxSpd": 1.35454273, "Distance_MxSpd": 1105.61292, "Max_Distance": 1105.61292, "Hover_Time": 0.0, "Max_Speed": 13.0, "Max_uc_at_MFD": 0.55765754, "Mot_amps_ratio_MFD": 0.974737167, "Mot_amps_ratio_MxSpd": 0.974737167, "Mot_power_ratio_MFD": 0.865566611, "Mot_power_ratio_MxSpd": 0.865566611, "Power_MFD": 2715.71216, "Power_MxSpd": 2715.71216, "Speed_MFD": 13.0}