{"Interferences": 58, "Mass": 13.655522168306144, "Batt_amps_ratio_MFD": 0.334661812, "Batt_amps_ratio_MxSpd": 0.34702155, "Distance_MxSpd": 12946.7461, "Max_Distance": 13080.668, "Hover_Time": 439.940796, "Max_Speed": 39.0, "Max_uc_at_MFD": 0.995328009, "Mot_amps_ratio_MFD": 0.74118948, "Mot_amps_ratio_MxSpd": 0.742607176, "Mot_power_ratio_MFD": 0.74276948, "Mot_power_ratio_MxSpd": 0.744190156, "Power_MFD": 4759.56836, "Power_MxSpd": 4959.22803, "Speed_MFD": 38.0}