{"Interferences": 20, "Mass": 3.2404997879093584, "Batt_amps_ratio_MFD": 0.142842695, "Batt_amps_ratio_MxSpd": 0.142842695, "Distance_MxSpd": 5645.37061, "Max_Distance": 5645.37061, "Hover_Time": 371.07489, "Max_Speed": 21.0, "Max_uc_at_MFD": 0.999419868, "Mot_amps_ratio_MFD": 0.581715703, "Mot_amps_ratio_MxSpd": 0.581715703, "Mot_power_ratio_MFD": 0.290919274, "Mot_power_ratio_MxSpd": 0.290919274, "Power_MFD": 674.076233, "Power_MxSpd": 674.076233, "Speed_MFD": 21.0}