{"Interferences": 7, "Mass": 6.320318368561218, "Batt_amps_ratio_MFD": 0.956727982, "Batt_amps_ratio_MxSpd": 0.956727982, "Distance_MxSpd": 2322.20044, "Max_Distance": 2322.20044, "Hover_Time": 120.111794, "Max_Speed": 27.0, "Max_uc_at_MFD": 0.937490702, "Mot_amps_ratio_MFD": 0.957467377, "Mot_amps_ratio_MxSpd": 0.957467377, "Mot_power_ratio_MFD": 0.797565877, "Mot_power_ratio_MxSpd": 0.797565877, "Power_MFD": 3648.16187, "Power_MxSpd": 3648.16187, "Speed_MFD": 27.0}