{"Interferences": 22, "Mass": 6.545868035262378, "Batt_amps_ratio_MFD": 0.725484669, "Batt_amps_ratio_MxSpd": 0.725484669, "Distance_MxSpd": 3516.073, "Max_Distance": 3516.073, "Hover_Time": 140.112564, "Max_Speed": 31.0, "Max_uc_at_MFD": 0.6762954, "Mot_amps_ratio_MFD": 0.74465692, "Mot_amps_ratio_MxSpd": 0.74465692, "Mot_power_ratio_MFD": 0.70258379, "Mot_power_ratio_MxSpd": 0.70258379, "Power_MFD": 2099.93652, "Power_MxSpd": 2099.93652, "Speed_MFD": 31.0}