{"Interferences": 5, "Mass": 4.163843583985288, "Batt_amps_ratio_MFD": 1.24390209, "Batt_amps_ratio_MxSpd": 1.54472911, "Distance_MxSpd": 770.620544, "Max_Distance": 833.506104, "Hover_Time": 54.5684547, "Max_Speed": 31.0, "Max_uc_at_MFD": 0.916399479, "Mot_amps_ratio_MFD": 0.777431011, "Mot_amps_ratio_MxSpd": 0.667840242, "Mot_power_ratio_MFD": 0.389433116, "Mot_power_ratio_MxSpd": 0.334536582, "Power_MFD": 1359.86365, "Power_MxSpd": 1824.73914, "Speed_MFD": 27.0}