{"Interferences": 8, "Mass": 3.845371396609306, "Batt_amps_ratio_MFD": 1.02072382, "Batt_amps_ratio_MxSpd": 1.60715353, "Distance_MxSpd": 645.115723, "Max_Distance": 677.166504, "Hover_Time": 42.5856934, "Max_Speed": 27.0, "Max_uc_at_MFD": 0.961603105, "Mot_amps_ratio_MFD": 0.494549423, "Mot_amps_ratio_MxSpd": 0.662613451, "Mot_power_ratio_MFD": 0.243977726, "Mot_power_ratio_MxSpd": 0.326889306, "Power_MFD": 646.37616, "Power_MxSpd": 1224.52002, "Speed_MFD": 18.0}