{"Interferences": 42, "Mass": 6.340491532761591, "Batt_amps_ratio_MFD": 0.414881051, "Batt_amps_ratio_MxSpd": 0.414881051, "Distance_MxSpd": 555.339905, "Max_Distance": 555.339905, "Hover_Time": 97.682045, "Max_Speed": 6.0, "Max_uc_at_MFD": 0.980155408, "Mot_amps_ratio_MFD": 0.988771319, "Mot_amps_ratio_MxSpd": 0.988771319, "Mot_power_ratio_MFD": 0.660585999, "Mot_power_ratio_MxSpd": 0.660585999, "Power_MFD": 2035.99072, "Power_MxSpd": 2035.99072, "Speed_MFD": 6.0}