{"Interferences": 16, "Mass": 18.42396391749929, "Batt_amps_ratio_MFD": 1.93693364, "Batt_amps_ratio_MxSpd": 2.12202287, "Distance_MxSpd": 4523.98535, "Max_Distance": 4559.78418, "Hover_Time": 81.0624237, "Max_Speed": 50.0, "Max_uc_at_MFD": 0.976146102, "Mot_amps_ratio_MFD": 0.883754015, "Mot_amps_ratio_MxSpd": 0.856829822, "Mot_power_ratio_MFD": 0.758050919, "Mot_power_ratio_MxSpd": 0.734956324, "Power_MFD": 17347.875, "Power_MxSpd": 19438.1309, "Speed_MFD": 46.0}