{"Interferences": 2, "Mass": 4.959045466258026, "Batt_amps_ratio_MFD": 1.88397646, "Batt_amps_ratio_MxSpd": 1.88397646, "Distance_MxSpd": 509.560516, "Max_Distance": 509.560516, "Hover_Time": 23.6298313, "Max_Speed": 25.0, "Max_uc_at_MFD": 0.999999881, "Mot_amps_ratio_MFD": 0.991398752, "Mot_amps_ratio_MxSpd": 0.991398752, "Mot_power_ratio_MFD": 0.489090055, "Mot_power_ratio_MxSpd": 0.489090055, "Power_MFD": 1739.6991, "Power_MxSpd": 1739.6991, "Speed_MFD": 25.0}