{"Interferences": 6, "Mass": 4.524306885844767, "Batt_amps_ratio_MFD": 1.16370881, "Batt_amps_ratio_MxSpd": 2.08880162, "Distance_MxSpd": 294.139954, "Max_Distance": 494.969177, "Hover_Time": 31.0353088, "Max_Speed": 16.0, "Max_uc_at_MFD": 0.99999994, "Mot_amps_ratio_MFD": 0.581367195, "Mot_amps_ratio_MxSpd": 0.74198246, "Mot_power_ratio_MFD": 0.258127034, "Mot_power_ratio_MxSpd": 0.278757095, "Power_MFD": 808.009338, "Power_MxSpd": 1543.24487, "Speed_MFD": 15.0}