{"Interferences": 1, "Mass": 7.300445549439277, "Batt_amps_ratio_MFD": 0.369376391, "Batt_amps_ratio_MxSpd": 0.385546088, "Distance_MxSpd": 2589.57373, "Max_Distance": 2598.9751, "Hover_Time": 0.0, "Max_Speed": 26.0, "Max_uc_at_MFD": 0.705864549, "Mot_amps_ratio_MFD": 0.351591408, "Mot_amps_ratio_MxSpd": 0.409966379, "Mot_power_ratio_MFD": 0.150638938, "Mot_power_ratio_MxSpd": 0.175649643, "Power_MFD": 1919.23474, "Power_MxSpd": 2139.11304, "Speed_MFD": 25.0}