{"Interferences": 29, "Mass": 3.0489501569141253, "Batt_amps_ratio_MFD": 0.427853882, "Batt_amps_ratio_MxSpd": 0.427853882, "Distance_MxSpd": 1615.50488, "Max_Distance": 1615.50488, "Hover_Time": 0.0, "Max_Speed": 18.0, "Max_uc_at_MFD": 0.956733406, "Mot_amps_ratio_MFD": 0.528748572, "Mot_amps_ratio_MxSpd": 0.528748572, "Mot_power_ratio_MFD": 0.264430135, "Mot_power_ratio_MxSpd": 0.264430135, "Power_MFD": 533.474792, "Power_MxSpd": 533.474792, "Speed_MFD": 18.0}