{"Interferences": 10, "Mass": 2.7627405200951687, "Batt_amps_ratio_MFD": 0.291284889, "Batt_amps_ratio_MxSpd": 0.291284889, "Distance_MxSpd": 2241.10498, "Max_Distance": 2241.10498, "Hover_Time": 171.739563, "Max_Speed": 17.0, "Max_uc_at_MFD": 0.872701943, "Mot_amps_ratio_MFD": 0.425726801, "Mot_amps_ratio_MxSpd": 0.425726801, "Mot_power_ratio_MFD": 0.212863401, "Mot_power_ratio_MxSpd": 0.212863401, "Power_MFD": 439.893707, "Power_MxSpd": 439.893707, "Speed_MFD": 17.0}