{"Interferences": 26, "Mass": 5.469188229967149, "Batt_amps_ratio_MFD": 0.679685712, "Batt_amps_ratio_MxSpd": 0.679685712, "Distance_MxSpd": 3728.78223, "Max_Distance": 3728.78223, "Hover_Time": 202.790085, "Max_Speed": 22.0, "Max_uc_at_MFD": 0.546157062, "Mot_amps_ratio_MFD": 0.755075455, "Mot_amps_ratio_MxSpd": 0.755075455, "Mot_power_ratio_MFD": 0.745007753, "Mot_power_ratio_MxSpd": 0.745007753, "Power_MFD": 1330.45349, "Power_MxSpd": 1330.45349, "Speed_MFD": 22.0}