{"Interferences": 6, "Mass": 3.791098786211332, "Batt_amps_ratio_MFD": 1.66965663, "Batt_amps_ratio_MxSpd": 1.66965663, "Distance_MxSpd": 436.976074, "Max_Distance": 436.976074, "Hover_Time": 36.9274597, "Max_Speed": 19.0, "Max_uc_at_MFD": 0.984694242, "Mot_amps_ratio_MFD": 0.804488957, "Mot_amps_ratio_MxSpd": 0.804488957, "Mot_power_ratio_MFD": 0.829198301, "Mot_power_ratio_MxSpd": 0.829198301, "Power_MFD": 1033.69165, "Power_MxSpd": 1033.69165, "Speed_MFD": 19.0}