{"Interferences": 12, "Mass": 3.639776323018872, "Batt_amps_ratio_MFD": 0.735071957, "Batt_amps_ratio_MxSpd": 0.735071957, "Distance_MxSpd": 470.158051, "Max_Distance": 470.158051, "Hover_Time": 54.148571, "Max_Speed": 9.0, "Max_uc_at_MFD": 1.0, "Mot_amps_ratio_MFD": 0.222324967, "Mot_amps_ratio_MxSpd": 0.222324967, "Mot_power_ratio_MFD": 0.073120214, "Mot_power_ratio_MxSpd": 0.073120214, "Power_MFD": 399.381561, "Power_MxSpd": 399.381561, "Speed_MFD": 9.0}