{"Interferences": 13, "Mass": 4.762121452390071, "Batt_amps_ratio_MFD": 0.645409286, "Batt_amps_ratio_MxSpd": 0.645409286, "Distance_MxSpd": 475.977051, "Max_Distance": 475.977051, "Hover_Time": 62.1003838, "Max_Speed": 8.0, "Max_uc_at_MFD": 0.787110448, "Mot_amps_ratio_MFD": 0.94733578, "Mot_amps_ratio_MxSpd": 0.94733578, "Mot_power_ratio_MFD": 0.47527355, "Mot_power_ratio_MxSpd": 0.47527355, "Power_MFD": 1006.2392, "Power_MxSpd": 1006.2392, "Speed_MFD": 8.0}