{"Interferences": 4, "Mass": 3.826960766390284, "Batt_amps_ratio_MFD": 0.458075345, "Batt_amps_ratio_MxSpd": 0.546524704, "Distance_MxSpd": 2107.8645, "Max_Distance": 2179.55396, "Hover_Time": 0.0, "Max_Speed": 30.0, "Max_uc_at_MFD": 0.927726388, "Mot_amps_ratio_MFD": 0.45396626, "Mot_amps_ratio_MxSpd": 0.562799037, "Mot_power_ratio_MFD": 0.225635529, "Mot_power_ratio_MxSpd": 0.27972886, "Power_MFD": 1587.48889, "Power_MxSpd": 2050.46118, "Speed_MFD": 26.0}