{"Interferences": 6, "Mass": 7.031540546679401, "Batt_amps_ratio_MFD": 0.371447504, "Batt_amps_ratio_MxSpd": 0.712018371, "Distance_MxSpd": 6957.12402, "Max_Distance": 8683.86523, "Hover_Time": 436.896423, "Max_Speed": 43.0, "Max_uc_at_MFD": 0.844505966, "Mot_amps_ratio_MFD": 0.997456551, "Mot_amps_ratio_MxSpd": 0.941638589, "Mot_power_ratio_MFD": 0.651280463, "Mot_power_ratio_MxSpd": 0.614834607, "Power_MFD": 2172.35083, "Power_MxSpd": 5596.3457, "Speed_MFD": 28.0}