{"Interferences": 3, "Mass": 5.507733344928325, "Batt_amps_ratio_MFD": 0.545196414, "Batt_amps_ratio_MxSpd": 0.545196414, "Distance_MxSpd": 1549.53333, "Max_Distance": 1549.53333, "Hover_Time": 89.5147705, "Max_Speed": 22.0, "Max_uc_at_MFD": 0.966682553, "Mot_amps_ratio_MFD": 0.736962259, "Mot_amps_ratio_MxSpd": 0.736962259, "Mot_power_ratio_MFD": 0.787730813, "Mot_power_ratio_MxSpd": 0.787730813, "Power_MFD": 2980.63403, "Power_MxSpd": 2980.63403, "Speed_MFD": 22.0}