{"Interferences": 22, "Mass": 3.359059571021738, "Batt_amps_ratio_MFD": 0.698813319, "Batt_amps_ratio_MxSpd": 0.698813319, "Distance_MxSpd": 1153.95618, "Max_Distance": 1153.95618, "Hover_Time": 76.6659622, "Max_Speed": 21.0, "Max_uc_at_MFD": 0.999644339, "Mot_amps_ratio_MFD": 0.333689481, "Mot_amps_ratio_MxSpd": 0.333689481, "Mot_power_ratio_MFD": 0.123465113, "Mot_power_ratio_MxSpd": 0.123465113, "Power_MFD": 703.967224, "Power_MxSpd": 703.967224, "Speed_MFD": 21.0}