{"Interferences": 18, "Mass": 4.852189208372332, "Batt_amps_ratio_MFD": 2.03840327, "Batt_amps_ratio_MxSpd": 2.03840327, "Distance_MxSpd": 640.501282, "Max_Distance": 640.501282, "Hover_Time": 24.6982708, "Max_Speed": 34.0, "Max_uc_at_MFD": 0.830095053, "Mot_amps_ratio_MFD": 0.786744475, "Mot_amps_ratio_MxSpd": 0.786744475, "Mot_power_ratio_MFD": 0.728989363, "Mot_power_ratio_MxSpd": 0.728989363, "Power_MFD": 2164.1665, "Power_MxSpd": 2164.1665, "Speed_MFD": 34.0}