{"Interferences": 8, "Mass": 3.1711575755762107, "Batt_amps_ratio_MFD": 0.914733112, "Batt_amps_ratio_MxSpd": 0.914733112, "Distance_MxSpd": 1175.4248, "Max_Distance": 1175.4248, "Hover_Time": 0.0, "Max_Speed": 28.0, "Max_uc_at_MFD": 0.98849982, "Mot_amps_ratio_MFD": 0.781558335, "Mot_amps_ratio_MxSpd": 0.781558335, "Mot_power_ratio_MFD": 0.390779167, "Mot_power_ratio_MxSpd": 0.390779167, "Power_MFD": 1138.72241, "Power_MxSpd": 1138.72241, "Speed_MFD": 28.0}