{"Interferences": 74, "Mass": 9.603418329570031, "Batt_amps_ratio_MFD": 1.39364219, "Batt_amps_ratio_MxSpd": 1.39364219, "Distance_MxSpd": 2562.49414, "Max_Distance": 2562.49414, "Hover_Time": 102.830704, "Max_Speed": 31.0, "Max_uc_at_MFD": 0.999999702, "Mot_amps_ratio_MFD": 0.88668406, "Mot_amps_ratio_MxSpd": 0.88668406, "Mot_power_ratio_MFD": 0.842349827, "Mot_power_ratio_MxSpd": 0.842349827, "Power_MFD": 5719.10156, "Power_MxSpd": 5719.10156, "Speed_MFD": 31.0}