{"Interferences": 35, "Mass": 10.903726351894893, "Batt_amps_ratio_MFD": 1.26283526, "Batt_amps_ratio_MxSpd": 2.03081989, "Distance_MxSpd": 605.075806, "Max_Distance": 668.970886, "Hover_Time": 28.3832226, "Max_Speed": 32.0, "Max_uc_at_MFD": 0.994616628, "Mot_amps_ratio_MFD": 0.688541591, "Mot_amps_ratio_MxSpd": 0.669184387, "Mot_power_ratio_MFD": 0.459495127, "Mot_power_ratio_MxSpd": 0.446577132, "Power_MFD": 2455.19995, "Power_MxSpd": 4647.50732, "Speed_MFD": 22.0}