{"Interferences": 11, "Mass": 5.666059813393585, "Batt_amps_ratio_MFD": 0.40338102, "Batt_amps_ratio_MxSpd": 0.40338102, "Distance_MxSpd": 2284.68872, "Max_Distance": 2284.68872, "Hover_Time": 103.705894, "Max_Speed": 24.0, "Max_uc_at_MFD": 0.964096606, "Mot_amps_ratio_MFD": 0.916531205, "Mot_amps_ratio_MxSpd": 0.916531205, "Mot_power_ratio_MFD": 0.459819049, "Mot_power_ratio_MxSpd": 0.459819049, "Power_MFD": 1377.44373, "Power_MxSpd": 1377.44373, "Speed_MFD": 24.0}