{"Interferences": 45, "Mass": 6.424650501337728, "Batt_amps_ratio_MFD": 1.10627615, "Batt_amps_ratio_MxSpd": 1.10627615, "Distance_MxSpd": 892.569702, "Max_Distance": 892.569702, "Hover_Time": 0.0, "Max_Speed": 12.0, "Max_uc_at_MFD": 0.329072863, "Mot_amps_ratio_MFD": 0.962245345, "Mot_amps_ratio_MxSpd": 0.962245345, "Mot_power_ratio_MFD": 0.949415386, "Mot_power_ratio_MxSpd": 0.949415386, "Power_MFD": 1364.68127, "Power_MxSpd": 1364.68127, "Speed_MFD": 12.0}