{
  "generator_version":"UAV2_gen12",
  "name":"design_8196_323dfe2c9c0842eea6f88ac28f89cf23_dw_dl",
  "hub":{
    "node_type":"ConnectedHub4_2_2",
    "frontSegment":{
      "node_type":"AngledWingArm",
      "arm1Length":168.35445066232714,
      "arm2Length":181.89859946546997,
      "wing":{
        "wingType":"Wing_horiz_hole",
        "nacaProfile":"2518",
        "span":1762.687047768531,
        "chordInner":334.04708699677917,
        "chordOuter":193.92822449065622,
        "taperOffset":true,
        "aileronBias":0.24873772110172304,
        "flapBias":0.9162880118322574,
        "load":511.7237601384491,
        "tubeOffset":42.605382713770354,
        "tubeRot":270.0
      },
      "servo":{
        "servoType":"Hitec_HS_65MG"
      }
    },
    "rearSegment":{
      "node_type":"DoubleBendSegment",
      "angle":-90.0,
      "arm1Length":365.0082405011015,
      "arm2Length":144.26953059721043,
      "mainSegment":{
        "node_type":"PropArm",
        "armLength":357.3074022726922,
        "motor":{
          "motorType":"t_motor_MN3515KV400"
        },
        "prop":{
          "propType":"apc_propellers_15x6E"
        },
        "flange":{
          "offset":31.737556483503667,
          "angle":0.0
        }
      }
    }
  },
  "fuselageWithComponents":{
    "node_type":"DualBatteryFuselageWithComponents",
    "battery":{
      "batteryType":"TattuPlus15C16000mAh12S1PAGRI"
    },
    "fuselage":{
      "length":449.0,
      "vertDiameter":244.5,
      "horzDiameter":420.9,
      "floorHeight":40.75,
      "battery1X":-112.25,
      "battery1Y":6.0,
      "battery2X":113.25,
      "battery2Y":6.0,
      "rpmX":0.0,
      "rpmY":-130.3,
      "autoPilotX":0.0,
      "autoPilotY":74.0,
      "currentX":0.0,
      "currentY":-110.15,
      "voltageX":0.0,
      "voltageY":127.8,
      "gpsX":0.0,
      "gpsY":-70.0,
      "varioX":0.0,
      "varioY":106.15
    }
  }
}