{"Interferences": 3, "Mass": 9.334145318496054, "Batt_amps_ratio_MFD": 1.42423272, "Batt_amps_ratio_MxSpd": 1.42423272, "Distance_MxSpd": 2588.34106, "Max_Distance": 2588.34106, "Hover_Time": 0.0, "Max_Speed": 32.0, "Max_uc_at_MFD": 0.60547483, "Mot_amps_ratio_MFD": 0.906500638, "Mot_amps_ratio_MxSpd": 0.906500638, "Mot_power_ratio_MFD": 0.453201711, "Mot_power_ratio_MxSpd": 0.453201711, "Power_MFD": 3631.40967, "Power_MxSpd": 3631.40967, "Speed_MFD": 32.0}