{"Interferences": 63, "Mass": 5.018647700165863, "Batt_amps_ratio_MFD": 0.753498197, "Batt_amps_ratio_MxSpd": 1.02544451, "Distance_MxSpd": 1011.07373, "Max_Distance": 1121.17053, "Hover_Time": 68.8893051, "Max_Speed": 27.0, "Max_uc_at_MFD": 0.987820208, "Mot_amps_ratio_MFD": 0.61138159, "Mot_amps_ratio_MxSpd": 0.543874443, "Mot_power_ratio_MFD": 0.305755347, "Mot_power_ratio_MxSpd": 0.27199465, "Power_MFD": 1112.93762, "Power_MxSpd": 1543.10962, "Speed_MFD": 22.0}