{"Interferences": 17, "Mass": 4.470256671965073, "Batt_amps_ratio_MFD": 0.281078666, "Batt_amps_ratio_MxSpd": 0.310534209, "Distance_MxSpd": 2102.18384, "Max_Distance": 2185.86499, "Hover_Time": 0.0, "Max_Speed": 17.0, "Max_uc_at_MFD": 1.0, "Mot_amps_ratio_MFD": 0.495304793, "Mot_amps_ratio_MxSpd": 0.498032928, "Mot_power_ratio_MFD": 0.230666131, "Mot_power_ratio_MxSpd": 0.245696247, "Power_MFD": 1072.53784, "Power_MxSpd": 1262.2345, "Speed_MFD": 16.0}