{"Interferences": 79, "Mass": 3.919736064647245, "Batt_amps_ratio_MFD": 0.464595199, "Batt_amps_ratio_MxSpd": 0.496253222, "Distance_MxSpd": 4642.79102, "Max_Distance": 4711.19824, "Hover_Time": 304.877441, "Max_Speed": 20.0, "Max_uc_at_MFD": 0.411697835, "Mot_amps_ratio_MFD": 0.787708938, "Mot_amps_ratio_MxSpd": 0.768474579, "Mot_power_ratio_MFD": 0.582904577, "Mot_power_ratio_MxSpd": 0.568671227, "Power_MFD": 627.842896, "Power_MxSpd": 640.598145, "Speed_MFD": 19.0}