{"Interferences": 8, "Mass": 3.369921977235664, "Batt_amps_ratio_MFD": 0.741060555, "Batt_amps_ratio_MxSpd": 1.22238445, "Distance_MxSpd": 973.834351, "Max_Distance": 1088.17017, "Hover_Time": 72.8450699, "Max_Speed": 31.0, "Max_uc_at_MFD": 0.831440687, "Mot_amps_ratio_MFD": 0.59494704, "Mot_amps_ratio_MxSpd": 0.662662387, "Mot_power_ratio_MFD": 0.293507189, "Mot_power_ratio_MxSpd": 0.326913446, "Power_MFD": 790.097961, "Power_MxSpd": 1757.02368, "Speed_MFD": 21.0}