{"Interferences": 16, "Mass": 5.311135270968695, "Batt_amps_ratio_MFD": 2.36921716, "Batt_amps_ratio_MxSpd": 2.36921716, "Distance_MxSpd": 97.2473068, "Max_Distance": 97.2473068, "Hover_Time": 0.0, "Max_Speed": 6.0, "Max_uc_at_MFD": 0.999920607, "Mot_amps_ratio_MFD": 0.839398444, "Mot_amps_ratio_MxSpd": 0.839398444, "Mot_power_ratio_MFD": 0.415284902, "Mot_power_ratio_MxSpd": 0.415284902, "Power_MFD": 2137.0166, "Power_MxSpd": 2137.0166, "Speed_MFD": 6.0}