{"Interferences": 12, "Mass": 10.62945199421632, "Batt_amps_ratio_MFD": 1.94229817, "Batt_amps_ratio_MxSpd": 1.94229817, "Distance_MxSpd": 11269.124, "Max_Distance": 11269.124, "Hover_Time": 451.773895, "Max_Speed": 38.0, "Max_uc_at_MFD": 0.696926296, "Mot_amps_ratio_MFD": 0.909839272, "Mot_amps_ratio_MxSpd": 0.909839272, "Mot_power_ratio_MFD": 0.841601372, "Mot_power_ratio_MxSpd": 0.841601372, "Power_MFD": 3856.08813, "Power_MxSpd": 3856.08813, "Speed_MFD": 38.0}