{"Interferences": 6, "Mass": 4.587714775844412, "Batt_amps_ratio_MFD": 1.33203912, "Batt_amps_ratio_MxSpd": 1.33203912, "Distance_MxSpd": 144.139908, "Max_Distance": 144.139908, "Hover_Time": 40.1896133, "Max_Speed": 5.0, "Max_uc_at_MFD": 0.729226649, "Mot_amps_ratio_MFD": 0.471542329, "Mot_amps_ratio_MxSpd": 0.471542329, "Mot_power_ratio_MFD": 0.117872946, "Mot_power_ratio_MxSpd": 0.117872946, "Power_MFD": 989.738159, "Power_MxSpd": 989.738159, "Speed_MFD": 5.0}