{"Interferences": 42, "Mass": 8.160136103584877, "Batt_amps_ratio_MFD": 0.735269368, "Batt_amps_ratio_MxSpd": 0.735269368, "Distance_MxSpd": 10967.4092, "Max_Distance": 10967.4092, "Hover_Time": 0.0, "Max_Speed": 42.0, "Max_uc_at_MFD": 0.834227741, "Mot_amps_ratio_MFD": 0.975224376, "Mot_amps_ratio_MxSpd": 0.975224376, "Mot_power_ratio_MFD": 0.944992423, "Mot_power_ratio_MxSpd": 0.944992423, "Power_MFD": 3163.34082, "Power_MxSpd": 3163.34082, "Speed_MFD": 42.0}