{"Interferences": 2, "Mass": 4.793850977655652, "Batt_amps_ratio_MFD": 0.296773195, "Batt_amps_ratio_MxSpd": 0.413648397, "Distance_MxSpd": 3249.13623, "Max_Distance": 3493.57715, "Hover_Time": 193.996719, "Max_Speed": 35.0, "Max_uc_at_MFD": 0.771111846, "Mot_amps_ratio_MFD": 0.567775488, "Mot_amps_ratio_MxSpd": 0.793377101, "Mot_power_ratio_MFD": 0.425921559, "Mot_power_ratio_MxSpd": 0.595158517, "Power_MFD": 1401.96851, "Power_MxSpd": 2551.00464, "Speed_MFD": 27.0}