{"Interferences": 21, "Mass": 8.316219114745149, "Batt_amps_ratio_MFD": 1.3581332, "Batt_amps_ratio_MxSpd": 1.52095759, "Distance_MxSpd": 7574.17578, "Max_Distance": 7634.00781, "Hover_Time": 447.361847, "Max_Speed": 20.0, "Max_uc_at_MFD": 0.959924936, "Mot_amps_ratio_MFD": 0.894808173, "Mot_amps_ratio_MxSpd": 0.922947407, "Mot_power_ratio_MFD": 0.827697515, "Mot_power_ratio_MxSpd": 0.853726327, "Power_MFD": 2340.21167, "Power_MxSpd": 2757.62012, "Speed_MFD": 18.0}