{"Interferences": 6, "Mass": 3.298712804405803, "Batt_amps_ratio_MFD": 1.10922718, "Batt_amps_ratio_MxSpd": 1.10922718, "Distance_MxSpd": 934.704773, "Max_Distance": 934.704773, "Hover_Time": 57.1768494, "Max_Speed": 27.0, "Max_uc_at_MFD": 0.9884727, "Mot_amps_ratio_MFD": 0.427876741, "Mot_amps_ratio_MxSpd": 0.427876741, "Mot_power_ratio_MFD": 0.201850861, "Mot_power_ratio_MxSpd": 0.201850861, "Power_MFD": 1058.67346, "Power_MxSpd": 1058.67346, "Speed_MFD": 27.0}