{"Interferences": 57, "Mass": 10.698307952225372, "Batt_amps_ratio_MFD": 1.79532039, "Batt_amps_ratio_MxSpd": 1.79532039, "Distance_MxSpd": 10587.5254, "Max_Distance": 10587.5254, "Hover_Time": 0.0, "Max_Speed": 33.0, "Max_uc_at_MFD": 0.818727791, "Mot_amps_ratio_MFD": 0.956985116, "Mot_amps_ratio_MxSpd": 0.956985116, "Mot_power_ratio_MFD": 0.957959473, "Mot_power_ratio_MxSpd": 0.957959473, "Power_MFD": 3368.51025, "Power_MxSpd": 3368.51025, "Speed_MFD": 33.0}