{"Interferences": 11, "Mass": 3.7330545797154833, "Batt_amps_ratio_MFD": 0.371918648, "Batt_amps_ratio_MxSpd": 0.371918648, "Distance_MxSpd": 1238.98059, "Max_Distance": 1238.98059, "Hover_Time": 0.0, "Max_Speed": 12.0, "Max_uc_at_MFD": 0.892679691, "Mot_amps_ratio_MFD": 0.541624963, "Mot_amps_ratio_MxSpd": 0.541624963, "Mot_power_ratio_MFD": 0.200401247, "Mot_power_ratio_MxSpd": 0.200401247, "Power_MFD": 527.119934, "Power_MxSpd": 527.119934, "Speed_MFD": 12.0}