{"Interferences": 4, "Mass": 4.993646913097059, "Batt_amps_ratio_MFD": 0.302419305, "Batt_amps_ratio_MxSpd": 0.302419305, "Distance_MxSpd": 8761.34473, "Max_Distance": 8761.34473, "Hover_Time": 0.0, "Max_Speed": 23.0, "Max_uc_at_MFD": 0.700980306, "Mot_amps_ratio_MFD": 0.848059714, "Mot_amps_ratio_MxSpd": 0.848059714, "Mot_power_ratio_MFD": 0.654441178, "Mot_power_ratio_MxSpd": 0.654441178, "Power_MFD": 1220.41516, "Power_MxSpd": 1220.41516, "Speed_MFD": 23.0}