{"Interferences": 15, "Mass": 4.101160651069958, "Batt_amps_ratio_MFD": 1.22540486, "Batt_amps_ratio_MxSpd": 1.22540486, "Distance_MxSpd": 595.395081, "Max_Distance": 595.395081, "Hover_Time": 40.9872169, "Max_Speed": 19.0, "Max_uc_at_MFD": 0.997288585, "Mot_amps_ratio_MFD": 0.41139251, "Mot_amps_ratio_MxSpd": 0.41139251, "Mot_power_ratio_MFD": 0.103196763, "Mot_power_ratio_MxSpd": 0.103196763, "Power_MFD": 634.928101, "Power_MxSpd": 634.928101, "Speed_MFD": 19.0}