{"Interferences": 2, "Mass": 3.653412901280932, "Batt_amps_ratio_MFD": 1.96859038, "Batt_amps_ratio_MxSpd": 1.96859038, "Distance_MxSpd": 273.088806, "Max_Distance": 273.088806, "Hover_Time": 18.3202515, "Max_Speed": 14.0, "Max_uc_at_MFD": 0.359039277, "Mot_amps_ratio_MFD": 0.55189693, "Mot_amps_ratio_MxSpd": 0.55189693, "Mot_power_ratio_MFD": 0.275918871, "Mot_power_ratio_MxSpd": 0.275918871, "Power_MFD": 1149.83264, "Power_MxSpd": 1149.83264, "Speed_MFD": 14.0}