{"Interferences": 8, "Mass": 4.914459245463165, "Batt_amps_ratio_MFD": 1.50940669, "Batt_amps_ratio_MxSpd": 1.74118507, "Distance_MxSpd": 639.564392, "Max_Distance": 661.451965, "Hover_Time": 26.4423676, "Max_Speed": 29.0, "Max_uc_at_MFD": 0.59689188, "Mot_amps_ratio_MFD": 0.863239706, "Mot_amps_ratio_MxSpd": 0.813697457, "Mot_power_ratio_MFD": 0.563644767, "Mot_power_ratio_MxSpd": 0.531296611, "Power_MFD": 1272.68311, "Power_MxSpd": 1524.24084, "Speed_MFD": 26.0}