{"Interferences": 8, "Mass": 7.05843226681816, "Batt_amps_ratio_MFD": 0.409358412, "Batt_amps_ratio_MxSpd": 0.409358412, "Distance_MxSpd": 6800.88623, "Max_Distance": 6800.88623, "Hover_Time": 329.405121, "Max_Speed": 29.0, "Max_uc_at_MFD": 0.691839039, "Mot_amps_ratio_MFD": 0.936827719, "Mot_amps_ratio_MxSpd": 0.936827719, "Mot_power_ratio_MFD": 0.90989387, "Mot_power_ratio_MxSpd": 0.90989387, "Power_MFD": 1978.2926, "Power_MxSpd": 1978.2926, "Speed_MFD": 29.0}