{"Interferences": 2, "Mass": 4.022313731340751, "Batt_amps_ratio_MFD": 2.25634599, "Batt_amps_ratio_MxSpd": 3.24293804, "Distance_MxSpd": 485.485687, "Max_Distance": 561.616028, "Hover_Time": 30.6131172, "Max_Speed": 41.0, "Max_uc_at_MFD": 0.951458454, "Mot_amps_ratio_MFD": 0.836236715, "Mot_amps_ratio_MxSpd": 0.717316508, "Mot_power_ratio_MFD": 0.415635973, "Mot_power_ratio_MxSpd": 0.356528908, "Power_MFD": 2852.89941, "Power_MxSpd": 4220.49316, "Speed_MFD": 33.0}