{"Interferences": 13, "Mass": 4.804066124023486, "Batt_amps_ratio_MFD": 0.732310414, "Batt_amps_ratio_MxSpd": 0.923217833, "Distance_MxSpd": 1123.02856, "Max_Distance": 1153.60913, "Hover_Time": 68.0294266, "Max_Speed": 27.0, "Max_uc_at_MFD": 0.998856604, "Mot_amps_ratio_MFD": 0.312582612, "Mot_amps_ratio_MxSpd": 0.312941521, "Mot_power_ratio_MFD": 0.194002882, "Mot_power_ratio_MxSpd": 0.194225654, "Power_MFD": 1103.89392, "Power_MxSpd": 1518.66821, "Speed_MFD": 22.0}