{"Interferences": 2, "Mass": 3.7213224911422698, "Batt_amps_ratio_MFD": 1.07684743, "Batt_amps_ratio_MxSpd": 1.2277652, "Distance_MxSpd": 875.737488, "Max_Distance": 891.491211, "Hover_Time": 56.2395592, "Max_Speed": 28.0, "Max_uc_at_MFD": 0.887486935, "Mot_amps_ratio_MFD": 0.428944111, "Mot_amps_ratio_MxSpd": 0.458445668, "Mot_power_ratio_MFD": 0.214929238, "Mot_power_ratio_MxSpd": 0.229711458, "Power_MFD": 942.705933, "Power_MxSpd": 1189.24817, "Speed_MFD": 25.0}