{"Interferences": 13, "Mass": 6.3859604153209695, "Batt_amps_ratio_MFD": 0.762657106, "Batt_amps_ratio_MxSpd": 1.50160801, "Distance_MxSpd": 1099.62122, "Max_Distance": 1560.85876, "Hover_Time": 87.2510452, "Max_Speed": 43.0, "Max_uc_at_MFD": 0.799061537, "Mot_amps_ratio_MFD": 0.749735534, "Mot_amps_ratio_MxSpd": 0.877588212, "Mot_power_ratio_MFD": 0.375078946, "Mot_power_ratio_MxSpd": 0.439041317, "Power_MFD": 2711.85034, "Power_MxSpd": 6520.8501, "Speed_MFD": 31.0}