{"Interferences": 41, "Mass": 4.116270032024507, "Batt_amps_ratio_MFD": 0.257345349, "Batt_amps_ratio_MxSpd": 0.283396751, "Distance_MxSpd": 3387.47705, "Max_Distance": 3431.96411, "Hover_Time": 226.008362, "Max_Speed": 25.0, "Max_uc_at_MFD": 0.994302571, "Mot_amps_ratio_MFD": 0.591746688, "Mot_amps_ratio_MxSpd": 0.554115951, "Mot_power_ratio_MFD": 0.218946263, "Mot_power_ratio_MxSpd": 0.205022901, "Power_MFD": 934.544434, "Power_MxSpd": 1087.69238, "Speed_MFD": 23.0}