{"Interferences": 8, "Mass": 4.081497974350603, "Batt_amps_ratio_MFD": 0.346165419, "Batt_amps_ratio_MxSpd": 0.346165419, "Distance_MxSpd": 2995.09985, "Max_Distance": 2995.09985, "Hover_Time": 0.0, "Max_Speed": 27.0, "Max_uc_at_MFD": 0.689501226, "Mot_amps_ratio_MFD": 0.962567806, "Mot_amps_ratio_MxSpd": 0.962567806, "Mot_power_ratio_MFD": 0.721925855, "Mot_power_ratio_MxSpd": 0.721925855, "Power_MFD": 1386.68152, "Power_MxSpd": 1386.68152, "Speed_MFD": 27.0}