{
  "generator_version":"UAV2_gen12",
  "name":"design_2835_cd078b7744764a8f8160b5103f3370d6_dw_dl",
  "hub":{
    "node_type":"ConnectedHub4_2_2",
    "frontSegment":{
      "node_type":"PropArm",
      "armLength":273.9560237447711,
      "motor":{
        "motorType":"t_motor_MN4014KV400"
      },
      "prop":{
        "propType":"apc_propellers_16x12E"
      },
      "flange":{
        "offset":19.844144295245286,
        "angle":91.42408459841664
      }
    },
    "rearSegment":{
      "node_type":"SidewaysBendWithTopSegment",
      "angle":-90.0,
      "armLength":432.7108268949931,
      "mainSegment":{
        "node_type":"PropArm",
        "armLength":114.79382389084097,
        "motor":{
          "motorType":"kde_direct_KDE5215XF_435"
        },
        "prop":{
          "propType":"apc_propellers_15x10E"
        },
        "flange":{
          "offset":-22.979033495884327,
          "angle":0.0
        }
      },
      "topSegment":{
        "node_type":"DoubleBendSegment",
        "angle":-90.0,
        "arm1Length":439.2204825100721,
        "arm2Length":415.92162493253943,
        "mainSegment":{
          "node_type":"AngledWingArm",
          "arm1Length":191.28256559426777,
          "arm2Length":168.27970129540415,
          "wing":{
            "wingType":"Wing_vert_hole",
            "nacaProfile":"2212",
            "span":1278.7356791960592,
            "chordInner":310.7376252155241,
            "chordOuter":134.71188785938207,
            "taperOffset":true,
            "aileronBias":0.6157705226061007,
            "flapBias":0.316723111735995,
            "load":687.2795902861839,
            "tubeOffset":39.340000639243286,
            "tubeRot":270.0
          },
          "servo":{
            "servoType":"Hitec_HS_5245MG"
          }
        }
      }
    }
  },
  "fuselageWithComponents":{
    "node_type":"DualBatteryFuselageWithComponents",
    "battery":{
      "batteryType":"Tattu15C17000mAh6S1PHV"
    },
    "fuselage":{
      "length":391.0,
      "vertDiameter":117.0,
      "horzDiameter":382.65,
      "floorHeight":19.5,
      "battery1X":-97.75,
      "battery1Y":6.0,
      "battery2X":98.75,
      "battery2Y":6.0,
      "rpmX":0.0,
      "rpmY":-117.55,
      "autoPilotX":0.0,
      "autoPilotY":61.25,
      "currentX":0.0,
      "currentY":-97.4,
      "voltageX":0.0,
      "voltageY":115.05,
      "gpsX":0.0,
      "gpsY":-57.25,
      "varioX":0.0,
      "varioY":93.4
    }
  }
}