{"Interferences": 61, "Mass": 6.496929604651194, "Batt_amps_ratio_MFD": 0.267825574, "Batt_amps_ratio_MxSpd": 0.267825574, "Distance_MxSpd": 6093.51807, "Max_Distance": 6093.51807, "Hover_Time": 388.341156, "Max_Speed": 17.0, "Max_uc_at_MFD": 0.683034301, "Mot_amps_ratio_MFD": 0.978527367, "Mot_amps_ratio_MxSpd": 0.978527367, "Mot_power_ratio_MFD": 0.91466558, "Mot_power_ratio_MxSpd": 0.91466558, "Power_MFD": 1102.63025, "Power_MxSpd": 1102.63025, "Speed_MFD": 17.0}