{"Interferences": 28, "Mass": 7.438571397475885, "Batt_amps_ratio_MFD": 0.8802405, "Batt_amps_ratio_MxSpd": 0.8802405, "Distance_MxSpd": 1265.10876, "Max_Distance": 1265.10876, "Hover_Time": 56.1505051, "Max_Speed": 29.0, "Max_uc_at_MFD": 0.99864161, "Mot_amps_ratio_MFD": 0.770867348, "Mot_amps_ratio_MxSpd": 0.770867348, "Mot_power_ratio_MFD": 0.377498299, "Mot_power_ratio_MxSpd": 0.377498299, "Power_MFD": 2559.83301, "Power_MxSpd": 2559.83301, "Speed_MFD": 29.0}