{"Interferences": 3, "Mass": 5.007303711324001, "Batt_amps_ratio_MFD": 0.372815728, "Batt_amps_ratio_MxSpd": 0.372815728, "Distance_MxSpd": 2368.99878, "Max_Distance": 2368.99878, "Hover_Time": 130.718536, "Max_Speed": 23.0, "Max_uc_at_MFD": 1.0, "Mot_amps_ratio_MFD": 0.587189436, "Mot_amps_ratio_MxSpd": 0.587189436, "Mot_power_ratio_MFD": 0.293803692, "Mot_power_ratio_MxSpd": 0.293803692, "Power_MFD": 1150.71851, "Power_MxSpd": 1150.71851, "Speed_MFD": 23.0}