{"Interferences": 36, "Mass": 12.380379419880892, "Batt_amps_ratio_MFD": 0.254222125, "Batt_amps_ratio_MxSpd": 0.254222125, "Distance_MxSpd": 453.147003, "Max_Distance": 453.147003, "Hover_Time": 0.0, "Max_Speed": 1.0, "Max_uc_at_MFD": 0.518981934, "Mot_amps_ratio_MFD": 0.511111617, "Mot_amps_ratio_MxSpd": 0.511111617, "Mot_power_ratio_MFD": 0.951656818, "Mot_power_ratio_MxSpd": 0.951656818, "Power_MFD": 3006.94434, "Power_MxSpd": 3006.94434, "Speed_MFD": 1.0}