{"Interferences": 18, "Mass": 8.981505989865934, "Batt_amps_ratio_MFD": 0.54919982, "Batt_amps_ratio_MxSpd": 0.54919982, "Distance_MxSpd": 1887.83752, "Max_Distance": 1887.83752, "Hover_Time": 0.0, "Max_Speed": 27.0, "Max_uc_at_MFD": 0.791511655, "Mot_amps_ratio_MFD": 0.999334097, "Mot_amps_ratio_MxSpd": 0.999334097, "Mot_power_ratio_MFD": 0.333299041, "Mot_power_ratio_MxSpd": 0.333299041, "Power_MFD": 2592.65381, "Power_MxSpd": 2592.65381, "Speed_MFD": 27.0}