{"Interferences": 30, "Mass": 3.672561864220731, "Batt_amps_ratio_MFD": 0.189762726, "Batt_amps_ratio_MxSpd": 0.189762726, "Distance_MxSpd": 4047.15942, "Max_Distance": 4047.15942, "Hover_Time": 0.0, "Max_Speed": 20.0, "Max_uc_at_MFD": 0.565126359, "Mot_amps_ratio_MFD": 0.9848243, "Mot_amps_ratio_MxSpd": 0.9848243, "Mot_power_ratio_MFD": 0.9848243, "Mot_power_ratio_MxSpd": 0.9848243, "Power_MFD": 754.432129, "Power_MxSpd": 754.432129, "Speed_MFD": 20.0}