{"Interferences": 18, "Mass": 3.2534671103389874, "Batt_amps_ratio_MFD": 0.36572665, "Batt_amps_ratio_MxSpd": 0.36572665, "Distance_MxSpd": 2309.92188, "Max_Distance": 2309.92188, "Hover_Time": 158.682693, "Max_Speed": 22.0, "Max_uc_at_MFD": 0.978689253, "Mot_amps_ratio_MFD": 0.360201269, "Mot_amps_ratio_MxSpd": 0.360201269, "Mot_power_ratio_MFD": 0.233230323, "Mot_power_ratio_MxSpd": 0.233230323, "Power_MFD": 777.460205, "Power_MxSpd": 777.460205, "Speed_MFD": 22.0}