{"Interferences": 5, "Mass": 3.782245323474037, "Batt_amps_ratio_MFD": 1.09798765, "Batt_amps_ratio_MxSpd": 1.09798765, "Distance_MxSpd": 804.380615, "Max_Distance": 804.380615, "Hover_Time": 0.0, "Max_Speed": 23.0, "Max_uc_at_MFD": 0.86430639, "Mot_amps_ratio_MFD": 0.667851329, "Mot_amps_ratio_MxSpd": 0.667851329, "Mot_power_ratio_MFD": 0.327050745, "Mot_power_ratio_MxSpd": 0.327050745, "Power_MFD": 1062.99231, "Power_MxSpd": 1062.99231, "Speed_MFD": 23.0}