{"Interferences": 40, "Mass": 2.6653753213349622, "Batt_amps_ratio_MFD": 0.464874476, "Batt_amps_ratio_MxSpd": 0.464874476, "Distance_MxSpd": 82.6029434, "Max_Distance": 82.6029434, "Hover_Time": 82.5420074, "Max_Speed": 1.0, "Max_uc_at_MFD": 0.986045003, "Mot_amps_ratio_MFD": 0.58921653, "Mot_amps_ratio_MxSpd": 0.58921653, "Mot_power_ratio_MFD": 0.359075487, "Mot_power_ratio_MxSpd": 0.359075487, "Power_MFD": 632.510498, "Power_MxSpd": 632.510498, "Speed_MFD": 1.0}