{"Interferences": 0, "Mass": 6.518213017305132, "Batt_amps_ratio_MFD": 0.457809001, "Batt_amps_ratio_MxSpd": 0.457809001, "Distance_MxSpd": 8807.16602, "Max_Distance": 8807.16602, "Hover_Time": 0.0, "Max_Speed": 21.0, "Max_uc_at_MFD": 1.0, "Mot_amps_ratio_MFD": 0.561443985, "Mot_amps_ratio_MxSpd": 0.561443985, "Mot_power_ratio_MFD": 0.363534957, "Mot_power_ratio_MxSpd": 0.363534957, "Power_MFD": 1576.97156, "Power_MxSpd": 1576.97156, "Speed_MFD": 21.0}