{"Interferences": 38, "Mass": 8.551523738144603, "Batt_amps_ratio_MFD": 2.0663383, "Batt_amps_ratio_MxSpd": 2.0663383, "Distance_MxSpd": 353.088379, "Max_Distance": 353.088379, "Hover_Time": 28.6021233, "Max_Speed": 19.0, "Max_uc_at_MFD": 0.99999994, "Mot_amps_ratio_MFD": 0.449472547, "Mot_amps_ratio_MxSpd": 0.449472547, "Mot_power_ratio_MFD": 0.295653045, "Mot_power_ratio_MxSpd": 0.295653045, "Power_MFD": 2795.15405, "Power_MxSpd": 2795.15405, "Speed_MFD": 19.0}