{"Interferences": 7, "Mass": 3.9082033538966416, "Batt_amps_ratio_MFD": 0.245733947, "Batt_amps_ratio_MxSpd": 0.245733947, "Distance_MxSpd": 2187.73193, "Max_Distance": 2187.73193, "Hover_Time": 0.0, "Max_Speed": 14.0, "Max_uc_at_MFD": 0.998228908, "Mot_amps_ratio_MFD": 0.401452661, "Mot_amps_ratio_MxSpd": 0.401452661, "Mot_power_ratio_MFD": 0.247562468, "Mot_power_ratio_MxSpd": 0.247562468, "Power_MFD": 769.812317, "Power_MxSpd": 769.812317, "Speed_MFD": 14.0}