{"Interferences": 18, "Mass": 9.188643282701497, "Batt_amps_ratio_MFD": 2.6225822, "Batt_amps_ratio_MxSpd": 2.6225822, "Distance_MxSpd": 5490.77148, "Max_Distance": 5490.77148, "Hover_Time": 0.0, "Max_Speed": 25.0, "Max_uc_at_MFD": 0.913275778, "Mot_amps_ratio_MFD": 0.944531381, "Mot_amps_ratio_MxSpd": 0.944531381, "Mot_power_ratio_MFD": 0.891165316, "Mot_power_ratio_MxSpd": 0.891165316, "Power_MFD": 4096.80078, "Power_MxSpd": 4096.80078, "Speed_MFD": 25.0}