{"Interferences": 6, "Mass": 4.378405941246327, "Batt_amps_ratio_MFD": 1.45811033, "Batt_amps_ratio_MxSpd": 1.45811033, "Distance_MxSpd": 684.721863, "Max_Distance": 684.721863, "Hover_Time": 26.8098774, "Max_Speed": 26.0, "Max_uc_at_MFD": 0.981194139, "Mot_amps_ratio_MFD": 0.740974009, "Mot_amps_ratio_MxSpd": 0.740974009, "Mot_power_ratio_MFD": 0.451558292, "Mot_power_ratio_MxSpd": 0.451558292, "Power_MFD": 1253.53638, "Power_MxSpd": 1253.53638, "Speed_MFD": 26.0}