{
  "generator_version":"UAV2_gen12",
  "name":"design_6238_0464ee9a3047423aa4462f1297775479_s",
  "hub":{
    "node_type":"ConnectedHub6_1_2_2_1",
    "frontCenterSegment":{
      "node_type":"AngledPropArm",
      "armLength":301.85928713256965,
      "motor":{
        "motorType":"kde_direct_KDE4014XF_380"
      },
      "prop":{
        "propType":"apc_propellers_17x10WE"
      }
    },
    "frontSegment":{
      "node_type":"AngledWingArm",
      "arm1Length":303.8671041945952,
      "arm2Length":86.11647451370911,
      "wing":{
        "wingType":"Wing_horiz_hole",
        "nacaProfile":"2612",
        "span":1793.9066164563774,
        "chordInner":298.58448271993996,
        "chordOuter":161.25902751675568,
        "taperOffset":false,
        "aileronBias":0.8000716541142558,
        "flapBias":0.7659949294368306,
        "load":201.33298904176357,
        "tubeOffset":51.02681999684634,
        "tubeRot":318.37462770504555
      },
      "servo":{
        "servoType":"Hitec_HS_85BB"
      }
    },
    "rearSegment":{
      "node_type":"AngledWingArm",
      "arm1Length":346.15927577681316,
      "arm2Length":156.50556145302926,
      "wing":{
        "wingType":"Wing_horiz_hole",
        "nacaProfile":"6512",
        "span":816.9101191454229,
        "chordInner":428.92376599593825,
        "chordOuter":82.46966096835462,
        "taperOffset":false,
        "aileronBias":0.1488861351175075,
        "flapBias":0.41026256346764434,
        "load":100.39646990596204,
        "tubeOffset":45.459195575736295,
        "tubeRot":270.0
      },
      "servo":{
        "servoType":"Hitec_HS_55"
      }
    },
    "rearCenterSegment":{
      "node_type":"PropArm",
      "armLength":86.66749695659553,
      "motor":{
        "motorType":"t_motor_AT4120KV500"
      },
      "prop":{
        "propType":"apc_propellers_17x6E"
      },
      "flange":{
        "offset":-43.55590282744561,
        "angle":0.0
      }
    }
  },
  "fuselageWithComponents":{
    "node_type":"SingleBatteryFuselageWithComponents",
    "battery":{
      "batteryType":"TurnigyGraphene3000mAh6S75C"
    },
    "fuselage":{
      "length":137.0,
      "vertDiameter":67.5,
      "horzDiameter":356.4,
      "floorHeight":11.25,
      "batteryX":0.0,
      "batteryY":6.0,
      "rpmX":0.0,
      "rpmY":-108.8,
      "autoPilotX":0.0,
      "autoPilotY":52.5,
      "currentX":0.0,
      "currentY":-88.65,
      "voltageX":0.0,
      "voltageY":106.3,
      "gpsX":0.0,
      "gpsY":-48.5,
      "varioX":0.0,
      "varioY":84.65
    }
  }
}