{"Interferences": 15, "Mass": 3.62191403530789, "Batt_amps_ratio_MFD": 0.738642573, "Batt_amps_ratio_MxSpd": 0.738642573, "Distance_MxSpd": 1143.7196, "Max_Distance": 1143.7196, "Hover_Time": 80.7987595, "Max_Speed": 22.0, "Max_uc_at_MFD": 0.99999994, "Mot_amps_ratio_MFD": 0.42015624, "Mot_amps_ratio_MxSpd": 0.42015624, "Mot_power_ratio_MFD": 0.15545781, "Mot_power_ratio_MxSpd": 0.15545781, "Power_MFD": 766.314148, "Power_MxSpd": 766.314148, "Speed_MFD": 22.0}