{"Interferences": 3, "Mass": 4.421360946234289, "Batt_amps_ratio_MFD": 1.12147403, "Batt_amps_ratio_MxSpd": 1.17187715, "Distance_MxSpd": 884.734436, "Max_Distance": 890.256897, "Hover_Time": 45.8749657, "Max_Speed": 27.0, "Max_uc_at_MFD": 0.977889538, "Mot_amps_ratio_MFD": 0.352573246, "Mot_amps_ratio_MxSpd": 0.366461873, "Mot_power_ratio_MFD": 0.13143, "Mot_power_ratio_MxSpd": 0.136607319, "Power_MFD": 1804.66846, "Power_MxSpd": 1995.14331, "Speed_MFD": 26.0}