{"Interferences": 34, "Mass": 9.249510657717815, "Batt_amps_ratio_MFD": 0.915742874, "Batt_amps_ratio_MxSpd": 0.915742874, "Distance_MxSpd": 1677.32678, "Max_Distance": 1677.32678, "Hover_Time": 222.176605, "Max_Speed": 8.0, "Max_uc_at_MFD": 0.756386578, "Mot_amps_ratio_MFD": 0.992852151, "Mot_amps_ratio_MxSpd": 0.992852151, "Mot_power_ratio_MFD": 0.998692453, "Mot_power_ratio_MxSpd": 0.998692453, "Power_MFD": 2531.63989, "Power_MxSpd": 2531.63989, "Speed_MFD": 8.0}