{"Interferences": 17, "Mass": 13.456039481599024, "Batt_amps_ratio_MFD": 0.897963285, "Batt_amps_ratio_MxSpd": 1.05922008, "Distance_MxSpd": 2718.98169, "Max_Distance": 2886.53223, "Hover_Time": 0.0, "Max_Speed": 30.0, "Max_uc_at_MFD": 0.999930799, "Mot_amps_ratio_MFD": 0.522108495, "Mot_amps_ratio_MxSpd": 0.496325701, "Mot_power_ratio_MFD": 0.238200009, "Mot_power_ratio_MxSpd": 0.33238259, "Power_MFD": 4526.64062, "Power_MxSpd": 5928.71924, "Speed_MFD": 27.0}