{"Interferences": 5, "Mass": 4.250357991108793, "Batt_amps_ratio_MFD": 0.942416012, "Batt_amps_ratio_MxSpd": 0.942416012, "Distance_MxSpd": 366.71701, "Max_Distance": 366.71701, "Hover_Time": 0.0, "Max_Speed": 9.0, "Max_uc_at_MFD": 0.99475044, "Mot_amps_ratio_MFD": 0.655053318, "Mot_amps_ratio_MxSpd": 0.655053318, "Mot_power_ratio_MFD": 0.403949559, "Mot_power_ratio_MxSpd": 0.403949559, "Power_MFD": 1062.92737, "Power_MxSpd": 1062.92737, "Speed_MFD": 9.0}