{"Interferences": 49, "Mass": 4.026491912746797, "Batt_amps_ratio_MFD": 1.47273839, "Batt_amps_ratio_MxSpd": 1.74189091, "Distance_MxSpd": 639.305237, "Max_Distance": 703.99469, "Hover_Time": 34.8254509, "Max_Speed": 29.0, "Max_uc_at_MFD": 0.868991196, "Mot_amps_ratio_MFD": 0.450705677, "Mot_amps_ratio_MxSpd": 0.576605082, "Mot_power_ratio_MFD": 0.283493876, "Mot_power_ratio_MxSpd": 0.362684608, "Power_MFD": 1203.04346, "Power_MxSpd": 1636.72034, "Speed_MFD": 27.0}