{"Interferences": 53, "Mass": 7.863680174787315, "Batt_amps_ratio_MFD": 0.532688677, "Batt_amps_ratio_MxSpd": 0.700122356, "Distance_MxSpd": 2358.44507, "Max_Distance": 2595.13672, "Hover_Time": 102.023529, "Max_Speed": 43.0, "Max_uc_at_MFD": 0.67518878, "Mot_amps_ratio_MFD": 0.99409771, "Mot_amps_ratio_MxSpd": 0.902363896, "Mot_power_ratio_MFD": 0.497328907, "Mot_power_ratio_MxSpd": 0.451436132, "Power_MFD": 3136.354, "Power_MxSpd": 4403.68262, "Speed_MFD": 36.0}