{"Interferences": 102, "Mass": 7.572566269159471, "Batt_amps_ratio_MFD": 0.846106291, "Batt_amps_ratio_MxSpd": 0.846106291, "Distance_MxSpd": 1906.14355, "Max_Distance": 1906.14355, "Hover_Time": 0.0, "Max_Speed": 14.0, "Max_uc_at_MFD": 0.379116982, "Mot_amps_ratio_MFD": 0.85424304, "Mot_amps_ratio_MxSpd": 0.85424304, "Mot_power_ratio_MFD": 0.641865075, "Mot_power_ratio_MxSpd": 0.641865075, "Power_MFD": 1287.75037, "Power_MxSpd": 1287.75037, "Speed_MFD": 14.0}