{"Interferences": 16, "Mass": 5.4198323518205855, "Batt_amps_ratio_MFD": 1.51879466, "Batt_amps_ratio_MxSpd": 1.72360849, "Distance_MxSpd": 289.624939, "Max_Distance": 303.398499, "Hover_Time": 0.0, "Max_Speed": 13.0, "Max_uc_at_MFD": 1.0, "Mot_amps_ratio_MFD": 0.905588984, "Mot_amps_ratio_MxSpd": 0.893552959, "Mot_power_ratio_MFD": 0.443472236, "Mot_power_ratio_MxSpd": 0.437578142, "Power_MFD": 1576.71582, "Power_MxSpd": 1837.10449, "Speed_MFD": 12.0}