{"Interferences": 20, "Mass": 3.8300141838872954, "Batt_amps_ratio_MFD": 1.42501009, "Batt_amps_ratio_MxSpd": 2.09739661, "Distance_MxSpd": 659.102783, "Max_Distance": 754.520996, "Hover_Time": 48.429287, "Max_Speed": 36.0, "Max_uc_at_MFD": 0.653501689, "Mot_amps_ratio_MFD": 0.815469861, "Mot_amps_ratio_MxSpd": 0.837840676, "Mot_power_ratio_MFD": 0.603447735, "Mot_power_ratio_MxSpd": 0.620002091, "Power_MFD": 1403.13562, "Power_MxSpd": 2556.38428, "Speed_MFD": 28.0}