{"Interferences": 39, "Mass": 6.442125497584868, "Batt_amps_ratio_MFD": 1.47671652, "Batt_amps_ratio_MxSpd": 2.1470921, "Distance_MxSpd": 9389.44336, "Max_Distance": 10141.418, "Hover_Time": 550.714478, "Max_Speed": 35.0, "Max_uc_at_MFD": 0.646022677, "Mot_amps_ratio_MFD": 0.855097473, "Mot_amps_ratio_MxSpd": 0.754279017, "Mot_power_ratio_MFD": 0.855968118, "Mot_power_ratio_MxSpd": 0.755047023, "Power_MFD": 1677.3125, "Power_MxSpd": 2772.57227, "Speed_MFD": 26.0}