{"Interferences": 32, "Mass": 5.989045078376972, "Batt_amps_ratio_MFD": 0.445902437, "Batt_amps_ratio_MxSpd": 0.445902437, "Distance_MxSpd": 2583.5249, "Max_Distance": 2583.5249, "Hover_Time": 0.0, "Max_Speed": 2.0, "Max_uc_at_MFD": 0.758233368, "Mot_amps_ratio_MFD": 0.977095425, "Mot_amps_ratio_MxSpd": 0.977095425, "Mot_power_ratio_MFD": 0.913327098, "Mot_power_ratio_MxSpd": 0.913327098, "Power_MFD": 938.784851, "Power_MxSpd": 938.784851, "Speed_MFD": 2.0}