{"Interferences": 9, "Mass": 6.125498083792304, "Batt_amps_ratio_MFD": 1.58999395, "Batt_amps_ratio_MxSpd": 2.48504591, "Distance_MxSpd": 108.167015, "Max_Distance": 144.906204, "Hover_Time": 24.0682621, "Max_Speed": 7.0, "Max_uc_at_MFD": 0.999875546, "Mot_amps_ratio_MFD": 0.699145496, "Mot_amps_ratio_MxSpd": 0.924670219, "Mot_power_ratio_MFD": 0.431139737, "Mot_power_ratio_MxSpd": 0.589171648, "Power_MFD": 1880.30896, "Power_MxSpd": 3137.16333, "Speed_MFD": 6.0}