{"Interferences": 1, "Mass": 4.605066896271941, "Batt_amps_ratio_MFD": 0.305159241, "Batt_amps_ratio_MxSpd": 0.448339283, "Distance_MxSpd": 2655.13208, "Max_Distance": 3020.0625, "Hover_Time": 180.802109, "Max_Speed": 31.0, "Max_uc_at_MFD": 0.9732849, "Mot_amps_ratio_MFD": 0.758758843, "Mot_amps_ratio_MxSpd": 0.673829436, "Mot_power_ratio_MFD": 0.491296351, "Mot_power_ratio_MxSpd": 0.436304569, "Power_MFD": 1140.79907, "Power_MxSpd": 1910.05261, "Speed_MFD": 24.0}