{"Interferences": 33, "Mass": 4.808672031989336, "Batt_amps_ratio_MFD": 1.20346093, "Batt_amps_ratio_MxSpd": 1.29973197, "Distance_MxSpd": 827.247498, "Max_Distance": 861.51532, "Hover_Time": 48.771904, "Max_Speed": 28.0, "Max_uc_at_MFD": 0.997559845, "Mot_amps_ratio_MFD": 0.38314414, "Mot_amps_ratio_MxSpd": 0.364117593, "Mot_power_ratio_MFD": 0.0958399996, "Mot_power_ratio_MxSpd": 0.0910806805, "Power_MFD": 1269.4718, "Power_MxSpd": 1342.20178, "Speed_MFD": 27.0}