{"Interferences": 13, "Mass": 6.744496045587332, "Batt_amps_ratio_MFD": 0.379054397, "Batt_amps_ratio_MxSpd": 0.441431373, "Distance_MxSpd": 4175.50732, "Max_Distance": 4558.7124, "Hover_Time": 0.0, "Max_Speed": 16.0, "Max_uc_at_MFD": 0.993573248, "Mot_amps_ratio_MFD": 0.394496322, "Mot_amps_ratio_MxSpd": 0.431893438, "Mot_power_ratio_MFD": 0.372207284, "Mot_power_ratio_MxSpd": 0.407491446, "Power_MFD": 790.428894, "Power_MxSpd": 881.977783, "Speed_MFD": 15.0}