{"Interferences": 16, "Mass": 3.979233723300002, "Batt_amps_ratio_MFD": 1.80104077, "Batt_amps_ratio_MxSpd": 1.80104077, "Distance_MxSpd": 533.025146, "Max_Distance": 533.025146, "Hover_Time": 27.9573498, "Max_Speed": 25.0, "Max_uc_at_MFD": 0.998028636, "Mot_amps_ratio_MFD": 0.247545972, "Mot_amps_ratio_MxSpd": 0.247545972, "Mot_power_ratio_MFD": 0.0922786072, "Mot_power_ratio_MxSpd": 0.0922786072, "Power_MFD": 1323.96387, "Power_MxSpd": 1323.96387, "Speed_MFD": 25.0}