{"Interferences": 35, "Mass": 3.28774049219672, "Batt_amps_ratio_MFD": 0.539909601, "Batt_amps_ratio_MxSpd": 0.539909601, "Distance_MxSpd": 1351.3374, "Max_Distance": 1351.3374, "Hover_Time": 0.0, "Max_Speed": 19.0, "Max_uc_at_MFD": 0.915115714, "Mot_amps_ratio_MFD": 0.559321523, "Mot_amps_ratio_MxSpd": 0.559321523, "Mot_power_ratio_MFD": 0.275931954, "Mot_power_ratio_MxSpd": 0.275931954, "Power_MFD": 642.581909, "Power_MxSpd": 642.581909, "Speed_MFD": 19.0}