{"Interferences": 2, "Mass": 3.478760467403336, "Batt_amps_ratio_MFD": 0.443331748, "Batt_amps_ratio_MxSpd": 0.574839354, "Distance_MxSpd": 2004.03809, "Max_Distance": 2078.80444, "Hover_Time": 135.842865, "Max_Speed": 30.0, "Max_uc_at_MFD": 0.705430388, "Mot_amps_ratio_MFD": 0.461583018, "Mot_amps_ratio_MxSpd": 0.669184327, "Mot_power_ratio_MFD": 0.301386565, "Mot_power_ratio_MxSpd": 0.436937988, "Power_MFD": 915.827393, "Power_MxSpd": 1562.66541, "Speed_MFD": 24.0}