{"Interferences": 51, "Mass": 3.647302353723278, "Batt_amps_ratio_MFD": 0.685603738, "Batt_amps_ratio_MxSpd": 0.774582744, "Distance_MxSpd": 1388.10217, "Max_Distance": 1456.23474, "Hover_Time": 87.9440079, "Max_Speed": 28.0, "Max_uc_at_MFD": 0.985008061, "Mot_amps_ratio_MFD": 0.655491471, "Mot_amps_ratio_MxSpd": 0.615170836, "Mot_power_ratio_MFD": 0.327814966, "Mot_power_ratio_MxSpd": 0.307650387, "Power_MFD": 1010.38098, "Power_MxSpd": 1120.49756, "Speed_MFD": 26.0}