{"Interferences": 4, "Mass": 5.946926516307531, "Batt_amps_ratio_MFD": 0.388923407, "Batt_amps_ratio_MxSpd": 0.426854461, "Distance_MxSpd": 6297.22803, "Max_Distance": 6417.71582, "Hover_Time": 0.0, "Max_Speed": 28.0, "Max_uc_at_MFD": 0.96003741, "Mot_amps_ratio_MFD": 0.891806722, "Mot_amps_ratio_MxSpd": 0.999304235, "Mot_power_ratio_MFD": 0.824921191, "Mot_power_ratio_MxSpd": 0.924356401, "Power_MFD": 2317.58618, "Power_MxSpd": 2610.46045, "Speed_MFD": 26.0}