{"Interferences": 2, "Mass": 3.1560136861644805, "Batt_amps_ratio_MFD": 0.815098703, "Batt_amps_ratio_MxSpd": 0.815098703, "Distance_MxSpd": 94.2217178, "Max_Distance": 94.2217178, "Hover_Time": 47.1201439, "Max_Speed": 2.0, "Max_uc_at_MFD": 0.627850473, "Mot_amps_ratio_MFD": 0.36054194, "Mot_amps_ratio_MxSpd": 0.36054194, "Mot_power_ratio_MFD": 0.235412687, "Mot_power_ratio_MxSpd": 0.235412687, "Power_MFD": 530.312927, "Power_MxSpd": 530.312927, "Speed_MFD": 2.0}