{"Interferences": 1, "Mass": 4.800857083226389, "Batt_amps_ratio_MFD": 0.317526907, "Batt_amps_ratio_MxSpd": 0.317526907, "Distance_MxSpd": 1572.15027, "Max_Distance": 1572.15027, "Hover_Time": 0.0, "Max_Speed": 13.0, "Max_uc_at_MFD": 0.60342288, "Mot_amps_ratio_MFD": 0.599994838, "Mot_amps_ratio_MxSpd": 0.599994838, "Mot_power_ratio_MFD": 0.377396733, "Mot_power_ratio_MxSpd": 0.377396733, "Power_MFD": 1045.60779, "Power_MxSpd": 1045.60779, "Speed_MFD": 13.0}