{"Interferences": 9, "Mass": 5.424588222091547, "Batt_amps_ratio_MFD": 0.320205897, "Batt_amps_ratio_MxSpd": 0.320205897, "Distance_MxSpd": 839.4599, "Max_Distance": 839.4599, "Hover_Time": 119.981682, "Max_Speed": 7.0, "Max_uc_at_MFD": 0.76221776, "Mot_amps_ratio_MFD": 0.643039048, "Mot_amps_ratio_MxSpd": 0.643039048, "Mot_power_ratio_MFD": 0.404471546, "Mot_power_ratio_MxSpd": 0.404471546, "Power_MFD": 1290.14722, "Power_MxSpd": 1290.14722, "Speed_MFD": 7.0}