{"Interferences": 8, "Mass": 6.014829666058308, "Batt_amps_ratio_MFD": 0.680842578, "Batt_amps_ratio_MxSpd": 1.33014441, "Distance_MxSpd": 2721.93848, "Max_Distance": 3142.32471, "Hover_Time": 166.046661, "Max_Speed": 44.0, "Max_uc_at_MFD": 0.645911276, "Mot_amps_ratio_MFD": 0.74553591, "Mot_amps_ratio_MxSpd": 0.991560996, "Mot_power_ratio_MFD": 0.730186641, "Mot_power_ratio_MxSpd": 0.971146524, "Power_MFD": 1787.83057, "Power_MxSpd": 4925.73877, "Speed_MFD": 26.0}