{"Interferences": 5, "Mass": 5.727302837583502, "Batt_amps_ratio_MFD": 1.99329221, "Batt_amps_ratio_MxSpd": 3.3256042, "Distance_MxSpd": 427.230621, "Max_Distance": 443.08606, "Hover_Time": 22.6707649, "Max_Speed": 37.0, "Max_uc_at_MFD": 0.670987546, "Mot_amps_ratio_MFD": 0.556032419, "Mot_amps_ratio_MxSpd": 0.907411754, "Mot_power_ratio_MFD": 0.417024344, "Mot_power_ratio_MxSpd": 0.680558801, "Power_MFD": 1513.75903, "Power_MxSpd": 4087.66333, "Speed_MFD": 23.0}