{"Interferences": 23, "Mass": 12.337239869742756, "Batt_amps_ratio_MFD": 1.64258146, "Batt_amps_ratio_MxSpd": 2.07352495, "Distance_MxSpd": 13056.0273, "Max_Distance": 13325.3662, "Hover_Time": 446.605133, "Max_Speed": 47.0, "Max_uc_at_MFD": 0.999782383, "Mot_amps_ratio_MFD": 0.532225013, "Mot_amps_ratio_MxSpd": 0.477338105, "Mot_power_ratio_MFD": 0.228031218, "Mot_power_ratio_MxSpd": 0.20451498, "Power_MFD": 4438.64258, "Power_MxSpd": 6069.05225, "Speed_MFD": 38.0}