{"Interferences": 4, "Mass": 4.1487954107831335, "Batt_amps_ratio_MFD": 0.844538093, "Batt_amps_ratio_MxSpd": 0.844538093, "Distance_MxSpd": 1000.31012, "Max_Distance": 1000.31012, "Hover_Time": 62.995697, "Max_Speed": 22.0, "Max_uc_at_MFD": 0.927798629, "Mot_amps_ratio_MFD": 0.529751897, "Mot_amps_ratio_MxSpd": 0.529751897, "Mot_power_ratio_MFD": 0.435573786, "Mot_power_ratio_MxSpd": 0.435573786, "Power_MFD": 899.630554, "Power_MxSpd": 899.630554, "Speed_MFD": 22.0}