{"Interferences": 14, "Mass": 3.424195303676196, "Batt_amps_ratio_MFD": 0.503267586, "Batt_amps_ratio_MxSpd": 0.503267586, "Distance_MxSpd": 839.314941, "Max_Distance": 839.314941, "Hover_Time": 0.0, "Max_Speed": 11.0, "Max_uc_at_MFD": 0.925518572, "Mot_amps_ratio_MFD": 0.586083889, "Mot_amps_ratio_MxSpd": 0.586083889, "Mot_power_ratio_MFD": 0.293103844, "Mot_power_ratio_MxSpd": 0.293103844, "Power_MFD": 381.624756, "Power_MxSpd": 381.624756, "Speed_MFD": 11.0}