{"Interferences": 19, "Mass": 6.070163027954882, "Batt_amps_ratio_MFD": 0.202899262, "Batt_amps_ratio_MxSpd": 0.219434455, "Distance_MxSpd": 4549.87793, "Max_Distance": 4731.41211, "Hover_Time": 213.495239, "Max_Speed": 26.0, "Max_uc_at_MFD": 0.888049603, "Mot_amps_ratio_MFD": 0.939986706, "Mot_amps_ratio_MxSpd": 0.968659103, "Mot_power_ratio_MFD": 0.927453518, "Mot_power_ratio_MxSpd": 0.955743611, "Power_MFD": 1602.21472, "Power_MxSpd": 1760.94727, "Speed_MFD": 25.0}