{"Interferences": 3, "Mass": 3.8600945707977288, "Batt_amps_ratio_MFD": 1.01406443, "Batt_amps_ratio_MxSpd": 1.01406443, "Distance_MxSpd": 378.674164, "Max_Distance": 378.674164, "Hover_Time": 41.6241837, "Max_Speed": 10.0, "Max_uc_at_MFD": 0.991687655, "Mot_amps_ratio_MFD": 0.594923019, "Mot_amps_ratio_MxSpd": 0.594923019, "Mot_power_ratio_MFD": 0.223508, "Mot_power_ratio_MxSpd": 0.223508, "Power_MFD": 1084.99963, "Power_MxSpd": 1084.99963, "Speed_MFD": 10.0}