{"Interferences": 24, "Mass": 8.621058435054666, "Batt_amps_ratio_MFD": 1.20368481, "Batt_amps_ratio_MxSpd": 1.20368481, "Distance_MxSpd": 3349.71411, "Max_Distance": 3349.71411, "Hover_Time": 0.0, "Max_Speed": 14.0, "Max_uc_at_MFD": 0.74797374, "Mot_amps_ratio_MFD": 0.992310703, "Mot_amps_ratio_MxSpd": 0.992310703, "Mot_power_ratio_MFD": 0.961549103, "Mot_power_ratio_MxSpd": 0.961549103, "Power_MFD": 4035.08179, "Power_MxSpd": 4035.08179, "Speed_MFD": 14.0}