{"Interferences": 67, "Mass": 7.936157029093113, "Batt_amps_ratio_MFD": 0.136635199, "Batt_amps_ratio_MxSpd": 0.136635199, "Distance_MxSpd": 13489.9346, "Max_Distance": 13489.9346, "Hover_Time": 860.696106, "Max_Speed": 16.0, "Max_uc_at_MFD": 0.770303547, "Mot_amps_ratio_MFD": 0.948502004, "Mot_amps_ratio_MxSpd": 0.948502004, "Mot_power_ratio_MFD": 0.701891482, "Mot_power_ratio_MxSpd": 0.701891482, "Power_MFD": 1591.89771, "Power_MxSpd": 1591.89771, "Speed_MFD": 16.0}