{"Interferences": 16, "Mass": 11.50460338136106, "Batt_amps_ratio_MFD": 1.11300528, "Batt_amps_ratio_MxSpd": 1.11300528, "Distance_MxSpd": 3881.38306, "Max_Distance": 3881.38306, "Hover_Time": 101.265518, "Max_Speed": 45.0, "Max_uc_at_MFD": 0.699992836, "Mot_amps_ratio_MFD": 0.943933368, "Mot_amps_ratio_MxSpd": 0.943933368, "Mot_power_ratio_MFD": 0.404427201, "Mot_power_ratio_MxSpd": 0.404427201, "Power_MFD": 7352.55664, "Power_MxSpd": 7352.55664, "Speed_MFD": 45.0}