{"Interferences": 38, "Mass": 7.777172823817185, "Batt_amps_ratio_MFD": 3.16582894, "Batt_amps_ratio_MxSpd": 3.16582894, "Distance_MxSpd": 242.590485, "Max_Distance": 242.590485, "Hover_Time": 10.4620352, "Max_Speed": 20.0, "Max_uc_at_MFD": 0.836866081, "Mot_amps_ratio_MFD": 0.999794483, "Mot_amps_ratio_MxSpd": 0.999794483, "Mot_power_ratio_MFD": 0.528900206, "Mot_power_ratio_MxSpd": 0.528900206, "Power_MFD": 3697.26294, "Power_MxSpd": 3697.26294, "Speed_MFD": 20.0}