{"Interferences": 8, "Mass": 3.613819562443879, "Batt_amps_ratio_MFD": 0.505753279, "Batt_amps_ratio_MxSpd": 0.623897195, "Distance_MxSpd": 1538.71497, "Max_Distance": 1594.45325, "Hover_Time": 108.261955, "Max_Speed": 25.0, "Max_uc_at_MFD": 0.964866579, "Mot_amps_ratio_MFD": 0.494732052, "Mot_amps_ratio_MxSpd": 0.526315868, "Mot_power_ratio_MFD": 0.226121649, "Mot_power_ratio_MxSpd": 0.240557313, "Power_MFD": 788.908203, "Power_MxSpd": 1063.63977, "Speed_MFD": 21.0}