{"Interferences": 35, "Mass": 5.2768858374420855, "Batt_amps_ratio_MFD": 1.46475124, "Batt_amps_ratio_MxSpd": 1.46475124, "Distance_MxSpd": 707.833496, "Max_Distance": 707.833496, "Hover_Time": 0.0, "Max_Speed": 27.0, "Max_uc_at_MFD": 0.912847102, "Mot_amps_ratio_MFD": 0.61487174, "Mot_amps_ratio_MxSpd": 0.61487174, "Mot_power_ratio_MFD": 0.568756402, "Mot_power_ratio_MxSpd": 0.568756402, "Power_MFD": 1680.18823, "Power_MxSpd": 1680.18823, "Speed_MFD": 27.0}