{"Interferences": 16, "Mass": 4.22354926112514, "Batt_amps_ratio_MFD": 1.43090212, "Batt_amps_ratio_MxSpd": 1.8010875, "Distance_MxSpd": 682.254456, "Max_Distance": 751.414062, "Hover_Time": 41.8202362, "Max_Speed": 32.0, "Max_uc_at_MFD": 0.863019466, "Mot_amps_ratio_MFD": 0.574511945, "Mot_amps_ratio_MxSpd": 0.673943698, "Mot_power_ratio_MFD": 0.201446161, "Mot_power_ratio_MxSpd": 0.236505002, "Power_MFD": 1297.30957, "Power_MxSpd": 1936.22388, "Speed_MFD": 28.0}