{"Interferences": 0, "Mass": 3.251170290587478, "Batt_amps_ratio_MFD": 0.126583993, "Batt_amps_ratio_MxSpd": 0.126583993, "Distance_MxSpd": 3943.62671, "Max_Distance": 3943.62671, "Hover_Time": 332.043274, "Max_Speed": 13.0, "Max_uc_at_MFD": 1.0, "Mot_amps_ratio_MFD": 0.318220586, "Mot_amps_ratio_MxSpd": 0.318220586, "Mot_power_ratio_MFD": 0.117741615, "Mot_power_ratio_MxSpd": 0.117741615, "Power_MFD": 408.103851, "Power_MxSpd": 408.103851, "Speed_MFD": 13.0}