{"Interferences": 33, "Mass": 5.71659824529652, "Batt_amps_ratio_MFD": 2.48585725, "Batt_amps_ratio_MxSpd": 4.0194416, "Distance_MxSpd": 439.46402, "Max_Distance": 494.316376, "Hover_Time": 22.063036, "Max_Speed": 46.0, "Max_uc_at_MFD": 0.607319117, "Mot_amps_ratio_MFD": 0.638764501, "Mot_amps_ratio_MxSpd": 0.603460312, "Mot_power_ratio_MFD": 0.319347978, "Mot_power_ratio_MxSpd": 0.301697791, "Power_MFD": 2077.24707, "Power_MxSpd": 4446.06396, "Speed_MFD": 32.0}