{"Interferences": 56, "Mass": 6.109006922098059, "Batt_amps_ratio_MFD": 0.548394144, "Batt_amps_ratio_MxSpd": 0.548394144, "Distance_MxSpd": 4201.35742, "Max_Distance": 4201.35742, "Hover_Time": 222.244812, "Max_Speed": 28.0, "Max_uc_at_MFD": 0.70334506, "Mot_amps_ratio_MFD": 0.88466531, "Mot_amps_ratio_MxSpd": 0.88466531, "Mot_power_ratio_MFD": 0.654652357, "Mot_power_ratio_MxSpd": 0.654652357, "Power_MFD": 1521.71545, "Power_MxSpd": 1521.71545, "Speed_MFD": 28.0}