{"Interferences": 39, "Mass": 4.821524734832735, "Batt_amps_ratio_MFD": 0.423274994, "Batt_amps_ratio_MxSpd": 0.423274994, "Distance_MxSpd": 997.9328, "Max_Distance": 997.9328, "Hover_Time": 0.0, "Max_Speed": 11.0, "Max_uc_at_MFD": 0.994084895, "Mot_amps_ratio_MFD": 0.497548193, "Mot_amps_ratio_MxSpd": 0.497548193, "Mot_power_ratio_MFD": 0.245457113, "Mot_power_ratio_MxSpd": 0.245457113, "Power_MFD": 701.004883, "Power_MxSpd": 701.004883, "Speed_MFD": 11.0}