{"Interferences": 9, "Mass": 4.526659854968056, "Batt_amps_ratio_MFD": 0.277914494, "Batt_amps_ratio_MxSpd": 0.277914494, "Distance_MxSpd": 2418.01001, "Max_Distance": 2418.01001, "Hover_Time": 347.768097, "Max_Speed": 7.0, "Max_uc_at_MFD": 0.590261161, "Mot_amps_ratio_MFD": 0.998784542, "Mot_amps_ratio_MxSpd": 0.998784542, "Mot_power_ratio_MFD": 0.749246597, "Mot_power_ratio_MxSpd": 0.749246597, "Power_MFD": 1017.02069, "Power_MxSpd": 1017.02069, "Speed_MFD": 7.0}