{"Interferences": 11, "Mass": 6.715673151133151, "Batt_amps_ratio_MFD": 0.744038999, "Batt_amps_ratio_MxSpd": 0.744038999, "Distance_MxSpd": 11999.3711, "Max_Distance": 11999.3711, "Hover_Time": 0.0, "Max_Speed": 31.0, "Max_uc_at_MFD": 0.683029592, "Mot_amps_ratio_MFD": 0.969102979, "Mot_amps_ratio_MxSpd": 0.969102979, "Mot_power_ratio_MFD": 0.997416556, "Mot_power_ratio_MxSpd": 0.997416556, "Power_MFD": 2517.85669, "Power_MxSpd": 2517.85669, "Speed_MFD": 31.0}