{"Interferences": 17, "Mass": 4.055824250990264, "Batt_amps_ratio_MFD": 0.867608547, "Batt_amps_ratio_MxSpd": 1.38094735, "Distance_MxSpd": 806.402893, "Max_Distance": 929.451416, "Hover_Time": 49.995739, "Max_Speed": 29.0, "Max_uc_at_MFD": 0.913079023, "Mot_amps_ratio_MFD": 0.66670841, "Mot_amps_ratio_MxSpd": 0.764816701, "Mot_power_ratio_MFD": 0.333424598, "Mot_power_ratio_MxSpd": 0.443822563, "Power_MFD": 883.22644, "Power_MxSpd": 1724.03589, "Speed_MFD": 21.0}