{"Interferences": 78, "Mass": 3.441303176862869, "Batt_amps_ratio_MFD": 1.02286136, "Batt_amps_ratio_MxSpd": 1.21741819, "Distance_MxSpd": 946.264832, "Max_Distance": 976.085327, "Hover_Time": 58.0138474, "Max_Speed": 30.0, "Max_uc_at_MFD": 0.809571028, "Mot_amps_ratio_MFD": 0.628937066, "Mot_amps_ratio_MxSpd": 0.838550091, "Mot_power_ratio_MFD": 0.314534932, "Mot_power_ratio_MxSpd": 0.419363588, "Power_MFD": 866.727417, "Power_MxSpd": 1198.03796, "Speed_MFD": 26.0}