{"Interferences": 26, "Mass": 4.927941580577669, "Batt_amps_ratio_MFD": 0.287463784, "Batt_amps_ratio_MxSpd": 0.287463784, "Distance_MxSpd": 935.074341, "Max_Distance": 935.074341, "Hover_Time": 0.0, "Max_Speed": 7.0, "Max_uc_at_MFD": 0.906021655, "Mot_amps_ratio_MFD": 0.911843359, "Mot_amps_ratio_MxSpd": 0.911843359, "Mot_power_ratio_MFD": 0.456178516, "Mot_power_ratio_MxSpd": 0.456178516, "Power_MFD": 1093.33691, "Power_MxSpd": 1093.33691, "Speed_MFD": 7.0}