{"Interferences": 8, "Mass": 3.79853870744938, "Batt_amps_ratio_MFD": 0.86494714, "Batt_amps_ratio_MxSpd": 0.903372824, "Distance_MxSpd": 1020.17682, "Max_Distance": 1021.10284, "Hover_Time": 59.5112991, "Max_Speed": 24.0, "Max_uc_at_MFD": 0.991924584, "Mot_amps_ratio_MFD": 0.662897766, "Mot_amps_ratio_MxSpd": 0.638668537, "Mot_power_ratio_MFD": 0.327029586, "Mot_power_ratio_MxSpd": 0.31507647, "Power_MFD": 926.029785, "Power_MxSpd": 1004.10321, "Speed_MFD": 23.0}