{"Interferences": 9, "Mass": 4.305995310110149, "Batt_amps_ratio_MFD": 1.20454919, "Batt_amps_ratio_MxSpd": 1.20454919, "Distance_MxSpd": 860.736938, "Max_Distance": 860.736938, "Hover_Time": 0.0, "Max_Speed": 27.0, "Max_uc_at_MFD": 0.798580348, "Mot_amps_ratio_MFD": 0.990753651, "Mot_amps_ratio_MxSpd": 0.990753651, "Mot_power_ratio_MFD": 0.905665398, "Mot_power_ratio_MxSpd": 0.905665398, "Power_MFD": 1681.13684, "Power_MxSpd": 1681.13684, "Speed_MFD": 27.0}