{"Interferences": 48, "Mass": 8.135729535319069, "Batt_amps_ratio_MFD": 0.741082311, "Batt_amps_ratio_MxSpd": 1.1121316, "Distance_MxSpd": 6042.4502, "Max_Distance": 6477.01318, "Hover_Time": 324.765839, "Max_Speed": 35.0, "Max_uc_at_MFD": 0.744722188, "Mot_amps_ratio_MFD": 0.78846395, "Mot_amps_ratio_MxSpd": 0.91436702, "Mot_power_ratio_MFD": 0.411856472, "Mot_power_ratio_MxSpd": 0.47762233, "Power_MFD": 1842.49219, "Power_MxSpd": 3667.38965, "Speed_MFD": 25.0}