{"Interferences": 0, "Mass": 14.993228860002882, "Batt_amps_ratio_MFD": 0.637023807, "Batt_amps_ratio_MxSpd": 0.637023807, "Distance_MxSpd": 14467.2773, "Max_Distance": 14467.2773, "Hover_Time": 559.645691, "Max_Speed": 32.0, "Max_uc_at_MFD": 0.959703743, "Mot_amps_ratio_MFD": 0.274994165, "Mot_amps_ratio_MxSpd": 0.274994165, "Mot_power_ratio_MFD": 0.121005289, "Mot_power_ratio_MxSpd": 0.121005289, "Power_MFD": 4201.45312, "Power_MxSpd": 4201.45312, "Speed_MFD": 32.0}