{"Interferences": 12, "Mass": 8.151549839455914, "Batt_amps_ratio_MFD": 0.587449849, "Batt_amps_ratio_MxSpd": 0.587449849, "Distance_MxSpd": 10131.9287, "Max_Distance": 10131.9287, "Hover_Time": 457.89032, "Max_Speed": 31.0, "Max_uc_at_MFD": 0.784392238, "Mot_amps_ratio_MFD": 0.928733408, "Mot_amps_ratio_MxSpd": 0.928733408, "Mot_power_ratio_MFD": 0.705837369, "Mot_power_ratio_MxSpd": 0.705837369, "Power_MFD": 2300.50659, "Power_MxSpd": 2300.50659, "Speed_MFD": 31.0}