{"Interferences": 49, "Mass": 10.476961384241536, "Batt_amps_ratio_MFD": 2.32734251, "Batt_amps_ratio_MxSpd": 2.32734251, "Distance_MxSpd": 7177.28467, "Max_Distance": 7177.28467, "Hover_Time": 0.0, "Max_Speed": 29.0, "Max_uc_at_MFD": 0.787801802, "Mot_amps_ratio_MFD": 0.925651968, "Mot_amps_ratio_MxSpd": 0.925651968, "Mot_power_ratio_MFD": 0.803210258, "Mot_power_ratio_MxSpd": 0.803210258, "Power_MFD": 2836.95947, "Power_MxSpd": 2836.95947, "Speed_MFD": 29.0}