{"Interferences": 50, "Mass": 3.7636101495322367, "Batt_amps_ratio_MFD": 0.609765351, "Batt_amps_ratio_MxSpd": 0.895245731, "Distance_MxSpd": 1201.01099, "Max_Distance": 1322.47595, "Hover_Time": 88.4017868, "Max_Speed": 28.0, "Max_uc_at_MFD": 0.883899152, "Mot_amps_ratio_MFD": 0.652403176, "Mot_amps_ratio_MxSpd": 0.653049052, "Mot_power_ratio_MFD": 0.326270491, "Mot_power_ratio_MxSpd": 0.326593488, "Power_MFD": 763.726013, "Power_MxSpd": 1336.08691, "Speed_MFD": 21.0}