{"Interferences": 32, "Mass": 8.150903822002208, "Batt_amps_ratio_MFD": 0.486800104, "Batt_amps_ratio_MxSpd": 0.486800104, "Distance_MxSpd": 3549.71167, "Max_Distance": 3549.71167, "Hover_Time": 397.766235, "Max_Speed": 9.0, "Max_uc_at_MFD": 0.997642517, "Mot_amps_ratio_MFD": 0.267199755, "Mot_amps_ratio_MxSpd": 0.267199755, "Mot_power_ratio_MFD": 0.0763209611, "Mot_power_ratio_MxSpd": 0.0763209611, "Power_MFD": 1526.81299, "Power_MxSpd": 1526.81299, "Speed_MFD": 9.0}