{"Interferences": 14, "Mass": 4.880758292027467, "Batt_amps_ratio_MFD": 0.649265826, "Batt_amps_ratio_MxSpd": 0.897837043, "Distance_MxSpd": 1496.93091, "Max_Distance": 1715.16809, "Hover_Time": 96.9268494, "Max_Speed": 35.0, "Max_uc_at_MFD": 0.66283685, "Mot_amps_ratio_MFD": 0.991345048, "Mot_amps_ratio_MxSpd": 0.957122564, "Mot_power_ratio_MFD": 0.992354453, "Mot_power_ratio_MxSpd": 0.958097041, "Power_MFD": 1886.37036, "Power_MxSpd": 2783.19775, "Speed_MFD": 29.0}