{"Interferences": 6, "Mass": 4.568221076943623, "Batt_amps_ratio_MFD": 1.05326152, "Batt_amps_ratio_MxSpd": 2.75046349, "Distance_MxSpd": 223.380524, "Max_Distance": 255.207275, "Hover_Time": 32.038147, "Max_Speed": 16.0, "Max_uc_at_MFD": 0.640633583, "Mot_amps_ratio_MFD": 0.309404284, "Mot_amps_ratio_MxSpd": 0.805282414, "Mot_power_ratio_MFD": 0.180002108, "Mot_power_ratio_MxSpd": 0.540301859, "Power_MFD": 968.500977, "Power_MxSpd": 3552.45532, "Speed_MFD": 7.0}