{"Interferences": 77, "Mass": 6.117665870756628, "Batt_amps_ratio_MFD": 0.94129771, "Batt_amps_ratio_MxSpd": 1.19984496, "Distance_MxSpd": 2400.31006, "Max_Distance": 2709.93677, "Hover_Time": 105.873863, "Max_Speed": 35.0, "Max_uc_at_MFD": 0.740394592, "Mot_amps_ratio_MFD": 0.512111902, "Mot_amps_ratio_MxSpd": 0.814388275, "Mot_power_ratio_MFD": 0.381803602, "Mot_power_ratio_MxSpd": 0.607164919, "Power_MFD": 2853.26489, "Power_MxSpd": 3864.80542, "Speed_MFD": 31.0}