{"Interferences": 14, "Mass": 3.612130525938672, "Batt_amps_ratio_MFD": 0.640476763, "Batt_amps_ratio_MxSpd": 0.640476763, "Distance_MxSpd": 1259.06201, "Max_Distance": 1259.06201, "Hover_Time": 79.1698608, "Max_Speed": 21.0, "Max_uc_at_MFD": 0.915726483, "Mot_amps_ratio_MFD": 0.410825491, "Mot_amps_ratio_MxSpd": 0.410825491, "Mot_power_ratio_MFD": 0.382465273, "Mot_power_ratio_MxSpd": 0.382465273, "Power_MFD": 1026.60303, "Power_MxSpd": 1026.60303, "Speed_MFD": 21.0}