{"Interferences": 3, "Mass": 3.4897382934961705, "Batt_amps_ratio_MFD": 0.812775314, "Batt_amps_ratio_MxSpd": 0.812775314, "Distance_MxSpd": 992.156128, "Max_Distance": 992.156128, "Hover_Time": 68.9665375, "Max_Speed": 21.0, "Max_uc_at_MFD": 0.999999821, "Mot_amps_ratio_MFD": 0.384899527, "Mot_amps_ratio_MxSpd": 0.384899527, "Mot_power_ratio_MFD": 0.178805187, "Mot_power_ratio_MxSpd": 0.178805187, "Power_MFD": 721.936646, "Power_MxSpd": 721.936646, "Speed_MFD": 21.0}