{"Interferences": 8, "Mass": 5.9484185982346105, "Batt_amps_ratio_MFD": 0.527403235, "Batt_amps_ratio_MxSpd": 0.676976264, "Distance_MxSpd": 1871.85303, "Max_Distance": 1965.85815, "Hover_Time": 96.3632736, "Max_Speed": 33.0, "Max_uc_at_MFD": 0.805073082, "Mot_amps_ratio_MFD": 0.591238201, "Mot_amps_ratio_MxSpd": 0.78786093, "Mot_power_ratio_MFD": 0.394999027, "Mot_power_ratio_MxSpd": 0.526360273, "Power_MFD": 1702.24402, "Power_MxSpd": 2622.63501, "Speed_MFD": 27.0}