{"Interferences": 34, "Mass": 8.288524170547351, "Batt_amps_ratio_MFD": 3.15322137, "Batt_amps_ratio_MxSpd": 3.15322137, "Distance_MxSpd": 3288.06616, "Max_Distance": 3288.06616, "Hover_Time": 0.0, "Max_Speed": 18.0, "Max_uc_at_MFD": 0.997729599, "Mot_amps_ratio_MFD": 0.977440238, "Mot_amps_ratio_MxSpd": 0.977440238, "Mot_power_ratio_MFD": 0.86796689, "Mot_power_ratio_MxSpd": 0.86796689, "Power_MFD": 4689.81494, "Power_MxSpd": 4689.81494, "Speed_MFD": 18.0}