{"Interferences": 7, "Mass": 4.057641216262339, "Batt_amps_ratio_MFD": 1.64860308, "Batt_amps_ratio_MxSpd": 1.64860308, "Distance_MxSpd": 93.1697922, "Max_Distance": 93.1697922, "Hover_Time": 0.0, "Max_Speed": 4.0, "Max_uc_at_MFD": 0.943209589, "Mot_amps_ratio_MFD": 0.70872426, "Mot_amps_ratio_MxSpd": 0.70872426, "Mot_power_ratio_MFD": 0.352258265, "Mot_power_ratio_MxSpd": 0.352258265, "Power_MFD": 2022.69312, "Power_MxSpd": 2022.69312, "Speed_MFD": 4.0}