{"Interferences": 31, "Mass": 8.990351955069123, "Batt_amps_ratio_MFD": 1.79213977, "Batt_amps_ratio_MxSpd": 1.79213977, "Distance_MxSpd": 107.134499, "Max_Distance": 107.134499, "Hover_Time": 0.0, "Max_Speed": 5.0, "Max_uc_at_MFD": 0.993108094, "Mot_amps_ratio_MFD": 0.843072474, "Mot_amps_ratio_MxSpd": 0.843072474, "Mot_power_ratio_MFD": 0.397719443, "Mot_power_ratio_MxSpd": 0.397719443, "Power_MFD": 2602.1189, "Power_MxSpd": 2602.1189, "Speed_MFD": 5.0}