{"Interferences": 19, "Mass": 6.57703126528323, "Batt_amps_ratio_MFD": 0.899081171, "Batt_amps_ratio_MxSpd": 0.899081171, "Distance_MxSpd": 939.625977, "Max_Distance": 939.625977, "Hover_Time": 51.9777489, "Max_Speed": 22.0, "Max_uc_at_MFD": 0.999792099, "Mot_amps_ratio_MFD": 0.648680985, "Mot_amps_ratio_MxSpd": 0.648680985, "Mot_power_ratio_MFD": 0.324340492, "Mot_power_ratio_MxSpd": 0.324340492, "Power_MFD": 1966.76794, "Power_MxSpd": 1966.76794, "Speed_MFD": 22.0}