{"Interferences": 2, "Mass": 2.6524437173368125, "Batt_amps_ratio_MFD": 0.511803687, "Batt_amps_ratio_MxSpd": 0.511803687, "Distance_MxSpd": 1200.46021, "Max_Distance": 1200.46021, "Hover_Time": 89.8203888, "Max_Speed": 16.0, "Max_uc_at_MFD": 0.999972701, "Mot_amps_ratio_MFD": 0.276776642, "Mot_amps_ratio_MxSpd": 0.276776642, "Mot_power_ratio_MFD": 0.126503214, "Mot_power_ratio_MxSpd": 0.126503214, "Power_MFD": 411.497742, "Power_MxSpd": 411.497742, "Speed_MFD": 16.0}