{"Interferences": 2, "Mass": 4.621018557072631, "Batt_amps_ratio_MFD": 0.786090374, "Batt_amps_ratio_MxSpd": 0.915085793, "Distance_MxSpd": 1007.11865, "Max_Distance": 1025.83618, "Hover_Time": 60.9999619, "Max_Speed": 24.0, "Max_uc_at_MFD": 0.882069409, "Mot_amps_ratio_MFD": 0.426938951, "Mot_amps_ratio_MxSpd": 0.479614794, "Mot_power_ratio_MFD": 0.213469476, "Mot_power_ratio_MxSpd": 0.239807397, "Power_MFD": 961.818298, "Power_MxSpd": 1228.02869, "Speed_MFD": 21.0}