{"Interferences": 33, "Mass": 9.145132743856934, "Batt_amps_ratio_MFD": 1.56191552, "Batt_amps_ratio_MxSpd": 1.56191552, "Distance_MxSpd": 3933.63135, "Max_Distance": 3933.63135, "Hover_Time": 0.0, "Max_Speed": 32.0, "Max_uc_at_MFD": 0.997659087, "Mot_amps_ratio_MFD": 0.815021038, "Mot_amps_ratio_MxSpd": 0.815021038, "Mot_power_ratio_MFD": 0.32430771, "Mot_power_ratio_MxSpd": 0.32430771, "Power_MFD": 4884.47949, "Power_MxSpd": 4884.47949, "Speed_MFD": 32.0}