{"Interferences": 2, "Mass": 6.573485793803225, "Batt_amps_ratio_MFD": 0.751655579, "Batt_amps_ratio_MxSpd": 0.751655579, "Distance_MxSpd": 613.046692, "Max_Distance": 613.046692, "Hover_Time": 61.0616684, "Max_Speed": 12.0, "Max_uc_at_MFD": 0.939779222, "Mot_amps_ratio_MFD": 0.899802506, "Mot_amps_ratio_MxSpd": 0.899802506, "Mot_power_ratio_MFD": 0.450731844, "Mot_power_ratio_MxSpd": 0.450731844, "Power_MFD": 1622.03076, "Power_MxSpd": 1622.03076, "Speed_MFD": 12.0}