{"Interferences": 60, "Mass": 2.825059000516911, "Batt_amps_ratio_MFD": 0.342652738, "Batt_amps_ratio_MxSpd": 0.342652738, "Distance_MxSpd": 224.133636, "Max_Distance": 224.133636, "Hover_Time": 112.090141, "Max_Speed": 2.0, "Max_uc_at_MFD": 0.992815793, "Mot_amps_ratio_MFD": 0.560182512, "Mot_amps_ratio_MxSpd": 0.560182512, "Mot_power_ratio_MFD": 0.219459727, "Mot_power_ratio_MxSpd": 0.219459727, "Power_MFD": 389.357697, "Power_MxSpd": 389.357697, "Speed_MFD": 2.0}