{"Interferences": 81, "Mass": 7.77787261446443, "Batt_amps_ratio_MFD": 0.60273093, "Batt_amps_ratio_MxSpd": 0.60273093, "Distance_MxSpd": 13856.9287, "Max_Distance": 13856.9287, "Hover_Time": 559.176819, "Max_Speed": 29.0, "Max_uc_at_MFD": 0.999790788, "Mot_amps_ratio_MFD": 0.632099986, "Mot_amps_ratio_MxSpd": 0.632099986, "Mot_power_ratio_MFD": 0.604369164, "Mot_power_ratio_MxSpd": 0.604369164, "Power_MFD": 3072.50317, "Power_MxSpd": 3072.50317, "Speed_MFD": 29.0}