{"Interferences": 9, "Mass": 4.650351828420105, "Batt_amps_ratio_MFD": 1.35265529, "Batt_amps_ratio_MxSpd": 3.75171971, "Distance_MxSpd": 470.824097, "Max_Distance": 681.326538, "Hover_Time": 40.9485283, "Max_Speed": 46.0, "Max_uc_at_MFD": 0.654503047, "Mot_amps_ratio_MFD": 0.505773187, "Mot_amps_ratio_MxSpd": 0.735927463, "Mot_power_ratio_MFD": 0.506851375, "Mot_power_ratio_MxSpd": 0.737496197, "Power_MFD": 1273.6228, "Power_MxSpd": 5963.99854, "Speed_MFD": 24.0}