{"Interferences": 27, "Mass": 2.6909664671348765, "Batt_amps_ratio_MFD": 1.64670765, "Batt_amps_ratio_MxSpd": 2.2286396, "Distance_MxSpd": 551.367737, "Max_Distance": 606.300659, "Hover_Time": 33.4952164, "Max_Speed": 32.0, "Max_uc_at_MFD": 0.785033882, "Mot_amps_ratio_MFD": 0.714920104, "Mot_amps_ratio_MxSpd": 0.980422914, "Mot_power_ratio_MFD": 0.555492938, "Mot_power_ratio_MxSpd": 0.761788607, "Power_MFD": 1178.8363, "Power_MxSpd": 1774.58521, "Speed_MFD": 26.0}