{"Interferences": 51, "Mass": 4.842324715529816, "Batt_amps_ratio_MFD": 0.294202596, "Batt_amps_ratio_MxSpd": 0.363321096, "Distance_MxSpd": 8561.02246, "Max_Distance": 8614.47168, "Hover_Time": 487.843903, "Max_Speed": 27.0, "Max_uc_at_MFD": 0.989473641, "Mot_amps_ratio_MFD": 0.512586594, "Mot_amps_ratio_MxSpd": 0.438089013, "Mot_power_ratio_MFD": 0.468564451, "Mot_power_ratio_MxSpd": 0.400464922, "Power_MFD": 1080.66309, "Power_MxSpd": 1433.05396, "Speed_MFD": 22.0}