{"Interferences": 17, "Mass": 5.128235984638574, "Batt_amps_ratio_MFD": 0.305524945, "Batt_amps_ratio_MxSpd": 0.305524945, "Distance_MxSpd": 3644.87402, "Max_Distance": 3644.87402, "Hover_Time": 0.0, "Max_Speed": 29.0, "Max_uc_at_MFD": 0.992329061, "Mot_amps_ratio_MFD": 0.989899874, "Mot_amps_ratio_MxSpd": 0.989899874, "Mot_power_ratio_MFD": 0.743795574, "Mot_power_ratio_MxSpd": 0.743795574, "Power_MFD": 2124.98853, "Power_MxSpd": 2124.98853, "Speed_MFD": 29.0}