{"Interferences": 9, "Mass": 4.660545073463412, "Batt_amps_ratio_MFD": 0.710733175, "Batt_amps_ratio_MxSpd": 1.23657, "Distance_MxSpd": 1024.77014, "Max_Distance": 1242.66052, "Hover_Time": 75.4979172, "Max_Speed": 33.0, "Max_uc_at_MFD": 0.653666854, "Mot_amps_ratio_MFD": 0.532708526, "Mot_amps_ratio_MxSpd": 0.918495655, "Mot_power_ratio_MFD": 0.355500609, "Mot_power_ratio_MxSpd": 0.612953901, "Power_MFD": 1016.2027, "Power_MxSpd": 2682.0791, "Speed_MFD": 23.0}