{"Interferences": 12, "Mass": 4.840726969061132, "Batt_amps_ratio_MFD": 1.01826203, "Batt_amps_ratio_MxSpd": 1.01826203, "Distance_MxSpd": 791.937561, "Max_Distance": 791.937561, "Hover_Time": 46.9413261, "Max_Speed": 21.0, "Max_uc_at_MFD": 0.976854444, "Mot_amps_ratio_MFD": 0.692142189, "Mot_amps_ratio_MxSpd": 0.692142189, "Mot_power_ratio_MFD": 0.399484307, "Mot_power_ratio_MxSpd": 0.399484307, "Power_MFD": 1295.55286, "Power_MxSpd": 1295.55286, "Speed_MFD": 21.0}