{"Interferences": 54, "Mass": 6.690094634519418, "Batt_amps_ratio_MFD": 5.1093955, "Batt_amps_ratio_MxSpd": 5.1093955, "Distance_MxSpd": 225.46698, "Max_Distance": 225.46698, "Hover_Time": 10.8632212, "Max_Speed": 30.0, "Max_uc_at_MFD": 0.688892245, "Mot_amps_ratio_MFD": 0.942499518, "Mot_amps_ratio_MxSpd": 0.942499518, "Mot_power_ratio_MFD": 0.707272887, "Mot_power_ratio_MxSpd": 0.707272887, "Power_MFD": 5105.23682, "Power_MxSpd": 5105.23682, "Speed_MFD": 30.0}