{"Interferences": 17, "Mass": 8.420021877830614, "Batt_amps_ratio_MFD": 2.02015018, "Batt_amps_ratio_MxSpd": 2.02015018, "Distance_MxSpd": 228.101868, "Max_Distance": 228.101868, "Hover_Time": 19.2831059, "Max_Speed": 12.0, "Max_uc_at_MFD": 0.99999845, "Mot_amps_ratio_MFD": 0.654056132, "Mot_amps_ratio_MxSpd": 0.654056132, "Mot_power_ratio_MFD": 0.245322838, "Mot_power_ratio_MxSpd": 0.245322838, "Power_MFD": 1353.4657, "Power_MxSpd": 1353.4657, "Speed_MFD": 12.0}