{"Interferences": 21, "Mass": 7.229025209967042, "Batt_amps_ratio_MFD": 0.368426293, "Batt_amps_ratio_MxSpd": 0.368426293, "Distance_MxSpd": 10422.709, "Max_Distance": 10422.709, "Hover_Time": 609.736938, "Max_Speed": 20.0, "Max_uc_at_MFD": 0.999096513, "Mot_amps_ratio_MFD": 0.351376027, "Mot_amps_ratio_MxSpd": 0.351376027, "Mot_power_ratio_MFD": 0.175688013, "Mot_power_ratio_MxSpd": 0.175688013, "Power_MFD": 1234.36218, "Power_MxSpd": 1234.36218, "Speed_MFD": 20.0}