{"Interferences": 4, "Mass": 5.115183443915018, "Batt_amps_ratio_MFD": 1.67950726, "Batt_amps_ratio_MxSpd": 1.67950726, "Distance_MxSpd": 388.685425, "Max_Distance": 388.685425, "Hover_Time": 0.0, "Max_Speed": 17.0, "Max_uc_at_MFD": 0.959061146, "Mot_amps_ratio_MFD": 0.99207449, "Mot_amps_ratio_MxSpd": 0.99207449, "Mot_power_ratio_MFD": 0.493092239, "Mot_power_ratio_MxSpd": 0.493092239, "Power_MFD": 3007.66016, "Power_MxSpd": 3007.66016, "Speed_MFD": 17.0}