{"Interferences": 56, "Mass": 8.695196232083873, "Batt_amps_ratio_MFD": 1.00945735, "Batt_amps_ratio_MxSpd": 1.15401173, "Distance_MxSpd": 5989.54053, "Max_Distance": 6276.63916, "Hover_Time": 259.800568, "Max_Speed": 36.0, "Max_uc_at_MFD": 0.899678886, "Mot_amps_ratio_MFD": 0.945557594, "Mot_amps_ratio_MxSpd": 0.969523907, "Mot_power_ratio_MFD": 0.493914813, "Mot_power_ratio_MxSpd": 0.506433666, "Power_MFD": 3048.30298, "Power_MxSpd": 3814.54175, "Speed_MFD": 33.0}