{"Interferences": 39, "Mass": 6.576266936640088, "Batt_amps_ratio_MFD": 0.692877173, "Batt_amps_ratio_MxSpd": 0.828228712, "Distance_MxSpd": 7881.88086, "Max_Distance": 8313.16113, "Hover_Time": 451.34906, "Max_Speed": 34.0, "Max_uc_at_MFD": 0.647085249, "Mot_amps_ratio_MFD": 0.795402706, "Mot_amps_ratio_MxSpd": 0.945815861, "Mot_power_ratio_MFD": 0.75563252, "Mot_power_ratio_MxSpd": 0.898525059, "Power_MFD": 2246.62622, "Power_MxSpd": 2834.5791, "Speed_MFD": 30.0}