{"Interferences": 2, "Mass": 3.2494888959009267, "Batt_amps_ratio_MFD": 0.968229115, "Batt_amps_ratio_MxSpd": 1.08271611, "Distance_MxSpd": 1134.92358, "Max_Distance": 1150.14099, "Hover_Time": 0.0, "Max_Speed": 32.0, "Max_uc_at_MFD": 0.892050266, "Mot_amps_ratio_MFD": 0.855544209, "Mot_amps_ratio_MxSpd": 0.976572335, "Mot_power_ratio_MFD": 0.642114818, "Mot_power_ratio_MxSpd": 0.732950568, "Power_MFD": 1325.53894, "Power_MxSpd": 1657.47058, "Speed_MFD": 29.0}