{"Interferences": 56, "Mass": 10.008172179047344, "Batt_amps_ratio_MFD": 0.236942679, "Batt_amps_ratio_MxSpd": 0.236942679, "Distance_MxSpd": 2917.16113, "Max_Distance": 2917.16113, "Hover_Time": 0.0, "Max_Speed": 6.0, "Max_uc_at_MFD": 0.661946416, "Mot_amps_ratio_MFD": 0.988618076, "Mot_amps_ratio_MxSpd": 0.988618076, "Mot_power_ratio_MFD": 0.751349747, "Mot_power_ratio_MxSpd": 0.751349747, "Power_MFD": 1941.64954, "Power_MxSpd": 1941.64954, "Speed_MFD": 6.0}