{"Interferences": 57, "Mass": 8.68941662483707, "Batt_amps_ratio_MFD": 0.486722618, "Batt_amps_ratio_MxSpd": 0.486722618, "Distance_MxSpd": 1577.90088, "Max_Distance": 1577.90088, "Hover_Time": 82.5521393, "Max_Speed": 20.0, "Max_uc_at_MFD": 0.999999404, "Mot_amps_ratio_MFD": 0.323358178, "Mot_amps_ratio_MxSpd": 0.323358178, "Mot_power_ratio_MFD": 0.0692712292, "Mot_power_ratio_MxSpd": 0.0692712292, "Power_MFD": 2288.79419, "Power_MxSpd": 2288.79419, "Speed_MFD": 20.0}