{"Interferences": 83, "Mass": 7.626942248575744, "Batt_amps_ratio_MFD": 0.475743145, "Batt_amps_ratio_MxSpd": 0.475743145, "Distance_MxSpd": 6255.47656, "Max_Distance": 6255.47656, "Hover_Time": 292.310913, "Max_Speed": 31.0, "Max_uc_at_MFD": 0.675659657, "Mot_amps_ratio_MFD": 0.844935715, "Mot_amps_ratio_MxSpd": 0.844935715, "Mot_power_ratio_MFD": 0.781565547, "Mot_power_ratio_MxSpd": 0.781565547, "Power_MFD": 2157.72119, "Power_MxSpd": 2157.72119, "Speed_MFD": 31.0}