{
  "generator_version":"UAV2_gen12",
  "name":"design_38100_c68993a1fb8c470db484f4bac0594608_dw_dl",
  "hub":{
    "node_type":"ConnectedHub6_2_2_2",
    "frontSegment":{
      "node_type":"PropArm",
      "armLength":174.37061281600893,
      "motor":{
        "motorType":"kde_direct_KDE4213XF_360"
      },
      "prop":{
        "propType":"apc_propellers_15x4W"
      },
      "flange":{
        "offset":-12.934525421372243,
        "angle":207.96685521296482
      }
    },
    "middleSegment":{
      "node_type":"AngledWingArm",
      "arm1Length":205.42884100188354,
      "arm2Length":181.2339912583259,
      "wing":{
        "wingType":"Wing_vert_hole",
        "nacaProfile":"2412",
        "span":756.7697173018989,
        "chordInner":356.6676064259485,
        "chordOuter":106.86576085770596,
        "taperOffset":true,
        "aileronBias":0.7128305656825444,
        "flapBias":0.12028550544317872,
        "load":145.2808108856741,
        "tubeOffset":10.962087729033634,
        "tubeRot":270.0
      },
      "servo":{
        "servoType":"Hitec_HS_5496MH"
      }
    },
    "rearSegment":{
      "node_type":"PropArm",
      "armLength":250.320459245531,
      "motor":{
        "motorType":"kde_direct_KDE600XF_1100_G3"
      },
      "prop":{
        "propType":"apc_propellers_9_3x3"
      },
      "flange":{
        "offset":-1.239569642995086,
        "angle":0.0
      }
    }
  },
  "fuselageWithComponents":{
    "node_type":"DualBatteryFuselageWithComponents",
    "battery":{
      "batteryType":"Tattu25C10000mAh4S1P"
    },
    "fuselage":{
      "length":339.0,
      "vertDiameter":97.5,
      "horzDiameter":344.4,
      "floorHeight":16.25,
      "battery1X":-84.75,
      "battery1Y":6.0,
      "battery2X":85.75,
      "battery2Y":6.0,
      "rpmX":0.0,
      "rpmY":-104.8,
      "autoPilotX":0.0,
      "autoPilotY":48.5,
      "currentX":0.0,
      "currentY":-84.65,
      "voltageX":0.0,
      "voltageY":102.3,
      "gpsX":0.0,
      "gpsY":-44.5,
      "varioX":0.0,
      "varioY":80.65
    }
  }
}