{"Interferences": 2, "Mass": 4.518212174649944, "Batt_amps_ratio_MFD": 0.510121405, "Batt_amps_ratio_MxSpd": 0.573887289, "Distance_MxSpd": 1538.97815, "Max_Distance": 1656.07642, "Hover_Time": 0.0, "Max_Speed": 23.0, "Max_uc_at_MFD": 0.786460459, "Mot_amps_ratio_MFD": 0.840866208, "Mot_amps_ratio_MxSpd": 0.952125072, "Mot_power_ratio_MFD": 0.631004989, "Mot_power_ratio_MxSpd": 0.714496136, "Power_MFD": 1636.00134, "Power_MxSpd": 1967.95935, "Speed_MFD": 22.0}