{"Interferences": 2, "Mass": 6.016828061723258, "Batt_amps_ratio_MFD": 0.393859923, "Batt_amps_ratio_MxSpd": 0.393859923, "Distance_MxSpd": 2729.90454, "Max_Distance": 2729.90454, "Hover_Time": 119.872551, "Max_Speed": 28.0, "Max_uc_at_MFD": 0.999017715, "Mot_amps_ratio_MFD": 0.634140432, "Mot_amps_ratio_MxSpd": 0.634140432, "Mot_power_ratio_MFD": 0.414056391, "Mot_power_ratio_MxSpd": 0.414056391, "Power_MFD": 2226.64819, "Power_MxSpd": 2226.64819, "Speed_MFD": 28.0}