{"Interferences": 8, "Mass": 9.261766404380774, "Batt_amps_ratio_MFD": 2.24855375, "Batt_amps_ratio_MxSpd": 2.24855375, "Distance_MxSpd": 10502.75, "Max_Distance": 10502.75, "Hover_Time": 0.0, "Max_Speed": 41.0, "Max_uc_at_MFD": 0.969417512, "Mot_amps_ratio_MFD": 0.473076254, "Mot_amps_ratio_MxSpd": 0.473076254, "Mot_power_ratio_MFD": 0.202688992, "Mot_power_ratio_MxSpd": 0.202688992, "Power_MFD": 4545.10205, "Power_MxSpd": 4545.10205, "Speed_MFD": 41.0}