{"Interferences": 2, "Mass": 3.658817974264661, "Batt_amps_ratio_MFD": 0.744757652, "Batt_amps_ratio_MxSpd": 0.744757652, "Distance_MxSpd": 206.241577, "Max_Distance": 206.241577, "Hover_Time": 51.638813, "Max_Speed": 4.0, "Max_uc_at_MFD": 0.460170925, "Mot_amps_ratio_MFD": 0.578863978, "Mot_amps_ratio_MxSpd": 0.578863978, "Mot_power_ratio_MFD": 0.434949458, "Mot_power_ratio_MxSpd": 0.434949458, "Power_MFD": 547.320984, "Power_MxSpd": 547.320984, "Speed_MFD": 4.0}