{"Interferences": 12, "Mass": 2.922841741232005, "Batt_amps_ratio_MFD": 0.514217257, "Batt_amps_ratio_MxSpd": 0.514217257, "Distance_MxSpd": 821.442749, "Max_Distance": 821.442749, "Hover_Time": 74.812973, "Max_Speed": 11.0, "Max_uc_at_MFD": 0.986478567, "Mot_amps_ratio_MFD": 0.299848795, "Mot_amps_ratio_MxSpd": 0.299848795, "Mot_power_ratio_MFD": 0.110944055, "Mot_power_ratio_MxSpd": 0.110944055, "Power_MFD": 380.276123, "Power_MxSpd": 380.276123, "Speed_MFD": 11.0}