{"Interferences": 13, "Mass": 3.807608002218373, "Batt_amps_ratio_MFD": 1.06867599, "Batt_amps_ratio_MxSpd": 1.06867599, "Distance_MxSpd": 790.510925, "Max_Distance": 790.510925, "Hover_Time": 53.2106552, "Max_Speed": 22.0, "Max_uc_at_MFD": 0.99997735, "Mot_amps_ratio_MFD": 0.378097236, "Mot_amps_ratio_MxSpd": 0.378097236, "Mot_power_ratio_MFD": 0.139895976, "Mot_power_ratio_MxSpd": 0.139895976, "Power_MFD": 840.342651, "Power_MxSpd": 840.342651, "Speed_MFD": 22.0}