{"Interferences": 42, "Mass": 2.7252587241820403, "Batt_amps_ratio_MFD": 0.448669702, "Batt_amps_ratio_MxSpd": 0.448669702, "Distance_MxSpd": 1968.48596, "Max_Distance": 1968.48596, "Hover_Time": 0.0, "Max_Speed": 23.0, "Max_uc_at_MFD": 0.985049307, "Mot_amps_ratio_MFD": 0.425310045, "Mot_amps_ratio_MxSpd": 0.425310045, "Mot_power_ratio_MFD": 0.393411785, "Mot_power_ratio_MxSpd": 0.393411785, "Power_MFD": 750.230286, "Power_MxSpd": 750.230286, "Speed_MFD": 23.0}