{"Interferences": 7, "Mass": 2.877585883203404, "Batt_amps_ratio_MFD": 0.596907854, "Batt_amps_ratio_MxSpd": 0.782628894, "Distance_MxSpd": 1422.89661, "Max_Distance": 1479.62537, "Hover_Time": 101.722397, "Max_Speed": 29.0, "Max_uc_at_MFD": 0.739029288, "Mot_amps_ratio_MFD": 0.383234292, "Mot_amps_ratio_MxSpd": 0.494885087, "Mot_power_ratio_MFD": 0.189413786, "Mot_power_ratio_MxSpd": 0.264433712, "Power_MFD": 703.782715, "Power_MxSpd": 1204.29614, "Speed_MFD": 23.0}