{"Interferences": 1, "Mass": 6.689827080399955, "Batt_amps_ratio_MFD": 1.22390282, "Batt_amps_ratio_MxSpd": 1.58496308, "Distance_MxSpd": 2076.65942, "Max_Distance": 2218.66357, "Hover_Time": 93.9289093, "Max_Speed": 40.0, "Max_uc_at_MFD": 0.618693233, "Mot_amps_ratio_MFD": 0.440889955, "Mot_amps_ratio_MxSpd": 0.563684225, "Mot_power_ratio_MFD": 0.328704268, "Mot_power_ratio_MxSpd": 0.420253217, "Power_MFD": 3268.31787, "Power_MxSpd": 4986.90527, "Speed_MFD": 33.0}