{"Interferences": 2, "Mass": 2.3543028359617653, "Batt_amps_ratio_MFD": 0.390430242, "Batt_amps_ratio_MxSpd": 0.481485367, "Distance_MxSpd": 1914.0769, "Max_Distance": 1967.06067, "Hover_Time": 143.768021, "Max_Speed": 24.0, "Max_uc_at_MFD": 0.901645124, "Mot_amps_ratio_MFD": 0.692626059, "Mot_amps_ratio_MxSpd": 0.756562173, "Mot_power_ratio_MFD": 0.455594003, "Mot_power_ratio_MxSpd": 0.497649789, "Power_MFD": 518.119019, "Power_MxSpd": 743.677002, "Speed_MFD": 20.0}