{"Interferences": 40, "Mass": 7.771495659079543, "Batt_amps_ratio_MFD": 0.703740776, "Batt_amps_ratio_MxSpd": 0.92744875, "Distance_MxSpd": 1117.9054, "Max_Distance": 1255.00757, "Hover_Time": 48.9516106, "Max_Speed": 27.0, "Max_uc_at_MFD": 0.607047498, "Mot_amps_ratio_MFD": 0.766387045, "Mot_amps_ratio_MxSpd": 0.979822397, "Mot_power_ratio_MFD": 0.25543496, "Mot_power_ratio_MxSpd": 0.326572448, "Power_MFD": 1972.78772, "Power_MxSpd": 3014.61865, "Speed_MFD": 23.0}