{"Interferences": 55, "Mass": 4.55208450677245, "Batt_amps_ratio_MFD": 1.5916847, "Batt_amps_ratio_MxSpd": 2.1864984, "Distance_MxSpd": 702.493103, "Max_Distance": 772.012207, "Hover_Time": 40.732029, "Max_Speed": 40.0, "Max_uc_at_MFD": 0.850521147, "Mot_amps_ratio_MFD": 0.986546814, "Mot_amps_ratio_MxSpd": 0.970052302, "Mot_power_ratio_MFD": 0.608370543, "Mot_power_ratio_MxSpd": 0.598198891, "Power_MFD": 1779.26233, "Power_MxSpd": 2830.09863, "Speed_MFD": 32.0}