{"Interferences": 12, "Mass": 4.057365312093568, "Batt_amps_ratio_MFD": 1.33465481, "Batt_amps_ratio_MxSpd": 1.33465481, "Distance_MxSpd": 143.857422, "Max_Distance": 143.857422, "Hover_Time": 0.0, "Max_Speed": 5.0, "Max_uc_at_MFD": 0.997649729, "Mot_amps_ratio_MFD": 0.522302866, "Mot_amps_ratio_MxSpd": 0.522302866, "Mot_power_ratio_MFD": 0.322086751, "Mot_power_ratio_MxSpd": 0.322086751, "Power_MFD": 1574.52649, "Power_MxSpd": 1574.52649, "Speed_MFD": 5.0}