{"Interferences": 1, "Mass": 8.36298457144835, "Batt_amps_ratio_MFD": 1.62847209, "Batt_amps_ratio_MxSpd": 1.62847209, "Distance_MxSpd": 10257.4678, "Max_Distance": 10257.4678, "Hover_Time": 438.793121, "Max_Speed": 29.0, "Max_uc_at_MFD": 0.730592668, "Mot_amps_ratio_MFD": 0.961735249, "Mot_amps_ratio_MxSpd": 0.961735249, "Mot_power_ratio_MFD": 0.721453786, "Mot_power_ratio_MxSpd": 0.721453786, "Power_MFD": 2441.50635, "Power_MxSpd": 2441.50635, "Speed_MFD": 29.0}