{"Interferences": 100, "Mass": 9.645245340857617, "Batt_amps_ratio_MFD": 4.17330694, "Batt_amps_ratio_MxSpd": 4.17330694, "Distance_MxSpd": 46.0066833, "Max_Distance": 46.0066833, "Hover_Time": 0.0, "Max_Speed": 5.0, "Max_uc_at_MFD": 0.999712884, "Mot_amps_ratio_MFD": 0.879441142, "Mot_amps_ratio_MxSpd": 0.879441142, "Mot_power_ratio_MFD": 0.439813435, "Mot_power_ratio_MxSpd": 0.439813435, "Power_MFD": 3720.40796, "Power_MxSpd": 3720.40796, "Speed_MFD": 5.0}