{
  "generator_version":"UAV2_gen12",
  "name":"design_6929_10555e3f6d274a8db7e36c7a851328f3_dw",
  "hub":{
    "node_type":"ConnectedHub4_2_2",
    "frontSegment":{
      "node_type":"AngledWingArm",
      "arm1Length":305.7458741567649,
      "arm2Length":139.25994097216446,
      "wing":{
        "wingType":"Wing_horiz_hole",
        "nacaProfile":"0018",
        "span":1892.2599719302898,
        "chordInner":389.0677367425282,
        "chordOuter":167.38480061433992,
        "taperOffset":false,
        "aileronBias":0.9663237082551848,
        "flapBias":0.28296117155579614,
        "load":323.75373398140596,
        "tubeOffset":59.61394117654734,
        "tubeRot":270.0
      },
      "servo":{
        "servoType":"Hitec_HS_81"
      }
    },
    "rearSegment":{
      "node_type":"PropArm",
      "armLength":131.06704534557474,
      "motor":{
        "motorType":"t_motor_U7_V2.0KV490"
      },
      "prop":{
        "propType":"apc_propellers_17x8E"
      },
      "flange":{
        "offset":22.945319373911815,
        "angle":0.0
      }
    }
  },
  "fuselageWithComponents":{
    "node_type":"DualBatteryFuselageWithComponents",
    "battery":{
      "batteryType":"TattuPlus15C16000mAh12S1Pcompact"
    },
    "fuselage":{
      "length":217.5,
      "vertDiameter":225.0,
      "horzDiameter":528.9,
      "floorHeight":37.5,
      "battery1X":0.0,
      "battery1Y":-34.5,
      "battery2X":0.0,
      "battery2Y":47.5,
      "rpmX":0.0,
      "rpmY":-166.3,
      "autoPilotX":0.0,
      "autoPilotY":110.0,
      "currentX":0.0,
      "currentY":-146.15,
      "voltageX":0.0,
      "voltageY":163.8,
      "gpsX":0.0,
      "gpsY":-106.0,
      "varioX":0.0,
      "varioY":142.15
    }
  }
}