{"Interferences": 16, "Mass": 7.468062673699557, "Batt_amps_ratio_MFD": 0.654799402, "Batt_amps_ratio_MxSpd": 1.33417833, "Distance_MxSpd": 3597.71997, "Max_Distance": 4544.90332, "Hover_Time": 190.465271, "Max_Speed": 50.0, "Max_uc_at_MFD": 0.730606854, "Mot_amps_ratio_MFD": 0.701933444, "Mot_amps_ratio_MxSpd": 0.933499277, "Mot_power_ratio_MFD": 0.350929081, "Mot_power_ratio_MxSpd": 0.46669957, "Power_MFD": 2773.66211, "Power_MxSpd": 7889.45947, "Speed_MFD": 31.0}