{"Interferences": 10, "Mass": 4.090691203410168, "Batt_amps_ratio_MFD": 0.372620225, "Batt_amps_ratio_MxSpd": 0.449541152, "Distance_MxSpd": 939.624756, "Max_Distance": 1030.53979, "Hover_Time": 0.0, "Max_Speed": 11.0, "Max_uc_at_MFD": 0.96264416, "Mot_amps_ratio_MFD": 0.360570699, "Mot_amps_ratio_MxSpd": 0.485646248, "Mot_power_ratio_MFD": 0.18066965, "Mot_power_ratio_MxSpd": 0.243340731, "Power_MFD": 498.336121, "Power_MxSpd": 620.90802, "Speed_MFD": 10.0}