{"Interferences": 8, "Mass": 10.584052349784354, "Batt_amps_ratio_MFD": 3.92158818, "Batt_amps_ratio_MxSpd": 3.92158818, "Distance_MxSpd": 186.047073, "Max_Distance": 186.047073, "Hover_Time": 10.2969704, "Max_Speed": 19.0, "Max_uc_at_MFD": 0.999712586, "Mot_amps_ratio_MFD": 0.661770046, "Mot_amps_ratio_MxSpd": 0.661770046, "Mot_power_ratio_MFD": 0.220566347, "Mot_power_ratio_MxSpd": 0.220566347, "Power_MFD": 4756.31299, "Power_MxSpd": 4756.31299, "Speed_MFD": 19.0}