{"Interferences": 12, "Mass": 7.583279864591222, "Batt_amps_ratio_MFD": 0.591659904, "Batt_amps_ratio_MxSpd": 0.591659904, "Distance_MxSpd": 12655.9189, "Max_Distance": 12655.9189, "Hover_Time": 585.419189, "Max_Speed": 26.0, "Max_uc_at_MFD": 0.63289851, "Mot_amps_ratio_MFD": 0.991671264, "Mot_amps_ratio_MxSpd": 0.991671264, "Mot_power_ratio_MFD": 0.765265107, "Mot_power_ratio_MxSpd": 0.765265107, "Power_MFD": 1858.76489, "Power_MxSpd": 1858.76489, "Speed_MFD": 26.0}