{"Interferences": 16, "Mass": 4.386601463479398, "Batt_amps_ratio_MFD": 0.810945809, "Batt_amps_ratio_MxSpd": 0.810945809, "Distance_MxSpd": 1183.80286, "Max_Distance": 1183.80286, "Hover_Time": 64.8361053, "Max_Speed": 25.0, "Max_uc_at_MFD": 0.98893106, "Mot_amps_ratio_MFD": 0.156090587, "Mot_amps_ratio_MxSpd": 0.156090587, "Mot_power_ratio_MFD": 0.0812158808, "Mot_power_ratio_MxSpd": 0.0812158808, "Power_MFD": 1223.00452, "Power_MxSpd": 1223.00452, "Speed_MFD": 25.0}