{"Interferences": 7, "Mass": 5.489609352573294, "Batt_amps_ratio_MFD": 0.373726815, "Batt_amps_ratio_MxSpd": 0.373726815, "Distance_MxSpd": 719.241943, "Max_Distance": 719.241943, "Hover_Time": 0.0, "Max_Speed": 7.0, "Max_uc_at_MFD": 0.89762032, "Mot_amps_ratio_MFD": 0.950182498, "Mot_amps_ratio_MxSpd": 0.950182498, "Mot_power_ratio_MFD": 0.703135073, "Mot_power_ratio_MxSpd": 0.703135073, "Power_MFD": 1436.29968, "Power_MxSpd": 1436.29968, "Speed_MFD": 7.0}