{"Interferences": 4, "Mass": 2.41230861719813, "Batt_amps_ratio_MFD": 0.464658231, "Batt_amps_ratio_MxSpd": 0.464658231, "Distance_MxSpd": 1570.18628, "Max_Distance": 1570.18628, "Hover_Time": 116.462997, "Max_Speed": 19.0, "Max_uc_at_MFD": 0.990688324, "Mot_amps_ratio_MFD": 0.617569864, "Mot_amps_ratio_MxSpd": 0.617569864, "Mot_power_ratio_MFD": 0.249619141, "Mot_power_ratio_MxSpd": 0.249619141, "Power_MFD": 505.488159, "Power_MxSpd": 505.488159, "Speed_MFD": 19.0}