{"Interferences": 9, "Mass": 5.311926032297314, "Batt_amps_ratio_MFD": 1.32862842, "Batt_amps_ratio_MxSpd": 2.81884575, "Distance_MxSpd": 544.90387, "Max_Distance": 693.647644, "Hover_Time": 38.5951309, "Max_Speed": 40.0, "Max_uc_at_MFD": 0.681650043, "Mot_amps_ratio_MFD": 0.67781508, "Mot_amps_ratio_MxSpd": 0.94504112, "Mot_power_ratio_MFD": 0.426345676, "Mot_power_ratio_MxSpd": 0.594430864, "Power_MFD": 1398.92175, "Power_MxSpd": 4627.19873, "Speed_MFD": 24.0}