{"Interferences": 3, "Mass": 5.055286626216391, "Batt_amps_ratio_MFD": 0.478069842, "Batt_amps_ratio_MxSpd": 0.753859282, "Distance_MxSpd": 1426.26086, "Max_Distance": 1606.45984, "Hover_Time": 116.649864, "Max_Speed": 28.0, "Max_uc_at_MFD": 0.73419714, "Mot_amps_ratio_MFD": 0.654898226, "Mot_amps_ratio_MxSpd": 0.956580222, "Mot_power_ratio_MFD": 0.323083103, "Mot_power_ratio_MxSpd": 0.47191292, "Power_MFD": 1090.73035, "Power_MxSpd": 2429.84595, "Speed_MFD": 20.0}