{"Interferences": 12, "Mass": 5.743566751531488, "Batt_amps_ratio_MFD": 0.365264505, "Batt_amps_ratio_MxSpd": 0.484805971, "Distance_MxSpd": 2613.8291, "Max_Distance": 2838.49097, "Hover_Time": 137.622101, "Max_Speed": 33.0, "Max_uc_at_MFD": 0.848137319, "Mot_amps_ratio_MFD": 0.803997755, "Mot_amps_ratio_MxSpd": 0.995066583, "Mot_power_ratio_MFD": 0.402741015, "Mot_power_ratio_MxSpd": 0.498451799, "Power_MFD": 1624.75623, "Power_MxSpd": 2389.67139, "Speed_MFD": 27.0}