{"Interferences": 29, "Mass": 5.411519636114639, "Batt_amps_ratio_MFD": 1.53469145, "Batt_amps_ratio_MxSpd": 1.53469145, "Distance_MxSpd": 425.362366, "Max_Distance": 425.362366, "Hover_Time": 33.7192879, "Max_Speed": 17.0, "Max_uc_at_MFD": 0.962456107, "Mot_amps_ratio_MFD": 0.842346966, "Mot_amps_ratio_MxSpd": 0.842346966, "Mot_power_ratio_MFD": 0.415557832, "Mot_power_ratio_MxSpd": 0.415557832, "Power_MFD": 1331.59326, "Power_MxSpd": 1331.59326, "Speed_MFD": 17.0}