{"Interferences": 0, "Mass": 3.778895914442313, "Batt_amps_ratio_MFD": 0.342955321, "Batt_amps_ratio_MxSpd": 0.390867352, "Distance_MxSpd": 2554.31934, "Max_Distance": 2575.2627, "Hover_Time": 161.894897, "Max_Speed": 26.0, "Max_uc_at_MFD": 0.769980192, "Mot_amps_ratio_MFD": 0.351323068, "Mot_amps_ratio_MxSpd": 0.431018502, "Mot_power_ratio_MFD": 0.172044978, "Mot_power_ratio_MxSpd": 0.211072296, "Power_MFD": 848.538269, "Power_MxSpd": 1081.93555, "Speed_MFD": 23.0}