{"Interferences": 40, "Mass": 3.1864988152860345, "Batt_amps_ratio_MFD": 0.705643713, "Batt_amps_ratio_MxSpd": 0.705643713, "Distance_MxSpd": 1142.78638, "Max_Distance": 1142.78638, "Hover_Time": 0.0, "Max_Speed": 21.0, "Max_uc_at_MFD": 0.967407405, "Mot_amps_ratio_MFD": 0.389330715, "Mot_amps_ratio_MxSpd": 0.389330715, "Mot_power_ratio_MFD": 0.180065453, "Mot_power_ratio_MxSpd": 0.180065453, "Power_MFD": 633.471619, "Power_MxSpd": 633.471619, "Speed_MFD": 21.0}