{"Interferences": 27, "Mass": 7.478768225672329, "Batt_amps_ratio_MFD": 1.21095145, "Batt_amps_ratio_MxSpd": 1.21095145, "Distance_MxSpd": 1019.26941, "Max_Distance": 1019.26941, "Hover_Time": 0.0, "Max_Speed": 15.0, "Max_uc_at_MFD": 0.975701213, "Mot_amps_ratio_MFD": 0.904200673, "Mot_amps_ratio_MxSpd": 0.904200673, "Mot_power_ratio_MFD": 0.885584772, "Mot_power_ratio_MxSpd": 0.885584772, "Power_MFD": 2124.47656, "Power_MxSpd": 2124.47656, "Speed_MFD": 15.0}