{"Interferences": 19, "Mass": 4.330683552386527, "Batt_amps_ratio_MFD": 1.2168175, "Batt_amps_ratio_MxSpd": 1.34076428, "Distance_MxSpd": 687.369141, "Max_Distance": 694.270081, "Hover_Time": 35.9264107, "Max_Speed": 24.0, "Max_uc_at_MFD": 0.99999994, "Mot_amps_ratio_MFD": 0.817919195, "Mot_amps_ratio_MxSpd": 0.772622347, "Mot_power_ratio_MFD": 0.538009048, "Mot_power_ratio_MxSpd": 0.508213818, "Power_MFD": 1114.0072, "Power_MxSpd": 1298.0481, "Speed_MFD": 22.0}