{"Interferences": 48, "Mass": 6.42340990606074, "Batt_amps_ratio_MFD": 0.492823631, "Batt_amps_ratio_MxSpd": 0.492823631, "Distance_MxSpd": 2571.30542, "Max_Distance": 2571.30542, "Hover_Time": 0.0, "Max_Speed": 11.0, "Max_uc_at_MFD": 0.999992073, "Mot_amps_ratio_MFD": 0.74032855, "Mot_amps_ratio_MxSpd": 0.74032855, "Mot_power_ratio_MFD": 0.741906703, "Mot_power_ratio_MxSpd": 0.741906703, "Power_MFD": 1904.93176, "Power_MxSpd": 1904.93176, "Speed_MFD": 11.0}