{"Interferences": 49, "Mass": 3.3384229139414883, "Batt_amps_ratio_MFD": 0.257517785, "Batt_amps_ratio_MxSpd": 0.257517785, "Distance_MxSpd": 2534.97046, "Max_Distance": 2534.97046, "Hover_Time": 162.220551, "Max_Speed": 17.0, "Max_uc_at_MFD": 0.974814415, "Mot_amps_ratio_MFD": 0.405727983, "Mot_amps_ratio_MxSpd": 0.405727983, "Mot_power_ratio_MFD": 0.200159132, "Mot_power_ratio_MxSpd": 0.200159132, "Power_MFD": 547.804443, "Power_MxSpd": 547.804443, "Speed_MFD": 17.0}