{
  "generator_version":"UAV2_gen12",
  "name":"design_24524_47214129c88f45ffa82a851a5978401c_dw_dl",
  "hub":{
    "node_type":"ConnectedHub4_2_2",
    "frontSegment":{
      "node_type":"DoubleBendSegment",
      "angle":-90.0,
      "arm1Length":60.40472762297524,
      "arm2Length":182.65868054600926,
      "mainSegment":{
        "node_type":"AngledPropArm",
        "armLength":311.44235719459357,
        "motor":{
          "motorType":"t_motor_MN3520KV400"
        },
        "prop":{
          "propType":"apc_propellers_18x8E"
        }
      }
    },
    "rearSegment":{
      "node_type":"SidewaysBendWithTopSegment",
      "angle":56.2718558035898,
      "armLength":173.39216254137034,
      "mainSegment":{
        "node_type":"PropArm",
        "armLength":198.73787312045468,
        "motor":{
          "motorType":"kde_direct_KDE4215XF_465"
        },
        "prop":{
          "propType":"apc_propellers_18x6W"
        },
        "flange":{
          "offset":-21.51584463650449,
          "angle":0.0
        }
      },
      "topSegment":{
        "node_type":"AngledWingArm",
        "arm1Length":246.78828667547893,
        "arm2Length":71.6722262889797,
        "wing":{
          "wingType":"Wing_vert_hole",
          "nacaProfile":"6412",
          "span":1549.944616981394,
          "chordInner":349.2842921024594,
          "chordOuter":102.55638984325873,
          "taperOffset":false,
          "aileronBias":0.6811361624514173,
          "flapBias":0.7778489924555141,
          "load":253.2688859783261,
          "tubeOffset":10.885336821854157,
          "tubeRot":319.3563136497693
        },
        "servo":{
          "servoType":"Hitec_HS_40"
        }
      }
    }
  },
  "fuselageWithComponents":{
    "node_type":"DualBatteryFuselageWithComponents",
    "battery":{
      "batteryType":"TurnigyGraphene1500mAh4S75C"
    },
    "fuselage":{
      "length":183.0,
      "vertDiameter":52.5,
      "horzDiameter":335.4,
      "floorHeight":8.75,
      "battery1X":-45.75,
      "battery1Y":6.0,
      "battery2X":46.75,
      "battery2Y":6.0,
      "rpmX":0.0,
      "rpmY":-101.8,
      "autoPilotX":0.0,
      "autoPilotY":45.5,
      "currentX":0.0,
      "currentY":-81.65,
      "voltageX":0.0,
      "voltageY":99.3,
      "gpsX":0.0,
      "gpsY":-41.5,
      "varioX":0.0,
      "varioY":77.65
    }
  }
}