{"Interferences": 17, "Mass": 4.336030676773151, "Batt_amps_ratio_MFD": 0.9819085, "Batt_amps_ratio_MxSpd": 0.9819085, "Distance_MxSpd": 782.150269, "Max_Distance": 782.150269, "Hover_Time": 52.3496742, "Max_Speed": 20.0, "Max_uc_at_MFD": 0.982867479, "Mot_amps_ratio_MFD": 0.675021827, "Mot_amps_ratio_MxSpd": 0.675021827, "Mot_power_ratio_MFD": 0.450472742, "Mot_power_ratio_MxSpd": 0.450472742, "Power_MFD": 1429.42419, "Power_MxSpd": 1429.42419, "Speed_MFD": 20.0}