{"Interferences": 57, "Mass": 5.426522152328784, "Batt_amps_ratio_MFD": 2.74338198, "Batt_amps_ratio_MxSpd": 3.12178135, "Distance_MxSpd": 307.516724, "Max_Distance": 321.938385, "Hover_Time": 14.4465914, "Max_Speed": 25.0, "Max_uc_at_MFD": 1.0, "Mot_amps_ratio_MFD": 0.75742811, "Mot_amps_ratio_MxSpd": 0.903362393, "Mot_power_ratio_MFD": 0.76502347, "Mot_power_ratio_MxSpd": 0.881939769, "Power_MFD": 2444.66626, "Power_MxSpd": 2863.64966, "Speed_MFD": 23.0}