{"Interferences": 27, "Mass": 3.829526702636212, "Batt_amps_ratio_MFD": 0.634186625, "Batt_amps_ratio_MxSpd": 0.634186625, "Distance_MxSpd": 484.399994, "Max_Distance": 484.399994, "Hover_Time": 41.8190041, "Max_Speed": 8.0, "Max_uc_at_MFD": 0.963381469, "Mot_amps_ratio_MFD": 0.671415806, "Mot_amps_ratio_MxSpd": 0.671415806, "Mot_power_ratio_MFD": 0.596217275, "Mot_power_ratio_MxSpd": 0.596217275, "Power_MFD": 587.048706, "Power_MxSpd": 587.048706, "Speed_MFD": 8.0}