{"Interferences": 39, "Mass": 8.018325545243252, "Batt_amps_ratio_MFD": 2.79892945, "Batt_amps_ratio_MxSpd": 3.78755546, "Distance_MxSpd": 162.215454, "Max_Distance": 164.634369, "Hover_Time": 0.0, "Max_Speed": 16.0, "Max_uc_at_MFD": 0.825550199, "Mot_amps_ratio_MFD": 0.614602029, "Mot_amps_ratio_MxSpd": 0.977772772, "Mot_power_ratio_MFD": 0.453492045, "Mot_power_ratio_MxSpd": 0.493085176, "Power_MFD": 2924.91797, "Power_MxSpd": 4207.45654, "Speed_MFD": 12.0}