{"Interferences": 1, "Mass": 5.7039307749326005, "Batt_amps_ratio_MFD": 0.201978505, "Batt_amps_ratio_MxSpd": 0.201978505, "Distance_MxSpd": 3232.0271, "Max_Distance": 3232.0271, "Hover_Time": 215.807755, "Max_Speed": 17.0, "Max_uc_at_MFD": 0.999586284, "Mot_amps_ratio_MFD": 0.318961769, "Mot_amps_ratio_MxSpd": 0.318961769, "Mot_power_ratio_MFD": 0.12001612, "Mot_power_ratio_MxSpd": 0.12001612, "Power_MFD": 812.38269, "Power_MxSpd": 812.38269, "Speed_MFD": 17.0}