{"Interferences": 12, "Mass": 5.7597522266047445, "Batt_amps_ratio_MFD": 0.802412093, "Batt_amps_ratio_MxSpd": 0.984661102, "Distance_MxSpd": 6629.69189, "Max_Distance": 6939.07764, "Hover_Time": 333.092712, "Max_Speed": 34.0, "Max_uc_at_MFD": 0.977467716, "Mot_amps_ratio_MFD": 0.412795424, "Mot_amps_ratio_MxSpd": 0.397650093, "Mot_power_ratio_MFD": 0.20517233, "Mot_power_ratio_MxSpd": 0.197644621, "Power_MFD": 2480.10718, "Power_MxSpd": 3249.38013, "Speed_MFD": 29.0}