{"Interferences": 3, "Mass": 9.187797965749157, "Batt_amps_ratio_MFD": 0.281530768, "Batt_amps_ratio_MxSpd": 0.281530768, "Distance_MxSpd": 8865.81641, "Max_Distance": 8865.81641, "Hover_Time": 408.9599, "Max_Speed": 26.0, "Max_uc_at_MFD": 0.999827087, "Mot_amps_ratio_MFD": 0.189152479, "Mot_amps_ratio_MxSpd": 0.189152479, "Mot_power_ratio_MFD": 0.0811239332, "Mot_power_ratio_MxSpd": 0.0811239332, "Power_MFD": 2769.84351, "Power_MxSpd": 2769.84351, "Speed_MFD": 26.0}