{"Interferences": 4, "Mass": 3.5177377014330835, "Batt_amps_ratio_MFD": 0.69741869, "Batt_amps_ratio_MxSpd": 0.69741869, "Distance_MxSpd": 275.300903, "Max_Distance": 275.300903, "Hover_Time": 0.0, "Max_Speed": 5.0, "Max_uc_at_MFD": 0.908146143, "Mot_amps_ratio_MFD": 0.484787673, "Mot_amps_ratio_MxSpd": 0.484787673, "Mot_power_ratio_MFD": 0.323880732, "Mot_power_ratio_MxSpd": 0.323880732, "Power_MFD": 890.636902, "Power_MxSpd": 890.636902, "Speed_MFD": 5.0}