{"Interferences": 2, "Mass": 3.037577219073048, "Batt_amps_ratio_MFD": 0.652868032, "Batt_amps_ratio_MxSpd": 1.3556782, "Distance_MxSpd": 963.060425, "Max_Distance": 1235.16541, "Hover_Time": 85.6301575, "Max_Speed": 34.0, "Max_uc_at_MFD": 0.780963242, "Mot_amps_ratio_MFD": 0.919857144, "Mot_amps_ratio_MxSpd": 0.970062137, "Mot_power_ratio_MFD": 0.453796178, "Mot_power_ratio_MxSpd": 0.478563964, "Power_MFD": 774.55188, "Power_MxSpd": 2346.59668, "Speed_MFD": 21.0}