{"Interferences": 10, "Mass": 2.8009277781078152, "Batt_amps_ratio_MFD": 0.717415154, "Batt_amps_ratio_MxSpd": 0.75039655, "Distance_MxSpd": 1176.97766, "Max_Distance": 1177.56091, "Hover_Time": 86.0001984, "Max_Speed": 23.0, "Max_uc_at_MFD": 0.891999781, "Mot_amps_ratio_MFD": 0.306931823, "Mot_amps_ratio_MxSpd": 0.340853333, "Mot_power_ratio_MFD": 0.141955972, "Mot_power_ratio_MxSpd": 0.157644659, "Power_MFD": 660.947815, "Power_MxSpd": 724.483154, "Speed_MFD": 22.0}