{"Interferences": 1, "Mass": 7.412420171894027, "Batt_amps_ratio_MFD": 0.611756861, "Batt_amps_ratio_MxSpd": 0.611756861, "Distance_MxSpd": 4142.82227, "Max_Distance": 4142.82227, "Hover_Time": 247.269333, "Max_Speed": 22.0, "Max_uc_at_MFD": 0.543182194, "Mot_amps_ratio_MFD": 0.944158912, "Mot_amps_ratio_MxSpd": 0.944158912, "Mot_power_ratio_MFD": 0.83841306, "Mot_power_ratio_MxSpd": 0.83841306, "Power_MFD": 1561.23877, "Power_MxSpd": 1561.23877, "Speed_MFD": 22.0}