{"Interferences": 32, "Mass": 5.001118088858209, "Batt_amps_ratio_MFD": 0.355915815, "Batt_amps_ratio_MxSpd": 0.514005184, "Distance_MxSpd": 2540.05225, "Max_Distance": 2697.26709, "Hover_Time": 137.098923, "Max_Speed": 34.0, "Max_uc_at_MFD": 0.984408498, "Mot_amps_ratio_MFD": 0.54450053, "Mot_amps_ratio_MxSpd": 0.487470031, "Mot_power_ratio_MFD": 0.363774121, "Mot_power_ratio_MxSpd": 0.325672746, "Power_MFD": 1364.60876, "Power_MxSpd": 2433.38013, "Speed_MFD": 25.0}