{"Interferences": 33, "Mass": 4.203170354691157, "Batt_amps_ratio_MFD": 0.52179867, "Batt_amps_ratio_MxSpd": 0.52179867, "Distance_MxSpd": 1692.60693, "Max_Distance": 1692.60693, "Hover_Time": 79.9225082, "Max_Speed": 23.0, "Max_uc_at_MFD": 0.947918236, "Mot_amps_ratio_MFD": 0.669177115, "Mot_amps_ratio_MxSpd": 0.669177115, "Mot_power_ratio_MFD": 0.334826708, "Mot_power_ratio_MxSpd": 0.334826708, "Power_MFD": 1061.53577, "Power_MxSpd": 1061.53577, "Speed_MFD": 23.0}