{"Interferences": 7, "Mass": 4.515871088178865, "Batt_amps_ratio_MFD": 1.63511145, "Batt_amps_ratio_MxSpd": 1.63511145, "Distance_MxSpd": 469.69278, "Max_Distance": 469.69278, "Hover_Time": 0.0, "Max_Speed": 20.0, "Max_uc_at_MFD": 0.999902785, "Mot_amps_ratio_MFD": 0.51470989, "Mot_amps_ratio_MxSpd": 0.51470989, "Mot_power_ratio_MFD": 0.253923535, "Mot_power_ratio_MxSpd": 0.253923535, "Power_MFD": 1991.73633, "Power_MxSpd": 1991.73633, "Speed_MFD": 20.0}