{"Interferences": 8, "Mass": 5.792167954260438, "Batt_amps_ratio_MFD": 0.634394407, "Batt_amps_ratio_MxSpd": 0.820998132, "Distance_MxSpd": 3207.24585, "Max_Distance": 3242.6875, "Hover_Time": 169.877228, "Max_Speed": 32.0, "Max_uc_at_MFD": 0.598491728, "Mot_amps_ratio_MFD": 0.884427309, "Mot_amps_ratio_MxSpd": 0.941341996, "Mot_power_ratio_MFD": 0.654476225, "Mot_power_ratio_MxSpd": 0.696593046, "Power_MFD": 1589.6344, "Power_MxSpd": 2253.40845, "Speed_MFD": 25.0}