{"Interferences": 37, "Mass": 8.005724774847922, "Batt_amps_ratio_MFD": 1.09356606, "Batt_amps_ratio_MxSpd": 1.25799334, "Distance_MxSpd": 3021.95557, "Max_Distance": 3265.64648, "Hover_Time": 147.15448, "Max_Speed": 33.0, "Max_uc_at_MFD": 0.966798067, "Mot_amps_ratio_MFD": 0.813111126, "Mot_amps_ratio_MxSpd": 0.929130077, "Mot_power_ratio_MFD": 0.530913711, "Mot_power_ratio_MxSpd": 0.60666728, "Power_MFD": 2896.87476, "Power_MxSpd": 3446.48413, "Speed_MFD": 31.0}