{"Interferences": 30, "Mass": 4.042225498369155, "Batt_amps_ratio_MFD": 0.993917465, "Batt_amps_ratio_MxSpd": 1.57345462, "Distance_MxSpd": 829.766541, "Max_Distance": 965.874939, "Hover_Time": 58.9564018, "Max_Speed": 34.0, "Max_uc_at_MFD": 0.882364333, "Mot_amps_ratio_MFD": 0.782565594, "Mot_amps_ratio_MxSpd": 0.761329234, "Mot_power_ratio_MFD": 0.482582092, "Mot_power_ratio_MxSpd": 0.469486356, "Power_MFD": 1302.23706, "Power_MxSpd": 2425.65381, "Speed_MFD": 25.0}