{"Interferences": 2, "Mass": 4.333124095622331, "Batt_amps_ratio_MFD": 1.11626792, "Batt_amps_ratio_MxSpd": 2.62280369, "Distance_MxSpd": 644.196106, "Max_Distance": 860.008606, "Hover_Time": 46.8900681, "Max_Speed": 44.0, "Max_uc_at_MFD": 0.699300051, "Mot_amps_ratio_MFD": 0.592044234, "Mot_amps_ratio_MxSpd": 0.808756888, "Mot_power_ratio_MFD": 0.54764092, "Mot_power_ratio_MxSpd": 0.748100102, "Power_MFD": 1473.17444, "Power_MxSpd": 5092.00586, "Speed_MFD": 25.0}