{"Interferences": 2, "Mass": 2.9283740308567667, "Batt_amps_ratio_MFD": 0.360709399, "Batt_amps_ratio_MxSpd": 0.360709399, "Distance_MxSpd": 1596.85339, "Max_Distance": 1596.85339, "Hover_Time": 124.554535, "Max_Speed": 15.0, "Max_uc_at_MFD": 0.997426391, "Mot_amps_ratio_MFD": 0.308353096, "Mot_amps_ratio_MxSpd": 0.308353096, "Mot_power_ratio_MFD": 0.115656838, "Mot_power_ratio_MxSpd": 0.115656838, "Power_MFD": 398.624695, "Power_MxSpd": 398.624695, "Speed_MFD": 15.0}