{"Interferences": 8, "Mass": 5.07258331006405, "Batt_amps_ratio_MFD": 0.547064006, "Batt_amps_ratio_MxSpd": 1.04052389, "Distance_MxSpd": 627.376282, "Max_Distance": 772.121704, "Hover_Time": 29.0064468, "Max_Speed": 17.0, "Max_uc_at_MFD": 0.525551975, "Mot_amps_ratio_MFD": 0.214182898, "Mot_amps_ratio_MxSpd": 0.62853384, "Mot_power_ratio_MFD": 0.132079452, "Mot_power_ratio_MxSpd": 0.387595862, "Power_MFD": 396.150635, "Power_MxSpd": 1213.64709, "Speed_MFD": 11.0}