{"Interferences": 17, "Mass": 6.953367281009776, "Batt_amps_ratio_MFD": 0.432800889, "Batt_amps_ratio_MxSpd": 0.432800889, "Distance_MxSpd": 7719.02344, "Max_Distance": 7719.02344, "Hover_Time": 394.715576, "Max_Speed": 29.0, "Max_uc_at_MFD": 0.8119784, "Mot_amps_ratio_MFD": 0.80098021, "Mot_amps_ratio_MxSpd": 0.80098021, "Mot_power_ratio_MFD": 0.608744979, "Mot_power_ratio_MxSpd": 0.608744979, "Power_MFD": 2000.01477, "Power_MxSpd": 2000.01477, "Speed_MFD": 29.0}