{"Interferences": 17, "Mass": 7.961874201585163, "Batt_amps_ratio_MFD": 0.792874515, "Batt_amps_ratio_MxSpd": 0.792874515, "Distance_MxSpd": 4358.82324, "Max_Distance": 4358.82324, "Hover_Time": 0.0, "Max_Speed": 12.0, "Max_uc_at_MFD": 0.981669784, "Mot_amps_ratio_MFD": 0.964767575, "Mot_amps_ratio_MxSpd": 0.964767575, "Mot_power_ratio_MFD": 0.776354134, "Mot_power_ratio_MxSpd": 0.776354134, "Power_MFD": 3639.56763, "Power_MxSpd": 3639.56763, "Speed_MFD": 12.0}