{"Interferences": 9, "Mass": 5.48736042315922, "Batt_amps_ratio_MFD": 1.54651845, "Batt_amps_ratio_MxSpd": 1.54651845, "Distance_MxSpd": 670.409058, "Max_Distance": 670.409058, "Hover_Time": 0.0, "Max_Speed": 27.0, "Max_uc_at_MFD": 0.995710313, "Mot_amps_ratio_MFD": 0.938146651, "Mot_amps_ratio_MxSpd": 0.938146651, "Mot_power_ratio_MFD": 0.46281901, "Mot_power_ratio_MxSpd": 0.46281901, "Power_MFD": 1685.32825, "Power_MxSpd": 1685.32825, "Speed_MFD": 27.0}