{"Interferences": 23, "Mass": 5.503264264451637, "Batt_amps_ratio_MFD": 0.81415391, "Batt_amps_ratio_MxSpd": 0.81415391, "Distance_MxSpd": 660.317444, "Max_Distance": 660.317444, "Hover_Time": 50.2994881, "Max_Speed": 14.0, "Max_uc_at_MFD": 0.998961389, "Mot_amps_ratio_MFD": 0.621875823, "Mot_amps_ratio_MxSpd": 0.621875823, "Mot_power_ratio_MFD": 0.406048357, "Mot_power_ratio_MxSpd": 0.406048357, "Power_MFD": 1124.30347, "Power_MxSpd": 1124.30347, "Speed_MFD": 14.0}