{"Interferences": 35, "Mass": 5.731547652785066, "Batt_amps_ratio_MFD": 0.910392642, "Batt_amps_ratio_MxSpd": 1.50428975, "Distance_MxSpd": 1097.66089, "Max_Distance": 1223.2085, "Hover_Time": 63.1376877, "Max_Speed": 43.0, "Max_uc_at_MFD": 0.471536487, "Mot_amps_ratio_MFD": 0.959199786, "Mot_amps_ratio_MxSpd": 0.892958343, "Mot_power_ratio_MFD": 0.905004978, "Mot_power_ratio_MxSpd": 0.84250623, "Power_MFD": 1743.61853, "Power_MxSpd": 3949.84009, "Speed_MFD": 29.0}