{"Interferences": 24, "Mass": 12.922690087467805, "Batt_amps_ratio_MFD": 0.359666675, "Batt_amps_ratio_MxSpd": 0.359666675, "Distance_MxSpd": 7687.11768, "Max_Distance": 7687.11768, "Hover_Time": 400.764954, "Max_Speed": 24.0, "Max_uc_at_MFD": 0.983548641, "Mot_amps_ratio_MFD": 0.698670149, "Mot_amps_ratio_MxSpd": 0.698670149, "Mot_power_ratio_MFD": 0.524002612, "Mot_power_ratio_MxSpd": 0.524002612, "Power_MFD": 5325.5332, "Power_MxSpd": 5325.5332, "Speed_MFD": 24.0}