{"Interferences": 17, "Mass": 7.903119422625806, "Batt_amps_ratio_MFD": 0.364356279, "Batt_amps_ratio_MxSpd": 0.768400431, "Distance_MxSpd": 3448.2019, "Max_Distance": 3794.08862, "Hover_Time": 0.0, "Max_Speed": 23.0, "Max_uc_at_MFD": 0.409974337, "Mot_amps_ratio_MFD": 0.341294169, "Mot_amps_ratio_MxSpd": 0.817179322, "Mot_power_ratio_MFD": 0.256024688, "Mot_power_ratio_MxSpd": 0.614962041, "Power_MFD": 674.370117, "Power_MxSpd": 2244.93579, "Speed_MFD": 12.0}