{"Interferences": 26, "Mass": 4.9222899436276855, "Batt_amps_ratio_MFD": 0.228039339, "Batt_amps_ratio_MxSpd": 0.228039339, "Distance_MxSpd": 12124.2236, "Max_Distance": 12124.2236, "Hover_Time": 679.054749, "Max_Speed": 24.0, "Max_uc_at_MFD": 0.991422355, "Mot_amps_ratio_MFD": 0.342714131, "Mot_amps_ratio_MxSpd": 0.342714131, "Mot_power_ratio_MFD": 0.325578421, "Mot_power_ratio_MxSpd": 0.325578421, "Power_MFD": 1250.40308, "Power_MxSpd": 1250.40308, "Speed_MFD": 24.0}