{"Interferences": 73, "Mass": 4.554763297356089, "Batt_amps_ratio_MFD": 0.669578731, "Batt_amps_ratio_MxSpd": 0.669578731, "Distance_MxSpd": 1146.98987, "Max_Distance": 1146.98987, "Hover_Time": 57.2294273, "Max_Speed": 20.0, "Max_uc_at_MFD": 0.996191263, "Mot_amps_ratio_MFD": 0.41514805, "Mot_amps_ratio_MxSpd": 0.41514805, "Mot_power_ratio_MFD": 0.256007969, "Mot_power_ratio_MxSpd": 0.256007969, "Power_MFD": 977.992065, "Power_MxSpd": 977.992065, "Speed_MFD": 20.0}