{"Interferences": 31, "Mass": 5.439135903064731, "Batt_amps_ratio_MFD": 0.544515848, "Batt_amps_ratio_MxSpd": 0.598834395, "Distance_MxSpd": 1923.73706, "Max_Distance": 1964.52368, "Hover_Time": 176.487122, "Max_Speed": 14.0, "Max_uc_at_MFD": 0.479456902, "Mot_amps_ratio_MFD": 0.74594897, "Mot_amps_ratio_MxSpd": 0.828406274, "Mot_power_ratio_MFD": 0.552002192, "Mot_power_ratio_MxSpd": 0.613020658, "Power_MFD": 956.433105, "Power_MxSpd": 1108.07056, "Speed_MFD": 13.0}