{"Interferences": 21, "Mass": 6.22806839563859, "Batt_amps_ratio_MFD": 0.34998998, "Batt_amps_ratio_MxSpd": 0.34998998, "Distance_MxSpd": 3072.08789, "Max_Distance": 3072.08789, "Hover_Time": 128.024521, "Max_Speed": 28.0, "Max_uc_at_MFD": 0.835113883, "Mot_amps_ratio_MFD": 0.941080868, "Mot_amps_ratio_MxSpd": 0.941080868, "Mot_power_ratio_MFD": 0.708203256, "Mot_power_ratio_MxSpd": 0.708203256, "Power_MFD": 2103.02661, "Power_MxSpd": 2103.02661, "Speed_MFD": 28.0}