{"Interferences": 5, "Mass": 4.327018762489014, "Batt_amps_ratio_MFD": 0.755064666, "Batt_amps_ratio_MxSpd": 0.755064666, "Distance_MxSpd": 457.709137, "Max_Distance": 457.709137, "Hover_Time": 50.5266342, "Max_Speed": 9.0, "Max_uc_at_MFD": 0.921593249, "Mot_amps_ratio_MFD": 0.874294162, "Mot_amps_ratio_MxSpd": 0.874294162, "Mot_power_ratio_MFD": 0.437954128, "Mot_power_ratio_MxSpd": 0.437954128, "Power_MFD": 662.728699, "Power_MxSpd": 662.728699, "Speed_MFD": 9.0}