{"Interferences": 16, "Mass": 6.949171174296232, "Batt_amps_ratio_MFD": 0.590112031, "Batt_amps_ratio_MxSpd": 0.590112031, "Distance_MxSpd": 325.361938, "Max_Distance": 325.361938, "Hover_Time": 0.0, "Max_Speed": 2.0, "Max_uc_at_MFD": 0.895088434, "Mot_amps_ratio_MFD": 0.971768081, "Mot_amps_ratio_MxSpd": 0.971768081, "Mot_power_ratio_MFD": 0.485831946, "Mot_power_ratio_MxSpd": 0.485831946, "Power_MFD": 2869.28271, "Power_MxSpd": 2869.28271, "Speed_MFD": 2.0}