{"Interferences": 28, "Mass": 10.43549516977955, "Batt_amps_ratio_MFD": 0.403005898, "Batt_amps_ratio_MxSpd": 0.555851638, "Distance_MxSpd": 5181.23877, "Max_Distance": 6574.59326, "Hover_Time": 245.72496, "Max_Speed": 25.0, "Max_uc_at_MFD": 0.999999464, "Mot_amps_ratio_MFD": 0.975565434, "Mot_amps_ratio_MxSpd": 0.957901716, "Mot_power_ratio_MFD": 0.577534735, "Mot_power_ratio_MxSpd": 0.567077816, "Power_MFD": 2662.31616, "Power_MxSpd": 3720.12598, "Speed_MFD": 23.0}