{"Interferences": 7, "Mass": 4.658555767165856, "Batt_amps_ratio_MFD": 1.67053175, "Batt_amps_ratio_MxSpd": 1.94585764, "Distance_MxSpd": 690.697998, "Max_Distance": 735.574158, "Hover_Time": 35.8166542, "Max_Speed": 35.0, "Max_uc_at_MFD": 0.770225346, "Mot_amps_ratio_MFD": 0.989148796, "Mot_amps_ratio_MxSpd": 0.871622741, "Mot_power_ratio_MFD": 0.741861641, "Mot_power_ratio_MxSpd": 0.653717041, "Power_MFD": 2243.39014, "Power_MxSpd": 2846.12183, "Speed_MFD": 32.0}