{"Interferences": 18, "Mass": 4.028859830167611, "Batt_amps_ratio_MFD": 0.496355951, "Batt_amps_ratio_MxSpd": 0.496355951, "Distance_MxSpd": 232.091507, "Max_Distance": 232.091507, "Hover_Time": 0.0, "Max_Speed": 3.0, "Max_uc_at_MFD": 0.998224139, "Mot_amps_ratio_MFD": 0.501753986, "Mot_amps_ratio_MxSpd": 0.501753986, "Mot_power_ratio_MFD": 0.309414953, "Mot_power_ratio_MxSpd": 0.309414953, "Power_MFD": 948.161194, "Power_MxSpd": 948.161194, "Speed_MFD": 3.0}