{"Interferences": 19, "Mass": 4.200299799527693, "Batt_amps_ratio_MFD": 1.12640679, "Batt_amps_ratio_MxSpd": 1.12640679, "Distance_MxSpd": 68.1814041, "Max_Distance": 68.1814041, "Hover_Time": 0.0, "Max_Speed": 2.0, "Max_uc_at_MFD": 0.999703467, "Mot_amps_ratio_MFD": 0.740878999, "Mot_amps_ratio_MxSpd": 0.740878999, "Mot_power_ratio_MFD": 0.391273797, "Mot_power_ratio_MxSpd": 0.391273797, "Power_MFD": 1323.47009, "Power_MxSpd": 1323.47009, "Speed_MFD": 2.0}