{"Interferences": 81, "Mass": 5.325944697020545, "Batt_amps_ratio_MFD": 0.461698055, "Batt_amps_ratio_MxSpd": 0.461698055, "Distance_MxSpd": 2411.96606, "Max_Distance": 2411.96606, "Hover_Time": 0.0, "Max_Speed": 29.0, "Max_uc_at_MFD": 0.3797822, "Mot_amps_ratio_MFD": 0.995815158, "Mot_amps_ratio_MxSpd": 0.995815158, "Mot_power_ratio_MFD": 0.748240173, "Mot_power_ratio_MxSpd": 0.748240173, "Power_MFD": 1335.98181, "Power_MxSpd": 1335.98181, "Speed_MFD": 29.0}