{"Interferences": 0, "Mass": 7.41623051516621, "Batt_amps_ratio_MFD": 0.709614992, "Batt_amps_ratio_MxSpd": 1.01625311, "Distance_MxSpd": 1398.07678, "Max_Distance": 1515.18787, "Hover_Time": 65.9628525, "Max_Speed": 37.0, "Max_uc_at_MFD": 0.908337116, "Mot_amps_ratio_MFD": 0.475070536, "Mot_amps_ratio_MxSpd": 0.504401207, "Mot_power_ratio_MFD": 0.20354344, "Mot_power_ratio_MxSpd": 0.216110125, "Power_MFD": 2663.82837, "Power_MxSpd": 4443.77832, "Speed_MFD": 28.0}