{"Interferences": 34, "Mass": 7.169175689513748, "Batt_amps_ratio_MFD": 1.80579185, "Batt_amps_ratio_MxSpd": 1.80579185, "Distance_MxSpd": 467.828003, "Max_Distance": 467.828003, "Hover_Time": 19.8738441, "Max_Speed": 22.0, "Max_uc_at_MFD": 0.75631398, "Mot_amps_ratio_MFD": 0.908096015, "Mot_amps_ratio_MxSpd": 0.908096015, "Mot_power_ratio_MFD": 0.623991728, "Mot_power_ratio_MxSpd": 0.623991728, "Power_MFD": 1806.1886, "Power_MxSpd": 1806.1886, "Speed_MFD": 22.0}