{"Interferences": 64, "Mass": 7.328798375561914, "Batt_amps_ratio_MFD": 0.291604698, "Batt_amps_ratio_MxSpd": 0.291604698, "Distance_MxSpd": 8559.5332, "Max_Distance": 8559.5332, "Hover_Time": 0.0, "Max_Speed": 26.0, "Max_uc_at_MFD": 0.383186311, "Mot_amps_ratio_MFD": 0.946394324, "Mot_amps_ratio_MxSpd": 0.946394324, "Mot_power_ratio_MFD": 0.711106181, "Mot_power_ratio_MxSpd": 0.711106181, "Power_MFD": 1483.66846, "Power_MxSpd": 1483.66846, "Speed_MFD": 26.0}