{"Interferences": 0, "Mass": 6.141699559380827, "Batt_amps_ratio_MFD": 0.334441572, "Batt_amps_ratio_MxSpd": 0.334441572, "Distance_MxSpd": 8266.91504, "Max_Distance": 8266.91504, "Hover_Time": 445.960815, "Max_Speed": 24.0, "Max_uc_at_MFD": 0.99536258, "Mot_amps_ratio_MFD": 0.173105299, "Mot_amps_ratio_MxSpd": 0.173105299, "Mot_power_ratio_MFD": 0.0900688469, "Mot_power_ratio_MxSpd": 0.0900688469, "Power_MFD": 1590.82666, "Power_MxSpd": 1590.82666, "Speed_MFD": 24.0}