{"Interferences": 12, "Mass": 4.127787449308034, "Batt_amps_ratio_MFD": 1.16358447, "Batt_amps_ratio_MxSpd": 1.65469122, "Distance_MxSpd": 835.442871, "Max_Distance": 924.041199, "Hover_Time": 48.082695, "Max_Speed": 36.0, "Max_uc_at_MFD": 0.701456904, "Mot_amps_ratio_MFD": 0.761376858, "Mot_amps_ratio_MxSpd": 0.955618799, "Mot_power_ratio_MFD": 0.381391227, "Mot_power_ratio_MxSpd": 0.478691489, "Power_MFD": 1254.38904, "Power_MxSpd": 2368.05811, "Speed_MFD": 28.0}