{"Interferences": 2, "Mass": 3.676274994489204, "Batt_amps_ratio_MFD": 0.711960971, "Batt_amps_ratio_MxSpd": 0.747612059, "Distance_MxSpd": 1181.36145, "Max_Distance": 1186.58191, "Hover_Time": 73.5346985, "Max_Speed": 23.0, "Max_uc_at_MFD": 0.952442348, "Mot_amps_ratio_MFD": 0.619985044, "Mot_amps_ratio_MxSpd": 0.649532974, "Mot_power_ratio_MFD": 0.310213149, "Mot_power_ratio_MxSpd": 0.324997634, "Power_MFD": 947.260437, "Power_MxSpd": 1037.7251, "Speed_MFD": 22.0}