{"Interferences": 9, "Mass": 4.339433229858665, "Batt_amps_ratio_MFD": 1.12884831, "Batt_amps_ratio_MxSpd": 1.12884831, "Distance_MxSpd": 136.067886, "Max_Distance": 136.067886, "Hover_Time": 0.0, "Max_Speed": 4.0, "Max_uc_at_MFD": 0.893348694, "Mot_amps_ratio_MFD": 0.980566144, "Mot_amps_ratio_MxSpd": 0.980566144, "Mot_power_ratio_MFD": 0.49055931, "Mot_power_ratio_MxSpd": 0.49055931, "Power_MFD": 1251.53052, "Power_MxSpd": 1251.53052, "Speed_MFD": 4.0}