{"Interferences": 12, "Mass": 3.530914593858531, "Batt_amps_ratio_MFD": 0.648729503, "Batt_amps_ratio_MxSpd": 0.775485337, "Distance_MxSpd": 1188.41699, "Max_Distance": 1302.23767, "Hover_Time": 67.4117966, "Max_Speed": 24.0, "Max_uc_at_MFD": 0.963634789, "Mot_amps_ratio_MFD": 0.702034116, "Mot_amps_ratio_MxSpd": 0.696279764, "Mot_power_ratio_MFD": 0.351091176, "Mot_power_ratio_MxSpd": 0.348213404, "Power_MFD": 765.773499, "Power_MxSpd": 944.552856, "Speed_MFD": 22.0}