{"Interferences": 56, "Mass": 5.615537538810273, "Batt_amps_ratio_MFD": 0.441979975, "Batt_amps_ratio_MxSpd": 0.477357745, "Distance_MxSpd": 2252.39868, "Max_Distance": 2258.92578, "Hover_Time": 125.076523, "Max_Speed": 28.0, "Max_uc_at_MFD": 0.97050637, "Mot_amps_ratio_MFD": 0.366416663, "Mot_amps_ratio_MxSpd": 0.381489575, "Mot_power_ratio_MFD": 0.183598876, "Mot_power_ratio_MxSpd": 0.191151395, "Power_MFD": 1283.42261, "Power_MxSpd": 1474.35193, "Speed_MFD": 26.0}