{"Interferences": 54, "Mass": 5.195424424404687, "Batt_amps_ratio_MFD": 0.439639479, "Batt_amps_ratio_MxSpd": 0.439639479, "Distance_MxSpd": 1921.57446, "Max_Distance": 1921.57446, "Hover_Time": 83.6477737, "Max_Speed": 22.0, "Max_uc_at_MFD": 0.962171197, "Mot_amps_ratio_MFD": 0.622135103, "Mot_amps_ratio_MxSpd": 0.622135103, "Mot_power_ratio_MFD": 0.402832478, "Mot_power_ratio_MxSpd": 0.402832478, "Power_MFD": 1209.46472, "Power_MxSpd": 1209.46472, "Speed_MFD": 22.0}