{"Interferences": 16, "Mass": 6.968545131021942, "Batt_amps_ratio_MFD": 0.488017857, "Batt_amps_ratio_MxSpd": 0.665112317, "Distance_MxSpd": 2078.44604, "Max_Distance": 2281.88379, "Hover_Time": 109.972168, "Max_Speed": 36.0, "Max_uc_at_MFD": 0.898159981, "Mot_amps_ratio_MFD": 0.568423569, "Mot_amps_ratio_MxSpd": 0.555526674, "Mot_power_ratio_MFD": 0.284414083, "Mot_power_ratio_MxSpd": 0.277961016, "Power_MFD": 1984.96399, "Power_MxSpd": 3430.18408, "Speed_MFD": 29.0}