{"Interferences": 6, "Mass": 4.5742906870415085, "Batt_amps_ratio_MFD": 1.52948487, "Batt_amps_ratio_MxSpd": 1.52948487, "Distance_MxSpd": 803.407776, "Max_Distance": 803.407776, "Hover_Time": 0.0, "Max_Speed": 32.0, "Max_uc_at_MFD": 0.64126879, "Mot_amps_ratio_MFD": 0.485552877, "Mot_amps_ratio_MxSpd": 0.485552877, "Mot_power_ratio_MFD": 0.242750406, "Mot_power_ratio_MxSpd": 0.242750406, "Power_MFD": 1775.53943, "Power_MxSpd": 1775.53943, "Speed_MFD": 32.0}