{"Interferences": 15, "Mass": 7.1161307801888745, "Batt_amps_ratio_MFD": 0.283710569, "Batt_amps_ratio_MxSpd": 0.306979328, "Distance_MxSpd": 4002.87549, "Max_Distance": 4060.47632, "Hover_Time": 174.061417, "Max_Speed": 32.0, "Max_uc_at_MFD": 0.973727047, "Mot_amps_ratio_MFD": 0.891609907, "Mot_amps_ratio_MxSpd": 0.906169116, "Mot_power_ratio_MFD": 0.66870743, "Mot_power_ratio_MxSpd": 0.679626822, "Power_MFD": 2357.03687, "Power_MxSpd": 2685.47046, "Speed_MFD": 30.0}