{"Interferences": 77, "Mass": 9.932876723454692, "Batt_amps_ratio_MFD": 0.42710802, "Batt_amps_ratio_MxSpd": 0.42710802, "Distance_MxSpd": 7552.1875, "Max_Distance": 7552.1875, "Hover_Time": 276.684662, "Max_Speed": 28.0, "Max_uc_at_MFD": 0.983869791, "Mot_amps_ratio_MFD": 0.63696456, "Mot_amps_ratio_MxSpd": 0.63696456, "Mot_power_ratio_MFD": 0.212298751, "Mot_power_ratio_MxSpd": 0.212298751, "Power_MFD": 2904.59668, "Power_MxSpd": 2904.59668, "Speed_MFD": 28.0}