{"Interferences": 35, "Mass": 4.488809449045666, "Batt_amps_ratio_MFD": 0.675183892, "Batt_amps_ratio_MxSpd": 0.675183892, "Distance_MxSpd": 56.873394, "Max_Distance": 56.873394, "Hover_Time": 56.0596046, "Max_Speed": 1.0, "Max_uc_at_MFD": 1.0, "Mot_amps_ratio_MFD": 0.420887172, "Mot_amps_ratio_MxSpd": 0.420887172, "Mot_power_ratio_MFD": 0.155728266, "Mot_power_ratio_MxSpd": 0.155728266, "Power_MFD": 666.90686, "Power_MxSpd": 666.90686, "Speed_MFD": 1.0}