{"Interferences": 32, "Mass": 4.668716649189609, "Batt_amps_ratio_MFD": 2.61377835, "Batt_amps_ratio_MxSpd": 2.61377835, "Distance_MxSpd": 44.0741272, "Max_Distance": 44.0741272, "Hover_Time": 0.0, "Max_Speed": 3.0, "Max_uc_at_MFD": 0.99418056, "Mot_amps_ratio_MFD": 0.953426301, "Mot_amps_ratio_MxSpd": 0.953426301, "Mot_power_ratio_MFD": 0.23849085, "Mot_power_ratio_MxSpd": 0.23849085, "Power_MFD": 1698.9541, "Power_MxSpd": 1698.9541, "Speed_MFD": 3.0}