{"Interferences": 8, "Mass": 4.7484447088159225, "Batt_amps_ratio_MFD": 1.47785378, "Batt_amps_ratio_MxSpd": 1.47785378, "Distance_MxSpd": 467.705261, "Max_Distance": 467.705261, "Hover_Time": 30.6455956, "Max_Speed": 18.0, "Max_uc_at_MFD": 0.995309174, "Mot_amps_ratio_MFD": 0.249582872, "Mot_amps_ratio_MxSpd": 0.249582872, "Mot_power_ratio_MFD": 0.076954715, "Mot_power_ratio_MxSpd": 0.076954715, "Power_MFD": 788.120972, "Power_MxSpd": 788.120972, "Speed_MFD": 18.0}