{"Interferences": 0, "Mass": 5.704641716899478, "Batt_amps_ratio_MFD": 0.503535032, "Batt_amps_ratio_MxSpd": 0.861990333, "Distance_MxSpd": 1871.01855, "Max_Distance": 2211.56421, "Hover_Time": 115.074989, "Max_Speed": 42.0, "Max_uc_at_MFD": 0.500404656, "Mot_amps_ratio_MFD": 0.584024906, "Mot_amps_ratio_MxSpd": 0.900420964, "Mot_power_ratio_MFD": 0.585269809, "Mot_power_ratio_MxSpd": 0.902340353, "Power_MFD": 1880.18921, "Power_MxSpd": 4584.12891, "Speed_MFD": 29.0}