{"Interferences": 2, "Mass": 5.823510044170234, "Batt_amps_ratio_MFD": 0.171371505, "Batt_amps_ratio_MxSpd": 0.171371505, "Distance_MxSpd": 6050.01416, "Max_Distance": 6050.01416, "Hover_Time": 326.604523, "Max_Speed": 27.0, "Max_uc_at_MFD": 0.997550547, "Mot_amps_ratio_MFD": 0.319312751, "Mot_amps_ratio_MxSpd": 0.319312751, "Mot_power_ratio_MFD": 0.301271588, "Mot_power_ratio_MxSpd": 0.301271588, "Power_MFD": 1603.74805, "Power_MxSpd": 1603.74805, "Speed_MFD": 27.0}