{"Interferences": 7, "Mass": 4.263784549616644, "Batt_amps_ratio_MFD": 0.791092753, "Batt_amps_ratio_MxSpd": 0.969194293, "Distance_MxSpd": 1228.23669, "Max_Distance": 1262.05176, "Hover_Time": 0.0, "Max_Speed": 31.0, "Max_uc_at_MFD": 0.782327056, "Mot_amps_ratio_MFD": 0.6159935, "Mot_amps_ratio_MxSpd": 0.844764948, "Mot_power_ratio_MFD": 0.387459904, "Mot_power_ratio_MxSpd": 0.531357169, "Power_MFD": 1321.69702, "Power_MxSpd": 2054.0249, "Speed_MFD": 26.0}