{"Interferences": 16, "Mass": 4.553360053215704, "Batt_amps_ratio_MFD": 0.415771753, "Batt_amps_ratio_MxSpd": 0.538671494, "Distance_MxSpd": 2495.0271, "Max_Distance": 2770.75098, "Hover_Time": 170.883652, "Max_Speed": 35.0, "Max_uc_at_MFD": 0.744642198, "Mot_amps_ratio_MFD": 0.905319452, "Mot_amps_ratio_MxSpd": 0.912703335, "Mot_power_ratio_MFD": 0.669936359, "Mot_power_ratio_MxSpd": 0.675400436, "Power_MFD": 1834.55847, "Power_MxSpd": 2630.70093, "Speed_MFD": 30.0}