{"Interferences": 65, "Mass": 18.507826598807725, "Batt_amps_ratio_MFD": 1.28760421, "Batt_amps_ratio_MxSpd": 1.34839571, "Distance_MxSpd": 7119.57178, "Max_Distance": 7157.479, "Hover_Time": 216.154053, "Max_Speed": 50.0, "Max_uc_at_MFD": 0.866351664, "Mot_amps_ratio_MFD": 0.531284511, "Mot_amps_ratio_MxSpd": 0.526326776, "Mot_power_ratio_MFD": 0.455715835, "Mot_power_ratio_MxSpd": 0.451463252, "Power_MFD": 10392.8018, "Power_MxSpd": 10949.8213, "Speed_MFD": 48.0}