{"Interferences": 4, "Mass": 5.2022827346394855, "Batt_amps_ratio_MFD": 0.598186553, "Batt_amps_ratio_MxSpd": 0.598186553, "Distance_MxSpd": 1990.01465, "Max_Distance": 1990.01465, "Hover_Time": 90.0860519, "Max_Speed": 31.0, "Max_uc_at_MFD": 0.999830902, "Mot_amps_ratio_MFD": 0.474598646, "Mot_amps_ratio_MxSpd": 0.474598646, "Mot_power_ratio_MFD": 0.355948985, "Mot_power_ratio_MxSpd": 0.355948985, "Power_MFD": 2061.30249, "Power_MxSpd": 2061.30249, "Speed_MFD": 31.0}