{"Interferences": 46, "Mass": 7.098182282586034, "Batt_amps_ratio_MFD": 0.637382925, "Batt_amps_ratio_MxSpd": 0.637382925, "Distance_MxSpd": 5964.38965, "Max_Distance": 5964.38965, "Hover_Time": 245.274048, "Max_Speed": 33.0, "Max_uc_at_MFD": 0.702141404, "Mot_amps_ratio_MFD": 0.993908763, "Mot_amps_ratio_MxSpd": 0.993908763, "Mot_power_ratio_MFD": 0.766123295, "Mot_power_ratio_MxSpd": 0.766123295, "Power_MFD": 2484.74487, "Power_MxSpd": 2484.74487, "Speed_MFD": 33.0}