{"Interferences": 62, "Mass": 4.983255487615103, "Batt_amps_ratio_MFD": 1.88918436, "Batt_amps_ratio_MxSpd": 3.28920388, "Distance_MxSpd": 408.609497, "Max_Distance": 630.11322, "Hover_Time": 15.4943562, "Max_Speed": 35.0, "Max_uc_at_MFD": 0.971055269, "Mot_amps_ratio_MFD": 0.770504355, "Mot_amps_ratio_MxSpd": 0.998114526, "Mot_power_ratio_MFD": 0.71271652, "Mot_power_ratio_MxSpd": 0.92325592, "Power_MFD": 2476.00586, "Power_MxSpd": 5133.4458, "Speed_MFD": 31.0}