{"Interferences": 43, "Mass": 3.08692135275568, "Batt_amps_ratio_MFD": 0.505149066, "Batt_amps_ratio_MxSpd": 0.580887854, "Distance_MxSpd": 1586.53687, "Max_Distance": 1596.3606, "Hover_Time": 0.0, "Max_Speed": 24.0, "Max_uc_at_MFD": 0.873668194, "Mot_amps_ratio_MFD": 0.795354784, "Mot_amps_ratio_MxSpd": 0.953566432, "Mot_power_ratio_MFD": 0.530236542, "Mot_power_ratio_MxSpd": 0.635710955, "Power_MFD": 656.416199, "Power_MxSpd": 872.895447, "Speed_MFD": 21.0}