{"Interferences": 58, "Mass": 7.287900649094459, "Batt_amps_ratio_MFD": 3.36152172, "Batt_amps_ratio_MxSpd": 3.36152172, "Distance_MxSpd": 285.584961, "Max_Distance": 285.584961, "Hover_Time": 0.0, "Max_Speed": 25.0, "Max_uc_at_MFD": 0.999853611, "Mot_amps_ratio_MFD": 0.934881866, "Mot_amps_ratio_MxSpd": 0.934881866, "Mot_power_ratio_MFD": 0.935833752, "Mot_power_ratio_MxSpd": 0.935833752, "Power_MFD": 3819.0769, "Power_MxSpd": 3819.0769, "Speed_MFD": 25.0}