{"Interferences": 0, "Mass": 8.338826139016172, "Batt_amps_ratio_MFD": 0.521550059, "Batt_amps_ratio_MxSpd": 0.521550059, "Distance_MxSpd": 4259.82959, "Max_Distance": 4259.82959, "Hover_Time": 184.535156, "Max_Speed": 27.0, "Max_uc_at_MFD": 0.99999994, "Mot_amps_ratio_MFD": 0.14044559, "Mot_amps_ratio_MxSpd": 0.14044559, "Mot_power_ratio_MFD": 0.0602344684, "Mot_power_ratio_MxSpd": 0.0602344684, "Power_MFD": 2321.80249, "Power_MxSpd": 2321.80249, "Speed_MFD": 27.0}