{"Interferences": 1, "Mass": 7.542327575597189, "Batt_amps_ratio_MFD": 0.942509592, "Batt_amps_ratio_MxSpd": 0.973956704, "Distance_MxSpd": 6111.1543, "Max_Distance": 6111.34375, "Hover_Time": 258.515564, "Max_Speed": 31.0, "Max_uc_at_MFD": 0.79134661, "Mot_amps_ratio_MFD": 0.947805703, "Mot_amps_ratio_MxSpd": 0.977596343, "Mot_power_ratio_MFD": 0.623445511, "Mot_power_ratio_MxSpd": 0.643041134, "Power_MFD": 2360.56665, "Power_MxSpd": 2501.26147, "Speed_MFD": 30.0}