{"Interferences": 31, "Mass": 6.474716811002748, "Batt_amps_ratio_MFD": 1.35422897, "Batt_amps_ratio_MxSpd": 1.35422897, "Distance_MxSpd": 113.422478, "Max_Distance": 113.422478, "Hover_Time": 0.0, "Max_Speed": 4.0, "Max_uc_at_MFD": 0.999998212, "Mot_amps_ratio_MFD": 0.952342629, "Mot_amps_ratio_MxSpd": 0.952342629, "Mot_power_ratio_MFD": 0.476171315, "Mot_power_ratio_MxSpd": 0.476171315, "Power_MFD": 2643.44995, "Power_MxSpd": 2643.44995, "Speed_MFD": 4.0}