{"Interferences": 4, "Mass": 2.61738088028056, "Batt_amps_ratio_MFD": 0.333497494, "Batt_amps_ratio_MxSpd": 0.333497494, "Distance_MxSpd": 806.003052, "Max_Distance": 806.003052, "Hover_Time": 0.0, "Max_Speed": 7.0, "Max_uc_at_MFD": 0.999999404, "Mot_amps_ratio_MFD": 0.562198579, "Mot_amps_ratio_MxSpd": 0.562198579, "Mot_power_ratio_MFD": 0.20801346, "Mot_power_ratio_MxSpd": 0.20801346, "Power_MFD": 253.086487, "Power_MxSpd": 253.086487, "Speed_MFD": 7.0}