{"Interferences": 6, "Mass": 4.32470899935299, "Batt_amps_ratio_MFD": 0.773552895, "Batt_amps_ratio_MxSpd": 1.14514613, "Distance_MxSpd": 1106.58362, "Max_Distance": 1141.74475, "Hover_Time": 66.725441, "Max_Speed": 33.0, "Max_uc_at_MFD": 0.643895447, "Mot_amps_ratio_MFD": 0.664015651, "Mot_amps_ratio_MxSpd": 0.926798761, "Mot_power_ratio_MFD": 0.33262077, "Mot_power_ratio_MxSpd": 0.464254886, "Power_MFD": 944.22522, "Power_MxSpd": 2000.35291, "Speed_MFD": 23.0}